work_order_id,payment_sequence,payment_method,paid_date,payment_amount
WO-000001,1,bank_transfer,2017-02-04,791.27
WO-000002,1,bank_transfer,2017-02-26,2803.5
WO-000003,1,purchase_order,2017-02-10,363.62
WO-000004,1,bank_transfer,2017-01-17,1054.35
WO-000005,1,bank_transfer,2017-03-28,700.13
WO-000006,1,bank_transfer,2017-03-23,312.62
WO-000006,2,bank_transfer,2017-04-12,378.07
WO-000006,3,corporate_card,2017-05-02,406.38
WO-000007,1,bank_transfer,2017-02-16,729.98
WO-000008,1,purchase_order,2017-03-15,3090.76
WO-000009,1,bank_transfer,2017-02-10,393.73
WO-000010,1,purchase_order,2017-03-02,564.12
WO-000011,1,bank_transfer,2017-02-03,998.78
WO-000012,1,corporate_card,2017-03-19,774.1
WO-000013,1,purchase_order,2017-02-14,4156.35
WO-000014,1,bank_transfer,2017-02-03,344.34
WO-000015,1,bank_transfer,2017-02-08,1348.14
WO-000016,1,bank_transfer,2017-03-05,321.38
WO-000016,2,bank_transfer,2017-04-14,445.69
WO-000017,1,purchase_order,2017-04-02,1696.38
WO-000018,1,bank_transfer,2017-03-02,817.94
WO-000019,1,bank_transfer,2017-02-23,1437.57
WO-000020,1,corporate_card,2017-01-30,2143.3
WO-000021,1,bank_transfer,2017-01-24,485.06
WO-000022,1,corporate_card,2017-03-14,2991.4
WO-000023,1,purchase_order,2017-03-08,448.92
WO-000024,1,purchase_order,2017-02-15,484.17
WO-000025,1,bank_transfer,2017-01-29,338.15
WO-000026,1,bank_transfer,2017-01-31,806.72
WO-000027,1,bank_transfer,2017-02-06,1145.13
WO-000028,1,bank_transfer,2017-03-06,1454.13
WO-000029,1,purchase_order,2017-02-23,1305.31
WO-000030,1,purchase_order,2017-03-08,548.0
WO-000031,1,bank_transfer,2017-02-17,578.52
WO-000032,1,purchase_order,2017-02-16,1032.87
WO-000033,1,bank_transfer,2017-03-08,1992.02
WO-000036,1,bank_transfer,2017-02-15,1047.53
WO-000037,1,purchase_order,2017-02-09,419.26
WO-000038,1,purchase_order,2017-02-19,447.82
WO-000039,1,bank_transfer,2017-02-09,2549.8
WO-000040,1,corporate_card,2017-01-29,238.88
WO-000040,2,bank_transfer,2017-02-15,557.25
WO-000041,1,bank_transfer,2017-02-17,879.6
WO-000042,1,bank_transfer,2017-02-07,649.99
WO-000043,1,bank_transfer,2017-01-27,2980.73
WO-000044,1,purchase_order,2017-03-07,2491.6
WO-000045,1,purchase_order,2017-02-03,1758.05
WO-000046,1,bank_transfer,2017-03-01,926.5
WO-000047,1,purchase_order,2017-02-24,1369.83
WO-000048,1,corporate_card,2017-02-19,1443.97
WO-000049,1,bank_transfer,2017-02-11,841.65
WO-000050,1,purchase_order,2017-03-17,1310.12
WO-000051,1,bank_transfer,2017-01-18,283.61
WO-000051,2,purchase_order,2017-02-27,201.76
WO-000052,1,purchase_order,2017-01-25,398.68
WO-000053,1,purchase_order,2017-01-30,1925.14
WO-000054,1,corporate_card,2017-03-15,2873.25
WO-000055,1,bank_transfer,2017-02-21,715.73
WO-000056,1,purchase_order,2017-02-14,3502.53
WO-000057,1,corporate_card,2017-02-22,359.88
WO-000057,2,bank_transfer,2017-04-05,221.48
WO-000058,1,corporate_card,2017-02-24,1481.76
WO-000059,1,purchase_order,2017-02-25,948.0
WO-000060,1,purchase_order,2017-03-04,472.69
WO-000061,1,bank_transfer,2017-02-08,891.36
WO-000062,1,corporate_card,2017-03-16,147.25
WO-000062,2,corporate_card,2017-04-20,40.71
WO-000062,3,bank_transfer,2017-05-18,39.1
WO-000063,1,corporate_card,2017-03-02,1180.63
WO-000064,1,bank_transfer,2017-02-07,1380.1
WO-000066,1,purchase_order,2017-02-02,2124.87
WO-000067,1,bank_transfer,2017-02-06,878.81
WO-000068,1,bank_transfer,2017-02-08,530.45
WO-000069,1,bank_transfer,2017-03-20,1447.31
WO-000070,1,bank_transfer,2017-02-21,2880.34
WO-000072,1,bank_transfer,2017-02-23,583.46
WO-000073,1,bank_transfer,2017-01-18,164.55
WO-000073,2,bank_transfer,2017-02-03,199.17
WO-000074,1,bank_transfer,2017-01-25,1138.69
WO-000075,1,bank_transfer,2017-03-08,309.46
WO-000077,1,purchase_order,2017-02-10,1355.26
WO-000078,1,bank_transfer,2017-02-10,888.62
WO-000079,1,bank_transfer,2017-02-14,1808.55
WO-000080,1,bank_transfer,2017-02-12,305.29
WO-000081,1,bank_transfer,2017-02-05,202.22
WO-000081,2,bank_transfer,2017-02-20,442.94
WO-000082,1,bank_transfer,2017-03-03,1333.96
WO-000083,1,bank_transfer,2017-03-12,458.62
WO-000083,2,bank_transfer,2017-04-16,183.7
WO-000083,3,bank_transfer,2017-05-22,286.07
WO-000084,1,corporate_card,2017-01-29,713.48
WO-000085,1,purchase_order,2017-03-03,760.73
WO-000086,1,purchase_order,2017-03-08,3437.43
WO-000087,1,corporate_card,2017-03-30,517.99
WO-000087,2,bank_transfer,2017-05-08,1467.4
WO-000088,1,bank_transfer,2017-01-19,421.87
WO-000089,1,bank_transfer,2017-02-15,1012.95
WO-000090,1,bank_transfer,2017-03-28,488.51
WO-000090,2,bank_transfer,2017-05-08,161.85
WO-000091,1,purchase_order,2017-02-04,134.14
WO-000091,2,purchase_order,2017-02-27,157.17
WO-000092,1,bank_transfer,2017-02-06,333.75
WO-000092,2,bank_transfer,2017-03-13,594.7
WO-000093,1,bank_transfer,2017-04-08,529.97
WO-000094,1,bank_transfer,2017-03-28,968.23
WO-000095,1,bank_transfer,2017-03-17,1432.25
WO-000095,2,purchase_order,2017-04-18,418.68
WO-000096,1,bank_transfer,2017-01-21,887.82
WO-000096,2,bank_transfer,2017-02-19,473.73
WO-000097,1,bank_transfer,2017-02-20,1422.51
WO-000097,2,bank_transfer,2017-03-10,792.68
WO-000098,1,purchase_order,2017-02-14,1975.58
WO-000099,1,corporate_card,2017-01-25,708.07
WO-000099,2,purchase_order,2017-03-08,1429.33
WO-000101,1,purchase_order,2017-02-24,1318.55
WO-000102,1,bank_transfer,2017-03-08,994.66
WO-000103,1,purchase_order,2017-03-08,798.32
WO-000104,1,purchase_order,2017-03-10,1016.71
WO-000105,1,bank_transfer,2017-02-27,1414.04
WO-000106,1,bank_transfer,2017-03-14,501.3
WO-000107,1,purchase_order,2017-02-13,3315.38
WO-000107,2,purchase_order,2017-03-22,1249.39
WO-000108,1,purchase_order,2017-02-13,959.75
WO-000109,1,purchase_order,2017-03-03,157.97
WO-000110,1,bank_transfer,2017-03-02,172.1
WO-000110,2,bank_transfer,2017-03-18,72.13
WO-000111,1,bank_transfer,2017-01-28,2096.63
WO-000112,1,corporate_card,2017-03-09,790.81
WO-000113,1,corporate_card,2017-03-18,1230.08
WO-000113,2,bank_transfer,2017-04-11,1815.85
WO-000114,1,bank_transfer,2017-03-14,1550.41
WO-000115,1,bank_transfer,2017-02-10,320.42
WO-000115,2,bank_transfer,2017-03-02,278.84
WO-000116,1,corporate_card,2017-03-14,1172.08
WO-000117,1,bank_transfer,2017-02-17,532.62
WO-000117,2,purchase_order,2017-04-02,553.33
WO-000118,1,purchase_order,2017-03-28,227.14
WO-000118,2,bank_transfer,2017-04-29,106.86
WO-000118,3,bank_transfer,2017-05-26,243.52
WO-000119,1,corporate_card,2017-03-01,618.11
WO-000120,1,purchase_order,2017-04-03,1248.74
WO-000121,1,bank_transfer,2017-03-21,277.91
WO-000121,2,bank_transfer,2017-04-09,726.91
WO-000122,1,purchase_order,2017-03-21,436.24
WO-000123,1,bank_transfer,2017-02-06,1080.45
WO-000124,1,corporate_card,2017-04-03,986.84
WO-000124,2,purchase_order,2017-04-25,411.47
WO-000125,1,corporate_card,2017-03-10,1594.0
WO-000126,1,purchase_order,2017-02-13,2535.25
WO-000127,1,bank_transfer,2017-04-11,1462.0
WO-000128,1,purchase_order,2017-02-05,3905.09
WO-000129,1,bank_transfer,2017-04-19,2766.47
WO-000130,1,purchase_order,2017-02-27,331.26
WO-000130,2,purchase_order,2017-04-01,275.53
WO-000130,3,corporate_card,2017-04-21,220.0
WO-000131,1,corporate_card,2017-03-04,714.75
WO-000132,1,bank_transfer,2017-03-03,990.06
WO-000133,1,purchase_order,2017-02-17,242.28
WO-000133,2,bank_transfer,2017-03-31,132.08
WO-000133,3,purchase_order,2017-04-25,237.12
WO-000134,1,bank_transfer,2017-03-25,2035.1
WO-000135,1,corporate_card,2017-03-13,3104.36
WO-000136,1,corporate_card,2017-03-15,962.32
WO-000137,1,bank_transfer,2017-02-10,558.09
WO-000138,1,bank_transfer,2017-04-02,769.93
WO-000139,1,bank_transfer,2017-03-20,877.23
WO-000140,1,bank_transfer,2017-04-12,854.52
WO-000141,1,bank_transfer,2017-02-13,313.28
WO-000142,1,bank_transfer,2017-02-26,1055.15
WO-000143,1,bank_transfer,2017-03-25,900.2
WO-000144,1,bank_transfer,2017-02-28,668.02
WO-000145,1,purchase_order,2017-03-03,1409.83
WO-000146,1,purchase_order,2017-02-27,2815.36
WO-000147,1,bank_transfer,2017-03-04,1229.34
WO-000148,1,bank_transfer,2017-03-01,1378.32
WO-000148,2,bank_transfer,2017-04-03,553.66
WO-000149,1,purchase_order,2017-03-09,593.61
WO-000150,1,purchase_order,2017-04-01,581.62
WO-000151,1,purchase_order,2017-03-30,3660.0
WO-000152,1,bank_transfer,2017-03-01,658.21
WO-000152,2,purchase_order,2017-03-18,526.35
WO-000152,3,bank_transfer,2017-05-01,766.21
WO-000153,1,purchase_order,2017-03-06,771.8
WO-000154,1,corporate_card,2017-03-13,594.63
WO-000155,1,bank_transfer,2017-03-24,2153.34
WO-000156,1,purchase_order,2017-03-28,465.8
WO-000157,1,corporate_card,2017-03-06,455.89
WO-000158,1,bank_transfer,2017-03-12,2284.66
WO-000159,1,purchase_order,2017-02-20,3991.42
WO-000160,1,corporate_card,2017-03-03,631.07
WO-000160,2,bank_transfer,2017-03-29,457.34
WO-000161,1,bank_transfer,2017-03-22,2996.71
WO-000162,1,purchase_order,2017-03-25,360.69
WO-000162,2,purchase_order,2017-04-22,142.75
WO-000163,1,purchase_order,2017-02-24,700.28
WO-000164,1,bank_transfer,2017-02-19,1172.01
WO-000165,1,corporate_card,2017-03-22,526.6
WO-000166,1,purchase_order,2017-03-14,574.35
WO-000167,1,bank_transfer,2017-03-02,127.72
WO-000167,2,purchase_order,2017-03-31,204.99
WO-000167,3,corporate_card,2017-05-06,659.1
WO-000168,1,purchase_order,2017-03-21,429.7
WO-000169,1,purchase_order,2017-03-23,1187.48
WO-000170,1,purchase_order,2017-03-19,762.45
WO-000171,1,bank_transfer,2017-04-13,953.73
WO-000172,1,purchase_order,2017-03-21,1760.52
WO-000173,1,purchase_order,2017-04-02,334.15
WO-000173,2,bank_transfer,2017-04-20,461.42
WO-000174,1,bank_transfer,2017-03-13,761.2
WO-000175,1,bank_transfer,2017-03-26,143.48
WO-000175,2,bank_transfer,2017-04-14,491.42
WO-000176,1,purchase_order,2017-04-01,173.88
WO-000176,2,purchase_order,2017-05-09,395.96
WO-000177,1,corporate_card,2017-03-30,2554.47
WO-000178,1,bank_transfer,2017-02-26,1412.59
WO-000179,1,bank_transfer,2017-03-10,1875.76
WO-000181,1,bank_transfer,2017-03-10,1337.59
WO-000182,1,bank_transfer,2017-03-17,626.33
WO-000182,2,bank_transfer,2017-04-19,851.27
WO-000183,1,bank_transfer,2017-02-22,127.38
WO-000183,2,purchase_order,2017-03-31,125.85
WO-000183,3,corporate_card,2017-05-03,224.71
WO-000184,1,bank_transfer,2017-02-20,1460.96
WO-000184,2,bank_transfer,2017-03-31,503.89
WO-000185,1,bank_transfer,2017-03-18,1053.29
WO-000185,2,bank_transfer,2017-04-04,370.52
WO-000186,1,purchase_order,2017-03-15,2002.4
WO-000187,1,bank_transfer,2017-02-26,269.14
WO-000187,2,purchase_order,2017-03-14,107.45
WO-000187,3,bank_transfer,2017-04-08,214.2
WO-000188,1,bank_transfer,2017-03-10,358.45
WO-000188,2,purchase_order,2017-04-05,458.95
WO-000189,1,corporate_card,2017-02-17,2081.91
WO-000190,1,purchase_order,2017-03-18,1119.67
WO-000192,1,bank_transfer,2017-03-30,233.5
WO-000193,1,bank_transfer,2017-04-06,779.99
WO-000194,1,bank_transfer,2017-03-03,1067.37
WO-000195,1,bank_transfer,2017-04-12,1780.82
WO-000196,1,bank_transfer,2017-03-09,584.41
WO-000197,1,corporate_card,2017-02-22,386.63
WO-000198,1,purchase_order,2017-02-13,4219.59
WO-000199,1,corporate_card,2017-02-26,2226.27
WO-000200,1,bank_transfer,2017-03-31,512.71
WO-000200,2,bank_transfer,2017-04-23,754.76
WO-000201,1,bank_transfer,2017-02-22,389.04
WO-000201,2,bank_transfer,2017-03-31,74.43
WO-000201,3,bank_transfer,2017-05-05,87.34
WO-000203,1,bank_transfer,2017-03-12,879.86
WO-000204,1,bank_transfer,2017-03-30,493.87
WO-000205,1,bank_transfer,2017-03-26,1447.83
WO-000206,1,purchase_order,2017-03-08,622.31
WO-000206,2,bank_transfer,2017-04-09,1510.68
WO-000207,1,bank_transfer,2017-03-24,1219.17
WO-000208,1,bank_transfer,2017-02-26,765.18
WO-000209,1,purchase_order,2017-03-13,1421.39
WO-000210,1,purchase_order,2017-03-28,2075.76
WO-000211,1,bank_transfer,2017-03-21,442.41
WO-000211,2,corporate_card,2017-04-24,231.88
WO-000213,1,corporate_card,2017-04-26,464.25
WO-000215,1,bank_transfer,2017-04-07,187.79
WO-000215,2,purchase_order,2017-05-03,312.53
WO-000216,1,bank_transfer,2017-03-14,1289.54
WO-000217,1,purchase_order,2017-02-26,1675.43
WO-000218,1,corporate_card,2017-02-22,38.83
WO-000218,2,purchase_order,2017-03-10,139.24
WO-000219,1,purchase_order,2017-03-28,1595.85
WO-000220,1,bank_transfer,2017-03-06,1747.66
WO-000221,1,bank_transfer,2017-03-07,1686.72
WO-000222,1,purchase_order,2017-03-12,564.59
WO-000223,1,purchase_order,2017-04-09,556.14
WO-000224,1,corporate_card,2017-04-04,512.62
WO-000224,2,bank_transfer,2017-05-13,913.96
WO-000225,1,bank_transfer,2017-04-02,852.04
WO-000226,1,bank_transfer,2017-03-09,1095.05
WO-000227,1,purchase_order,2017-03-28,613.35
WO-000228,1,bank_transfer,2017-03-24,2090.64
WO-000228,2,bank_transfer,2017-04-27,876.55
WO-000228,3,bank_transfer,2017-06-06,827.95
WO-000229,1,corporate_card,2017-04-08,1848.21
WO-000230,1,bank_transfer,2017-03-30,2004.38
WO-000231,1,purchase_order,2017-03-14,379.54
WO-000232,1,bank_transfer,2017-03-11,694.2
WO-000233,1,purchase_order,2017-05-11,522.7
WO-000235,1,purchase_order,2017-04-12,2591.3
WO-000236,1,purchase_order,2017-04-05,761.31
WO-000237,1,bank_transfer,2017-03-29,1571.91
WO-000238,1,bank_transfer,2017-04-22,1600.1
WO-000238,2,purchase_order,2017-05-31,876.05
WO-000239,1,bank_transfer,2017-03-24,90.95
WO-000239,2,bank_transfer,2017-04-17,175.76
WO-000239,3,bank_transfer,2017-05-30,146.35
WO-000240,1,purchase_order,2017-03-19,1313.16
WO-000241,1,bank_transfer,2017-03-30,1088.16
WO-000242,1,purchase_order,2017-03-19,82.19
WO-000242,2,bank_transfer,2017-04-22,178.72
WO-000242,3,corporate_card,2017-05-28,305.92
WO-000243,1,purchase_order,2017-04-10,340.05
WO-000244,1,corporate_card,2017-04-03,3422.86
WO-000245,1,corporate_card,2017-03-17,376.09
WO-000246,1,bank_transfer,2017-03-18,1250.62
WO-000247,1,bank_transfer,2017-04-09,2373.14
WO-000248,1,corporate_card,2017-03-02,1591.97
WO-000249,1,purchase_order,2017-02-21,641.15
WO-000250,1,bank_transfer,2017-04-21,1556.59
WO-000251,1,bank_transfer,2017-04-16,271.4
WO-000251,2,bank_transfer,2017-05-16,99.52
WO-000252,1,purchase_order,2017-03-13,243.23
WO-000253,1,purchase_order,2017-03-29,612.45
WO-000253,2,purchase_order,2017-04-14,1049.62
WO-000254,1,purchase_order,2017-03-24,1051.08
WO-000255,1,purchase_order,2017-03-19,556.0
WO-000256,1,bank_transfer,2017-03-22,925.59
WO-000256,2,corporate_card,2017-05-02,197.88
WO-000256,3,purchase_order,2017-06-04,215.24
WO-000257,1,bank_transfer,2017-03-16,941.98
WO-000258,1,purchase_order,2017-04-04,560.28
WO-000259,1,bank_transfer,2017-03-22,1116.89
WO-000260,1,purchase_order,2017-03-17,1174.58
WO-000261,1,purchase_order,2017-03-19,666.44
WO-000262,1,purchase_order,2017-04-02,661.45
WO-000262,2,purchase_order,2017-04-25,418.41
WO-000263,1,corporate_card,2017-04-12,629.71
WO-000264,1,corporate_card,2017-03-13,990.34
WO-000265,1,bank_transfer,2017-04-08,383.49
WO-000265,2,bank_transfer,2017-05-11,798.82
WO-000266,1,purchase_order,2017-03-03,2032.17
WO-000267,1,bank_transfer,2017-03-09,1622.58
WO-000268,1,corporate_card,2017-03-26,502.22
WO-000269,1,bank_transfer,2017-04-17,952.68
WO-000270,1,bank_transfer,2017-03-16,762.2
WO-000271,1,purchase_order,2017-04-11,2207.45
WO-000273,1,purchase_order,2017-03-13,787.43
WO-000274,1,purchase_order,2017-04-12,195.66
WO-000274,2,corporate_card,2017-05-11,467.04
WO-000275,1,purchase_order,2017-04-17,1059.65
WO-000275,2,bank_transfer,2017-05-11,829.7
WO-000276,1,purchase_order,2017-03-13,1360.63
WO-000277,1,corporate_card,2017-03-31,931.33
WO-000278,1,bank_transfer,2017-04-27,964.7
WO-000279,1,purchase_order,2017-05-01,286.81
WO-000280,1,corporate_card,2017-02-24,1124.65
WO-000281,1,bank_transfer,2017-04-17,421.67
WO-000281,2,bank_transfer,2017-05-07,130.77
WO-000282,1,purchase_order,2017-04-09,1748.97
WO-000283,1,purchase_order,2017-03-29,486.41
WO-000283,2,purchase_order,2017-05-03,285.95
WO-000284,1,purchase_order,2017-03-20,545.49
WO-000285,1,bank_transfer,2017-04-02,149.28
WO-000285,2,corporate_card,2017-04-20,290.53
WO-000286,1,bank_transfer,2017-04-05,630.1
WO-000287,1,purchase_order,2017-03-22,634.08
WO-000288,1,purchase_order,2017-03-04,828.48
WO-000288,2,corporate_card,2017-03-27,322.18
WO-000289,1,purchase_order,2017-02-17,1007.87
WO-000290,1,purchase_order,2017-02-25,2052.85
WO-000291,1,purchase_order,2017-03-17,1287.59
WO-000292,1,bank_transfer,2017-03-11,1305.82
WO-000293,1,bank_transfer,2017-03-10,746.24
WO-000294,1,bank_transfer,2017-04-02,865.94
WO-000295,1,purchase_order,2017-03-28,302.43
WO-000295,2,bank_transfer,2017-04-21,346.02
WO-000295,3,bank_transfer,2017-06-03,401.35
WO-000296,1,bank_transfer,2017-04-10,3027.43
WO-000297,1,bank_transfer,2017-04-06,679.3
WO-000298,1,bank_transfer,2017-04-27,2261.72
WO-000299,1,purchase_order,2017-02-21,741.93
WO-000300,1,purchase_order,2017-03-19,3465.06
WO-000300,2,corporate_card,2017-04-15,1049.94
WO-000300,3,bank_transfer,2017-05-02,2132.27
WO-000301,1,bank_transfer,2017-02-28,1441.19
WO-000301,2,bank_transfer,2017-03-17,1002.52
WO-000302,1,purchase_order,2017-04-25,573.11
WO-000303,1,bank_transfer,2017-04-11,380.81
WO-000303,2,corporate_card,2017-05-12,315.26
WO-000304,1,bank_transfer,2017-04-13,1077.99
WO-000305,1,corporate_card,2017-03-19,1269.46
WO-000306,1,bank_transfer,2017-04-02,1460.11
WO-000307,1,purchase_order,2017-04-13,182.56
WO-000307,2,purchase_order,2017-05-11,195.6
WO-000308,1,corporate_card,2017-03-22,539.05
WO-000309,1,bank_transfer,2017-04-18,717.69
WO-000310,1,bank_transfer,2017-02-21,1964.37
WO-000311,1,bank_transfer,2017-03-17,556.97
WO-000312,1,purchase_order,2017-03-22,3927.99
WO-000314,1,bank_transfer,2017-05-10,1066.9
WO-000315,1,bank_transfer,2017-04-09,1421.28
WO-000316,1,corporate_card,2017-04-18,402.55
WO-000317,1,purchase_order,2017-04-06,662.05
WO-000318,1,bank_transfer,2017-04-03,754.68
WO-000318,2,purchase_order,2017-04-28,380.78
WO-000319,1,corporate_card,2017-03-14,470.78
WO-000320,1,bank_transfer,2017-03-23,474.88
WO-000320,2,purchase_order,2017-04-24,241.5
WO-000321,1,bank_transfer,2017-05-24,1018.07
WO-000322,1,bank_transfer,2017-04-15,1819.5
WO-000323,1,bank_transfer,2017-02-20,497.38
WO-000323,2,bank_transfer,2017-03-16,540.04
WO-000323,3,bank_transfer,2017-04-08,107.2
WO-000324,1,bank_transfer,2017-04-07,1330.19
WO-000325,1,purchase_order,2017-02-23,416.4
WO-000325,2,bank_transfer,2017-04-03,1557.41
WO-000325,3,bank_transfer,2017-05-07,1945.69
WO-000326,1,bank_transfer,2017-04-05,858.1
WO-000328,1,bank_transfer,2017-03-22,1018.68
WO-000329,1,purchase_order,2017-03-09,873.07
WO-000329,2,purchase_order,2017-04-04,399.86
WO-000330,1,purchase_order,2017-03-11,623.79
WO-000331,1,corporate_card,2017-04-06,585.24
WO-000332,1,corporate_card,2017-03-17,1627.17
WO-000333,1,purchase_order,2017-05-13,369.25
WO-000333,2,purchase_order,2017-06-11,889.48
WO-000334,1,bank_transfer,2017-04-06,544.52
WO-000335,1,corporate_card,2017-03-26,3992.24
WO-000336,1,purchase_order,2017-05-24,500.05
WO-000336,2,bank_transfer,2017-07-04,432.9
WO-000337,1,bank_transfer,2017-03-17,926.97
WO-000338,1,bank_transfer,2017-03-11,3381.3
WO-000339,1,bank_transfer,2017-03-17,265.98
WO-000339,2,purchase_order,2017-04-03,425.18
WO-000340,1,bank_transfer,2017-03-05,2227.56
WO-000341,1,bank_transfer,2017-04-16,212.26
WO-000342,1,corporate_card,2017-04-10,581.84
WO-000343,1,purchase_order,2017-03-09,878.97
WO-000344,1,purchase_order,2017-04-01,936.64
WO-000345,1,corporate_card,2017-03-21,626.09
WO-000345,2,bank_transfer,2017-04-30,693.62
WO-000346,1,purchase_order,2017-03-28,432.07
WO-000347,1,corporate_card,2017-02-23,633.08
WO-000348,1,bank_transfer,2017-04-05,328.4
WO-000348,2,bank_transfer,2017-05-15,784.82
WO-000350,1,purchase_order,2017-04-15,272.48
WO-000350,2,corporate_card,2017-05-07,145.53
WO-000351,1,bank_transfer,2017-03-29,373.36
WO-000351,2,corporate_card,2017-05-01,172.75
WO-000353,1,corporate_card,2017-03-18,594.38
WO-000354,1,bank_transfer,2017-04-18,514.83
WO-000354,2,bank_transfer,2017-05-15,461.25
WO-000355,1,purchase_order,2017-04-14,412.16
WO-000355,2,bank_transfer,2017-05-02,294.95
WO-000356,1,purchase_order,2017-03-02,1728.52
WO-000358,1,purchase_order,2017-04-30,986.39
WO-000359,1,corporate_card,2017-05-04,712.71
WO-000360,1,purchase_order,2017-03-20,532.34
WO-000361,1,bank_transfer,2017-04-14,841.87
WO-000362,1,corporate_card,2017-04-14,1667.67
WO-000363,1,bank_transfer,2017-03-11,534.56
WO-000365,1,bank_transfer,2017-03-15,1149.23
WO-000366,1,bank_transfer,2017-04-17,434.62
WO-000366,2,bank_transfer,2017-05-21,227.28
WO-000366,3,bank_transfer,2017-06-18,228.53
WO-000367,1,purchase_order,2017-04-12,1277.45
WO-000368,1,bank_transfer,2017-04-01,3033.84
WO-000369,1,bank_transfer,2017-04-14,1350.27
WO-000370,1,bank_transfer,2017-03-31,1540.83
WO-000371,1,purchase_order,2017-04-14,863.57
WO-000372,1,bank_transfer,2017-03-26,379.74
WO-000373,1,bank_transfer,2017-03-22,308.87
WO-000374,1,corporate_card,2017-04-11,1785.11
WO-000375,1,bank_transfer,2017-04-25,1815.1
WO-000375,2,bank_transfer,2017-05-26,1044.53
WO-000376,1,purchase_order,2017-04-24,1302.6
WO-000377,1,corporate_card,2017-04-18,2845.65
WO-000378,1,bank_transfer,2017-03-15,2644.7
WO-000379,1,bank_transfer,2017-04-21,846.65
WO-000380,1,bank_transfer,2017-04-11,818.88
WO-000382,1,purchase_order,2017-05-04,659.48
WO-000383,1,purchase_order,2017-04-17,436.09
WO-000384,1,purchase_order,2017-04-23,1264.34
WO-000385,1,purchase_order,2017-03-12,1561.65
WO-000386,1,bank_transfer,2017-04-10,377.72
WO-000387,1,corporate_card,2017-04-18,703.73
WO-000388,1,bank_transfer,2017-03-03,1528.71
WO-000389,1,purchase_order,2017-03-19,460.14
WO-000389,2,bank_transfer,2017-04-16,1930.92
WO-000390,1,purchase_order,2017-04-25,1870.44
WO-000391,1,purchase_order,2017-04-21,1620.07
WO-000392,1,bank_transfer,2017-03-15,667.45
WO-000393,1,purchase_order,2017-03-12,910.83
WO-000394,1,corporate_card,2017-05-05,958.42
WO-000395,1,purchase_order,2017-05-09,454.28
WO-000395,2,purchase_order,2017-06-19,294.42
WO-000396,1,bank_transfer,2017-05-09,561.82
WO-000397,1,bank_transfer,2017-04-28,479.66
WO-000397,2,purchase_order,2017-05-29,633.35
WO-000398,1,purchase_order,2017-04-11,1992.08
WO-000399,1,bank_transfer,2017-04-17,1463.46
WO-000400,1,bank_transfer,2017-03-26,1381.88
WO-000401,1,bank_transfer,2017-04-13,1933.88
WO-000402,1,corporate_card,2017-03-04,4008.81
WO-000403,1,bank_transfer,2017-04-27,737.8
WO-000406,1,corporate_card,2017-04-12,908.6
WO-000407,1,purchase_order,2017-04-09,364.58
WO-000408,1,corporate_card,2017-05-23,560.46
WO-000408,2,bank_transfer,2017-06-17,565.7
WO-000409,1,bank_transfer,2017-05-06,1004.94
WO-000410,1,bank_transfer,2017-05-01,338.57
WO-000410,2,purchase_order,2017-05-19,826.31
WO-000411,1,bank_transfer,2017-04-16,1964.56
WO-000412,1,bank_transfer,2017-04-02,952.58
WO-000413,1,bank_transfer,2017-04-29,1500.88
WO-000414,1,corporate_card,2017-05-17,264.47
WO-000414,2,bank_transfer,2017-06-10,447.62
WO-000414,3,bank_transfer,2017-07-07,87.06
WO-000415,1,bank_transfer,2017-04-13,1039.03
WO-000416,1,purchase_order,2017-04-04,1389.38
WO-000417,1,corporate_card,2017-03-29,292.25
WO-000418,1,purchase_order,2017-03-09,200.77
WO-000418,2,purchase_order,2017-03-31,225.34
WO-000419,1,bank_transfer,2017-04-05,1223.36
WO-000420,1,purchase_order,2017-04-14,647.57
WO-000420,2,corporate_card,2017-05-07,702.74
WO-000421,1,purchase_order,2017-03-23,517.91
WO-000421,2,bank_transfer,2017-05-02,1016.15
WO-000422,1,purchase_order,2017-03-26,479.09
WO-000423,1,purchase_order,2017-04-04,2231.8
WO-000423,2,purchase_order,2017-04-23,437.31
WO-000424,1,bank_transfer,2017-03-10,183.97
WO-000424,2,corporate_card,2017-03-27,104.09
WO-000425,1,purchase_order,2017-04-07,987.71
WO-000426,1,bank_transfer,2017-04-11,147.58
WO-000426,2,purchase_order,2017-05-13,23.32
WO-000427,1,purchase_order,2017-03-20,362.81
WO-000428,1,bank_transfer,2017-04-30,1755.62
WO-000429,1,corporate_card,2017-04-07,692.27
WO-000430,1,bank_transfer,2017-03-28,917.27
WO-000431,1,corporate_card,2017-04-24,2227.56
WO-000432,1,purchase_order,2017-03-26,841.04
WO-000432,2,corporate_card,2017-04-15,649.59
WO-000432,3,bank_transfer,2017-05-18,664.97
WO-000433,1,purchase_order,2017-04-21,328.99
WO-000433,2,bank_transfer,2017-05-18,189.33
WO-000434,1,bank_transfer,2017-04-29,429.41
WO-000434,2,bank_transfer,2017-06-01,473.34
WO-000435,1,corporate_card,2017-05-24,661.5
WO-000436,1,bank_transfer,2017-05-19,320.04
WO-000437,1,purchase_order,2017-04-19,302.43
WO-000438,1,bank_transfer,2017-04-12,362.74
WO-000438,2,bank_transfer,2017-05-21,224.23
WO-000438,3,purchase_order,2017-06-23,327.83
WO-000439,1,purchase_order,2017-05-13,410.18
WO-000440,1,corporate_card,2017-04-04,1720.12
WO-000440,2,purchase_order,2017-05-11,2789.41
WO-000441,1,corporate_card,2017-04-17,1822.82
WO-000442,1,bank_transfer,2017-03-24,477.98
WO-000442,2,bank_transfer,2017-04-17,557.93
WO-000443,1,bank_transfer,2017-05-25,785.11
WO-000444,1,purchase_order,2017-04-08,608.31
WO-000444,2,purchase_order,2017-04-29,1037.04
WO-000445,1,bank_transfer,2017-04-24,1334.93
WO-000446,1,purchase_order,2017-03-20,827.02
WO-000447,1,bank_transfer,2017-03-25,2588.75
WO-000448,1,bank_transfer,2017-04-17,861.74
WO-000449,1,bank_transfer,2017-03-15,837.19
WO-000450,1,purchase_order,2017-03-20,2263.3
WO-000451,1,corporate_card,2017-04-08,1024.62
WO-000452,1,purchase_order,2017-05-13,1446.57
WO-000452,2,corporate_card,2017-06-07,3659.46
WO-000453,1,purchase_order,2017-04-18,334.19
WO-000453,2,bank_transfer,2017-05-14,694.41
WO-000454,1,bank_transfer,2017-04-27,2073.07
WO-000454,2,bank_transfer,2017-06-05,896.5
WO-000455,1,bank_transfer,2017-05-22,569.25
WO-000456,1,corporate_card,2017-03-24,803.65
WO-000457,1,corporate_card,2017-05-26,283.62
WO-000457,2,purchase_order,2017-07-05,888.82
WO-000458,1,bank_transfer,2017-03-25,1073.03
WO-000459,1,corporate_card,2017-05-03,4303.47
WO-000460,1,bank_transfer,2017-04-18,148.04
WO-000460,2,bank_transfer,2017-05-21,114.93
WO-000461,1,bank_transfer,2017-05-05,3395.17
WO-000462,1,purchase_order,2017-04-26,1113.45
WO-000463,1,bank_transfer,2017-04-15,3257.66
WO-000464,1,purchase_order,2017-04-10,726.24
WO-000465,1,bank_transfer,2017-04-21,1330.75
WO-000466,1,bank_transfer,2017-03-28,613.81
WO-000466,2,corporate_card,2017-05-11,229.72
WO-000467,1,corporate_card,2017-03-20,630.34
WO-000467,2,purchase_order,2017-04-09,1067.59
WO-000468,1,corporate_card,2017-03-30,1534.0
WO-000469,1,purchase_order,2017-04-06,565.35
WO-000470,1,purchase_order,2017-05-14,860.25
WO-000471,1,bank_transfer,2017-04-07,2287.96
WO-000472,1,bank_transfer,2017-03-12,1280.42
WO-000473,1,bank_transfer,2017-05-16,428.04
WO-000474,1,purchase_order,2017-04-06,1441.2
WO-000476,1,bank_transfer,2017-04-27,1161.89
WO-000477,1,corporate_card,2017-04-11,758.81
WO-000478,1,bank_transfer,2017-05-05,1472.3
WO-000479,1,purchase_order,2017-04-26,551.38
WO-000479,2,bank_transfer,2017-06-05,305.05
WO-000480,1,purchase_order,2017-04-07,1919.13
WO-000481,1,corporate_card,2017-03-26,474.43
WO-000482,1,purchase_order,2017-03-14,1008.48
WO-000483,1,purchase_order,2017-04-20,584.53
WO-000484,1,bank_transfer,2017-05-10,382.32
WO-000485,1,purchase_order,2017-04-26,770.31
WO-000488,1,bank_transfer,2017-05-02,362.69
WO-000489,1,bank_transfer,2017-04-28,1376.03
WO-000490,1,bank_transfer,2017-04-10,1308.44
WO-000491,1,purchase_order,2017-05-01,1503.31
WO-000492,1,corporate_card,2017-05-06,752.82
WO-000493,1,bank_transfer,2017-05-05,597.14
WO-000495,1,corporate_card,2017-04-06,584.46
WO-000496,1,bank_transfer,2017-04-08,613.46
WO-000496,2,bank_transfer,2017-05-15,663.63
WO-000497,1,purchase_order,2017-04-24,1849.01
WO-000498,1,corporate_card,2017-05-02,1343.86
WO-000499,1,corporate_card,2017-03-26,1774.13
WO-000500,1,purchase_order,2017-04-12,2495.87
WO-000501,1,purchase_order,2017-05-13,632.11
WO-000502,1,purchase_order,2017-04-07,747.45
WO-000503,1,bank_transfer,2017-05-11,897.26
WO-000504,1,bank_transfer,2017-05-03,1596.56
WO-000505,1,bank_transfer,2017-05-06,915.72
WO-000506,1,corporate_card,2017-04-29,1259.24
WO-000506,2,bank_transfer,2017-05-27,1141.2
WO-000507,1,purchase_order,2017-04-03,1644.23
WO-000508,1,purchase_order,2017-05-05,1007.52
WO-000509,1,corporate_card,2017-05-15,3126.27
WO-000510,1,corporate_card,2017-04-13,385.7
WO-000510,2,corporate_card,2017-05-25,342.06
WO-000510,3,corporate_card,2017-06-16,433.32
WO-000511,1,bank_transfer,2017-05-08,1290.0
WO-000512,1,purchase_order,2017-04-16,911.47
WO-000513,1,corporate_card,2017-03-25,789.72
WO-000514,1,bank_transfer,2017-04-09,668.0
WO-000515,1,bank_transfer,2017-04-18,1442.17
WO-000515,2,bank_transfer,2017-05-03,2745.38
WO-000516,1,bank_transfer,2017-05-06,654.62
WO-000519,1,purchase_order,2017-04-15,779.57
WO-000520,1,purchase_order,2017-05-06,623.18
WO-000521,1,bank_transfer,2017-06-02,562.56
WO-000521,2,bank_transfer,2017-07-09,706.55
WO-000522,1,corporate_card,2017-05-06,916.83
WO-000523,1,bank_transfer,2017-04-28,7449.67
WO-000524,1,bank_transfer,2017-05-17,835.78
WO-000524,2,bank_transfer,2017-06-14,988.89
WO-000525,1,corporate_card,2017-05-08,2482.04
WO-000526,1,bank_transfer,2017-04-11,1455.92
WO-000527,1,bank_transfer,2017-04-25,138.69
WO-000527,2,purchase_order,2017-05-16,261.81
WO-000527,3,bank_transfer,2017-06-05,393.91
WO-000529,1,bank_transfer,2017-05-17,1751.35
WO-000529,2,bank_transfer,2017-06-16,1302.92
WO-000530,1,purchase_order,2017-05-22,337.91
WO-000530,2,purchase_order,2017-07-04,1699.8
WO-000531,1,purchase_order,2017-04-09,2665.4
WO-000532,1,bank_transfer,2017-06-03,1803.4
WO-000532,2,bank_transfer,2017-07-02,1370.99
WO-000535,1,bank_transfer,2017-04-22,298.57
WO-000535,2,bank_transfer,2017-05-14,132.01
WO-000536,1,bank_transfer,2017-05-07,1592.69
WO-000537,1,bank_transfer,2017-05-24,719.6
WO-000538,1,bank_transfer,2017-05-12,298.22
WO-000539,1,purchase_order,2017-05-30,989.17
WO-000539,2,bank_transfer,2017-06-19,443.96
WO-000540,1,purchase_order,2017-05-27,993.13
WO-000541,1,purchase_order,2017-05-17,845.27
WO-000542,1,bank_transfer,2017-04-26,730.6
WO-000543,1,bank_transfer,2017-05-21,3824.39
WO-000544,1,purchase_order,2017-05-07,757.11
WO-000545,1,corporate_card,2017-05-11,1512.71
WO-000546,1,bank_transfer,2017-04-10,438.03
WO-000547,1,corporate_card,2017-05-14,549.54
WO-000548,1,bank_transfer,2017-04-13,1059.57
WO-000549,1,corporate_card,2017-04-14,799.71
WO-000549,2,purchase_order,2017-05-17,530.92
WO-000549,3,purchase_order,2017-06-07,360.74
WO-000550,1,purchase_order,2017-05-06,619.31
WO-000551,1,bank_transfer,2017-05-26,1032.84
WO-000552,1,bank_transfer,2017-05-13,3301.91
WO-000553,1,bank_transfer,2017-04-16,531.62
WO-000554,1,bank_transfer,2017-04-13,1224.65
WO-000555,1,bank_transfer,2017-04-12,347.1
WO-000555,2,bank_transfer,2017-05-14,286.38
WO-000556,1,bank_transfer,2017-04-28,1575.58
WO-000557,1,purchase_order,2017-05-17,1621.9
WO-000558,1,bank_transfer,2017-05-07,987.21
WO-000558,2,corporate_card,2017-05-25,1343.34
WO-000559,1,corporate_card,2017-04-05,550.75
WO-000560,1,bank_transfer,2017-05-02,795.89
WO-000561,1,bank_transfer,2017-05-28,490.46
WO-000562,1,bank_transfer,2017-05-17,765.14
WO-000563,1,purchase_order,2017-04-29,2109.01
WO-000564,1,bank_transfer,2017-05-27,880.72
WO-000566,1,corporate_card,2017-04-29,418.36
WO-000566,2,bank_transfer,2017-05-18,292.34
WO-000567,1,purchase_order,2017-04-21,1441.96
WO-000568,1,bank_transfer,2017-05-10,1733.44
WO-000569,1,bank_transfer,2017-04-03,4120.19
WO-000570,1,purchase_order,2017-05-19,820.56
WO-000571,1,bank_transfer,2017-04-12,289.66
WO-000572,1,bank_transfer,2017-04-26,680.28
WO-000573,1,bank_transfer,2017-03-27,265.08
WO-000573,2,bank_transfer,2017-04-29,210.74
WO-000574,1,corporate_card,2017-05-16,810.37
WO-000575,1,corporate_card,2017-05-03,227.29
WO-000575,2,bank_transfer,2017-06-16,292.17
WO-000576,1,bank_transfer,2017-05-06,871.04
WO-000577,1,purchase_order,2017-06-11,485.44
WO-000578,1,purchase_order,2017-04-12,1369.56
WO-000579,1,bank_transfer,2017-05-26,480.5
WO-000579,2,purchase_order,2017-06-20,826.48
WO-000580,1,corporate_card,2017-04-28,391.03
WO-000581,1,bank_transfer,2017-05-04,515.08
WO-000582,1,bank_transfer,2017-07-16,580.22
WO-000583,1,bank_transfer,2017-05-18,2430.58
WO-000584,1,bank_transfer,2017-05-14,3608.21
WO-000585,1,bank_transfer,2017-05-15,1701.69
WO-000586,1,purchase_order,2017-04-25,984.78
WO-000587,1,bank_transfer,2017-04-25,1342.49
WO-000588,1,bank_transfer,2017-05-07,556.32
WO-000589,1,purchase_order,2017-04-27,826.52
WO-000590,1,purchase_order,2017-05-14,1932.03
WO-000591,1,purchase_order,2017-05-02,1288.35
WO-000592,1,purchase_order,2017-04-20,1322.47
WO-000593,1,purchase_order,2017-04-10,1195.7
WO-000593,2,purchase_order,2017-05-22,682.56
WO-000594,1,bank_transfer,2017-05-01,2404.24
WO-000595,1,bank_transfer,2017-04-18,188.56
WO-000595,2,bank_transfer,2017-05-29,302.14
WO-000597,1,bank_transfer,2017-03-28,1338.65
WO-000598,1,bank_transfer,2017-05-19,1845.96
WO-000599,1,purchase_order,2017-05-23,960.72
WO-000600,1,bank_transfer,2017-05-10,384.49
WO-000600,2,purchase_order,2017-06-19,250.97
WO-000601,1,purchase_order,2017-05-13,1460.98
WO-000602,1,bank_transfer,2017-05-24,360.47
WO-000602,2,bank_transfer,2017-06-26,405.52
WO-000602,3,purchase_order,2017-07-31,872.0
WO-000603,1,bank_transfer,2017-05-19,1128.3
WO-000604,1,bank_transfer,2017-04-24,1749.29
WO-000605,1,purchase_order,2017-04-18,1427.47
WO-000607,1,bank_transfer,2017-05-26,1517.57
WO-000608,1,purchase_order,2017-05-07,736.84
WO-000609,1,purchase_order,2017-03-29,346.45
WO-000609,2,corporate_card,2017-04-28,851.49
WO-000610,1,bank_transfer,2017-05-25,242.76
WO-000610,2,bank_transfer,2017-07-02,323.65
WO-000611,1,bank_transfer,2017-05-08,2493.23
WO-000612,1,bank_transfer,2017-04-30,1548.28
WO-000613,1,bank_transfer,2017-04-25,353.2
WO-000614,1,purchase_order,2017-04-10,273.88
WO-000615,1,purchase_order,2017-05-02,848.98
WO-000616,1,bank_transfer,2017-05-01,3440.73
WO-000617,1,purchase_order,2017-06-25,2548.11
WO-000618,1,corporate_card,2017-04-03,1020.42
WO-000619,1,purchase_order,2017-04-23,253.41
WO-000619,2,bank_transfer,2017-06-04,230.05
WO-000619,3,purchase_order,2017-07-17,609.98
WO-000620,1,bank_transfer,2017-05-07,737.43
WO-000621,1,bank_transfer,2017-05-27,1340.64
WO-000622,1,bank_transfer,2017-04-26,960.06
WO-000623,1,bank_transfer,2017-05-27,1751.31
WO-000623,2,corporate_card,2017-06-30,918.4
WO-000624,1,bank_transfer,2017-04-21,3166.87
WO-000625,1,purchase_order,2017-06-13,1734.21
WO-000626,1,purchase_order,2017-05-22,738.32
WO-000627,1,corporate_card,2017-06-23,864.46
WO-000628,1,purchase_order,2017-05-20,867.26
WO-000629,1,bank_transfer,2017-06-07,1638.02
WO-000630,1,bank_transfer,2017-06-09,960.4
WO-000630,2,purchase_order,2017-07-15,520.71
WO-000631,1,bank_transfer,2017-06-15,993.72
WO-000632,1,bank_transfer,2017-05-02,1089.26
WO-000633,1,bank_transfer,2017-06-19,458.74
WO-000633,2,bank_transfer,2017-07-25,508.41
WO-000634,1,corporate_card,2017-04-26,828.62
WO-000635,1,purchase_order,2017-06-04,1013.56
WO-000636,1,purchase_order,2017-06-02,1041.92
WO-000637,1,purchase_order,2017-05-30,171.95
WO-000637,2,corporate_card,2017-07-12,278.84
WO-000638,1,bank_transfer,2017-05-31,277.75
WO-000638,2,purchase_order,2017-06-19,206.59
WO-000639,1,bank_transfer,2017-05-05,1446.53
WO-000640,1,bank_transfer,2017-05-16,1076.31
WO-000641,1,corporate_card,2017-05-14,918.19
WO-000642,1,bank_transfer,2017-05-23,863.55
WO-000643,1,bank_transfer,2017-05-31,281.21
WO-000644,1,bank_transfer,2017-04-12,372.48
WO-000645,1,bank_transfer,2017-05-21,1206.41
WO-000645,2,bank_transfer,2017-07-03,1161.89
WO-000646,1,bank_transfer,2017-06-04,986.91
WO-000647,1,bank_transfer,2017-05-07,1094.12
WO-000648,1,bank_transfer,2017-06-17,379.82
WO-000648,2,purchase_order,2017-07-25,158.49
WO-000648,3,purchase_order,2017-08-10,660.07
WO-000650,1,bank_transfer,2017-05-22,611.63
WO-000651,1,purchase_order,2017-05-14,347.74
WO-000652,1,bank_transfer,2017-04-29,2066.28
WO-000653,1,bank_transfer,2017-05-02,1555.43
WO-000653,2,bank_transfer,2017-05-28,371.99
WO-000654,1,purchase_order,2017-04-25,555.99
WO-000654,2,purchase_order,2017-06-05,3351.06
WO-000655,1,purchase_order,2017-05-31,1048.29
WO-000656,1,bank_transfer,2017-05-01,202.25
WO-000656,2,bank_transfer,2017-06-06,122.75
WO-000657,1,corporate_card,2017-06-08,2350.48
WO-000658,1,corporate_card,2017-06-04,2927.91
WO-000659,1,corporate_card,2017-05-10,1080.15
WO-000660,1,purchase_order,2017-05-29,491.92
WO-000661,1,bank_transfer,2017-05-18,711.8
WO-000661,2,purchase_order,2017-06-09,711.74
WO-000661,3,purchase_order,2017-07-19,356.45
WO-000662,1,purchase_order,2017-05-14,754.95
WO-000662,2,bank_transfer,2017-06-08,487.85
WO-000663,1,bank_transfer,2017-06-06,668.11
WO-000664,1,bank_transfer,2017-06-03,819.19
WO-000665,1,purchase_order,2017-06-01,1661.96
WO-000666,1,corporate_card,2017-05-07,59.02
WO-000666,2,purchase_order,2017-05-24,572.65
WO-000666,3,bank_transfer,2017-07-07,246.57
WO-000667,1,bank_transfer,2017-05-20,533.77
WO-000667,2,bank_transfer,2017-06-27,2016.79
WO-000668,1,bank_transfer,2017-06-05,153.71
WO-000668,2,purchase_order,2017-06-23,147.71
WO-000669,1,bank_transfer,2017-05-02,665.03
WO-000670,1,purchase_order,2017-05-19,924.95
WO-000670,2,bank_transfer,2017-06-10,664.46
WO-000670,3,corporate_card,2017-07-11,424.9
WO-000671,1,corporate_card,2017-05-15,1418.8
WO-000672,1,bank_transfer,2017-06-16,786.96
WO-000672,2,bank_transfer,2017-07-16,446.91
WO-000673,1,corporate_card,2017-06-04,1533.23
WO-000674,1,bank_transfer,2017-06-02,473.89
WO-000675,1,corporate_card,2017-05-10,268.78
WO-000676,1,bank_transfer,2017-06-10,492.19
WO-000677,1,bank_transfer,2017-05-30,547.79
WO-000678,1,purchase_order,2017-05-22,1004.4
WO-000679,1,bank_transfer,2017-04-27,137.53
WO-000679,2,corporate_card,2017-06-04,83.65
WO-000680,1,bank_transfer,2017-05-11,505.31
WO-000680,2,purchase_order,2017-06-20,877.97
WO-000681,1,purchase_order,2017-06-13,1679.78
WO-000682,1,bank_transfer,2017-05-30,726.31
WO-000682,2,bank_transfer,2017-07-09,1326.59
WO-000683,1,corporate_card,2017-05-09,352.39
WO-000683,2,bank_transfer,2017-06-11,21.81
WO-000684,1,bank_transfer,2017-05-28,743.7
WO-000684,2,bank_transfer,2017-07-01,316.75
WO-000685,1,bank_transfer,2017-05-11,1003.65
WO-000686,1,bank_transfer,2017-05-05,1860.9
WO-000687,1,purchase_order,2017-05-08,704.64
WO-000688,1,purchase_order,2017-05-03,223.85
WO-000689,1,purchase_order,2017-06-02,790.41
WO-000691,1,purchase_order,2017-05-24,1676.16
WO-000692,1,purchase_order,2017-05-16,352.27
WO-000692,2,bank_transfer,2017-06-17,245.45
WO-000693,1,purchase_order,2017-05-24,338.03
WO-000694,1,purchase_order,2017-05-06,1146.75
WO-000694,2,purchase_order,2017-06-10,832.92
WO-000695,1,corporate_card,2017-05-03,2021.08
WO-000696,1,bank_transfer,2017-06-07,257.86
WO-000697,1,bank_transfer,2017-06-24,980.78
WO-000697,2,bank_transfer,2017-07-27,686.19
WO-000698,1,bank_transfer,2017-06-14,1284.84
WO-000699,1,bank_transfer,2017-05-23,1816.85
WO-000700,1,corporate_card,2017-06-19,1604.44
WO-000701,1,purchase_order,2017-06-05,1058.55
WO-000702,1,bank_transfer,2017-05-05,1179.38
WO-000703,1,corporate_card,2017-06-04,494.99
WO-000704,1,corporate_card,2017-05-31,1744.86
WO-000705,1,purchase_order,2017-05-04,1769.95
WO-000706,1,purchase_order,2017-04-24,3913.18
WO-000707,1,bank_transfer,2017-06-14,3633.44
WO-000708,1,purchase_order,2017-05-19,4195.32
WO-000709,1,bank_transfer,2017-04-24,454.83
WO-000710,1,bank_transfer,2017-06-01,979.23
WO-000711,1,bank_transfer,2017-06-02,1005.28
WO-000712,1,corporate_card,2017-04-17,3068.44
WO-000713,1,bank_transfer,2017-06-07,977.62
WO-000714,1,corporate_card,2017-05-23,3165.42
WO-000715,1,bank_transfer,2017-06-18,1040.02
WO-000716,1,corporate_card,2017-04-17,1433.01
WO-000717,1,bank_transfer,2017-05-16,2447.71
WO-000718,1,purchase_order,2017-05-11,2909.61
WO-000719,1,corporate_card,2017-05-15,1724.84
WO-000720,1,bank_transfer,2017-04-29,950.16
WO-000720,2,purchase_order,2017-05-25,4218.32
WO-000721,1,bank_transfer,2017-05-19,932.76
WO-000722,1,corporate_card,2017-05-19,575.33
WO-000722,2,corporate_card,2017-06-22,722.23
WO-000722,3,purchase_order,2017-07-18,445.56
WO-000723,1,purchase_order,2017-04-17,832.29
WO-000724,1,purchase_order,2017-06-06,253.2
WO-000725,1,purchase_order,2017-05-26,745.64
WO-000726,1,corporate_card,2017-05-14,2131.92
WO-000726,2,purchase_order,2017-06-06,1166.4
WO-000726,3,bank_transfer,2017-06-29,491.72
WO-000727,1,corporate_card,2017-05-19,1065.53
WO-000728,1,purchase_order,2017-05-18,1031.09
WO-000729,1,bank_transfer,2017-06-08,1928.39
WO-000730,1,bank_transfer,2017-06-21,560.0
WO-000731,1,bank_transfer,2017-05-27,3737.35
WO-000732,1,purchase_order,2017-05-26,163.62
WO-000732,2,bank_transfer,2017-06-28,373.75
WO-000732,3,purchase_order,2017-08-05,107.72
WO-000734,1,bank_transfer,2017-05-06,81.53
WO-000734,2,purchase_order,2017-06-06,178.62
WO-000734,3,bank_transfer,2017-07-15,166.85
WO-000735,1,corporate_card,2017-05-24,199.89
WO-000735,2,corporate_card,2017-06-21,123.52
WO-000736,1,purchase_order,2017-06-03,536.23
WO-000738,1,purchase_order,2017-05-01,1458.18
WO-000739,1,bank_transfer,2017-05-09,829.06
WO-000739,2,purchase_order,2017-06-18,1523.66
WO-000740,1,bank_transfer,2017-05-14,2722.6
WO-000741,1,bank_transfer,2017-06-13,1512.78
WO-000742,1,bank_transfer,2017-06-20,858.17
WO-000742,2,bank_transfer,2017-07-10,1075.97
WO-000743,1,bank_transfer,2017-04-19,863.66
WO-000744,1,purchase_order,2017-05-14,1595.71
WO-000745,1,purchase_order,2017-04-14,627.76
WO-000746,1,bank_transfer,2017-05-13,325.9
WO-000746,2,bank_transfer,2017-06-12,465.01
WO-000747,1,corporate_card,2017-06-05,1593.65
WO-000748,1,purchase_order,2017-06-27,1352.01
WO-000749,1,bank_transfer,2017-05-04,436.28
WO-000750,1,purchase_order,2017-05-31,872.71
WO-000751,1,bank_transfer,2017-05-22,1470.34
WO-000752,1,bank_transfer,2017-05-22,801.79
WO-000753,1,bank_transfer,2017-05-21,1625.7
WO-000754,1,corporate_card,2017-05-24,1938.72
WO-000755,1,corporate_card,2017-04-25,1298.2
WO-000756,1,corporate_card,2017-05-14,1245.24
WO-000757,1,bank_transfer,2017-05-15,2977.77
WO-000759,1,bank_transfer,2017-06-14,1748.92
WO-000760,1,bank_transfer,2017-06-14,2091.16
WO-000761,1,bank_transfer,2017-05-31,673.01
WO-000762,1,bank_transfer,2017-05-18,729.05
WO-000763,1,bank_transfer,2017-06-11,321.66
WO-000764,1,bank_transfer,2017-05-11,2199.09
WO-000765,1,bank_transfer,2017-05-18,430.56
WO-000766,1,purchase_order,2017-05-26,909.61
WO-000767,1,purchase_order,2017-06-09,310.74
WO-000767,2,bank_transfer,2017-07-07,263.37
WO-000767,3,bank_transfer,2017-08-16,577.16
WO-000768,1,purchase_order,2017-06-01,2328.48
WO-000769,1,bank_transfer,2017-06-08,1400.88
WO-000770,1,bank_transfer,2017-05-11,1499.63
WO-000771,1,purchase_order,2017-06-05,1359.77
WO-000772,1,corporate_card,2017-05-18,1096.18
WO-000773,1,purchase_order,2017-05-23,652.51
WO-000773,2,corporate_card,2017-06-15,392.67
WO-000773,3,purchase_order,2017-07-02,818.73
WO-000774,1,bank_transfer,2017-05-23,281.54
WO-000774,2,purchase_order,2017-06-28,299.83
WO-000775,1,bank_transfer,2017-06-08,491.71
WO-000776,1,corporate_card,2017-05-17,1148.28
WO-000777,1,purchase_order,2017-06-04,677.66
WO-000778,1,bank_transfer,2017-06-28,360.63
WO-000778,2,purchase_order,2017-07-19,176.46
WO-000778,3,bank_transfer,2017-08-14,365.83
WO-000779,1,bank_transfer,2017-06-04,1146.62
WO-000779,2,bank_transfer,2017-06-22,643.6
WO-000780,1,bank_transfer,2017-05-17,759.3
WO-000781,1,corporate_card,2017-05-19,873.22
WO-000782,1,purchase_order,2017-05-29,583.93
WO-000782,2,corporate_card,2017-06-27,766.61
WO-000783,1,bank_transfer,2017-06-01,915.42
WO-000784,1,purchase_order,2017-06-08,765.57
WO-000786,1,corporate_card,2017-05-30,423.29
WO-000787,1,corporate_card,2017-05-18,157.81
WO-000787,2,purchase_order,2017-06-18,236.07
WO-000788,1,corporate_card,2017-06-10,340.59
WO-000788,2,purchase_order,2017-06-28,1070.78
WO-000789,1,bank_transfer,2017-05-16,828.69
WO-000791,1,purchase_order,2017-05-19,229.53
WO-000791,2,corporate_card,2017-06-11,124.28
WO-000791,3,bank_transfer,2017-07-17,320.5
WO-000792,1,bank_transfer,2017-07-07,408.42
WO-000793,1,corporate_card,2017-05-11,647.5
WO-000794,1,corporate_card,2017-06-18,494.57
WO-000795,1,bank_transfer,2017-05-21,814.17
WO-000796,1,purchase_order,2017-05-03,1158.94
WO-000797,1,bank_transfer,2017-05-09,766.96
WO-000797,2,bank_transfer,2017-06-17,654.85
WO-000798,1,bank_transfer,2017-05-15,242.35
WO-000799,1,corporate_card,2017-06-29,251.65
WO-000799,2,bank_transfer,2017-08-06,393.07
WO-000800,1,bank_transfer,2017-04-22,742.75
WO-000801,1,purchase_order,2017-06-15,463.06
WO-000802,1,purchase_order,2017-05-26,348.85
WO-000803,1,bank_transfer,2017-05-30,1137.97
WO-000804,1,purchase_order,2017-05-31,730.4
WO-000804,2,bank_transfer,2017-07-14,840.85
WO-000805,1,bank_transfer,2017-06-09,460.35
WO-000806,1,purchase_order,2017-06-01,1240.64
WO-000807,1,purchase_order,2017-07-09,742.51
WO-000807,2,corporate_card,2017-08-06,1665.06
WO-000807,3,bank_transfer,2017-09-10,554.13
WO-000808,1,corporate_card,2017-06-05,140.93
WO-000808,2,corporate_card,2017-07-10,90.95
WO-000808,3,bank_transfer,2017-07-25,150.75
WO-000809,1,bank_transfer,2017-06-23,1191.94
WO-000810,1,bank_transfer,2017-05-20,1485.92
WO-000811,1,purchase_order,2017-06-03,1139.27
WO-000811,2,bank_transfer,2017-06-25,523.77
WO-000811,3,purchase_order,2017-07-30,1556.59
WO-000812,1,bank_transfer,2017-05-16,2054.67
WO-000814,1,purchase_order,2017-07-11,2287.0
WO-000815,1,purchase_order,2017-06-05,778.39
WO-000815,2,bank_transfer,2017-06-22,948.18
WO-000815,3,purchase_order,2017-08-01,488.71
WO-000816,1,bank_transfer,2017-06-16,387.06
WO-000817,1,corporate_card,2017-06-01,341.09
WO-000817,2,bank_transfer,2017-06-22,434.4
WO-000818,1,bank_transfer,2017-05-12,2114.74
WO-000819,1,bank_transfer,2017-06-15,846.98
WO-000820,1,bank_transfer,2017-05-23,1480.94
WO-000820,2,bank_transfer,2017-06-09,3145.51
WO-000821,1,purchase_order,2017-06-09,650.61
WO-000822,1,purchase_order,2017-06-28,596.15
WO-000823,1,corporate_card,2017-06-27,830.64
WO-000824,1,bank_transfer,2017-05-30,667.77
WO-000825,1,bank_transfer,2017-07-08,698.74
WO-000826,1,bank_transfer,2017-06-24,1177.48
WO-000827,1,bank_transfer,2017-05-27,362.01
WO-000828,1,bank_transfer,2017-06-21,2334.6
WO-000829,1,purchase_order,2017-06-13,2820.83
WO-000830,1,bank_transfer,2017-05-08,461.56
WO-000831,1,corporate_card,2017-06-08,511.38
WO-000831,2,bank_transfer,2017-06-27,449.25
WO-000832,1,purchase_order,2017-05-28,2181.98
WO-000833,1,purchase_order,2017-05-25,1920.97
WO-000834,1,purchase_order,2017-06-18,973.72
WO-000835,1,purchase_order,2017-05-14,10587.16
WO-000836,1,purchase_order,2017-05-27,831.35
WO-000837,1,bank_transfer,2017-06-07,789.69
WO-000838,1,bank_transfer,2017-05-06,1223.63
WO-000839,1,corporate_card,2017-05-21,1210.34
WO-000840,1,corporate_card,2017-06-05,483.12
WO-000840,2,bank_transfer,2017-06-22,205.76
WO-000840,3,bank_transfer,2017-07-12,159.26
WO-000841,1,purchase_order,2017-06-08,1146.21
WO-000842,1,purchase_order,2017-05-28,795.18
WO-000842,2,purchase_order,2017-07-02,1076.13
WO-000844,1,bank_transfer,2017-07-11,1543.31
WO-000845,1,bank_transfer,2017-06-02,1431.94
WO-000846,1,bank_transfer,2017-06-14,454.19
WO-000846,2,purchase_order,2017-07-13,488.22
WO-000847,1,purchase_order,2017-06-24,1322.56
WO-000848,1,purchase_order,2017-06-25,1369.91
WO-000849,1,purchase_order,2017-06-03,1031.41
WO-000850,1,corporate_card,2017-06-04,602.39
WO-000850,2,purchase_order,2017-07-18,148.99
WO-000851,1,bank_transfer,2017-06-09,569.14
WO-000852,1,corporate_card,2017-05-22,999.68
WO-000853,1,purchase_order,2017-06-01,1378.98
WO-000854,1,bank_transfer,2017-06-11,665.34
WO-000855,1,bank_transfer,2017-06-20,520.07
WO-000856,1,purchase_order,2017-04-30,2202.6
WO-000857,1,bank_transfer,2017-06-05,720.11
WO-000858,1,purchase_order,2017-05-04,664.53
WO-000859,1,bank_transfer,2017-05-19,687.82
WO-000860,1,bank_transfer,2017-05-21,163.48
WO-000860,2,bank_transfer,2017-07-03,75.04
WO-000860,3,purchase_order,2017-08-11,95.32
WO-000861,1,bank_transfer,2017-06-09,186.5
WO-000861,2,bank_transfer,2017-07-12,119.26
WO-000861,3,bank_transfer,2017-07-30,186.54
WO-000862,1,purchase_order,2017-06-24,645.93
WO-000862,2,corporate_card,2017-08-05,497.11
WO-000862,3,bank_transfer,2017-09-18,281.05
WO-000863,1,purchase_order,2017-05-24,191.94
WO-000863,2,purchase_order,2017-06-24,400.5
WO-000864,1,purchase_order,2017-06-03,1445.17
WO-000864,2,bank_transfer,2017-07-04,347.05
WO-000865,1,bank_transfer,2017-05-06,223.0
WO-000866,1,purchase_order,2017-07-01,509.27
WO-000867,1,purchase_order,2017-06-16,4108.98
WO-000868,1,corporate_card,2017-06-02,1060.51
WO-000869,1,bank_transfer,2017-05-26,1068.0
WO-000870,1,bank_transfer,2017-06-18,1266.66
WO-000871,1,purchase_order,2017-05-29,328.44
WO-000871,2,bank_transfer,2017-07-02,216.23
WO-000871,3,bank_transfer,2017-08-07,837.47
WO-000872,1,bank_transfer,2017-07-03,863.88
WO-000873,1,purchase_order,2017-06-24,1927.03
WO-000874,1,bank_transfer,2017-06-10,1925.54
WO-000875,1,bank_transfer,2017-06-10,642.7
WO-000876,1,bank_transfer,2017-05-26,2440.62
WO-000877,1,corporate_card,2017-06-19,1665.38
WO-000878,1,bank_transfer,2017-05-28,401.04
WO-000879,1,bank_transfer,2017-05-11,253.77
WO-000881,1,purchase_order,2017-06-04,501.9
WO-000881,2,purchase_order,2017-06-20,963.94
WO-000882,1,bank_transfer,2017-06-03,2043.32
WO-000883,1,bank_transfer,2017-05-08,2197.2
WO-000884,1,purchase_order,2017-06-09,1391.86
WO-000885,1,bank_transfer,2017-06-08,780.56
WO-000885,2,bank_transfer,2017-06-29,793.61
WO-000886,1,purchase_order,2017-07-06,1383.45
WO-000887,1,bank_transfer,2017-06-21,825.87
WO-000888,1,purchase_order,2017-06-24,391.8
WO-000888,2,bank_transfer,2017-07-29,632.97
WO-000889,1,purchase_order,2017-06-11,4142.53
WO-000890,1,purchase_order,2017-06-22,819.93
WO-000891,1,bank_transfer,2017-05-02,549.99
WO-000892,1,purchase_order,2017-06-28,736.74
WO-000893,1,bank_transfer,2017-06-17,1901.31
WO-000894,1,purchase_order,2017-06-28,1431.32
WO-000895,1,purchase_order,2017-06-03,2202.79
WO-000896,1,purchase_order,2017-05-21,271.7
WO-000897,1,corporate_card,2017-06-06,2121.07
WO-000898,1,purchase_order,2017-06-03,321.32
WO-000899,1,purchase_order,2017-05-21,1245.84
WO-000900,1,bank_transfer,2017-07-27,875.57
WO-000900,2,bank_transfer,2017-09-01,185.74
WO-000901,1,purchase_order,2017-07-01,987.02
WO-000902,1,purchase_order,2017-06-28,1171.5
WO-000903,1,purchase_order,2017-05-24,678.18
WO-000904,1,purchase_order,2017-06-27,1948.67
WO-000905,1,purchase_order,2017-06-27,637.29
WO-000906,1,bank_transfer,2017-05-30,649.49
WO-000907,1,purchase_order,2017-06-13,2262.93
WO-000908,1,purchase_order,2017-06-17,248.59
WO-000909,1,bank_transfer,2017-06-25,893.63
WO-000910,1,purchase_order,2017-06-04,532.54
WO-000911,1,bank_transfer,2017-06-15,1290.72
WO-000912,1,bank_transfer,2017-06-05,580.4
WO-000912,2,purchase_order,2017-06-24,225.55
WO-000913,1,purchase_order,2017-07-02,1021.51
WO-000914,1,bank_transfer,2017-06-20,891.32
WO-000915,1,bank_transfer,2017-07-25,995.08
WO-000916,1,bank_transfer,2017-07-01,2113.42
WO-000917,1,bank_transfer,2017-06-20,2929.03
WO-000918,1,bank_transfer,2017-06-23,541.76
WO-000919,1,purchase_order,2017-06-04,246.73
WO-000920,1,bank_transfer,2017-05-19,1490.17
WO-000921,1,corporate_card,2017-07-04,223.99
WO-000921,2,bank_transfer,2017-08-09,562.81
WO-000922,1,purchase_order,2017-07-27,786.37
WO-000923,1,corporate_card,2017-06-16,676.05
WO-000924,1,bank_transfer,2017-06-05,632.09
WO-000925,1,bank_transfer,2017-06-14,2317.38
WO-000926,1,bank_transfer,2017-06-04,2041.83
WO-000927,1,bank_transfer,2017-06-29,328.46
WO-000928,1,corporate_card,2017-06-29,785.77
WO-000930,1,bank_transfer,2017-05-10,2108.6
WO-000931,1,corporate_card,2017-06-22,1872.82
WO-000932,1,corporate_card,2017-05-24,853.55
WO-000933,1,purchase_order,2017-06-06,608.34
WO-000934,1,bank_transfer,2017-06-07,952.76
WO-000935,1,bank_transfer,2017-08-09,815.68
WO-000936,1,purchase_order,2017-06-17,787.4
WO-000937,1,bank_transfer,2017-06-02,1048.94
WO-000938,1,bank_transfer,2017-06-08,381.24
WO-000939,1,corporate_card,2017-05-09,480.1
WO-000940,1,corporate_card,2017-06-04,1333.91
WO-000941,1,bank_transfer,2017-07-16,3883.96
WO-000942,1,bank_transfer,2017-06-08,289.38
WO-000943,1,bank_transfer,2017-06-28,1860.44
WO-000945,1,bank_transfer,2017-06-11,2246.57
WO-000946,1,purchase_order,2017-06-04,432.73
WO-000946,2,purchase_order,2017-07-11,256.44
WO-000947,1,bank_transfer,2017-06-01,496.37
WO-000947,2,purchase_order,2017-07-15,570.03
WO-000947,3,purchase_order,2017-08-22,661.81
WO-000949,1,bank_transfer,2017-06-02,2525.54
WO-000950,1,corporate_card,2017-07-06,4349.1
WO-000951,1,bank_transfer,2017-06-12,2485.73
WO-000952,1,bank_transfer,2017-07-02,490.91
WO-000953,1,corporate_card,2017-06-03,2239.4
WO-000954,1,bank_transfer,2017-06-19,887.69
WO-000955,1,bank_transfer,2017-07-02,1876.57
WO-000956,1,purchase_order,2017-06-24,404.46
WO-000956,2,purchase_order,2017-07-15,786.97
WO-000957,1,bank_transfer,2017-06-28,702.61
WO-000958,1,purchase_order,2017-06-18,679.13
WO-000959,1,bank_transfer,2017-06-16,2006.81
WO-000960,1,purchase_order,2017-06-29,466.27
WO-000960,2,bank_transfer,2017-07-23,556.0
WO-000961,1,corporate_card,2017-06-28,1322.43
WO-000961,2,purchase_order,2017-07-13,377.08
WO-000962,1,bank_transfer,2017-07-12,886.74
WO-000963,1,corporate_card,2017-07-07,187.69
WO-000963,2,corporate_card,2017-08-09,208.22
WO-000964,1,bank_transfer,2017-06-09,1360.1
WO-000965,1,purchase_order,2017-07-19,819.59
WO-000966,1,bank_transfer,2017-07-17,2453.24
WO-000967,1,bank_transfer,2017-06-18,804.5
WO-000967,2,bank_transfer,2017-07-26,1385.51
WO-000968,1,bank_transfer,2017-06-10,192.94
WO-000968,2,purchase_order,2017-07-12,182.08
WO-000969,1,bank_transfer,2017-06-02,271.87
WO-000969,2,corporate_card,2017-06-28,295.87
WO-000970,1,purchase_order,2017-05-29,585.52
WO-000971,1,bank_transfer,2017-06-10,1326.64
WO-000972,1,purchase_order,2017-06-04,1528.06
WO-000973,1,purchase_order,2017-06-11,944.72
WO-000974,1,bank_transfer,2017-07-22,1212.07
WO-000975,1,purchase_order,2017-06-04,291.8
WO-000976,1,purchase_order,2017-06-06,822.99
WO-000976,2,bank_transfer,2017-06-23,689.84
WO-000977,1,bank_transfer,2017-06-06,264.96
WO-000977,2,purchase_order,2017-06-22,205.82
WO-000977,3,purchase_order,2017-07-30,254.59
WO-000978,1,corporate_card,2017-07-01,1049.03
WO-000979,1,bank_transfer,2017-06-29,3764.53
WO-000980,1,bank_transfer,2017-06-19,283.27
WO-000980,2,bank_transfer,2017-07-21,1201.51
WO-000981,1,purchase_order,2017-06-24,560.19
WO-000982,1,purchase_order,2017-07-24,996.81
WO-000983,1,bank_transfer,2017-06-10,735.73
WO-000984,1,bank_transfer,2017-07-05,366.91
WO-000984,2,bank_transfer,2017-07-28,347.98
WO-000985,1,corporate_card,2017-08-02,540.6
WO-000986,1,bank_transfer,2017-06-04,1778.73
WO-000986,2,bank_transfer,2017-07-06,1531.89
WO-000986,3,bank_transfer,2017-07-22,1561.63
WO-000987,1,purchase_order,2017-06-05,3508.44
WO-000988,1,bank_transfer,2017-06-12,1235.94
WO-000989,1,purchase_order,2017-07-09,2022.44
WO-000990,1,corporate_card,2017-06-22,386.45
WO-000990,2,bank_transfer,2017-07-17,141.38
WO-000991,1,corporate_card,2017-06-11,497.18
WO-000992,1,bank_transfer,2017-06-15,466.59
WO-000993,1,purchase_order,2017-07-16,483.53
WO-000994,1,purchase_order,2017-06-01,1776.35
WO-000995,1,corporate_card,2017-06-06,903.93
WO-000996,1,corporate_card,2017-06-28,1885.64
WO-000997,1,bank_transfer,2017-05-26,1701.7
WO-000998,1,bank_transfer,2017-05-21,657.64
WO-000999,1,bank_transfer,2017-06-07,2621.52
WO-001000,1,bank_transfer,2017-06-16,339.45
WO-001000,2,bank_transfer,2017-07-30,933.26
WO-001001,1,purchase_order,2017-07-04,287.4
WO-001001,2,bank_transfer,2017-08-14,333.44
WO-001002,1,bank_transfer,2017-05-22,608.39
WO-001003,1,bank_transfer,2017-05-19,1276.31
WO-001004,1,corporate_card,2017-06-18,1658.02
WO-001005,1,corporate_card,2017-05-23,1833.12
WO-001006,1,bank_transfer,2017-06-22,779.82
WO-001007,1,purchase_order,2017-08-17,956.43
WO-001008,1,purchase_order,2017-05-26,2449.86
WO-001008,2,bank_transfer,2017-07-08,191.4
WO-001009,1,bank_transfer,2017-06-22,901.68
WO-001010,1,bank_transfer,2017-06-16,1388.42
WO-001011,1,bank_transfer,2017-07-05,349.25
WO-001011,2,purchase_order,2017-08-04,400.54
WO-001012,1,bank_transfer,2017-07-03,1776.16
WO-001013,1,bank_transfer,2017-06-18,696.26
WO-001013,2,purchase_order,2017-07-23,530.19
WO-001014,1,corporate_card,2017-07-01,250.53
WO-001016,1,bank_transfer,2017-07-06,351.73
WO-001016,2,purchase_order,2017-08-16,360.07
WO-001016,3,corporate_card,2017-09-25,582.2
WO-001017,1,bank_transfer,2017-05-24,1946.58
WO-001018,1,bank_transfer,2017-06-02,1009.74
WO-001019,1,bank_transfer,2017-06-16,7285.18
WO-001020,1,corporate_card,2017-07-07,516.48
WO-001020,2,purchase_order,2017-08-15,877.1
WO-001021,1,corporate_card,2017-07-15,1389.32
WO-001022,1,bank_transfer,2017-06-21,1561.24
WO-001023,1,bank_transfer,2017-06-10,456.25
WO-001023,2,corporate_card,2017-06-29,207.74
WO-001024,1,purchase_order,2017-07-24,1156.03
WO-001025,1,bank_transfer,2017-07-14,3324.46
WO-001026,1,bank_transfer,2017-07-17,547.68
WO-001026,2,corporate_card,2017-08-04,443.27
WO-001027,1,bank_transfer,2017-07-16,2847.94
WO-001028,1,bank_transfer,2017-06-09,1601.11
WO-001029,1,purchase_order,2017-06-26,2788.88
WO-001030,1,bank_transfer,2017-05-24,936.14
WO-001031,1,bank_transfer,2017-05-31,1370.75
WO-001032,1,bank_transfer,2017-07-07,1012.4
WO-001033,1,purchase_order,2017-07-11,727.28
WO-001034,1,bank_transfer,2017-06-27,82.67
WO-001034,2,corporate_card,2017-07-17,98.12
WO-001034,3,purchase_order,2017-08-26,103.31
WO-001035,1,bank_transfer,2017-06-24,788.01
WO-001036,1,purchase_order,2017-06-28,675.91
WO-001037,1,bank_transfer,2017-07-11,1692.43
WO-001038,1,bank_transfer,2017-07-17,1141.0
WO-001039,1,bank_transfer,2017-05-28,458.08
WO-001039,2,bank_transfer,2017-06-15,269.47
WO-001040,1,bank_transfer,2017-06-19,2620.86
WO-001041,1,bank_transfer,2017-07-01,546.68
WO-001041,2,purchase_order,2017-08-05,631.08
WO-001042,1,bank_transfer,2017-07-19,1958.53
WO-001043,1,corporate_card,2017-06-15,1460.25
WO-001043,2,bank_transfer,2017-07-13,1656.42
WO-001044,1,bank_transfer,2017-06-17,338.04
WO-001044,2,corporate_card,2017-07-17,291.64
WO-001045,1,bank_transfer,2017-08-04,1390.76
WO-001046,1,bank_transfer,2017-07-22,218.16
WO-001046,2,corporate_card,2017-08-28,738.46
WO-001047,1,purchase_order,2017-07-13,474.07
WO-001048,1,bank_transfer,2017-06-18,992.95
WO-001049,1,corporate_card,2017-06-08,185.33
WO-001049,2,bank_transfer,2017-07-08,481.34
WO-001051,1,purchase_order,2017-06-24,380.01
WO-001052,1,bank_transfer,2017-06-21,485.27
WO-001052,2,bank_transfer,2017-07-16,305.28
WO-001053,1,purchase_order,2017-05-30,1304.03
WO-001054,1,bank_transfer,2017-06-12,1065.86
WO-001055,1,purchase_order,2017-07-07,367.14
WO-001055,2,bank_transfer,2017-08-05,415.18
WO-001056,1,bank_transfer,2017-08-02,1384.54
WO-001057,1,bank_transfer,2017-07-02,419.44
WO-001058,1,purchase_order,2017-06-19,685.21
WO-001059,1,bank_transfer,2017-07-10,266.92
WO-001059,2,bank_transfer,2017-08-18,437.68
WO-001059,3,purchase_order,2017-09-03,257.21
WO-001060,1,purchase_order,2017-06-25,1361.05
WO-001061,1,bank_transfer,2017-07-19,1828.58
WO-001061,2,corporate_card,2017-08-09,431.05
WO-001062,1,bank_transfer,2017-07-04,234.84
WO-001062,2,purchase_order,2017-07-25,619.17
WO-001062,3,bank_transfer,2017-08-10,1073.88
WO-001063,1,bank_transfer,2017-07-10,3957.17
WO-001064,1,corporate_card,2017-07-13,1047.35
WO-001065,1,bank_transfer,2017-06-24,3408.83
WO-001066,1,bank_transfer,2017-07-26,873.77
WO-001067,1,corporate_card,2017-07-04,1115.84
WO-001067,2,purchase_order,2017-07-28,1332.52
WO-001068,1,bank_transfer,2017-06-30,762.46
WO-001069,1,bank_transfer,2017-06-28,525.72
WO-001070,1,corporate_card,2017-05-21,1686.74
WO-001071,1,bank_transfer,2017-06-20,458.03
WO-001071,2,bank_transfer,2017-07-14,600.55
WO-001072,1,bank_transfer,2017-06-15,527.46
WO-001073,1,purchase_order,2017-07-27,462.25
WO-001074,1,bank_transfer,2017-06-13,305.33
WO-001075,1,bank_transfer,2017-06-22,143.75
WO-001075,2,corporate_card,2017-08-01,1248.46
WO-001076,1,bank_transfer,2017-07-26,313.76
WO-001077,1,bank_transfer,2017-07-10,2566.03
WO-001078,1,bank_transfer,2017-07-13,1188.05
WO-001079,1,bank_transfer,2017-07-10,4391.58
WO-001080,1,bank_transfer,2017-06-22,1531.31
WO-001081,1,purchase_order,2017-07-11,1516.81
WO-001082,1,bank_transfer,2017-07-22,1628.72
WO-001083,1,purchase_order,2017-08-05,613.88
WO-001084,1,bank_transfer,2017-07-11,398.09
WO-001085,1,purchase_order,2017-06-08,493.09
WO-001086,1,purchase_order,2017-07-06,2496.2
WO-001087,1,corporate_card,2017-07-24,738.44
WO-001088,1,corporate_card,2017-07-14,1221.4
WO-001089,1,bank_transfer,2017-06-01,1769.07
WO-001090,1,purchase_order,2017-06-17,1032.47
WO-001091,1,bank_transfer,2017-06-10,441.41
WO-001091,2,corporate_card,2017-07-06,1125.44
WO-001092,1,bank_transfer,2017-06-27,385.89
WO-001092,2,bank_transfer,2017-07-21,140.62
WO-001093,1,bank_transfer,2017-06-03,1533.68
WO-001094,1,purchase_order,2017-06-23,91.28
WO-001094,2,bank_transfer,2017-07-26,382.28
WO-001095,1,purchase_order,2017-07-13,810.36
WO-001096,1,bank_transfer,2017-07-06,877.34
WO-001097,1,purchase_order,2017-07-26,795.12
WO-001097,2,corporate_card,2017-08-30,1374.4
WO-001098,1,bank_transfer,2017-06-21,531.32
WO-001099,1,bank_transfer,2017-07-14,146.59
WO-001099,2,bank_transfer,2017-07-29,241.78
WO-001100,1,bank_transfer,2017-07-18,592.36
WO-001101,1,bank_transfer,2017-07-09,647.93
WO-001102,1,bank_transfer,2017-06-23,1500.19
WO-001103,1,bank_transfer,2017-08-02,666.65
WO-001104,1,corporate_card,2017-08-06,132.27
WO-001104,2,bank_transfer,2017-09-10,318.96
WO-001104,3,purchase_order,2017-10-10,312.05
WO-001105,1,bank_transfer,2017-07-30,320.36
WO-001105,2,bank_transfer,2017-09-04,448.08
WO-001106,1,corporate_card,2017-06-18,1056.75
WO-001107,1,bank_transfer,2017-06-26,1824.42
WO-001108,1,bank_transfer,2017-06-13,659.09
WO-001109,1,bank_transfer,2017-07-09,942.32
WO-001110,1,purchase_order,2017-06-29,555.58
WO-001111,1,bank_transfer,2017-07-17,725.05
WO-001112,1,bank_transfer,2017-07-24,670.8
WO-001113,1,purchase_order,2017-07-04,485.31
WO-001113,2,bank_transfer,2017-07-23,1365.51
WO-001114,1,corporate_card,2017-08-03,1435.94
WO-001115,1,corporate_card,2017-07-21,659.87
WO-001116,1,purchase_order,2017-06-02,1733.6
WO-001117,1,purchase_order,2017-06-03,1031.72
WO-001118,1,bank_transfer,2017-06-25,605.8
WO-001119,1,bank_transfer,2017-06-17,2733.81
WO-001120,1,purchase_order,2017-07-10,1812.31
WO-001121,1,bank_transfer,2017-06-24,525.23
WO-001122,1,bank_transfer,2017-07-04,484.48
WO-001122,2,bank_transfer,2017-08-04,1022.53
WO-001124,1,corporate_card,2017-07-11,1165.03
WO-001125,1,corporate_card,2017-06-24,1872.03
WO-001126,1,purchase_order,2017-07-17,516.11
WO-001127,1,purchase_order,2017-07-18,280.4
WO-001128,1,purchase_order,2017-06-28,567.58
WO-001129,1,purchase_order,2017-07-10,1459.73
WO-001130,1,corporate_card,2017-07-06,355.0
WO-001130,2,corporate_card,2017-08-11,483.35
WO-001131,1,corporate_card,2017-08-02,726.04
WO-001132,1,purchase_order,2017-08-01,1123.1
WO-001133,1,bank_transfer,2017-06-12,169.5
WO-001133,2,bank_transfer,2017-07-17,678.04
WO-001133,3,bank_transfer,2017-08-13,233.65
WO-001134,1,purchase_order,2017-06-21,521.79
WO-001135,1,corporate_card,2017-07-08,1679.38
WO-001136,1,bank_transfer,2017-06-17,1690.76
WO-001137,1,bank_transfer,2017-07-26,1468.56
WO-001138,1,bank_transfer,2017-06-17,2550.17
WO-001138,2,bank_transfer,2017-07-24,2247.17
WO-001139,1,bank_transfer,2017-07-05,607.06
WO-001139,2,bank_transfer,2017-07-26,665.35
WO-001140,1,purchase_order,2017-06-11,327.81
WO-001141,1,bank_transfer,2017-07-14,408.08
WO-001141,2,bank_transfer,2017-08-05,509.18
WO-001141,3,corporate_card,2017-09-13,742.32
WO-001142,1,bank_transfer,2017-06-24,393.69
WO-001142,2,purchase_order,2017-08-07,576.03
WO-001143,1,purchase_order,2017-07-18,443.21
WO-001143,2,bank_transfer,2017-08-14,1095.27
WO-001144,1,purchase_order,2017-07-01,355.11
WO-001144,2,bank_transfer,2017-07-26,290.37
WO-001145,1,bank_transfer,2017-07-07,1142.44
WO-001145,2,corporate_card,2017-08-13,1302.24
WO-001146,1,purchase_order,2017-07-03,1096.65
WO-001147,1,purchase_order,2017-06-07,1964.33
WO-001148,1,purchase_order,2017-07-07,1341.35
WO-001149,1,bank_transfer,2017-07-11,627.41
WO-001150,1,bank_transfer,2017-07-19,907.61
WO-001151,1,bank_transfer,2017-07-30,967.69
WO-001152,1,purchase_order,2017-07-26,392.17
WO-001153,1,bank_transfer,2017-06-18,2217.97
WO-001155,1,purchase_order,2017-05-31,821.22
WO-001156,1,purchase_order,2017-06-29,1339.8
WO-001157,1,purchase_order,2017-06-16,164.1
WO-001157,2,bank_transfer,2017-07-25,179.95
WO-001157,3,corporate_card,2017-08-27,450.69
WO-001158,1,bank_transfer,2017-06-09,767.81
WO-001159,1,bank_transfer,2017-07-08,1921.11
WO-001160,1,bank_transfer,2017-07-06,785.64
WO-001160,2,purchase_order,2017-07-22,1032.34
WO-001161,1,bank_transfer,2017-06-15,974.28
WO-001162,1,bank_transfer,2017-06-30,728.81
WO-001163,1,corporate_card,2017-07-01,317.28
WO-001163,2,purchase_order,2017-08-12,591.85
WO-001164,1,corporate_card,2017-06-11,1847.07
WO-001165,1,purchase_order,2017-08-01,926.91
WO-001166,1,bank_transfer,2017-07-15,2842.28
WO-001167,1,bank_transfer,2017-07-09,5976.77
WO-001168,1,corporate_card,2017-06-21,279.76
WO-001168,2,purchase_order,2017-07-13,462.31
WO-001168,3,bank_transfer,2017-08-09,531.12
WO-001169,1,bank_transfer,2017-07-31,1378.88
WO-001170,1,corporate_card,2017-06-30,847.27
WO-001171,1,bank_transfer,2017-07-11,1112.78
WO-001172,1,corporate_card,2017-07-23,1639.15
WO-001173,1,bank_transfer,2017-07-15,1618.32
WO-001174,1,bank_transfer,2017-07-28,385.64
WO-001174,2,bank_transfer,2017-09-06,138.01
WO-001175,1,purchase_order,2017-08-02,2794.56
WO-001176,1,purchase_order,2017-07-05,103.14
WO-001176,2,purchase_order,2017-07-27,148.21
WO-001177,1,bank_transfer,2017-07-19,265.94
WO-001177,2,purchase_order,2017-08-18,126.17
WO-001177,3,bank_transfer,2017-09-16,188.17
WO-001178,1,bank_transfer,2017-08-07,901.88
WO-001179,1,corporate_card,2017-07-14,1149.58
WO-001180,1,bank_transfer,2017-06-10,1250.28
WO-001181,1,bank_transfer,2017-07-02,121.44
WO-001181,2,bank_transfer,2017-08-06,535.07
WO-001182,1,purchase_order,2017-07-02,260.44
WO-001183,1,bank_transfer,2017-08-20,653.72
WO-001184,1,corporate_card,2017-07-13,1616.65
WO-001185,1,purchase_order,2017-07-24,422.49
WO-001186,1,bank_transfer,2017-07-02,3178.15
WO-001187,1,purchase_order,2017-07-02,2696.02
WO-001188,1,purchase_order,2017-07-22,289.62
WO-001190,1,bank_transfer,2017-07-25,1521.57
WO-001191,1,bank_transfer,2017-06-05,877.88
WO-001191,2,bank_transfer,2017-06-26,651.8
WO-001192,1,bank_transfer,2017-07-24,1125.78
WO-001193,1,purchase_order,2017-07-20,202.74
WO-001193,2,bank_transfer,2017-08-11,275.69
WO-001194,1,bank_transfer,2017-07-10,1345.1
WO-001195,1,purchase_order,2017-06-23,946.48
WO-001196,1,purchase_order,2017-08-31,962.74
WO-001197,1,purchase_order,2017-07-10,954.0
WO-001197,2,corporate_card,2017-08-05,1527.28
WO-001197,3,bank_transfer,2017-09-15,635.6
WO-001198,1,corporate_card,2017-07-07,1358.69
WO-001199,1,purchase_order,2017-07-17,1900.44
WO-001200,1,bank_transfer,2017-07-02,219.57
WO-001200,2,purchase_order,2017-07-29,230.53
WO-001201,1,bank_transfer,2017-06-21,315.96
WO-001203,1,corporate_card,2017-07-18,1959.47
WO-001204,1,bank_transfer,2017-06-20,341.0
WO-001204,2,bank_transfer,2017-08-03,722.05
WO-001204,3,corporate_card,2017-09-01,844.52
WO-001205,1,bank_transfer,2017-06-20,187.25
WO-001205,2,purchase_order,2017-07-17,466.35
WO-001206,1,bank_transfer,2017-07-19,561.24
WO-001206,2,purchase_order,2017-08-07,132.35
WO-001207,1,purchase_order,2017-06-26,291.28
WO-001207,2,bank_transfer,2017-07-21,686.42
WO-001207,3,bank_transfer,2017-08-11,310.52
WO-001208,1,purchase_order,2017-08-30,272.08
WO-001208,2,bank_transfer,2017-09-24,172.26
WO-001209,1,purchase_order,2017-07-13,1038.43
WO-001211,1,bank_transfer,2017-07-30,512.92
WO-001212,1,purchase_order,2017-07-21,888.72
WO-001213,1,bank_transfer,2017-07-09,488.8
WO-001213,2,bank_transfer,2017-08-03,1046.01
WO-001214,1,bank_transfer,2017-07-10,441.71
WO-001215,1,corporate_card,2017-06-23,1072.9
WO-001216,1,purchase_order,2017-08-14,615.22
WO-001217,1,bank_transfer,2017-06-27,305.94
WO-001217,2,bank_transfer,2017-07-22,283.77
WO-001217,3,corporate_card,2017-08-29,188.06
WO-001218,1,purchase_order,2017-07-04,400.68
WO-001219,1,bank_transfer,2017-07-08,929.2
WO-001220,1,purchase_order,2017-07-22,1177.24
WO-001221,1,bank_transfer,2017-07-25,581.63
WO-001222,1,purchase_order,2017-06-13,2516.3
WO-001223,1,corporate_card,2017-07-02,818.58
WO-001224,1,bank_transfer,2017-08-08,197.47
WO-001225,1,bank_transfer,2017-06-26,514.63
WO-001226,1,corporate_card,2017-06-13,486.84
WO-001227,1,corporate_card,2017-07-04,1177.06
WO-001228,1,corporate_card,2017-07-17,291.98
WO-001229,1,corporate_card,2017-08-12,602.83
WO-001230,1,bank_transfer,2017-06-27,439.96
WO-001231,1,bank_transfer,2017-07-19,695.44
WO-001232,1,corporate_card,2017-06-30,458.78
WO-001233,1,bank_transfer,2017-07-17,1353.7
WO-001234,1,purchase_order,2017-06-20,1949.29
WO-001235,1,purchase_order,2017-07-05,777.99
WO-001237,1,corporate_card,2017-06-16,2179.05
WO-001238,1,bank_transfer,2017-07-12,1062.38
WO-001239,1,purchase_order,2017-08-04,1006.73
WO-001240,1,bank_transfer,2017-07-21,557.85
WO-001241,1,bank_transfer,2017-07-26,824.67
WO-001242,1,corporate_card,2017-07-07,2258.42
WO-001243,1,bank_transfer,2017-06-20,2613.18
WO-001244,1,bank_transfer,2017-07-06,259.34
WO-001245,1,bank_transfer,2017-07-22,760.16
WO-001246,1,purchase_order,2017-07-17,624.37
WO-001247,1,bank_transfer,2017-07-27,719.0
WO-001248,1,bank_transfer,2017-07-02,922.19
WO-001250,1,bank_transfer,2017-07-29,355.72
WO-001250,2,bank_transfer,2017-08-16,582.17
WO-001251,1,bank_transfer,2017-07-15,1128.54
WO-001251,2,purchase_order,2017-08-01,1594.87
WO-001252,1,purchase_order,2017-07-03,1736.38
WO-001253,1,purchase_order,2017-07-04,489.36
WO-001254,1,bank_transfer,2017-06-27,654.51
WO-001256,1,bank_transfer,2017-08-10,2249.13
WO-001257,1,bank_transfer,2017-07-27,652.07
WO-001257,2,corporate_card,2017-08-17,544.5
WO-001258,1,purchase_order,2017-06-26,844.13
WO-001258,2,bank_transfer,2017-07-24,1234.66
WO-001259,1,purchase_order,2017-07-15,498.62
WO-001260,1,purchase_order,2017-07-08,867.89
WO-001261,1,corporate_card,2017-07-25,610.85
WO-001262,1,purchase_order,2017-07-02,211.93
WO-001262,2,purchase_order,2017-08-13,767.61
WO-001263,1,corporate_card,2017-07-03,1075.59
WO-001264,1,bank_transfer,2017-07-04,1163.69
WO-001264,2,bank_transfer,2017-08-14,340.78
WO-001265,1,corporate_card,2017-07-11,500.62
WO-001267,1,purchase_order,2017-07-23,2401.21
WO-001268,1,bank_transfer,2017-06-21,480.52
WO-001268,2,bank_transfer,2017-07-18,362.98
WO-001269,1,purchase_order,2017-08-09,702.0
WO-001270,1,bank_transfer,2017-07-12,834.16
WO-001270,2,bank_transfer,2017-08-16,661.35
WO-001271,1,purchase_order,2017-08-03,960.65
WO-001272,1,bank_transfer,2017-08-08,330.35
WO-001272,2,bank_transfer,2017-08-26,61.42
WO-001273,1,corporate_card,2017-08-05,2053.53
WO-001274,1,bank_transfer,2017-07-18,1156.39
WO-001275,1,purchase_order,2017-07-27,2217.38
WO-001276,1,corporate_card,2017-07-04,278.51
WO-001276,2,purchase_order,2017-07-27,1045.69
WO-001277,1,bank_transfer,2017-07-06,538.16
WO-001277,2,bank_transfer,2017-08-01,782.26
WO-001277,3,bank_transfer,2017-08-26,115.02
WO-001278,1,purchase_order,2017-07-13,1126.88
WO-001279,1,purchase_order,2017-07-27,840.77
WO-001279,2,purchase_order,2017-08-16,817.46
WO-001279,3,bank_transfer,2017-09-11,554.2
WO-001280,1,bank_transfer,2017-07-22,249.45
WO-001281,1,bank_transfer,2017-06-18,2669.62
WO-001282,1,bank_transfer,2017-07-25,220.68
WO-001283,1,bank_transfer,2017-08-07,436.06
WO-001284,1,bank_transfer,2017-07-03,678.21
WO-001284,2,bank_transfer,2017-07-29,455.55
WO-001284,3,bank_transfer,2017-09-01,472.02
WO-001285,1,purchase_order,2017-07-08,2894.11
WO-001286,1,bank_transfer,2017-07-13,1115.68
WO-001287,1,bank_transfer,2017-07-07,588.78
WO-001287,2,corporate_card,2017-08-19,1044.68
WO-001288,1,purchase_order,2017-07-09,1009.65
WO-001289,1,bank_transfer,2017-06-24,584.96
WO-001291,1,bank_transfer,2017-08-02,8538.36
WO-001292,1,corporate_card,2017-08-26,756.88
WO-001293,1,purchase_order,2017-07-20,1292.1
WO-001294,1,purchase_order,2017-07-01,736.71
WO-001295,1,bank_transfer,2017-08-10,390.42
WO-001296,1,purchase_order,2017-07-31,758.81
WO-001297,1,bank_transfer,2017-07-12,203.15
WO-001297,2,bank_transfer,2017-08-13,864.4
WO-001298,1,bank_transfer,2017-08-10,905.45
WO-001298,2,bank_transfer,2017-09-22,907.99
WO-001299,1,purchase_order,2017-08-07,915.83
WO-001299,2,bank_transfer,2017-09-14,218.8
WO-001300,1,purchase_order,2017-08-24,2309.6
WO-001301,1,bank_transfer,2017-08-08,756.31
WO-001302,1,corporate_card,2017-07-13,644.37
WO-001303,1,bank_transfer,2017-08-16,939.66
WO-001304,1,bank_transfer,2017-06-23,245.05
WO-001305,1,bank_transfer,2017-07-09,952.46
WO-001306,1,purchase_order,2017-07-27,738.67
WO-001307,1,purchase_order,2017-07-31,377.47
WO-001307,2,bank_transfer,2017-08-24,216.05
WO-001308,1,purchase_order,2017-08-08,486.14
WO-001308,2,corporate_card,2017-09-07,337.9
WO-001309,1,bank_transfer,2017-07-05,574.08
WO-001310,1,bank_transfer,2017-07-14,1413.54
WO-001310,2,purchase_order,2017-08-09,624.93
WO-001311,1,corporate_card,2017-07-12,1607.45
WO-001312,1,bank_transfer,2017-07-30,851.17
WO-001313,1,bank_transfer,2017-08-05,1360.85
WO-001314,1,bank_transfer,2017-07-14,275.97
WO-001315,1,purchase_order,2017-06-30,1043.06
WO-001316,1,bank_transfer,2017-07-11,878.95
WO-001317,1,bank_transfer,2017-07-10,1331.62
WO-001318,1,bank_transfer,2017-07-17,690.15
WO-001319,1,bank_transfer,2017-07-10,1166.76
WO-001320,1,bank_transfer,2017-08-28,500.64
WO-001320,2,bank_transfer,2017-09-25,423.48
WO-001320,3,purchase_order,2017-10-27,534.3
WO-001321,1,bank_transfer,2017-07-10,939.41
WO-001322,1,corporate_card,2017-07-08,1279.2
WO-001323,1,bank_transfer,2017-07-13,606.64
WO-001323,2,purchase_order,2017-08-21,177.64
WO-001324,1,bank_transfer,2017-08-02,646.44
WO-001325,1,bank_transfer,2017-07-19,887.82
WO-001326,1,bank_transfer,2017-07-20,567.76
WO-001327,1,purchase_order,2017-08-26,1682.26
WO-001327,2,corporate_card,2017-09-27,1889.65
WO-001328,1,bank_transfer,2017-07-27,554.46
WO-001328,2,purchase_order,2017-08-19,495.38
WO-001329,1,bank_transfer,2017-08-26,2349.32
WO-001330,1,bank_transfer,2017-07-29,1334.41
WO-001331,1,bank_transfer,2017-07-28,1430.91
WO-001332,1,bank_transfer,2017-07-23,2080.49
WO-001333,1,purchase_order,2017-06-23,1560.05
WO-001334,1,bank_transfer,2017-08-19,1754.0
WO-001336,1,bank_transfer,2017-08-29,457.82
WO-001337,1,purchase_order,2017-08-05,2042.64
WO-001339,1,purchase_order,2017-07-19,1500.97
WO-001340,1,bank_transfer,2017-08-12,1389.82
WO-001341,1,corporate_card,2017-07-16,4165.67
WO-001342,1,bank_transfer,2017-07-04,513.1
WO-001342,2,bank_transfer,2017-07-19,1000.93
WO-001343,1,bank_transfer,2017-07-20,827.95
WO-001344,1,purchase_order,2017-06-29,1311.63
WO-001345,1,bank_transfer,2017-07-11,303.7
WO-001346,1,bank_transfer,2017-09-03,917.23
WO-001347,1,bank_transfer,2017-07-12,3219.12
WO-001348,1,bank_transfer,2017-07-13,939.8
WO-001349,1,purchase_order,2017-07-08,955.95
WO-001349,2,bank_transfer,2017-08-03,571.02
WO-001350,1,bank_transfer,2017-07-03,182.74
WO-001350,2,purchase_order,2017-07-23,627.54
WO-001351,1,purchase_order,2017-08-02,181.13
WO-001351,2,purchase_order,2017-08-27,590.13
WO-001351,3,purchase_order,2017-10-03,124.8
WO-001352,1,bank_transfer,2017-07-10,1515.3
WO-001353,1,bank_transfer,2017-08-15,4233.04
WO-001354,1,corporate_card,2017-07-23,640.05
WO-001355,1,bank_transfer,2017-07-29,627.33
WO-001356,1,bank_transfer,2017-08-12,793.39
WO-001356,2,bank_transfer,2017-09-06,298.04
WO-001357,1,purchase_order,2017-08-18,627.77
WO-001358,1,purchase_order,2017-08-06,1150.3
WO-001359,1,bank_transfer,2017-08-24,172.62
WO-001359,2,bank_transfer,2017-09-11,312.36
WO-001360,1,corporate_card,2017-07-25,3173.08
WO-001361,1,bank_transfer,2017-06-26,2168.69
WO-001362,1,bank_transfer,2017-07-15,2789.25
WO-001363,1,purchase_order,2017-08-19,1432.8
WO-001364,1,purchase_order,2017-07-31,568.32
WO-001364,2,bank_transfer,2017-09-10,276.35
WO-001365,1,bank_transfer,2017-07-26,2409.03
WO-001366,1,purchase_order,2017-08-21,883.25
WO-001366,2,corporate_card,2017-10-04,1119.1
WO-001367,1,bank_transfer,2017-08-06,668.35
WO-001367,2,bank_transfer,2017-08-27,881.2
WO-001368,1,bank_transfer,2017-07-30,2339.81
WO-001369,1,purchase_order,2017-07-18,837.56
WO-001369,2,bank_transfer,2017-08-04,401.45
WO-001370,1,corporate_card,2017-06-22,1599.7
WO-001371,1,bank_transfer,2017-07-27,252.1
WO-001372,1,purchase_order,2017-07-27,376.45
WO-001372,2,purchase_order,2017-08-29,343.02
WO-001373,1,bank_transfer,2017-06-30,1364.49
WO-001374,1,bank_transfer,2017-08-18,444.15
WO-001375,1,bank_transfer,2017-07-09,832.08
WO-001376,1,bank_transfer,2017-08-04,618.92
WO-001377,1,bank_transfer,2017-07-29,634.34
WO-001378,1,bank_transfer,2017-09-13,884.98
WO-001379,1,corporate_card,2017-07-01,109.01
WO-001379,2,bank_transfer,2017-07-24,195.14
WO-001380,1,bank_transfer,2017-07-15,422.69
WO-001380,2,bank_transfer,2017-08-07,632.84
WO-001381,1,bank_transfer,2017-07-27,53.87
WO-001381,2,corporate_card,2017-08-27,294.61
WO-001382,1,bank_transfer,2017-07-21,122.63
WO-001382,2,purchase_order,2017-08-17,250.2
WO-001383,1,bank_transfer,2017-07-03,360.93
WO-001383,2,purchase_order,2017-08-07,637.73
WO-001384,1,bank_transfer,2017-09-08,637.58
WO-001385,1,purchase_order,2017-07-11,947.77
WO-001386,1,purchase_order,2017-06-26,1620.92
WO-001387,1,purchase_order,2017-09-27,993.42
WO-001388,1,bank_transfer,2017-08-19,688.17
WO-001389,1,bank_transfer,2017-07-02,264.48
WO-001389,2,purchase_order,2017-08-05,1135.9
WO-001390,1,corporate_card,2017-07-07,684.85
WO-001390,2,bank_transfer,2017-08-12,522.07
WO-001391,1,purchase_order,2017-07-02,3239.16
WO-001392,1,purchase_order,2017-08-12,812.52
WO-001392,2,bank_transfer,2017-09-11,869.16
WO-001392,3,bank_transfer,2017-10-20,1678.07
WO-001393,1,bank_transfer,2017-08-18,403.52
WO-001394,1,purchase_order,2017-08-30,840.87
WO-001395,1,corporate_card,2017-08-11,825.71
WO-001396,1,bank_transfer,2017-08-15,367.54
WO-001397,1,purchase_order,2017-08-11,2233.19
WO-001398,1,bank_transfer,2017-07-29,1026.22
WO-001399,1,purchase_order,2017-08-16,3382.95
WO-001400,1,bank_transfer,2017-07-29,241.95
WO-001400,2,bank_transfer,2017-09-03,270.65
WO-001400,3,corporate_card,2017-10-12,317.8
WO-001401,1,purchase_order,2017-09-22,236.51
WO-001402,1,purchase_order,2017-07-27,983.29
WO-001403,1,bank_transfer,2017-08-12,1562.16
WO-001404,1,purchase_order,2017-07-19,700.99
WO-001405,1,bank_transfer,2017-08-08,373.59
WO-001405,2,purchase_order,2017-09-19,969.52
WO-001406,1,purchase_order,2017-07-22,265.1
WO-001406,2,corporate_card,2017-08-09,296.95
WO-001407,1,purchase_order,2017-08-08,315.74
WO-001407,2,purchase_order,2017-08-30,337.65
WO-001407,3,purchase_order,2017-09-23,1117.21
WO-001408,1,bank_transfer,2017-08-28,624.65
WO-001408,2,bank_transfer,2017-09-20,250.98
WO-001408,3,purchase_order,2017-10-08,372.21
WO-001409,1,bank_transfer,2017-07-27,310.41
WO-001410,1,bank_transfer,2017-07-12,180.89
WO-001410,2,purchase_order,2017-08-15,137.46
WO-001411,1,bank_transfer,2017-07-13,1312.35
WO-001411,2,purchase_order,2017-08-03,596.39
WO-001412,1,bank_transfer,2017-08-04,450.31
WO-001413,1,purchase_order,2017-06-26,1927.7
WO-001414,1,bank_transfer,2017-08-16,1432.12
WO-001415,1,bank_transfer,2017-08-29,2290.6
WO-001416,1,bank_transfer,2017-07-14,1220.67
WO-001417,1,corporate_card,2017-06-26,960.37
WO-001417,2,corporate_card,2017-08-03,464.73
WO-001418,1,bank_transfer,2017-07-19,272.65
WO-001418,2,bank_transfer,2017-08-25,548.75
WO-001418,3,bank_transfer,2017-09-25,476.76
WO-001419,1,corporate_card,2017-08-10,574.48
WO-001420,1,purchase_order,2017-07-19,485.19
WO-001420,2,bank_transfer,2017-08-26,117.88
WO-001421,1,bank_transfer,2017-09-03,1979.54
WO-001422,1,corporate_card,2017-08-16,387.94
WO-001423,1,purchase_order,2017-08-14,2834.56
WO-001424,1,bank_transfer,2017-09-07,412.28
WO-001425,1,purchase_order,2017-08-23,314.75
WO-001426,1,bank_transfer,2017-08-01,473.14
WO-001426,2,bank_transfer,2017-09-07,619.53
WO-001427,1,corporate_card,2017-09-11,886.0
WO-001428,1,bank_transfer,2017-08-13,725.61
WO-001429,1,purchase_order,2017-07-16,4054.57
WO-001430,1,purchase_order,2017-07-05,399.76
WO-001430,2,corporate_card,2017-08-02,584.96
WO-001431,1,purchase_order,2017-08-17,367.68
WO-001432,1,bank_transfer,2017-08-02,705.14
WO-001433,1,bank_transfer,2017-06-30,602.76
WO-001434,1,bank_transfer,2017-07-08,1776.9
WO-001434,2,purchase_order,2017-08-16,2089.49
WO-001435,1,purchase_order,2017-08-13,2424.48
WO-001436,1,bank_transfer,2017-08-08,435.79
WO-001436,2,bank_transfer,2017-08-26,520.48
WO-001437,1,bank_transfer,2017-08-17,807.87
WO-001438,1,bank_transfer,2017-08-27,249.45
WO-001438,2,bank_transfer,2017-09-22,155.58
WO-001439,1,bank_transfer,2017-08-16,332.65
WO-001440,1,bank_transfer,2017-07-07,925.85
WO-001441,1,bank_transfer,2017-07-27,1024.9
WO-001441,2,bank_transfer,2017-09-04,526.08
WO-001442,1,corporate_card,2017-08-04,807.02
WO-001443,1,bank_transfer,2017-09-05,1854.18
WO-001444,1,corporate_card,2017-08-01,961.14
WO-001445,1,bank_transfer,2017-07-21,351.97
WO-001445,2,bank_transfer,2017-08-14,126.91
WO-001445,3,bank_transfer,2017-09-13,200.14
WO-001447,1,bank_transfer,2017-08-21,943.99
WO-001447,2,purchase_order,2017-09-25,166.28
WO-001448,1,bank_transfer,2017-08-05,450.81
WO-001449,1,purchase_order,2017-07-22,1108.74
WO-001450,1,corporate_card,2017-07-14,886.17
WO-001450,2,bank_transfer,2017-08-19,627.73
WO-001451,1,bank_transfer,2017-08-12,770.89
WO-001451,2,corporate_card,2017-09-14,679.24
WO-001452,1,purchase_order,2017-08-20,1689.36
WO-001453,1,purchase_order,2017-08-19,289.78
WO-001454,1,bank_transfer,2017-07-13,1568.7
WO-001455,1,bank_transfer,2017-07-11,957.75
WO-001456,1,purchase_order,2017-08-09,619.4
WO-001457,1,corporate_card,2017-08-03,1031.25
WO-001458,1,bank_transfer,2017-08-04,1862.6
WO-001459,1,bank_transfer,2017-07-21,1080.2
WO-001460,1,bank_transfer,2017-08-18,489.37
WO-001461,1,bank_transfer,2017-07-25,2379.86
WO-001462,1,purchase_order,2017-07-28,2523.39
WO-001463,1,corporate_card,2017-08-11,2075.98
WO-001464,1,purchase_order,2017-08-12,1881.48
WO-001465,1,bank_transfer,2017-07-02,726.1
WO-001465,2,bank_transfer,2017-08-14,374.11
WO-001466,1,bank_transfer,2017-08-02,265.08
WO-001467,1,purchase_order,2017-08-30,880.33
WO-001468,1,bank_transfer,2017-09-15,1406.02
WO-001469,1,bank_transfer,2017-07-19,462.54
WO-001469,2,purchase_order,2017-08-28,574.38
WO-001469,3,corporate_card,2017-09-29,446.22
WO-001470,1,purchase_order,2017-07-17,415.53
WO-001471,1,purchase_order,2017-07-23,1069.14
WO-001472,1,bank_transfer,2017-08-03,1425.37
WO-001473,1,bank_transfer,2017-08-20,402.38
WO-001473,2,bank_transfer,2017-09-19,769.15
WO-001474,1,purchase_order,2017-08-06,344.61
WO-001475,1,corporate_card,2017-08-12,423.54
WO-001475,2,bank_transfer,2017-09-12,513.5
WO-001475,3,bank_transfer,2017-09-29,427.31
WO-001476,1,corporate_card,2017-08-29,1253.42
WO-001478,1,purchase_order,2017-08-14,1026.62
WO-001479,1,purchase_order,2017-08-01,1362.47
WO-001480,1,bank_transfer,2017-08-20,1884.6
WO-001481,1,bank_transfer,2017-08-25,817.83
WO-001482,1,purchase_order,2017-08-26,233.56
WO-001482,2,bank_transfer,2017-09-14,233.49
WO-001483,1,bank_transfer,2017-08-04,409.91
WO-001484,1,purchase_order,2017-07-21,182.85
WO-001484,2,bank_transfer,2017-08-10,283.14
WO-001484,3,bank_transfer,2017-09-11,170.17
WO-001485,1,purchase_order,2017-08-20,1029.79
WO-001487,1,purchase_order,2017-07-19,840.98
WO-001488,1,purchase_order,2017-08-25,486.87
WO-001489,1,purchase_order,2017-08-17,3090.34
WO-001490,1,bank_transfer,2017-08-10,1083.75
WO-001491,1,corporate_card,2017-07-23,361.34
WO-001491,2,purchase_order,2017-08-10,401.59
WO-001491,3,bank_transfer,2017-09-22,759.94
WO-001492,1,bank_transfer,2017-07-24,432.73
WO-001492,2,purchase_order,2017-08-29,267.31
WO-001492,3,purchase_order,2017-09-27,491.64
WO-001493,1,purchase_order,2017-07-27,331.96
WO-001493,2,bank_transfer,2017-08-28,1355.66
WO-001494,1,bank_transfer,2017-07-28,425.87
WO-001494,2,bank_transfer,2017-08-21,199.01
WO-001495,1,bank_transfer,2017-07-04,1148.05
WO-001496,1,bank_transfer,2017-08-26,240.29
WO-001497,1,bank_transfer,2017-08-16,212.17
WO-001497,2,bank_transfer,2017-08-31,198.77
WO-001498,1,bank_transfer,2017-08-03,1158.37
WO-001499,1,bank_transfer,2017-09-02,1335.63
WO-001500,1,purchase_order,2017-08-21,189.01
WO-001501,1,bank_transfer,2017-08-28,2043.61
WO-001502,1,bank_transfer,2017-08-14,851.12
WO-001503,1,corporate_card,2017-08-30,1584.05
WO-001504,1,bank_transfer,2017-09-11,225.08
WO-001504,2,corporate_card,2017-10-04,1557.65
WO-001505,1,bank_transfer,2017-09-11,1064.77
WO-001506,1,bank_transfer,2017-08-19,543.88
WO-001506,2,purchase_order,2017-09-25,147.08
WO-001507,1,bank_transfer,2017-08-04,1518.61
WO-001508,1,purchase_order,2017-09-17,290.55
WO-001508,2,bank_transfer,2017-10-29,211.01
WO-001509,1,bank_transfer,2017-08-04,655.02
WO-001509,2,bank_transfer,2017-09-01,645.46
WO-001510,1,purchase_order,2017-08-27,1353.85
WO-001511,1,purchase_order,2017-08-19,980.25
WO-001512,1,corporate_card,2017-08-23,1265.05
WO-001513,1,bank_transfer,2017-09-09,2384.64
WO-001514,1,bank_transfer,2017-09-09,1071.17
WO-001515,1,corporate_card,2017-08-07,865.65
WO-001516,1,bank_transfer,2017-08-01,869.68
WO-001517,1,corporate_card,2017-08-13,513.12
WO-001518,1,purchase_order,2017-08-03,773.79
WO-001519,1,purchase_order,2017-07-14,393.84
WO-001520,1,purchase_order,2017-09-22,1194.55
WO-001521,1,bank_transfer,2017-07-20,888.01
WO-001522,1,bank_transfer,2017-07-21,221.7
WO-001522,2,bank_transfer,2017-08-12,961.37
WO-001523,1,bank_transfer,2017-08-28,284.64
WO-001524,1,purchase_order,2017-08-29,920.34
WO-001525,1,purchase_order,2017-09-07,1239.06
WO-001526,1,purchase_order,2017-07-16,392.82
WO-001526,2,bank_transfer,2017-08-06,1016.02
WO-001527,1,bank_transfer,2017-08-27,3259.26
WO-001529,1,bank_transfer,2017-09-15,1094.57
WO-001530,1,corporate_card,2017-08-01,1410.97
WO-001530,2,bank_transfer,2017-08-26,1263.58
WO-001532,1,bank_transfer,2017-08-05,993.92
WO-001533,1,corporate_card,2017-07-19,399.43
WO-001533,2,bank_transfer,2017-08-07,534.1
WO-001534,1,bank_transfer,2017-07-07,1065.7
WO-001535,1,bank_transfer,2017-08-09,876.95
WO-001536,1,bank_transfer,2017-08-23,178.89
WO-001536,2,bank_transfer,2017-09-24,111.53
WO-001537,1,bank_transfer,2017-08-20,340.87
WO-001537,2,corporate_card,2017-09-17,214.79
WO-001537,3,bank_transfer,2017-10-22,157.99
WO-001538,1,bank_transfer,2017-08-26,1054.56
WO-001538,2,purchase_order,2017-09-18,462.48
WO-001539,1,corporate_card,2017-08-11,2032.52
WO-001539,2,bank_transfer,2017-09-08,1359.61
WO-001539,3,corporate_card,2017-10-13,289.3
WO-001540,1,bank_transfer,2017-08-12,566.9
WO-001541,1,bank_transfer,2017-09-04,655.62
WO-001542,1,corporate_card,2017-08-27,4056.55
WO-001543,1,bank_transfer,2017-08-12,703.96
WO-001544,1,bank_transfer,2017-08-18,1258.06
WO-001544,2,bank_transfer,2017-10-01,570.61
WO-001545,1,bank_transfer,2017-08-07,2212.18
WO-001546,1,bank_transfer,2017-07-21,1483.59
WO-001548,1,bank_transfer,2017-08-11,4589.31
WO-001549,1,corporate_card,2017-09-06,505.2
WO-001550,1,bank_transfer,2017-07-26,3992.63
WO-001551,1,bank_transfer,2017-09-04,520.97
WO-001552,1,purchase_order,2017-08-13,1069.27
WO-001553,1,purchase_order,2017-09-11,797.49
WO-001554,1,bank_transfer,2017-08-30,527.41
WO-001554,2,purchase_order,2017-10-08,448.95
WO-001554,3,bank_transfer,2017-10-24,241.73
WO-001555,1,bank_transfer,2017-08-06,1454.02
WO-001556,1,corporate_card,2017-09-11,258.14
WO-001556,2,bank_transfer,2017-10-05,490.23
WO-001557,1,bank_transfer,2017-08-03,1001.19
WO-001558,1,purchase_order,2017-07-29,1642.96
WO-001559,1,bank_transfer,2017-08-07,105.3
WO-001559,2,bank_transfer,2017-08-23,159.25
WO-001560,1,corporate_card,2017-08-29,249.12
WO-001561,1,purchase_order,2017-08-14,1333.39
WO-001562,1,bank_transfer,2017-07-27,930.79
WO-001563,1,purchase_order,2017-08-04,1724.98
WO-001564,1,purchase_order,2017-09-12,202.77
WO-001564,2,bank_transfer,2017-10-02,484.46
WO-001564,3,corporate_card,2017-11-06,930.55
WO-001565,1,purchase_order,2017-08-15,328.96
WO-001566,1,purchase_order,2017-08-04,1209.58
WO-001567,1,bank_transfer,2017-07-08,646.44
WO-001568,1,bank_transfer,2017-10-02,1055.08
WO-001569,1,purchase_order,2017-09-27,1529.18
WO-001569,2,corporate_card,2017-11-01,240.11
WO-001570,1,purchase_order,2017-09-22,415.8
WO-001571,1,purchase_order,2017-09-13,693.23
WO-001572,1,purchase_order,2017-07-13,2740.01
WO-001573,1,corporate_card,2017-09-15,490.93
WO-001573,2,bank_transfer,2017-10-08,266.61
WO-001574,1,bank_transfer,2017-08-17,1987.66
WO-001575,1,bank_transfer,2017-08-26,563.02
WO-001575,2,bank_transfer,2017-09-14,1070.16
WO-001576,1,purchase_order,2017-09-10,390.34
WO-001577,1,corporate_card,2017-08-05,598.17
WO-001577,2,purchase_order,2017-08-25,537.98
WO-001578,1,purchase_order,2017-08-13,1697.96
WO-001579,1,corporate_card,2017-09-02,1179.19
WO-001581,1,bank_transfer,2017-07-19,864.36
WO-001581,2,bank_transfer,2017-08-16,1365.4
WO-001582,1,bank_transfer,2017-08-21,834.35
WO-001583,1,bank_transfer,2017-08-28,1502.01
WO-001584,1,bank_transfer,2017-09-10,446.47
WO-001585,1,purchase_order,2017-07-25,742.99
WO-001586,1,purchase_order,2017-08-10,860.85
WO-001586,2,bank_transfer,2017-08-31,569.11
WO-001587,1,corporate_card,2017-08-18,1454.23
WO-001588,1,purchase_order,2017-08-27,383.11
WO-001589,1,bank_transfer,2017-09-10,385.63
WO-001589,2,bank_transfer,2017-10-14,633.56
WO-001590,1,bank_transfer,2017-08-07,1085.42
WO-001591,1,bank_transfer,2017-09-09,509.86
WO-001592,1,bank_transfer,2017-07-29,1217.77
WO-001593,1,purchase_order,2017-09-07,376.92
WO-001594,1,bank_transfer,2017-08-22,318.22
WO-001595,1,purchase_order,2017-09-29,627.23
WO-001595,2,purchase_order,2017-11-02,1205.31
WO-001596,1,purchase_order,2017-08-23,411.48
WO-001596,2,purchase_order,2017-09-08,1367.67
WO-001597,1,purchase_order,2017-07-25,681.26
WO-001598,1,bank_transfer,2017-09-14,994.9
WO-001599,1,purchase_order,2017-08-27,783.19
WO-001600,1,corporate_card,2017-08-18,2356.27
WO-001601,1,bank_transfer,2017-08-02,622.49
WO-001601,2,bank_transfer,2017-09-15,1131.87
WO-001602,1,purchase_order,2017-08-12,478.07
WO-001602,2,bank_transfer,2017-09-24,735.91
WO-001603,1,purchase_order,2017-08-26,1875.01
WO-001604,1,corporate_card,2017-09-13,1149.51
WO-001604,2,bank_transfer,2017-10-23,350.71
WO-001605,1,corporate_card,2017-08-01,379.57
WO-001606,1,bank_transfer,2017-08-30,1778.58
WO-001607,1,bank_transfer,2017-08-13,2518.55
WO-001609,1,bank_transfer,2017-09-17,488.67
WO-001610,1,purchase_order,2017-09-18,2241.88
WO-001611,1,purchase_order,2017-09-07,919.35
WO-001612,1,bank_transfer,2017-08-29,514.6
WO-001613,1,bank_transfer,2017-08-26,931.37
WO-001614,1,purchase_order,2017-08-20,64.5
WO-001614,2,purchase_order,2017-09-29,93.82
WO-001614,3,bank_transfer,2017-10-22,112.04
WO-001615,1,bank_transfer,2017-08-03,1130.93
WO-001616,1,bank_transfer,2017-08-30,1788.2
WO-001617,1,bank_transfer,2017-08-28,797.02
WO-001618,1,bank_transfer,2017-08-03,1164.01
WO-001618,2,purchase_order,2017-09-07,456.79
WO-001619,1,bank_transfer,2017-09-02,1570.87
WO-001620,1,purchase_order,2017-08-24,304.21
WO-001620,2,corporate_card,2017-09-24,263.85
WO-001621,1,bank_transfer,2017-08-26,1119.91
WO-001622,1,purchase_order,2017-08-04,593.67
WO-001623,1,bank_transfer,2017-08-15,2309.39
WO-001624,1,bank_transfer,2017-08-05,1767.94
WO-001625,1,purchase_order,2017-09-03,300.69
WO-001626,1,purchase_order,2017-08-06,794.24
WO-001627,1,purchase_order,2017-09-01,219.66
WO-001628,1,bank_transfer,2017-08-09,405.26
WO-001628,2,bank_transfer,2017-09-02,1003.26
WO-001628,3,bank_transfer,2017-10-05,265.97
WO-001629,1,corporate_card,2017-10-11,1112.05
WO-001630,1,corporate_card,2017-08-26,1530.8
WO-001631,1,purchase_order,2017-08-20,2360.1
WO-001632,1,purchase_order,2017-09-16,396.08
WO-001633,1,bank_transfer,2017-09-01,559.08
WO-001633,2,corporate_card,2017-10-03,605.74
WO-001634,1,corporate_card,2017-08-02,677.66
WO-001634,2,bank_transfer,2017-08-30,417.34
WO-001635,1,bank_transfer,2017-07-23,538.04
WO-001635,2,bank_transfer,2017-08-14,765.94
WO-001636,1,bank_transfer,2017-08-22,618.98
WO-001636,2,purchase_order,2017-09-15,368.05
WO-001637,1,bank_transfer,2017-09-22,296.19
WO-001637,2,bank_transfer,2017-10-28,87.42
WO-001638,1,purchase_order,2017-08-28,513.05
WO-001639,1,bank_transfer,2017-08-07,339.36
WO-001639,2,purchase_order,2017-08-26,146.83
WO-001640,1,bank_transfer,2017-08-06,1646.61
WO-001641,1,corporate_card,2017-09-02,632.93
WO-001642,1,purchase_order,2017-09-11,1338.97
WO-001643,1,purchase_order,2017-07-22,642.01
WO-001644,1,purchase_order,2017-09-09,3273.33
WO-001645,1,bank_transfer,2017-08-14,717.87
WO-001646,1,bank_transfer,2017-08-07,1690.94
WO-001647,1,purchase_order,2017-09-21,975.68
WO-001647,2,bank_transfer,2017-10-12,144.95
WO-001648,1,purchase_order,2017-07-30,565.87
WO-001649,1,bank_transfer,2017-08-13,524.47
WO-001650,1,purchase_order,2017-09-29,1364.61
WO-001651,1,bank_transfer,2017-08-31,3097.21
WO-001652,1,bank_transfer,2017-09-02,404.59
WO-001652,2,corporate_card,2017-10-04,236.01
WO-001652,3,purchase_order,2017-10-22,541.78
WO-001653,1,bank_transfer,2017-07-28,799.41
WO-001654,1,bank_transfer,2017-09-22,845.07
WO-001655,1,corporate_card,2017-09-03,1076.76
WO-001656,1,bank_transfer,2017-08-13,2395.53
WO-001657,1,bank_transfer,2017-08-21,1119.12
WO-001658,1,bank_transfer,2017-09-04,347.86
WO-001659,1,purchase_order,2017-08-08,1694.6
WO-001660,1,bank_transfer,2017-08-24,412.59
WO-001660,2,corporate_card,2017-10-01,364.72
WO-001660,3,bank_transfer,2017-10-31,285.02
WO-001661,1,purchase_order,2017-10-04,1933.7
WO-001662,1,purchase_order,2017-08-06,501.41
WO-001663,1,purchase_order,2017-10-14,1305.87
WO-001663,2,bank_transfer,2017-11-26,575.92
WO-001664,1,purchase_order,2017-08-25,2848.02
WO-001665,1,corporate_card,2017-08-24,1898.6
WO-001666,1,purchase_order,2017-08-18,1572.08
WO-001667,1,bank_transfer,2017-09-08,253.84
WO-001668,1,purchase_order,2017-09-08,251.94
WO-001668,2,corporate_card,2017-10-16,69.57
WO-001669,1,bank_transfer,2017-08-16,591.01
WO-001670,1,purchase_order,2017-08-21,1281.2
WO-001671,1,bank_transfer,2017-08-15,1695.13
WO-001672,1,bank_transfer,2017-08-06,171.73
WO-001672,2,bank_transfer,2017-09-13,271.58
WO-001673,1,bank_transfer,2017-08-03,370.85
WO-001674,1,purchase_order,2017-08-30,373.2
WO-001674,2,bank_transfer,2017-10-08,849.23
WO-001675,1,bank_transfer,2017-09-25,249.33
WO-001675,2,corporate_card,2017-10-22,361.68
WO-001675,3,purchase_order,2017-11-19,563.59
WO-001677,1,bank_transfer,2017-09-01,1187.68
WO-001678,1,bank_transfer,2017-09-28,892.71
WO-001679,1,purchase_order,2017-08-18,315.05
WO-001680,1,corporate_card,2017-09-04,739.45
WO-001681,1,bank_transfer,2017-08-27,355.13
WO-001681,2,corporate_card,2017-09-29,748.7
WO-001682,1,bank_transfer,2017-09-15,554.43
WO-001683,1,purchase_order,2017-09-08,1533.78
WO-001684,1,bank_transfer,2017-08-22,226.71
WO-001684,2,purchase_order,2017-10-03,775.02
WO-001684,3,purchase_order,2017-11-11,207.64
WO-001685,1,bank_transfer,2017-08-22,985.86
WO-001686,1,purchase_order,2017-08-22,267.82
WO-001687,1,bank_transfer,2017-09-13,1060.6
WO-001687,2,bank_transfer,2017-10-25,1338.74
WO-001688,1,bank_transfer,2017-09-07,952.29
WO-001689,1,bank_transfer,2017-08-15,348.5
WO-001689,2,bank_transfer,2017-09-05,827.71
WO-001690,1,corporate_card,2017-09-09,870.45
WO-001691,1,corporate_card,2017-08-27,900.22
WO-001692,1,bank_transfer,2017-09-13,1740.92
WO-001692,2,purchase_order,2017-10-15,287.66
WO-001693,1,corporate_card,2017-10-14,836.75
WO-001693,2,bank_transfer,2017-11-22,371.94
WO-001694,1,bank_transfer,2017-09-12,853.84
WO-001695,1,bank_transfer,2017-08-27,559.32
WO-001696,1,bank_transfer,2017-08-11,847.45
WO-001697,1,purchase_order,2017-09-13,638.6
WO-001699,1,purchase_order,2017-09-10,437.93
WO-001699,2,purchase_order,2017-10-16,430.34
WO-001699,3,bank_transfer,2017-11-29,1382.15
WO-001700,1,purchase_order,2017-09-18,1089.08
WO-001701,1,purchase_order,2017-08-26,816.27
WO-001702,1,bank_transfer,2017-09-05,2508.63
WO-001703,1,bank_transfer,2017-09-14,1894.22
WO-001704,1,bank_transfer,2017-08-17,1881.18
WO-001705,1,purchase_order,2017-08-21,1193.4
WO-001705,2,bank_transfer,2017-09-11,674.73
WO-001706,1,bank_transfer,2017-10-04,228.57
WO-001707,1,bank_transfer,2017-09-16,636.95
WO-001708,1,purchase_order,2017-10-07,329.6
WO-001709,1,purchase_order,2017-09-23,1049.69
WO-001710,1,bank_transfer,2017-08-19,2462.04
WO-001711,1,bank_transfer,2017-07-28,2241.82
WO-001711,2,bank_transfer,2017-08-27,810.41
WO-001712,1,purchase_order,2017-08-06,902.08
WO-001713,1,bank_transfer,2017-09-13,1373.25
WO-001714,1,bank_transfer,2017-07-25,591.94
WO-001715,1,bank_transfer,2017-09-17,2200.76
WO-001716,1,bank_transfer,2017-08-23,368.48
WO-001717,1,bank_transfer,2017-08-12,215.48
WO-001717,2,corporate_card,2017-09-22,216.66
WO-001718,1,bank_transfer,2017-09-12,354.37
WO-001719,1,purchase_order,2017-08-11,404.9
WO-001720,1,corporate_card,2017-09-05,1378.94
WO-001721,1,bank_transfer,2017-08-05,481.2
WO-001723,1,corporate_card,2017-08-12,369.3
WO-001723,2,bank_transfer,2017-09-07,243.81
WO-001723,3,bank_transfer,2017-09-29,397.51
WO-001724,1,bank_transfer,2017-07-25,844.52
WO-001725,1,bank_transfer,2017-09-12,1360.82
WO-001726,1,purchase_order,2017-08-19,658.98
WO-001727,1,bank_transfer,2017-08-11,800.42
WO-001728,1,bank_transfer,2017-08-02,555.98
WO-001729,1,bank_transfer,2017-08-21,1922.26
WO-001730,1,bank_transfer,2017-09-19,700.48
WO-001731,1,bank_transfer,2017-08-25,1160.18
WO-001732,1,bank_transfer,2017-10-07,373.96
WO-001733,1,corporate_card,2017-09-09,1622.34
WO-001733,2,corporate_card,2017-09-29,307.35
WO-001734,1,corporate_card,2017-08-18,1273.52
WO-001735,1,corporate_card,2017-09-19,2399.08
WO-001736,1,bank_transfer,2017-08-07,510.02
WO-001737,1,corporate_card,2017-09-13,1707.53
WO-001738,1,purchase_order,2017-09-21,733.25
WO-001739,1,bank_transfer,2017-10-04,1181.05
WO-001740,1,bank_transfer,2017-08-18,636.09
WO-001740,2,bank_transfer,2017-09-26,887.64
WO-001741,1,bank_transfer,2017-08-13,876.59
WO-001741,2,corporate_card,2017-09-13,1550.87
WO-001743,1,bank_transfer,2017-08-30,1260.83
WO-001743,2,bank_transfer,2017-10-13,89.62
WO-001744,1,bank_transfer,2017-08-26,3294.16
WO-001744,2,corporate_card,2017-09-18,1323.31
WO-001745,1,purchase_order,2017-09-04,1494.2
WO-001746,1,bank_transfer,2017-09-23,3015.13
WO-001748,1,corporate_card,2017-08-11,642.54
WO-001749,1,bank_transfer,2017-09-13,828.7
WO-001751,1,purchase_order,2017-09-04,463.62
WO-001751,2,bank_transfer,2017-10-15,1713.41
WO-001752,1,bank_transfer,2017-08-13,743.96
WO-001753,1,bank_transfer,2017-08-22,1328.08
WO-001753,2,bank_transfer,2017-09-09,733.9
WO-001754,1,corporate_card,2017-09-16,1171.71
WO-001755,1,corporate_card,2017-08-20,1569.15
WO-001756,1,corporate_card,2017-08-04,280.11
WO-001756,2,bank_transfer,2017-09-04,209.18
WO-001757,1,corporate_card,2017-09-05,2647.2
WO-001758,1,bank_transfer,2017-09-07,814.31
WO-001759,1,purchase_order,2017-09-26,2677.09
WO-001760,1,bank_transfer,2017-09-27,361.46
WO-001760,2,purchase_order,2017-10-23,408.05
WO-001761,1,bank_transfer,2017-09-21,814.58
WO-001762,1,bank_transfer,2017-09-27,164.84
WO-001762,2,bank_transfer,2017-10-27,530.92
WO-001763,1,bank_transfer,2017-08-24,3823.02
WO-001764,1,bank_transfer,2017-08-26,1001.46
WO-001765,1,bank_transfer,2017-08-09,423.27
WO-001766,1,purchase_order,2017-08-02,118.8
WO-001766,2,purchase_order,2017-09-01,179.77
WO-001767,1,corporate_card,2017-09-02,257.27
WO-001767,2,bank_transfer,2017-10-15,295.65
WO-001768,1,purchase_order,2017-07-25,1950.2
WO-001769,1,bank_transfer,2017-09-04,1486.31
WO-001770,1,purchase_order,2017-08-29,1464.3
WO-001771,1,corporate_card,2017-08-30,1217.01
WO-001772,1,bank_transfer,2017-09-21,1818.41
WO-001773,1,purchase_order,2017-09-08,130.45
WO-001773,2,purchase_order,2017-09-26,521.37
WO-001774,1,bank_transfer,2017-08-29,1354.82
WO-001775,1,bank_transfer,2017-08-12,584.6
WO-001775,2,purchase_order,2017-09-13,623.62
WO-001776,1,corporate_card,2017-08-22,2686.72
WO-001777,1,bank_transfer,2017-09-04,616.75
WO-001777,2,bank_transfer,2017-09-20,426.71
WO-001778,1,corporate_card,2017-09-18,892.8
WO-001779,1,corporate_card,2017-10-26,1478.52
WO-001781,1,bank_transfer,2017-09-18,625.82
WO-001782,1,purchase_order,2017-07-28,1036.28
WO-001783,1,bank_transfer,2017-08-20,754.49
WO-001784,1,corporate_card,2017-08-17,1090.09
WO-001785,1,bank_transfer,2017-08-18,615.47
WO-001786,1,bank_transfer,2017-09-18,625.5
WO-001787,1,purchase_order,2017-08-21,1006.86
WO-001788,1,purchase_order,2017-09-14,757.13
WO-001789,1,bank_transfer,2017-08-22,479.55
WO-001790,1,bank_transfer,2017-09-02,1567.49
WO-001791,1,purchase_order,2017-10-25,2641.47
WO-001792,1,bank_transfer,2017-08-18,750.71
WO-001793,1,purchase_order,2017-09-12,1158.3
WO-001794,1,purchase_order,2017-08-04,3470.87
WO-001795,1,corporate_card,2017-09-25,816.85
WO-001795,2,bank_transfer,2017-10-31,488.23
WO-001796,1,purchase_order,2017-08-23,3953.08
WO-001797,1,bank_transfer,2017-08-26,1400.36
WO-001798,1,bank_transfer,2017-09-08,1551.62
WO-001799,1,bank_transfer,2017-10-04,633.5
WO-001800,1,purchase_order,2017-10-14,453.26
WO-001800,2,purchase_order,2017-11-15,1148.3
WO-001801,1,bank_transfer,2017-09-20,1072.41
WO-001802,1,bank_transfer,2017-09-20,1260.67
WO-001803,1,bank_transfer,2017-09-18,888.27
WO-001804,1,bank_transfer,2017-08-30,450.47
WO-001804,2,bank_transfer,2017-09-16,1758.69
WO-001805,1,purchase_order,2017-08-27,541.25
WO-001806,1,purchase_order,2017-09-14,1108.65
WO-001807,1,bank_transfer,2017-09-07,532.39
WO-001807,2,bank_transfer,2017-10-19,292.2
WO-001808,1,corporate_card,2017-09-21,1543.81
WO-001810,1,purchase_order,2017-09-14,417.73
WO-001811,1,bank_transfer,2017-08-05,649.08
WO-001812,1,bank_transfer,2017-09-20,227.05
WO-001813,1,corporate_card,2017-10-23,1371.67
WO-001814,1,purchase_order,2017-08-22,541.28
WO-001815,1,bank_transfer,2017-08-18,250.52
WO-001815,2,corporate_card,2017-09-15,179.61
WO-001816,1,bank_transfer,2017-09-17,986.07
WO-001817,1,purchase_order,2017-09-16,299.87
WO-001817,2,bank_transfer,2017-10-14,673.03
WO-001818,1,corporate_card,2017-08-03,1116.89
WO-001818,2,purchase_order,2017-08-18,892.48
WO-001819,1,bank_transfer,2017-09-02,459.48
WO-001820,1,corporate_card,2017-09-14,1817.43
WO-001821,1,purchase_order,2017-09-07,585.55
WO-001821,2,bank_transfer,2017-09-24,996.9
WO-001822,1,bank_transfer,2017-08-23,699.86
WO-001823,1,bank_transfer,2017-09-15,2419.06
WO-001824,1,purchase_order,2017-09-04,1556.51
WO-001825,1,purchase_order,2017-08-30,362.44
WO-001826,1,bank_transfer,2017-08-04,565.99
WO-001827,1,corporate_card,2017-08-21,534.09
WO-001827,2,corporate_card,2017-09-28,1026.19
WO-001828,1,purchase_order,2017-09-24,1541.21
WO-001829,1,bank_transfer,2017-10-06,892.37
WO-001830,1,bank_transfer,2017-09-11,753.77
WO-001830,2,purchase_order,2017-10-06,1273.01
WO-001831,1,purchase_order,2017-09-11,399.04
WO-001833,1,bank_transfer,2017-08-21,3779.16
WO-001834,1,bank_transfer,2017-09-25,1248.57
WO-001834,2,purchase_order,2017-10-16,925.65
WO-001835,1,purchase_order,2017-08-23,361.84
WO-001835,2,purchase_order,2017-09-23,289.42
WO-001836,1,corporate_card,2017-08-24,2069.51
WO-001837,1,purchase_order,2017-08-28,3176.16
WO-001838,1,bank_transfer,2017-09-17,662.43
WO-001838,2,bank_transfer,2017-10-29,380.38
WO-001839,1,purchase_order,2017-09-02,785.47
WO-001839,2,corporate_card,2017-10-14,962.35
WO-001840,1,bank_transfer,2017-08-23,787.72
WO-001840,2,corporate_card,2017-10-02,300.13
WO-001841,1,bank_transfer,2017-09-22,1026.91
WO-001842,1,purchase_order,2017-09-06,1453.7
WO-001843,1,bank_transfer,2017-08-03,724.67
WO-001844,1,corporate_card,2017-09-11,1457.87
WO-001845,1,bank_transfer,2017-09-02,3154.88
WO-001846,1,purchase_order,2017-08-20,721.6
WO-001847,1,purchase_order,2017-08-20,1371.18
WO-001848,1,bank_transfer,2017-09-12,426.77
WO-001848,2,purchase_order,2017-10-06,249.07
WO-001849,1,corporate_card,2017-09-07,1090.21
WO-001850,1,bank_transfer,2017-09-09,3609.14
WO-001851,1,purchase_order,2017-09-09,1187.13
WO-001852,1,bank_transfer,2017-08-25,1159.08
WO-001853,1,bank_transfer,2017-09-06,2303.57
WO-001853,2,bank_transfer,2017-09-29,1445.09
WO-001854,1,corporate_card,2017-08-13,4117.02
WO-001855,1,bank_transfer,2017-09-18,428.48
WO-001856,1,purchase_order,2017-08-05,1138.46
WO-001856,2,purchase_order,2017-08-21,2798.6
WO-001857,1,bank_transfer,2017-10-05,1000.36
WO-001858,1,purchase_order,2017-08-30,1365.64
WO-001859,1,bank_transfer,2017-09-02,938.03
WO-001859,2,bank_transfer,2017-09-18,979.11
WO-001860,1,bank_transfer,2017-10-08,320.75
WO-001860,2,bank_transfer,2017-10-31,69.19
WO-001860,3,bank_transfer,2017-12-05,32.25
WO-001861,1,purchase_order,2017-08-23,374.8
WO-001862,1,corporate_card,2017-08-26,296.44
WO-001863,1,corporate_card,2017-09-13,278.26
WO-001864,1,bank_transfer,2017-10-10,663.28
WO-001865,1,purchase_order,2017-08-30,1415.51
WO-001866,1,purchase_order,2017-09-14,821.95
WO-001866,2,corporate_card,2017-10-10,509.55
WO-001867,1,bank_transfer,2017-09-26,2177.67
WO-001868,1,bank_transfer,2017-09-17,426.6
WO-001868,2,corporate_card,2017-10-19,738.57
WO-001869,1,purchase_order,2017-10-19,371.7
WO-001870,1,purchase_order,2017-10-16,441.87
WO-001871,1,bank_transfer,2017-10-19,722.53
WO-001872,1,bank_transfer,2017-08-14,2104.06
WO-001873,1,bank_transfer,2017-08-23,1183.24
WO-001874,1,purchase_order,2017-09-12,393.41
WO-001875,1,bank_transfer,2017-09-01,2246.85
WO-001876,1,bank_transfer,2017-08-10,609.45
WO-001877,1,bank_transfer,2017-09-27,1323.82
WO-001878,1,bank_transfer,2017-09-18,1165.54
WO-001879,1,purchase_order,2017-09-12,743.35
WO-001879,2,purchase_order,2017-10-24,417.06
WO-001880,1,purchase_order,2017-09-30,861.53
WO-001881,1,purchase_order,2017-09-11,519.43
WO-001882,1,bank_transfer,2017-10-20,222.11
WO-001882,2,bank_transfer,2017-11-08,333.83
WO-001882,3,purchase_order,2017-12-02,208.77
WO-001883,1,purchase_order,2017-10-03,1084.96
WO-001884,1,purchase_order,2017-10-28,1120.63
WO-001885,1,corporate_card,2017-09-14,294.62
WO-001886,1,bank_transfer,2017-09-29,945.66
WO-001886,2,corporate_card,2017-10-28,654.76
WO-001887,1,bank_transfer,2017-09-13,1205.63
WO-001888,1,purchase_order,2017-09-29,1056.74
WO-001889,1,purchase_order,2017-08-19,997.76
WO-001890,1,bank_transfer,2017-09-29,1246.04
WO-001892,1,purchase_order,2017-08-16,387.03
WO-001892,2,purchase_order,2017-09-09,635.84
WO-001893,1,bank_transfer,2017-10-01,194.01
WO-001893,2,purchase_order,2017-10-19,287.96
WO-001894,1,purchase_order,2017-10-04,1312.05
WO-001895,1,purchase_order,2017-08-28,811.85
WO-001896,1,bank_transfer,2017-09-26,1232.81
WO-001897,1,corporate_card,2017-08-30,427.9
WO-001897,2,bank_transfer,2017-09-29,254.38
WO-001898,1,bank_transfer,2017-10-06,727.23
WO-001899,1,purchase_order,2017-09-08,1541.6
WO-001900,1,bank_transfer,2017-09-27,988.58
WO-001900,2,bank_transfer,2017-11-03,1434.86
WO-001901,1,bank_transfer,2017-10-04,1255.96
WO-001902,1,purchase_order,2017-10-15,1146.0
WO-001903,1,purchase_order,2017-09-24,1315.12
WO-001905,1,corporate_card,2017-09-10,1105.21
WO-001906,1,bank_transfer,2017-09-07,1861.81
WO-001907,1,purchase_order,2017-09-26,784.69
WO-001908,1,bank_transfer,2017-09-17,132.13
WO-001908,2,bank_transfer,2017-10-16,74.38
WO-001909,1,bank_transfer,2017-09-21,139.47
WO-001909,2,bank_transfer,2017-10-29,408.22
WO-001910,1,purchase_order,2017-10-03,1234.32
WO-001912,1,purchase_order,2017-09-16,1552.79
WO-001913,1,bank_transfer,2017-10-07,267.59
WO-001913,2,purchase_order,2017-10-28,318.19
WO-001913,3,purchase_order,2017-11-18,332.61
WO-001914,1,corporate_card,2017-09-14,1285.73
WO-001915,1,bank_transfer,2017-10-31,2198.03
WO-001915,2,bank_transfer,2017-12-14,1252.91
WO-001916,1,bank_transfer,2017-09-01,2649.53
WO-001917,1,bank_transfer,2017-10-02,1688.81
WO-001918,1,purchase_order,2017-09-04,2945.57
WO-001919,1,bank_transfer,2017-10-07,612.54
WO-001920,1,bank_transfer,2017-09-15,464.22
WO-001922,1,bank_transfer,2017-11-08,1528.93
WO-001923,1,purchase_order,2017-09-07,2821.21
WO-001924,1,bank_transfer,2017-10-02,605.6
WO-001924,2,bank_transfer,2017-11-08,550.96
WO-001924,3,purchase_order,2017-12-16,1309.99
WO-001925,1,corporate_card,2017-09-21,1313.68
WO-001926,1,bank_transfer,2017-08-22,518.44
WO-001927,1,purchase_order,2017-10-12,353.01
WO-001928,1,bank_transfer,2017-09-01,832.91
WO-001929,1,purchase_order,2017-09-19,4002.37
WO-001930,1,bank_transfer,2017-10-08,443.88
WO-001930,2,purchase_order,2017-11-05,721.56
WO-001931,1,corporate_card,2017-09-05,134.15
WO-001931,2,corporate_card,2017-09-28,201.13
WO-001932,1,corporate_card,2017-10-18,375.56
WO-001932,2,purchase_order,2017-11-26,1772.1
WO-001933,1,bank_transfer,2017-09-22,1686.71
WO-001934,1,purchase_order,2017-09-12,531.02
WO-001935,1,purchase_order,2017-09-15,771.3
WO-001935,2,purchase_order,2017-10-24,1956.48
WO-001936,1,purchase_order,2017-08-28,2582.74
WO-001937,1,purchase_order,2017-09-07,2185.55
WO-001938,1,purchase_order,2017-10-16,584.53
WO-001939,1,bank_transfer,2017-10-03,859.83
WO-001940,1,corporate_card,2017-10-06,1782.4
WO-001941,1,bank_transfer,2017-10-02,705.48
WO-001941,2,bank_transfer,2017-11-08,728.49
WO-001941,3,bank_transfer,2017-12-12,739.69
WO-001942,1,bank_transfer,2017-09-27,460.16
WO-001943,1,bank_transfer,2017-09-08,1220.94
WO-001945,1,bank_transfer,2017-09-01,365.86
WO-001945,2,corporate_card,2017-10-02,430.95
WO-001946,1,corporate_card,2017-10-02,403.55
WO-001947,1,purchase_order,2017-08-30,746.15
WO-001949,1,purchase_order,2017-08-12,1403.14
WO-001949,2,bank_transfer,2017-09-12,435.23
WO-001950,1,bank_transfer,2017-09-15,2239.27
WO-001951,1,purchase_order,2017-09-01,1405.61
WO-001952,1,bank_transfer,2017-10-12,1319.11
WO-001953,1,purchase_order,2017-10-31,534.34
WO-001953,2,bank_transfer,2017-12-14,270.41
WO-001954,1,purchase_order,2017-10-04,1036.6
WO-001954,2,purchase_order,2017-10-24,716.24
WO-001955,1,purchase_order,2017-10-01,563.22
WO-001956,1,bank_transfer,2017-09-07,1030.98
WO-001957,1,bank_transfer,2017-10-19,2246.54
WO-001958,1,bank_transfer,2017-09-12,1103.07
WO-001959,1,bank_transfer,2017-10-24,1771.95
WO-001960,1,purchase_order,2017-09-15,212.65
WO-001960,2,corporate_card,2017-10-01,387.07
WO-001961,1,bank_transfer,2017-08-24,566.35
WO-001962,1,bank_transfer,2017-09-05,954.49
WO-001963,1,bank_transfer,2017-09-17,649.79
WO-001964,1,bank_transfer,2017-09-08,2923.16
WO-001965,1,purchase_order,2017-09-17,427.74
WO-001966,1,bank_transfer,2017-10-20,512.55
WO-001967,1,bank_transfer,2017-08-15,1251.29
WO-001968,1,bank_transfer,2017-10-05,332.12
WO-001968,2,bank_transfer,2017-10-21,281.26
WO-001969,1,bank_transfer,2017-09-06,376.69
WO-001970,1,bank_transfer,2017-08-19,547.74
WO-001970,2,bank_transfer,2017-10-02,326.41
WO-001971,1,purchase_order,2017-09-16,2107.12
WO-001972,1,bank_transfer,2017-09-29,624.2
WO-001972,2,corporate_card,2017-10-14,1644.55
WO-001973,1,bank_transfer,2017-10-06,72.36
WO-001973,2,bank_transfer,2017-11-04,126.81
WO-001974,1,corporate_card,2017-10-09,641.1
WO-001975,1,purchase_order,2017-09-25,1091.54
WO-001976,1,bank_transfer,2017-09-11,509.33
WO-001976,2,bank_transfer,2017-10-22,743.43
WO-001977,1,purchase_order,2017-10-27,556.71
WO-001978,1,purchase_order,2017-09-02,1383.71
WO-001978,2,bank_transfer,2017-10-15,1125.61
WO-001980,1,corporate_card,2017-10-07,620.28
WO-001981,1,bank_transfer,2017-08-15,519.1
WO-001982,1,bank_transfer,2017-10-15,478.55
WO-001982,2,bank_transfer,2017-11-13,877.62
WO-001983,1,bank_transfer,2017-09-05,247.15
WO-001983,2,purchase_order,2017-10-14,493.8
WO-001984,1,bank_transfer,2017-09-21,669.99
WO-001985,1,bank_transfer,2017-08-30,2320.36
WO-001986,1,purchase_order,2017-09-16,436.99
WO-001987,1,purchase_order,2017-10-21,528.93
WO-001988,1,purchase_order,2017-10-13,954.78
WO-001989,1,purchase_order,2017-10-05,1273.24
WO-001990,1,bank_transfer,2017-08-31,1052.32
WO-001991,1,bank_transfer,2017-09-22,732.86
WO-001992,1,corporate_card,2017-09-06,943.31
WO-001993,1,bank_transfer,2017-10-10,960.64
WO-001994,1,purchase_order,2017-08-30,700.35
WO-001995,1,bank_transfer,2017-09-13,2187.82
WO-001996,1,bank_transfer,2017-10-18,135.51
WO-001996,2,purchase_order,2017-11-14,349.84
WO-001997,1,purchase_order,2017-10-09,296.63
WO-001998,1,purchase_order,2017-09-06,1390.63
WO-001998,2,purchase_order,2017-09-24,839.75
WO-001999,1,corporate_card,2017-09-13,2268.53
WO-002000,1,purchase_order,2017-09-18,2303.05
WO-002001,1,corporate_card,2017-10-27,872.94
WO-002002,1,bank_transfer,2017-09-04,1430.01
WO-002003,1,purchase_order,2017-09-24,145.76
WO-002003,2,bank_transfer,2017-11-01,278.36
WO-002004,1,purchase_order,2017-09-19,2065.13
WO-002005,1,purchase_order,2017-09-19,632.7
WO-002006,1,corporate_card,2017-10-13,288.76
WO-002007,1,purchase_order,2017-09-01,572.81
WO-002007,2,bank_transfer,2017-09-18,322.14
WO-002008,1,purchase_order,2017-09-08,639.05
WO-002009,1,bank_transfer,2017-09-13,1729.7
WO-002010,1,purchase_order,2017-09-12,771.36
WO-002011,1,bank_transfer,2017-09-03,2744.78
WO-002012,1,purchase_order,2017-09-26,455.23
WO-002013,1,bank_transfer,2017-09-08,2345.32
WO-002014,1,purchase_order,2017-10-14,1265.15
WO-002014,2,bank_transfer,2017-11-02,1525.99
WO-002014,3,bank_transfer,2017-11-18,858.93
WO-002015,1,purchase_order,2017-10-22,739.05
WO-002016,1,purchase_order,2017-11-12,511.21
WO-002017,1,purchase_order,2017-10-10,4508.59
WO-002018,1,bank_transfer,2017-08-25,527.68
WO-002019,1,bank_transfer,2017-09-19,527.64
WO-002019,2,bank_transfer,2017-10-15,521.12
WO-002020,1,bank_transfer,2017-10-23,1132.29
WO-002021,1,bank_transfer,2017-10-20,526.36
WO-002022,1,bank_transfer,2017-11-14,1729.33
WO-002022,2,bank_transfer,2017-12-13,1495.1
WO-002023,1,bank_transfer,2017-09-08,278.21
WO-002023,2,bank_transfer,2017-09-23,58.14
WO-002024,1,purchase_order,2017-08-29,3957.89
WO-002026,1,bank_transfer,2017-10-29,974.82
WO-002027,1,bank_transfer,2017-10-03,1117.84
WO-002027,2,corporate_card,2017-11-14,922.41
WO-002027,3,bank_transfer,2017-12-03,1687.92
WO-002028,1,purchase_order,2017-09-26,489.17
WO-002028,2,bank_transfer,2017-10-28,356.93
WO-002029,1,bank_transfer,2017-10-13,546.46
WO-002029,2,bank_transfer,2017-11-08,607.42
WO-002029,3,bank_transfer,2017-12-19,468.62
WO-002030,1,bank_transfer,2017-09-30,1383.21
WO-002031,1,bank_transfer,2017-09-09,1450.01
WO-002033,1,bank_transfer,2017-10-22,600.22
WO-002034,1,purchase_order,2017-09-30,429.98
WO-002035,1,corporate_card,2017-09-12,964.98
WO-002036,1,corporate_card,2017-09-09,373.49
WO-002036,2,corporate_card,2017-09-24,1967.46
WO-002037,1,bank_transfer,2017-09-03,1076.43
WO-002037,2,bank_transfer,2017-10-06,601.78
WO-002037,3,corporate_card,2017-11-10,812.23
WO-002038,1,purchase_order,2017-08-29,255.02
WO-002039,1,bank_transfer,2017-10-11,1479.82
WO-002040,1,bank_transfer,2017-09-19,416.26
WO-002040,2,bank_transfer,2017-10-14,289.55
WO-002041,1,bank_transfer,2017-10-27,1065.39
WO-002042,1,purchase_order,2017-11-11,1770.51
WO-002043,1,purchase_order,2017-10-13,757.23
WO-002044,1,purchase_order,2017-10-09,2995.35
WO-002045,1,bank_transfer,2017-09-08,4727.02
WO-002046,1,purchase_order,2017-09-11,1455.12
WO-002047,1,bank_transfer,2017-09-28,469.71
WO-002047,2,bank_transfer,2017-10-13,312.28
WO-002047,3,bank_transfer,2017-11-08,480.18
WO-002048,1,bank_transfer,2017-10-13,636.44
WO-002049,1,bank_transfer,2017-09-06,2915.85
WO-002050,1,purchase_order,2017-10-31,2373.35
WO-002051,1,bank_transfer,2017-09-17,1242.24
WO-002052,1,purchase_order,2017-10-14,687.35
WO-002053,1,bank_transfer,2017-10-02,833.37
WO-002053,2,purchase_order,2017-10-23,410.95
WO-002054,1,corporate_card,2017-09-23,621.65
WO-002055,1,bank_transfer,2017-09-26,606.56
WO-002056,1,bank_transfer,2017-10-20,736.44
WO-002056,2,bank_transfer,2017-11-24,539.84
WO-002057,1,bank_transfer,2017-09-11,496.14
WO-002058,1,purchase_order,2017-09-28,1790.75
WO-002059,1,bank_transfer,2017-09-03,1123.31
WO-002060,1,bank_transfer,2017-10-23,406.71
WO-002062,1,purchase_order,2017-09-21,863.31
WO-002062,2,bank_transfer,2017-11-03,255.47
WO-002063,1,purchase_order,2017-10-24,974.35
WO-002064,1,purchase_order,2017-10-03,1158.75
WO-002065,1,purchase_order,2017-11-01,620.2
WO-002066,1,bank_transfer,2017-10-15,958.56
WO-002067,1,purchase_order,2017-09-19,338.56
WO-002067,2,bank_transfer,2017-10-23,161.77
WO-002068,1,bank_transfer,2017-11-03,1091.23
WO-002069,1,bank_transfer,2017-09-18,550.09
WO-002070,1,bank_transfer,2017-08-29,86.91
WO-002070,2,corporate_card,2017-09-28,224.9
WO-002070,3,purchase_order,2017-10-27,377.74
WO-002071,1,bank_transfer,2017-09-21,2007.27
WO-002072,1,corporate_card,2017-10-01,615.67
WO-002073,1,bank_transfer,2017-09-22,1353.34
WO-002074,1,bank_transfer,2017-09-15,1881.5
WO-002075,1,bank_transfer,2017-09-10,131.24
WO-002075,2,purchase_order,2017-10-06,216.01
WO-002076,1,bank_transfer,2017-09-13,120.56
WO-002076,2,bank_transfer,2017-10-19,230.94
WO-002076,3,bank_transfer,2017-11-17,64.41
WO-002077,1,purchase_order,2017-09-25,265.29
WO-002077,2,bank_transfer,2017-10-13,160.05
WO-002078,1,purchase_order,2017-10-12,834.53
WO-002079,1,purchase_order,2017-09-09,453.7
WO-002080,1,bank_transfer,2017-09-08,331.24
WO-002080,2,bank_transfer,2017-10-07,237.21
WO-002081,1,bank_transfer,2017-09-26,2218.46
WO-002082,1,bank_transfer,2017-10-08,1082.72
WO-002083,1,purchase_order,2017-10-11,787.57
WO-002084,1,bank_transfer,2017-10-30,1224.76
WO-002085,1,corporate_card,2017-09-28,841.32
WO-002086,1,bank_transfer,2017-10-15,1476.22
WO-002087,1,bank_transfer,2017-10-28,1928.63
WO-002088,1,bank_transfer,2017-09-21,768.48
WO-002089,1,bank_transfer,2017-10-26,643.73
WO-002090,1,bank_transfer,2017-09-27,493.3
WO-002091,1,purchase_order,2017-10-29,632.85
WO-002093,1,bank_transfer,2017-09-26,442.02
WO-002093,2,purchase_order,2017-10-29,478.92
WO-002094,1,corporate_card,2017-10-29,1439.82
WO-002095,1,bank_transfer,2017-10-18,655.73
WO-002096,1,bank_transfer,2017-09-28,2439.44
WO-002097,1,bank_transfer,2017-10-23,993.07
WO-002097,2,bank_transfer,2017-12-06,620.08
WO-002098,1,corporate_card,2017-09-10,710.84
WO-002099,1,purchase_order,2017-09-08,1504.41
WO-002100,1,purchase_order,2017-10-20,987.74
WO-002101,1,corporate_card,2017-10-19,780.43
WO-002102,1,corporate_card,2017-08-30,1045.37
WO-002103,1,purchase_order,2017-10-10,477.58
WO-002103,2,bank_transfer,2017-11-20,168.17
WO-002103,3,purchase_order,2018-01-03,215.19
WO-002104,1,purchase_order,2017-10-01,1009.27
WO-002105,1,purchase_order,2017-09-19,598.21
WO-002106,1,bank_transfer,2017-09-16,1138.33
WO-002107,1,purchase_order,2017-11-06,1499.35
WO-002108,1,purchase_order,2017-09-09,478.0
WO-002109,1,corporate_card,2017-10-10,2380.39
WO-002110,1,bank_transfer,2017-10-04,1334.9
WO-002110,2,bank_transfer,2017-11-07,1420.36
WO-002111,1,bank_transfer,2017-09-19,2591.39
WO-002112,1,bank_transfer,2017-11-02,334.8
WO-002114,1,purchase_order,2017-08-28,64.76
WO-002114,2,bank_transfer,2017-09-25,158.31
WO-002115,1,bank_transfer,2017-10-28,1333.24
WO-002116,1,bank_transfer,2017-11-03,831.35
WO-002118,1,bank_transfer,2017-09-20,378.05
WO-002119,1,purchase_order,2017-09-24,309.69
WO-002119,2,purchase_order,2017-11-05,868.89
WO-002119,3,bank_transfer,2017-12-01,880.68
WO-002120,1,purchase_order,2017-10-21,1257.16
WO-002121,1,purchase_order,2017-10-24,558.92
WO-002121,2,bank_transfer,2017-12-07,641.29
WO-002122,1,purchase_order,2017-11-16,1191.29
WO-002123,1,purchase_order,2017-09-19,1559.19
WO-002124,1,purchase_order,2017-10-08,468.31
WO-002125,1,bank_transfer,2017-10-15,672.35
WO-002126,1,bank_transfer,2017-10-25,1179.33
WO-002127,1,bank_transfer,2017-09-25,1373.71
WO-002128,1,corporate_card,2017-11-14,556.81
WO-002129,1,purchase_order,2017-10-15,545.07
WO-002130,1,corporate_card,2017-09-12,423.69
WO-002130,2,purchase_order,2017-10-09,281.37
WO-002131,1,purchase_order,2017-10-15,1621.62
WO-002132,1,bank_transfer,2017-11-01,1492.41
WO-002133,1,purchase_order,2017-11-09,913.16
WO-002134,1,purchase_order,2017-09-26,5702.93
WO-002135,1,bank_transfer,2017-11-09,1158.89
WO-002136,1,bank_transfer,2017-10-14,476.58
WO-002138,1,corporate_card,2017-11-01,355.6
WO-002138,2,purchase_order,2017-11-24,380.57
WO-002139,1,bank_transfer,2017-10-15,2389.56
WO-002140,1,purchase_order,2017-09-30,653.29
WO-002140,2,bank_transfer,2017-11-02,746.0
WO-002141,1,purchase_order,2017-10-28,733.58
WO-002142,1,corporate_card,2017-09-04,1513.92
WO-002143,1,purchase_order,2017-11-18,258.71
WO-002143,2,bank_transfer,2017-12-04,135.81
WO-002144,1,bank_transfer,2017-10-20,528.57
WO-002145,1,purchase_order,2017-09-25,2710.06
WO-002146,1,bank_transfer,2017-10-04,463.74
WO-002147,1,purchase_order,2017-10-18,204.13
WO-002148,1,corporate_card,2017-09-25,2319.88
WO-002149,1,corporate_card,2017-11-06,1606.17
WO-002150,1,bank_transfer,2017-10-14,892.93
WO-002151,1,corporate_card,2017-10-24,1991.72
WO-002152,1,bank_transfer,2017-10-29,491.77
WO-002152,2,purchase_order,2017-11-16,262.51
WO-002152,3,bank_transfer,2017-12-03,177.65
WO-002153,1,purchase_order,2017-09-09,257.46
WO-002153,2,purchase_order,2017-10-01,518.89
WO-002154,1,corporate_card,2017-11-05,312.53
WO-002155,1,bank_transfer,2017-10-11,1072.52
WO-002156,1,bank_transfer,2017-09-25,2062.95
WO-002157,1,bank_transfer,2017-10-15,725.61
WO-002158,1,purchase_order,2017-10-02,370.52
WO-002158,2,bank_transfer,2017-10-30,414.42
WO-002159,1,bank_transfer,2017-09-11,439.31
WO-002159,2,bank_transfer,2017-09-29,422.21
WO-002160,1,bank_transfer,2017-11-10,1997.69
WO-002162,1,bank_transfer,2017-10-22,395.5
WO-002162,2,purchase_order,2017-11-13,144.64
WO-002162,3,purchase_order,2017-12-08,182.63
WO-002163,1,bank_transfer,2017-10-13,1935.38
WO-002164,1,bank_transfer,2017-10-07,798.61
WO-002165,1,bank_transfer,2017-11-03,1226.62
WO-002166,1,purchase_order,2017-10-28,328.87
WO-002166,2,bank_transfer,2017-12-05,759.19
WO-002167,1,bank_transfer,2017-09-06,2244.07
WO-002168,1,bank_transfer,2017-10-01,902.3
WO-002169,1,bank_transfer,2017-09-12,135.6
WO-002169,2,bank_transfer,2017-10-10,850.7
WO-002169,3,corporate_card,2017-10-25,174.52
WO-002170,1,corporate_card,2017-09-15,1219.36
WO-002171,1,purchase_order,2017-11-04,1623.21
WO-002172,1,bank_transfer,2017-10-14,2423.69
WO-002173,1,bank_transfer,2017-10-06,2382.39
WO-002174,1,purchase_order,2017-09-24,1108.38
WO-002175,1,purchase_order,2017-11-25,803.14
WO-002176,1,bank_transfer,2017-10-11,598.08
WO-002177,1,bank_transfer,2017-09-24,377.77
WO-002178,1,bank_transfer,2017-09-07,1207.42
WO-002179,1,bank_transfer,2017-10-09,781.76
WO-002179,2,purchase_order,2017-10-28,401.53
WO-002180,1,bank_transfer,2017-11-08,947.13
WO-002181,1,purchase_order,2017-09-15,1462.36
WO-002182,1,bank_transfer,2017-11-17,927.2
WO-002182,2,corporate_card,2017-12-15,638.19
WO-002183,1,bank_transfer,2017-10-18,1683.93
WO-002184,1,purchase_order,2017-09-23,1921.86
WO-002185,1,bank_transfer,2017-10-03,1530.86
WO-002186,1,bank_transfer,2017-09-26,2497.8
WO-002187,1,purchase_order,2017-10-18,1175.92
WO-002188,1,bank_transfer,2017-09-23,2632.95
WO-002189,1,purchase_order,2017-10-23,731.37
WO-002190,1,bank_transfer,2017-10-25,461.84
WO-002191,1,bank_transfer,2017-11-13,1402.92
WO-002192,1,bank_transfer,2017-10-15,730.73
WO-002192,2,purchase_order,2017-11-22,879.3
WO-002193,1,bank_transfer,2017-10-21,411.33
WO-002194,1,bank_transfer,2017-10-14,2145.98
WO-002195,1,bank_transfer,2017-09-24,2540.49
WO-002196,1,purchase_order,2017-10-17,1379.63
WO-002196,2,bank_transfer,2017-11-20,1240.42
WO-002197,1,purchase_order,2017-10-17,2897.38
WO-002198,1,purchase_order,2017-09-20,976.7
WO-002198,2,bank_transfer,2017-10-28,784.14
WO-002199,1,corporate_card,2017-10-07,689.72
WO-002200,1,purchase_order,2017-10-01,515.35
WO-002200,2,purchase_order,2017-10-31,411.57
WO-002201,1,bank_transfer,2017-10-06,346.25
WO-002201,2,bank_transfer,2017-10-26,297.07
WO-002202,1,bank_transfer,2017-09-17,708.8
WO-002203,1,purchase_order,2017-11-22,1113.39
WO-002204,1,bank_transfer,2017-10-27,756.63
WO-002205,1,bank_transfer,2017-09-25,1082.43
WO-002206,1,corporate_card,2017-11-07,1362.8
WO-002207,1,bank_transfer,2017-10-03,490.8
WO-002208,1,purchase_order,2017-10-20,983.05
WO-002209,1,corporate_card,2017-10-09,1537.89
WO-002210,1,bank_transfer,2017-09-27,868.25
WO-002210,2,purchase_order,2017-10-22,589.13
WO-002210,3,bank_transfer,2017-11-20,880.75
WO-002211,1,bank_transfer,2017-10-21,899.52
WO-002212,1,bank_transfer,2017-10-25,722.44
WO-002213,1,bank_transfer,2017-10-08,495.57
WO-002214,1,bank_transfer,2017-10-01,916.46
WO-002214,2,bank_transfer,2017-11-09,243.08
WO-002215,1,corporate_card,2017-10-24,348.64
WO-002216,1,bank_transfer,2017-10-13,1620.17
WO-002217,1,bank_transfer,2017-11-08,979.44
WO-002219,1,bank_transfer,2017-09-22,1372.19
WO-002219,2,bank_transfer,2017-11-05,1605.42
WO-002220,1,purchase_order,2017-11-05,542.49
WO-002220,2,purchase_order,2017-11-29,437.36
WO-002221,1,purchase_order,2017-10-01,1031.26
WO-002222,1,purchase_order,2017-10-03,1390.2
WO-002223,1,purchase_order,2017-09-25,178.99
WO-002223,2,bank_transfer,2017-10-30,219.55
WO-002224,1,corporate_card,2017-10-25,1769.02
WO-002225,1,purchase_order,2017-11-06,1638.64
WO-002226,1,purchase_order,2017-10-04,1840.87
WO-002227,1,bank_transfer,2017-10-25,671.88
WO-002228,1,bank_transfer,2017-10-22,1481.45
WO-002229,1,bank_transfer,2017-10-13,1319.21
WO-002230,1,purchase_order,2017-09-25,3506.17
WO-002231,1,bank_transfer,2017-10-05,658.42
WO-002231,2,bank_transfer,2017-11-06,934.86
WO-002232,1,bank_transfer,2017-10-30,849.41
WO-002233,1,purchase_order,2017-10-18,4458.11
WO-002234,1,corporate_card,2017-11-04,145.05
WO-002234,2,bank_transfer,2017-12-08,295.06
WO-002234,3,corporate_card,2017-12-27,270.69
WO-002235,1,bank_transfer,2017-10-07,888.79
WO-002236,1,bank_transfer,2017-09-21,3353.58
WO-002237,1,corporate_card,2017-10-15,1139.5
WO-002238,1,bank_transfer,2017-10-06,967.0
WO-002238,2,bank_transfer,2017-10-22,2158.32
WO-002239,1,purchase_order,2017-10-05,1965.1
WO-002240,1,bank_transfer,2017-10-04,473.52
WO-002241,1,purchase_order,2017-09-25,798.71
WO-002242,1,bank_transfer,2017-10-11,952.83
WO-002243,1,corporate_card,2017-10-23,1047.71
WO-002244,1,purchase_order,2017-10-19,4548.02
WO-002245,1,bank_transfer,2017-09-22,889.05
WO-002246,1,bank_transfer,2017-09-27,765.43
WO-002247,1,purchase_order,2017-10-20,913.25
WO-002248,1,bank_transfer,2017-10-13,897.06
WO-002249,1,bank_transfer,2017-11-07,2518.76
WO-002250,1,purchase_order,2017-10-28,755.15
WO-002251,1,purchase_order,2017-10-22,516.02
WO-002252,1,corporate_card,2017-10-12,1381.98
WO-002253,1,bank_transfer,2017-11-11,1436.17
WO-002254,1,purchase_order,2017-10-20,4049.55
WO-002255,1,bank_transfer,2017-09-26,981.64
WO-002256,1,purchase_order,2017-10-22,1029.39
WO-002256,2,bank_transfer,2017-12-05,456.92
WO-002257,1,bank_transfer,2017-10-09,543.79
WO-002257,2,bank_transfer,2017-11-08,162.64
WO-002258,1,corporate_card,2017-10-03,473.76
WO-002258,2,bank_transfer,2017-10-30,384.78
WO-002259,1,bank_transfer,2017-10-14,519.04
WO-002260,1,corporate_card,2017-09-21,974.35
WO-002262,1,purchase_order,2017-10-12,872.15
WO-002264,1,bank_transfer,2017-10-30,783.62
WO-002265,1,bank_transfer,2017-11-27,594.99
WO-002266,1,bank_transfer,2017-10-23,1224.5
WO-002267,1,corporate_card,2017-09-25,155.38
WO-002267,2,bank_transfer,2017-10-31,335.99
WO-002268,1,bank_transfer,2017-11-10,1491.46
WO-002269,1,purchase_order,2017-10-17,1850.0
WO-002270,1,bank_transfer,2017-10-12,562.23
WO-002271,1,purchase_order,2017-09-25,2181.57
WO-002272,1,bank_transfer,2017-10-25,1615.77
WO-002273,1,corporate_card,2017-10-25,588.19
WO-002274,1,bank_transfer,2017-11-25,1456.79
WO-002275,1,purchase_order,2017-11-08,948.13
WO-002275,2,corporate_card,2017-11-30,454.29
WO-002276,1,bank_transfer,2017-10-24,703.55
WO-002276,2,bank_transfer,2017-11-09,376.79
WO-002277,1,purchase_order,2017-10-21,1848.19
WO-002278,1,bank_transfer,2017-12-10,293.98
WO-002279,1,bank_transfer,2017-10-06,505.37
WO-002280,1,bank_transfer,2017-10-27,185.15
WO-002281,1,purchase_order,2017-10-18,1574.43
WO-002282,1,bank_transfer,2017-10-17,295.69
WO-002282,2,corporate_card,2017-11-14,308.77
WO-002283,1,purchase_order,2017-11-03,508.54
WO-002284,1,corporate_card,2017-09-27,1598.35
WO-002285,1,bank_transfer,2017-11-02,1495.83
WO-002286,1,bank_transfer,2017-11-04,853.39
WO-002286,2,bank_transfer,2017-12-03,913.27
WO-002287,1,bank_transfer,2017-10-26,1621.81
WO-002288,1,bank_transfer,2017-10-13,1056.1
WO-002289,1,purchase_order,2017-12-03,1525.39
WO-002290,1,bank_transfer,2017-11-02,1150.18
WO-002290,2,purchase_order,2017-12-06,1348.29
WO-002291,1,bank_transfer,2017-10-17,373.38
WO-002291,2,bank_transfer,2017-11-15,385.86
WO-002292,1,bank_transfer,2017-09-29,647.7
WO-002292,2,purchase_order,2017-10-30,185.63
WO-002293,1,bank_transfer,2017-09-27,277.79
WO-002294,1,corporate_card,2017-11-14,784.86
WO-002295,1,bank_transfer,2017-10-29,868.93
WO-002296,1,purchase_order,2017-10-21,224.69
WO-002297,1,corporate_card,2017-10-09,311.95
WO-002297,2,bank_transfer,2017-11-03,1402.52
WO-002298,1,purchase_order,2017-10-20,2868.02
WO-002299,1,bank_transfer,2017-09-20,980.38
WO-002300,1,purchase_order,2017-10-17,157.59
WO-002300,2,bank_transfer,2017-11-17,268.06
WO-002300,3,corporate_card,2017-12-18,70.14
WO-002301,1,bank_transfer,2017-10-22,2227.87
WO-002302,1,purchase_order,2017-10-03,1707.99
WO-002303,1,bank_transfer,2017-11-02,1082.33
WO-002304,1,bank_transfer,2017-11-25,2142.86
WO-002304,2,purchase_order,2018-01-08,1075.76
WO-002305,1,bank_transfer,2017-10-06,1996.38
WO-002306,1,bank_transfer,2017-11-22,1669.47
WO-002307,1,purchase_order,2017-09-21,1878.96
WO-002308,1,purchase_order,2017-10-21,1083.42
WO-002309,1,bank_transfer,2017-11-09,562.65
WO-002309,2,corporate_card,2017-12-14,272.06
WO-002310,1,purchase_order,2017-10-29,540.18
WO-002311,1,bank_transfer,2017-11-06,383.27
WO-002311,2,bank_transfer,2017-11-27,419.02
WO-002312,1,purchase_order,2017-10-20,1345.21
WO-002313,1,bank_transfer,2017-10-18,951.9
WO-002314,1,bank_transfer,2017-10-20,620.62
WO-002316,1,bank_transfer,2017-11-19,1559.87
WO-002317,1,purchase_order,2017-11-16,353.88
WO-002317,2,bank_transfer,2017-12-10,173.05
WO-002318,1,bank_transfer,2017-11-25,1553.6
WO-002319,1,bank_transfer,2017-10-17,427.11
WO-002320,1,bank_transfer,2017-10-23,496.54
WO-002321,1,bank_transfer,2017-12-03,793.84
WO-002322,1,purchase_order,2017-10-15,856.98
WO-002323,1,corporate_card,2017-10-12,604.48
WO-002325,1,bank_transfer,2017-10-12,348.6
WO-002325,2,corporate_card,2017-11-04,341.52
WO-002326,1,corporate_card,2017-11-27,918.47
WO-002327,1,bank_transfer,2017-10-31,1917.65
WO-002328,1,purchase_order,2017-09-25,1970.24
WO-002329,1,purchase_order,2017-10-13,338.89
WO-002329,2,bank_transfer,2017-11-16,246.98
WO-002330,1,bank_transfer,2017-11-12,470.92
WO-002331,1,bank_transfer,2017-10-28,6583.7
WO-002332,1,corporate_card,2017-11-10,2639.94
WO-002333,1,bank_transfer,2017-10-13,1582.78
WO-002334,1,purchase_order,2017-10-25,1658.6
WO-002335,1,bank_transfer,2017-10-23,1370.13
WO-002336,1,purchase_order,2017-10-15,528.45
WO-002336,2,bank_transfer,2017-11-09,187.89
WO-002337,1,purchase_order,2017-10-11,835.65
WO-002338,1,purchase_order,2017-11-30,1467.6
WO-002340,1,bank_transfer,2017-11-06,1219.64
WO-002341,1,purchase_order,2017-10-22,1380.82
WO-002342,1,bank_transfer,2017-11-01,1157.81
WO-002343,1,corporate_card,2017-11-19,645.81
WO-002343,2,bank_transfer,2018-01-02,668.98
WO-002344,1,bank_transfer,2017-10-13,2432.57
WO-002345,1,bank_transfer,2017-11-21,2139.04
WO-002346,1,bank_transfer,2017-10-02,1362.18
WO-002347,1,purchase_order,2017-10-31,588.58
WO-002348,1,purchase_order,2017-12-02,738.41
WO-002348,2,bank_transfer,2017-12-20,347.56
WO-002348,3,bank_transfer,2018-01-12,866.28
WO-002349,1,corporate_card,2017-11-01,2309.11
WO-002350,1,bank_transfer,2017-12-04,2863.98
WO-002351,1,bank_transfer,2017-11-20,3129.99
WO-002352,1,bank_transfer,2017-10-12,784.92
WO-002353,1,bank_transfer,2017-11-08,609.66
WO-002354,1,corporate_card,2017-11-07,316.23
WO-002355,1,purchase_order,2017-10-08,524.18
WO-002356,1,purchase_order,2017-10-20,508.97
WO-002357,1,corporate_card,2017-11-23,440.1
WO-002358,1,bank_transfer,2017-10-21,1586.8
WO-002359,1,bank_transfer,2017-11-16,2825.72
WO-002360,1,bank_transfer,2017-12-05,1644.29
WO-002361,1,corporate_card,2017-11-27,750.52
WO-002362,1,bank_transfer,2017-10-20,1661.29
WO-002363,1,purchase_order,2017-10-21,455.11
WO-002364,1,bank_transfer,2017-12-10,2650.68
WO-002365,1,bank_transfer,2017-09-22,299.88
WO-002365,2,purchase_order,2017-10-08,422.43
WO-002366,1,purchase_order,2017-11-22,438.29
WO-002367,1,bank_transfer,2017-11-24,1931.95
WO-002368,1,bank_transfer,2017-10-19,618.67
WO-002369,1,bank_transfer,2017-11-20,717.75
WO-002370,1,corporate_card,2017-10-18,728.5
WO-002371,1,bank_transfer,2017-10-23,611.78
WO-002372,1,purchase_order,2017-09-27,1460.21
WO-002373,1,purchase_order,2017-10-31,1056.49
WO-002374,1,corporate_card,2017-10-25,625.28
WO-002375,1,corporate_card,2017-10-07,947.79
WO-002376,1,purchase_order,2017-10-16,1422.35
WO-002377,1,bank_transfer,2017-11-28,370.78
WO-002378,1,bank_transfer,2017-11-04,1231.08
WO-002379,1,corporate_card,2017-11-03,1005.6
WO-002380,1,purchase_order,2017-11-09,1557.12
WO-002381,1,purchase_order,2017-10-16,1125.82
WO-002382,1,corporate_card,2017-11-07,2257.95
WO-002383,1,bank_transfer,2017-10-28,462.27
WO-002383,2,bank_transfer,2017-11-12,635.26
WO-002384,1,purchase_order,2017-10-14,1709.3
WO-002385,1,bank_transfer,2017-10-26,1950.29
WO-002386,1,purchase_order,2017-09-25,715.5
WO-002387,1,bank_transfer,2017-11-11,278.39
WO-002387,2,bank_transfer,2017-11-28,1822.28
WO-002388,1,bank_transfer,2017-12-18,597.71
WO-002388,2,purchase_order,2018-01-13,360.72
WO-002390,1,purchase_order,2017-10-29,1189.1
WO-002390,2,corporate_card,2017-11-14,731.68
WO-002391,1,bank_transfer,2017-10-23,1388.22
WO-002392,1,corporate_card,2017-11-06,1197.67
WO-002394,1,bank_transfer,2017-10-17,2037.35
WO-002395,1,bank_transfer,2017-10-24,958.15
WO-002395,2,bank_transfer,2017-11-17,1084.67
WO-002395,3,bank_transfer,2017-12-09,574.43
WO-002396,1,bank_transfer,2017-11-06,558.66
WO-002397,1,bank_transfer,2017-10-19,1238.81
WO-002398,1,bank_transfer,2017-11-08,1958.28
WO-002399,1,purchase_order,2017-10-28,570.96
WO-002400,1,bank_transfer,2017-11-12,715.97
WO-002401,1,bank_transfer,2017-11-08,149.51
WO-002401,2,bank_transfer,2017-12-06,347.42
WO-002402,1,purchase_order,2017-11-29,1478.82
WO-002402,2,bank_transfer,2017-12-19,1291.37
WO-002403,1,corporate_card,2017-10-20,178.22
WO-002403,2,bank_transfer,2017-11-14,411.2
WO-002403,3,bank_transfer,2017-12-01,239.73
WO-002404,1,purchase_order,2017-10-17,285.04
WO-002405,1,purchase_order,2017-11-11,1942.36
WO-002406,1,bank_transfer,2017-10-27,639.19
WO-002407,1,bank_transfer,2017-10-16,1427.24
WO-002408,1,bank_transfer,2017-10-13,418.98
WO-002409,1,corporate_card,2017-11-10,658.87
WO-002409,2,corporate_card,2017-12-01,783.15
WO-002410,1,purchase_order,2017-11-06,546.83
WO-002411,1,purchase_order,2017-11-14,933.95
WO-002412,1,bank_transfer,2017-11-16,941.76
WO-002413,1,bank_transfer,2017-11-23,185.33
WO-002413,2,purchase_order,2017-12-09,426.17
WO-002414,1,bank_transfer,2017-11-09,447.78
WO-002415,1,purchase_order,2017-12-04,760.12
WO-002416,1,bank_transfer,2017-10-24,587.06
WO-002417,1,bank_transfer,2017-11-30,375.72
WO-002418,1,purchase_order,2017-11-19,334.38
WO-002418,2,bank_transfer,2017-12-18,703.31
WO-002419,1,corporate_card,2017-11-14,1343.45
WO-002420,1,purchase_order,2017-10-09,574.55
WO-002421,1,bank_transfer,2017-12-21,593.02
WO-002422,1,purchase_order,2017-12-14,1717.89
WO-002423,1,bank_transfer,2017-11-28,865.08
WO-002424,1,bank_transfer,2017-10-23,900.94
WO-002425,1,purchase_order,2017-11-01,751.06
WO-002426,1,bank_transfer,2017-10-19,1436.43
WO-002427,1,corporate_card,2017-10-04,1227.99
WO-002427,2,bank_transfer,2017-10-24,877.64
WO-002428,1,bank_transfer,2017-10-30,31.97
WO-002428,2,bank_transfer,2017-12-02,149.39
WO-002429,1,purchase_order,2017-10-24,635.5
WO-002431,1,bank_transfer,2017-10-24,1434.65
WO-002432,1,corporate_card,2017-11-02,843.12
WO-002433,1,corporate_card,2017-11-17,2329.95
WO-002434,1,purchase_order,2017-11-13,1045.08
WO-002435,1,purchase_order,2017-10-02,609.95
WO-002436,1,bank_transfer,2017-10-22,152.76
WO-002436,2,corporate_card,2017-11-25,246.62
WO-002437,1,bank_transfer,2017-11-22,1889.26
WO-002438,1,purchase_order,2017-11-09,885.17
WO-002440,1,bank_transfer,2017-11-13,1001.14
WO-002441,1,corporate_card,2017-11-16,954.74
WO-002441,2,purchase_order,2017-12-12,340.38
WO-002442,1,bank_transfer,2017-12-10,596.45
WO-002443,1,bank_transfer,2017-10-19,592.49
WO-002444,1,corporate_card,2017-10-29,1256.84
WO-002445,1,bank_transfer,2017-10-25,1130.88
WO-002446,1,bank_transfer,2017-12-02,580.73
WO-002447,1,bank_transfer,2017-11-14,2272.82
WO-002448,1,bank_transfer,2017-11-22,1074.91
WO-002449,1,bank_transfer,2017-12-14,588.48
WO-002450,1,bank_transfer,2017-11-26,529.06
WO-002451,1,purchase_order,2017-11-15,467.0
WO-002451,2,corporate_card,2017-12-05,1071.1
WO-002451,3,bank_transfer,2017-12-21,731.72
WO-002452,1,bank_transfer,2017-12-26,321.25
WO-002452,2,purchase_order,2018-01-23,214.69
WO-002453,1,purchase_order,2017-12-20,432.84
WO-002453,2,bank_transfer,2018-01-04,1245.1
WO-002454,1,bank_transfer,2017-11-30,2872.35
WO-002455,1,corporate_card,2017-10-23,418.88
WO-002455,2,purchase_order,2017-11-08,730.26
WO-002456,1,bank_transfer,2017-12-04,835.68
WO-002457,1,purchase_order,2017-12-06,1832.27
WO-002458,1,bank_transfer,2017-11-18,2600.54
WO-002459,1,corporate_card,2017-12-06,769.08
WO-002459,2,purchase_order,2018-01-02,396.14
WO-002460,1,corporate_card,2017-10-18,1155.09
WO-002460,2,bank_transfer,2017-11-08,1045.51
WO-002461,1,purchase_order,2017-12-06,1526.72
WO-002462,1,corporate_card,2017-11-07,1340.25
WO-002463,1,bank_transfer,2017-10-15,2996.9
WO-002464,1,bank_transfer,2017-11-20,755.21
WO-002465,1,bank_transfer,2017-12-06,1156.07
WO-002465,2,bank_transfer,2017-12-31,2806.54
WO-002466,1,bank_transfer,2017-10-20,1093.56
WO-002468,1,purchase_order,2017-11-13,1763.18
WO-002469,1,purchase_order,2017-11-22,321.22
WO-002471,1,bank_transfer,2017-11-01,3829.15
WO-002472,1,bank_transfer,2017-10-15,485.94
WO-002472,2,bank_transfer,2017-11-13,610.14
WO-002473,1,bank_transfer,2017-11-17,299.96
WO-002474,1,bank_transfer,2017-12-12,1559.69
WO-002475,1,purchase_order,2017-12-10,678.82
WO-002476,1,bank_transfer,2017-12-21,174.84
WO-002476,2,bank_transfer,2018-01-09,103.72
WO-002476,3,bank_transfer,2018-02-20,336.17
WO-002477,1,corporate_card,2017-11-04,688.36
WO-002477,2,corporate_card,2017-12-02,915.01
WO-002479,1,corporate_card,2017-11-22,337.44
WO-002479,2,bank_transfer,2018-01-04,482.54
WO-002480,1,purchase_order,2017-10-24,523.98
WO-002481,1,bank_transfer,2017-11-09,2984.44
WO-002483,1,purchase_order,2017-11-19,1208.65
WO-002484,1,bank_transfer,2017-10-27,1060.15
WO-002485,1,bank_transfer,2017-11-26,2070.48
WO-002486,1,bank_transfer,2017-12-30,1717.39
WO-002487,1,bank_transfer,2017-11-19,1431.23
WO-002489,1,purchase_order,2017-11-14,140.26
WO-002489,2,bank_transfer,2017-12-28,278.64
WO-002490,1,bank_transfer,2017-11-23,1483.67
WO-002491,1,purchase_order,2017-11-27,878.18
WO-002492,1,bank_transfer,2017-11-11,1190.7
WO-002493,1,bank_transfer,2017-11-20,564.77
WO-002493,2,bank_transfer,2017-12-12,557.35
WO-002494,1,purchase_order,2017-10-24,468.67
WO-002494,2,bank_transfer,2017-11-13,385.65
WO-002495,1,bank_transfer,2017-10-20,874.57
WO-002495,2,bank_transfer,2017-11-25,274.85
WO-002495,3,bank_transfer,2017-12-29,940.47
WO-002496,1,bank_transfer,2017-11-01,1026.62
WO-002497,1,bank_transfer,2017-11-25,643.66
WO-002498,1,bank_transfer,2017-10-29,470.77
WO-002499,1,purchase_order,2017-11-05,822.65
WO-002500,1,bank_transfer,2017-10-20,1983.34
WO-002501,1,bank_transfer,2017-11-24,3323.02
WO-002502,1,purchase_order,2017-11-09,2427.61
WO-002503,1,purchase_order,2017-10-10,1205.63
WO-002504,1,bank_transfer,2017-10-10,1457.73
WO-002505,1,bank_transfer,2017-11-05,371.28
WO-002505,2,bank_transfer,2017-12-14,528.04
WO-002505,3,bank_transfer,2018-01-12,656.74
WO-002506,1,purchase_order,2017-12-29,872.19
WO-002506,2,corporate_card,2018-01-14,667.67
WO-002507,1,purchase_order,2017-11-03,366.53
WO-002508,1,bank_transfer,2017-10-14,2321.96
WO-002509,1,purchase_order,2017-11-23,1570.04
WO-002510,1,bank_transfer,2017-11-19,883.03
WO-002511,1,bank_transfer,2017-11-27,1015.39
WO-002512,1,bank_transfer,2017-12-06,1885.52
WO-002513,1,bank_transfer,2017-11-20,902.81
WO-002514,1,bank_transfer,2017-11-22,1140.51
WO-002515,1,bank_transfer,2017-12-02,673.79
WO-002516,1,bank_transfer,2017-11-11,2260.84
WO-002517,1,purchase_order,2017-11-27,628.46
WO-002518,1,bank_transfer,2017-12-10,733.7
WO-002519,1,bank_transfer,2017-10-22,2292.38
WO-002520,1,purchase_order,2017-11-16,246.06
WO-002520,2,corporate_card,2017-12-04,492.72
WO-002521,1,bank_transfer,2017-12-01,1232.22
WO-002522,1,bank_transfer,2017-10-18,641.58
WO-002523,1,purchase_order,2017-11-09,2189.65
WO-002524,1,bank_transfer,2017-11-18,1213.82
WO-002525,1,bank_transfer,2017-11-05,786.3
WO-002525,2,bank_transfer,2017-11-25,727.05
WO-002526,1,purchase_order,2017-12-06,520.57
WO-002527,1,purchase_order,2017-10-22,918.53
WO-002528,1,purchase_order,2017-12-09,417.4
WO-002529,1,bank_transfer,2017-12-19,1574.37
WO-002530,1,corporate_card,2017-11-19,287.31
WO-002530,2,purchase_order,2017-12-27,234.64
WO-002531,1,bank_transfer,2017-11-14,717.48
WO-002532,1,bank_transfer,2017-11-17,1355.94
WO-002533,1,purchase_order,2017-11-22,913.9
WO-002534,1,corporate_card,2017-11-09,563.15
WO-002535,1,corporate_card,2017-11-25,499.33
WO-002535,2,bank_transfer,2017-12-23,644.29
WO-002536,1,purchase_order,2017-11-06,920.27
WO-002537,1,corporate_card,2017-12-09,2039.47
WO-002538,1,bank_transfer,2017-11-18,354.47
WO-002539,1,purchase_order,2017-12-15,224.22
WO-002539,2,bank_transfer,2018-01-14,486.95
WO-002539,3,bank_transfer,2018-02-19,410.95
WO-002540,1,bank_transfer,2017-11-07,607.45
WO-002541,1,purchase_order,2017-11-19,1129.3
WO-002542,1,bank_transfer,2017-11-15,279.95
WO-002543,1,corporate_card,2017-11-23,759.61
WO-002544,1,purchase_order,2017-11-19,1133.54
WO-002544,2,bank_transfer,2017-12-08,170.26
WO-002545,1,bank_transfer,2017-12-10,656.88
WO-002546,1,purchase_order,2017-10-29,1251.18
WO-002547,1,corporate_card,2017-11-27,2769.48
WO-002548,1,purchase_order,2017-11-23,1388.8
WO-002549,1,corporate_card,2017-12-25,1615.58
WO-002550,1,corporate_card,2017-11-30,872.84
WO-002551,1,bank_transfer,2017-11-19,684.75
WO-002552,1,bank_transfer,2017-11-03,792.43
WO-002553,1,purchase_order,2017-10-23,812.19
WO-002553,2,bank_transfer,2017-11-13,878.13
WO-002554,1,bank_transfer,2017-12-07,3433.98
WO-002555,1,purchase_order,2017-11-09,471.24
WO-002556,1,corporate_card,2017-11-16,2538.35
WO-002557,1,bank_transfer,2017-11-14,1837.43
WO-002559,1,bank_transfer,2017-12-10,650.09
WO-002560,1,bank_transfer,2017-11-04,2209.06
WO-002561,1,purchase_order,2017-12-24,1490.9
WO-002562,1,purchase_order,2017-11-30,2100.86
WO-002564,1,bank_transfer,2017-12-18,1401.06
WO-002565,1,bank_transfer,2017-11-18,550.66
WO-002566,1,bank_transfer,2017-12-14,1149.59
WO-002567,1,corporate_card,2017-12-18,1689.45
WO-002568,1,purchase_order,2017-10-27,332.9
WO-002568,2,bank_transfer,2017-11-27,247.17
WO-002569,1,purchase_order,2017-11-30,851.64
WO-002570,1,purchase_order,2017-11-03,791.88
WO-002571,1,purchase_order,2017-11-21,453.32
WO-002572,1,bank_transfer,2017-11-29,3254.31
WO-002573,1,bank_transfer,2017-12-13,4767.36
WO-002574,1,bank_transfer,2017-10-19,452.63
WO-002575,1,corporate_card,2017-11-30,296.03
WO-002576,1,bank_transfer,2017-11-23,691.38
WO-002577,1,bank_transfer,2017-11-04,315.01
WO-002578,1,bank_transfer,2017-12-03,152.6
WO-002579,1,purchase_order,2017-11-08,1211.07
WO-002580,1,bank_transfer,2017-10-31,530.94
WO-002580,2,bank_transfer,2017-11-19,679.09
WO-002580,3,bank_transfer,2017-12-07,601.01
WO-002581,1,bank_transfer,2017-11-17,1112.42
WO-002582,1,bank_transfer,2017-11-25,2498.08
WO-002583,1,corporate_card,2017-12-03,815.24
WO-002584,1,purchase_order,2017-11-24,4954.25
WO-002585,1,bank_transfer,2017-11-21,2279.1
WO-002586,1,bank_transfer,2017-12-23,1426.49
WO-002587,1,corporate_card,2017-12-22,431.01
WO-002588,1,corporate_card,2017-11-06,240.56
WO-002589,1,bank_transfer,2017-11-24,771.93
WO-002590,1,bank_transfer,2017-12-24,552.84
WO-002591,1,bank_transfer,2017-12-24,5033.12
WO-002592,1,bank_transfer,2017-11-24,3328.45
WO-002593,1,corporate_card,2017-11-18,464.5
WO-002593,2,bank_transfer,2017-12-15,486.21
WO-002593,3,bank_transfer,2018-01-15,1365.68
WO-002594,1,bank_transfer,2017-12-16,2919.96
WO-002595,1,purchase_order,2017-11-02,1026.2
WO-002595,2,bank_transfer,2017-12-07,1293.21
WO-002595,3,purchase_order,2018-01-10,488.97
WO-002596,1,purchase_order,2018-01-02,507.0
WO-002596,2,bank_transfer,2018-02-02,975.9
WO-002597,1,purchase_order,2017-12-16,2168.71
WO-002599,1,corporate_card,2017-12-12,849.34
WO-002600,1,purchase_order,2017-12-18,671.62
WO-002601,1,bank_transfer,2017-12-12,246.08
WO-002601,2,bank_transfer,2018-01-07,344.12
WO-002602,1,bank_transfer,2017-12-14,2322.07
WO-002603,1,bank_transfer,2017-11-14,409.27
WO-002603,2,corporate_card,2017-12-10,187.58
WO-002604,1,purchase_order,2017-11-07,411.76
WO-002604,2,purchase_order,2017-12-02,248.43
WO-002605,1,bank_transfer,2017-11-15,897.15
WO-002606,1,bank_transfer,2017-12-07,2361.27
WO-002607,1,corporate_card,2017-11-23,203.53
WO-002607,2,bank_transfer,2018-01-01,199.0
WO-002608,1,purchase_order,2017-11-04,780.48
WO-002609,1,purchase_order,2017-11-23,140.09
WO-002609,2,bank_transfer,2018-01-04,51.34
WO-002609,3,bank_transfer,2018-01-21,155.33
WO-002610,1,bank_transfer,2017-12-31,323.71
WO-002610,2,bank_transfer,2018-02-02,248.18
WO-002610,3,corporate_card,2018-03-13,548.14
WO-002611,1,corporate_card,2017-11-21,181.68
WO-002611,2,purchase_order,2017-12-26,144.59
WO-002611,3,purchase_order,2018-02-07,169.91
WO-002612,1,purchase_order,2017-12-15,349.45
WO-002612,2,purchase_order,2018-01-08,161.02
WO-002613,1,corporate_card,2017-12-17,967.44
WO-002614,1,purchase_order,2017-10-28,217.61
WO-002614,2,purchase_order,2017-12-03,507.61
WO-002614,3,bank_transfer,2018-01-13,354.12
WO-002615,1,bank_transfer,2017-11-24,248.65
WO-002615,2,bank_transfer,2017-12-14,383.9
WO-002616,1,purchase_order,2017-12-29,146.32
WO-002616,2,corporate_card,2018-01-21,312.0
WO-002617,1,corporate_card,2017-12-01,2391.99
WO-002618,1,corporate_card,2017-11-07,803.76
WO-002619,1,bank_transfer,2017-11-27,1364.64
WO-002619,2,bank_transfer,2017-12-27,344.28
WO-002620,1,bank_transfer,2018-01-04,660.45
WO-002621,1,purchase_order,2017-12-29,533.0
WO-002621,2,purchase_order,2018-01-28,215.21
WO-002622,1,purchase_order,2017-11-01,520.52
WO-002622,2,corporate_card,2017-12-11,119.42
WO-002623,1,bank_transfer,2017-11-18,524.93
WO-002624,1,bank_transfer,2017-10-25,2298.71
WO-002625,1,purchase_order,2017-12-18,167.88
WO-002626,1,bank_transfer,2017-10-22,243.33
WO-002627,1,corporate_card,2017-11-28,712.31
WO-002628,1,purchase_order,2017-12-21,711.61
WO-002628,2,purchase_order,2018-01-17,506.26
WO-002629,1,bank_transfer,2017-11-02,87.63
WO-002629,2,bank_transfer,2017-12-07,292.01
WO-002629,3,bank_transfer,2017-12-26,380.52
WO-002630,1,purchase_order,2017-12-20,1025.41
WO-002631,1,purchase_order,2017-12-01,1410.24
WO-002632,1,purchase_order,2017-11-14,2411.68
WO-002633,1,purchase_order,2018-01-08,1550.76
WO-002634,1,bank_transfer,2017-11-23,991.15
WO-002634,2,corporate_card,2017-12-09,2377.82
WO-002635,1,purchase_order,2017-11-20,1454.5
WO-002635,2,purchase_order,2017-12-12,619.16
WO-002636,1,bank_transfer,2017-12-06,917.85
WO-002637,1,bank_transfer,2017-12-25,952.67
WO-002638,1,bank_transfer,2017-11-30,1045.78
WO-002639,1,corporate_card,2017-11-12,3835.18
WO-002640,1,bank_transfer,2017-11-06,305.61
WO-002641,1,purchase_order,2017-11-30,973.37
WO-002641,2,purchase_order,2018-01-13,261.19
WO-002641,3,purchase_order,2018-02-07,505.6
WO-002642,1,bank_transfer,2017-12-21,2227.07
WO-002643,1,purchase_order,2017-11-13,1095.37
WO-002644,1,bank_transfer,2017-11-02,433.45
WO-002645,1,bank_transfer,2017-11-30,3610.14
WO-002646,1,purchase_order,2017-10-28,1890.77
WO-002647,1,purchase_order,2017-11-11,553.63
WO-002647,2,corporate_card,2017-12-19,236.01
WO-002648,1,purchase_order,2017-12-08,638.08
WO-002648,2,purchase_order,2018-01-04,618.57
WO-002649,1,purchase_order,2017-11-22,528.18
WO-002649,2,purchase_order,2017-12-31,679.67
WO-002650,1,corporate_card,2017-11-27,344.73
WO-002650,2,corporate_card,2018-01-09,120.23
WO-002650,3,bank_transfer,2018-01-26,634.87
WO-002651,1,bank_transfer,2017-12-02,1022.21
WO-002653,1,bank_transfer,2017-11-15,293.75
WO-002654,1,bank_transfer,2017-12-04,436.42
WO-002655,1,bank_transfer,2017-12-03,356.39
WO-002656,1,purchase_order,2017-11-16,735.79
WO-002657,1,bank_transfer,2017-12-01,1910.4
WO-002658,1,purchase_order,2017-10-31,1276.74
WO-002659,1,corporate_card,2017-10-24,1838.44
WO-002660,1,bank_transfer,2017-12-22,492.55
WO-002661,1,corporate_card,2017-11-26,747.83
WO-002662,1,bank_transfer,2017-12-29,395.66
WO-002663,1,purchase_order,2017-11-22,2235.05
WO-002664,1,purchase_order,2017-11-24,1902.27
WO-002665,1,purchase_order,2017-12-02,1555.95
WO-002665,2,bank_transfer,2018-01-03,452.57
WO-002666,1,bank_transfer,2017-12-04,508.06
WO-002666,2,purchase_order,2018-01-03,596.77
WO-002667,1,corporate_card,2018-01-01,887.23
WO-002668,1,bank_transfer,2017-11-10,1002.15
WO-002669,1,purchase_order,2017-10-26,461.9
WO-002670,1,bank_transfer,2017-12-12,623.73
WO-002671,1,corporate_card,2017-11-13,1272.84
WO-002671,2,purchase_order,2017-12-14,2193.09
WO-002672,1,bank_transfer,2017-11-25,1067.95
WO-002672,2,purchase_order,2017-12-21,917.55
WO-002673,1,bank_transfer,2017-11-19,451.47
WO-002675,1,bank_transfer,2017-12-23,754.98
WO-002675,2,bank_transfer,2018-02-01,1323.85
WO-002676,1,bank_transfer,2017-12-16,335.06
WO-002677,1,purchase_order,2017-12-25,3833.51
WO-002678,1,bank_transfer,2017-11-28,782.79
WO-002679,1,corporate_card,2018-01-09,1774.92
WO-002680,1,purchase_order,2017-12-05,903.7
WO-002681,1,bank_transfer,2017-11-26,297.77
WO-002682,1,corporate_card,2017-11-28,4529.18
WO-002683,1,purchase_order,2017-11-18,375.08
WO-002683,2,corporate_card,2017-12-22,167.06
WO-002684,1,bank_transfer,2017-11-07,1053.78
WO-002685,1,bank_transfer,2017-11-25,424.41
WO-002685,2,bank_transfer,2018-01-03,702.8
WO-002685,3,purchase_order,2018-02-07,1071.3
WO-002686,1,bank_transfer,2017-12-26,2838.98
WO-002687,1,bank_transfer,2017-11-08,432.32
WO-002688,1,purchase_order,2018-01-03,611.99
WO-002688,2,bank_transfer,2018-01-18,302.97
WO-002689,1,corporate_card,2018-01-15,1684.0
WO-002690,1,bank_transfer,2017-12-27,629.01
WO-002691,1,purchase_order,2017-12-17,1420.11
WO-002692,1,corporate_card,2017-12-01,1152.16
WO-002694,1,bank_transfer,2017-12-29,468.55
WO-002695,1,purchase_order,2017-12-16,1050.96
WO-002695,2,purchase_order,2018-01-23,1653.49
WO-002696,1,bank_transfer,2018-01-01,456.92
WO-002697,1,bank_transfer,2017-12-05,1701.57
WO-002698,1,bank_transfer,2017-12-21,1644.88
WO-002699,1,purchase_order,2017-11-25,219.02
WO-002699,2,bank_transfer,2017-12-15,1297.56
WO-002700,1,purchase_order,2017-12-24,466.28
WO-002701,1,corporate_card,2017-11-23,261.22
WO-002701,2,purchase_order,2017-12-15,176.18
WO-002702,1,bank_transfer,2018-01-02,429.04
WO-002702,2,purchase_order,2018-01-28,483.77
WO-002703,1,purchase_order,2017-12-05,439.11
WO-002704,1,purchase_order,2017-12-01,570.99
WO-002705,1,bank_transfer,2017-11-21,1299.0
WO-002706,1,bank_transfer,2017-11-07,1668.88
WO-002707,1,corporate_card,2017-12-22,2264.63
WO-002708,1,bank_transfer,2017-12-03,659.66
WO-002709,1,bank_transfer,2017-12-17,3295.96
WO-002710,1,bank_transfer,2017-12-15,461.64
WO-002711,1,purchase_order,2017-12-14,135.62
WO-002712,1,bank_transfer,2018-01-04,1283.01
WO-002712,2,bank_transfer,2018-02-01,1295.53
WO-002713,1,corporate_card,2017-12-04,1643.27
WO-002714,1,corporate_card,2017-11-21,764.67
WO-002715,1,purchase_order,2017-11-27,776.34
WO-002716,1,corporate_card,2017-12-06,406.49
WO-002716,2,bank_transfer,2018-01-03,292.83
WO-002717,1,corporate_card,2017-12-23,893.56
WO-002718,1,bank_transfer,2018-01-10,2198.96
WO-002719,1,corporate_card,2017-11-19,2282.15
WO-002720,1,purchase_order,2017-12-17,1140.93
WO-002721,1,purchase_order,2017-12-01,728.2
WO-002722,1,purchase_order,2017-11-25,2405.9
WO-002723,1,bank_transfer,2017-12-01,552.53
WO-002724,1,corporate_card,2017-11-25,719.38
WO-002724,2,bank_transfer,2018-01-08,440.69
WO-002725,1,bank_transfer,2017-11-28,434.01
WO-002726,1,purchase_order,2017-12-16,614.88
WO-002727,1,purchase_order,2017-12-29,2573.78
WO-002728,1,bank_transfer,2018-01-10,813.73
WO-002728,2,corporate_card,2018-02-08,917.25
WO-002729,1,bank_transfer,2017-12-13,1881.12
WO-002730,1,corporate_card,2018-01-18,479.68
WO-002730,2,corporate_card,2018-03-03,289.18
WO-002731,1,bank_transfer,2018-01-02,864.91
WO-002731,2,bank_transfer,2018-02-03,1153.21
WO-002732,1,purchase_order,2017-12-22,1676.07
WO-002733,1,bank_transfer,2018-01-25,1167.77
WO-002734,1,bank_transfer,2017-12-27,509.29
WO-002735,1,corporate_card,2017-12-06,2377.01
WO-002736,1,corporate_card,2017-11-04,3180.08
WO-002737,1,bank_transfer,2017-12-19,600.89
WO-002738,1,bank_transfer,2018-02-03,685.56
WO-002739,1,bank_transfer,2017-12-10,776.05
WO-002739,2,bank_transfer,2018-01-01,1006.29
WO-002740,1,purchase_order,2018-01-04,421.54
WO-002740,2,bank_transfer,2018-01-29,416.32
WO-002741,1,purchase_order,2017-12-19,217.34
WO-002742,1,bank_transfer,2017-12-24,2119.7
WO-002743,1,bank_transfer,2017-11-28,768.82
WO-002743,2,bank_transfer,2018-01-04,606.65
WO-002744,1,corporate_card,2017-12-08,867.96
WO-002745,1,bank_transfer,2017-12-26,1212.98
WO-002746,1,bank_transfer,2017-11-08,292.13
WO-002746,2,bank_transfer,2017-11-28,170.21
WO-002747,1,corporate_card,2017-11-29,1703.06
WO-002748,1,purchase_order,2018-01-18,2795.65
WO-002749,1,bank_transfer,2017-12-11,664.27
WO-002750,1,purchase_order,2017-12-27,278.32
WO-002750,2,bank_transfer,2018-01-28,602.03
WO-002751,1,bank_transfer,2017-12-10,452.8
WO-002752,1,bank_transfer,2017-11-13,1260.62
WO-002753,1,purchase_order,2017-11-29,133.47
WO-002753,2,purchase_order,2017-12-16,88.7
WO-002754,1,bank_transfer,2017-12-25,245.56
WO-002754,2,bank_transfer,2018-01-20,286.38
WO-002755,1,corporate_card,2017-11-25,885.69
WO-002755,2,bank_transfer,2017-12-23,652.46
WO-002756,1,bank_transfer,2017-12-04,2372.98
WO-002757,1,corporate_card,2017-12-29,910.79
WO-002758,1,bank_transfer,2018-01-04,294.17
WO-002758,2,purchase_order,2018-01-20,778.89
WO-002759,1,purchase_order,2017-12-23,2400.84
WO-002760,1,purchase_order,2018-01-04,3371.55
WO-002761,1,corporate_card,2017-11-20,1237.88
WO-002762,1,purchase_order,2017-12-07,2488.88
WO-002763,1,bank_transfer,2017-12-22,2483.03
WO-002764,1,bank_transfer,2017-12-26,675.57
WO-002765,1,purchase_order,2018-01-17,876.18
WO-002765,2,bank_transfer,2018-02-13,184.64
WO-002765,3,purchase_order,2018-02-28,330.16
WO-002766,1,corporate_card,2018-01-10,1051.26
WO-002766,2,bank_transfer,2018-02-03,215.42
WO-002767,1,bank_transfer,2017-12-01,791.85
WO-002768,1,bank_transfer,2017-11-25,201.22
WO-002768,2,bank_transfer,2017-12-25,195.3
WO-002768,3,purchase_order,2018-01-13,366.84
WO-002769,1,corporate_card,2017-12-13,143.14
WO-002769,2,bank_transfer,2018-01-16,121.65
WO-002769,3,bank_transfer,2018-02-15,492.03
WO-002770,1,purchase_order,2018-01-01,800.98
WO-002770,2,corporate_card,2018-01-17,685.14
WO-002771,1,bank_transfer,2017-12-22,610.86
WO-002772,1,corporate_card,2018-01-14,496.06
WO-002773,1,corporate_card,2017-12-25,591.02
WO-002774,1,corporate_card,2017-12-17,636.31
WO-002775,1,purchase_order,2017-12-12,169.5
WO-002775,2,corporate_card,2017-12-29,110.11
WO-002775,3,purchase_order,2018-01-23,183.91
WO-002776,1,purchase_order,2017-12-13,290.85
WO-002777,1,bank_transfer,2018-01-08,164.02
WO-002777,2,bank_transfer,2018-02-01,532.66
WO-002778,1,purchase_order,2017-12-22,458.13
WO-002778,2,bank_transfer,2018-01-30,353.84
WO-002778,3,purchase_order,2018-03-12,205.51
WO-002779,1,corporate_card,2018-01-07,1335.54
WO-002780,1,bank_transfer,2017-12-25,250.57
WO-002781,1,bank_transfer,2017-11-29,1658.33
WO-002782,1,bank_transfer,2017-12-08,941.09
WO-002783,1,purchase_order,2017-12-07,380.62
WO-002783,2,corporate_card,2018-01-17,516.33
WO-002784,1,bank_transfer,2017-12-08,1078.87
WO-002785,1,bank_transfer,2017-11-26,843.82
WO-002787,1,corporate_card,2017-12-26,666.39
WO-002788,1,bank_transfer,2017-12-22,967.83
WO-002788,2,corporate_card,2018-02-03,429.75
WO-002788,3,corporate_card,2018-02-25,297.65
WO-002789,1,bank_transfer,2017-12-28,807.21
WO-002790,1,bank_transfer,2017-11-13,1018.34
WO-002791,1,corporate_card,2017-12-23,665.73
WO-002791,2,purchase_order,2018-01-07,829.41
WO-002792,1,bank_transfer,2017-12-16,434.03
WO-002792,2,bank_transfer,2018-01-26,376.71
WO-002793,1,bank_transfer,2018-01-13,582.74
WO-002794,1,purchase_order,2017-12-21,2569.05
WO-002795,1,purchase_order,2017-12-06,678.61
WO-002796,1,corporate_card,2017-11-13,531.02
WO-002796,2,bank_transfer,2017-12-19,525.79
WO-002797,1,purchase_order,2017-12-20,1091.72
WO-002798,1,purchase_order,2017-12-27,1706.56
WO-002799,1,purchase_order,2017-12-26,644.9
WO-002800,1,bank_transfer,2017-12-19,204.83
WO-002800,2,corporate_card,2018-01-13,418.17
WO-002802,1,purchase_order,2017-12-28,375.15
WO-002803,1,bank_transfer,2017-12-17,1247.59
WO-002804,1,purchase_order,2018-01-06,1609.92
WO-002805,1,bank_transfer,2017-12-31,2610.13
WO-002806,1,corporate_card,2017-11-18,761.88
WO-002807,1,purchase_order,2017-12-14,1070.73
WO-002808,1,bank_transfer,2017-11-24,522.36
WO-002809,1,bank_transfer,2018-01-16,1280.38
WO-002810,1,bank_transfer,2017-12-02,577.12
WO-002810,2,corporate_card,2018-01-01,268.75
WO-002811,1,bank_transfer,2018-02-15,794.76
WO-002811,2,bank_transfer,2018-03-20,1069.92
WO-002812,1,bank_transfer,2018-01-03,378.57
WO-002812,2,bank_transfer,2018-01-30,359.3
WO-002813,1,purchase_order,2017-11-23,870.55
WO-002814,1,corporate_card,2017-12-09,813.71
WO-002814,2,bank_transfer,2017-12-31,1218.13
WO-002815,1,purchase_order,2017-12-20,634.32
WO-002815,2,corporate_card,2018-01-30,912.12
WO-002816,1,bank_transfer,2017-12-01,218.45
WO-002816,2,bank_transfer,2017-12-26,321.07
WO-002817,1,bank_transfer,2017-12-27,1674.66
WO-002818,1,bank_transfer,2017-11-25,1274.32
WO-002819,1,purchase_order,2017-11-20,701.46
WO-002820,1,bank_transfer,2017-12-29,185.27
WO-002820,2,bank_transfer,2018-01-16,388.45
WO-002821,1,bank_transfer,2017-12-04,1369.76
WO-002822,1,purchase_order,2017-12-27,454.66
WO-002822,2,bank_transfer,2018-02-07,600.23
WO-002823,1,purchase_order,2017-12-23,875.1
WO-002824,1,purchase_order,2018-01-03,2512.81
WO-002825,1,bank_transfer,2017-11-19,645.79
WO-002825,2,bank_transfer,2017-12-21,701.25
WO-002825,3,purchase_order,2018-01-24,647.84
WO-002826,1,purchase_order,2017-11-29,614.79
WO-002826,2,bank_transfer,2018-01-12,1249.16
WO-002827,1,purchase_order,2017-12-23,1035.64
WO-002828,1,bank_transfer,2018-01-16,2545.09
WO-002829,1,bank_transfer,2018-01-05,388.13
WO-002830,1,bank_transfer,2018-01-06,673.98
WO-002830,2,bank_transfer,2018-02-19,1018.62
WO-002831,1,bank_transfer,2017-12-25,572.47
WO-002832,1,corporate_card,2018-01-10,884.61
WO-002833,1,bank_transfer,2017-11-17,1282.56
WO-002834,1,bank_transfer,2018-01-10,2231.88
WO-002835,1,bank_transfer,2017-12-23,324.35
WO-002836,1,bank_transfer,2017-12-18,108.74
WO-002836,2,corporate_card,2018-01-08,422.9
WO-002837,1,bank_transfer,2017-12-14,680.09
WO-002838,1,purchase_order,2017-12-29,560.99
WO-002839,1,purchase_order,2017-12-07,959.32
WO-002840,1,corporate_card,2018-01-02,1041.81
WO-002841,1,purchase_order,2017-12-18,1117.56
WO-002842,1,bank_transfer,2018-01-11,476.47
WO-002843,1,purchase_order,2018-01-01,763.34
WO-002844,1,bank_transfer,2018-01-08,1435.16
WO-002845,1,purchase_order,2017-12-15,396.32
WO-002846,1,bank_transfer,2017-12-24,563.48
WO-002847,1,bank_transfer,2018-01-10,1474.49
WO-002848,1,corporate_card,2017-12-16,594.76
WO-002848,2,purchase_order,2018-01-18,127.09
WO-002849,1,bank_transfer,2017-11-21,901.64
WO-002849,2,purchase_order,2017-12-21,1191.09
WO-002850,1,purchase_order,2017-12-23,2343.73
WO-002851,1,bank_transfer,2017-11-25,1610.41
WO-002853,1,bank_transfer,2018-01-13,993.89
WO-002854,1,purchase_order,2017-12-10,3357.71
WO-002855,1,bank_transfer,2018-02-01,2860.8
WO-002856,1,bank_transfer,2018-01-08,265.54
WO-002856,2,purchase_order,2018-01-25,171.97
WO-002856,3,bank_transfer,2018-02-17,543.83
WO-002857,1,bank_transfer,2018-01-10,777.19
WO-002857,2,purchase_order,2018-01-28,739.79
WO-002858,1,bank_transfer,2018-01-11,526.84
WO-002859,1,corporate_card,2018-01-09,737.58
WO-002859,2,purchase_order,2018-02-08,1015.81
WO-002860,1,purchase_order,2018-01-22,213.56
WO-002861,1,bank_transfer,2018-01-17,1344.94
WO-002861,2,purchase_order,2018-02-09,789.06
WO-002861,3,purchase_order,2018-02-25,350.34
WO-002862,1,purchase_order,2017-12-15,1919.2
WO-002863,1,bank_transfer,2018-01-13,787.41
WO-002864,1,bank_transfer,2017-12-20,973.7
WO-002865,1,purchase_order,2017-12-30,307.76
WO-002865,2,bank_transfer,2018-01-14,946.23
WO-002866,1,bank_transfer,2018-01-15,598.96
WO-002867,1,bank_transfer,2018-01-14,405.99
WO-002868,1,bank_transfer,2017-12-31,3566.27
WO-002869,1,bank_transfer,2018-02-04,1536.02
WO-002870,1,purchase_order,2018-01-09,1339.22
WO-002871,1,purchase_order,2018-01-10,1807.25
WO-002872,1,bank_transfer,2018-01-02,241.34
WO-002872,2,corporate_card,2018-01-29,324.65
WO-002872,3,corporate_card,2018-03-09,196.42
WO-002873,1,bank_transfer,2017-12-30,1479.62
WO-002874,1,purchase_order,2017-12-14,368.35
WO-002874,2,bank_transfer,2018-01-12,357.61
WO-002874,3,corporate_card,2018-02-10,161.63
WO-002875,1,bank_transfer,2017-12-14,96.2
WO-002875,2,bank_transfer,2018-01-03,185.29
WO-002875,3,corporate_card,2018-02-12,459.32
WO-002877,1,bank_transfer,2018-01-11,739.07
WO-002878,1,bank_transfer,2017-12-17,822.55
WO-002879,1,purchase_order,2018-01-07,311.77
WO-002880,1,bank_transfer,2018-01-07,1175.55
WO-002880,2,bank_transfer,2018-02-17,1125.68
WO-002880,3,corporate_card,2018-03-20,143.11
WO-002881,1,bank_transfer,2018-01-15,1085.72
WO-002882,1,bank_transfer,2017-12-17,1230.79
WO-002883,1,bank_transfer,2018-01-14,512.47
WO-002883,2,bank_transfer,2018-02-05,544.14
WO-002884,1,bank_transfer,2017-12-24,2053.3
WO-002885,1,purchase_order,2017-12-31,696.51
WO-002886,1,bank_transfer,2018-01-01,1485.44
WO-002887,1,bank_transfer,2017-12-31,785.73
WO-002888,1,bank_transfer,2017-12-17,735.08
WO-002889,1,purchase_order,2017-12-25,1460.04
WO-002890,1,bank_transfer,2018-01-23,707.85
WO-002891,1,purchase_order,2018-01-19,677.87
WO-002892,1,bank_transfer,2018-01-26,712.94
WO-002893,1,purchase_order,2018-01-06,149.87
WO-002893,2,bank_transfer,2018-02-16,569.97
WO-002893,3,corporate_card,2018-03-17,242.13
WO-002894,1,bank_transfer,2018-01-13,923.28
WO-002895,1,corporate_card,2017-12-25,715.79
WO-002896,1,purchase_order,2018-01-27,621.81
WO-002896,2,purchase_order,2018-02-14,1407.37
WO-002898,1,purchase_order,2018-01-21,155.07
WO-002898,2,purchase_order,2018-02-09,304.76
WO-002899,1,bank_transfer,2018-01-21,1374.89
WO-002900,1,bank_transfer,2018-01-04,507.02
WO-002901,1,purchase_order,2018-01-10,1218.09
WO-002902,1,purchase_order,2017-12-17,923.59
WO-002903,1,bank_transfer,2017-12-30,781.35
WO-002904,1,purchase_order,2018-01-05,565.12
WO-002905,1,corporate_card,2018-01-15,470.94
WO-002906,1,bank_transfer,2017-12-16,3092.59
WO-002907,1,purchase_order,2017-12-06,992.44
WO-002908,1,bank_transfer,2018-01-18,440.9
WO-002909,1,bank_transfer,2018-01-15,916.82
WO-002910,1,bank_transfer,2018-01-19,714.59
WO-002911,1,purchase_order,2018-01-02,1260.81
WO-002911,2,bank_transfer,2018-02-14,749.53
WO-002912,1,purchase_order,2018-01-25,443.72
WO-002913,1,bank_transfer,2018-01-27,734.86
WO-002914,1,purchase_order,2018-01-13,258.79
WO-002915,1,bank_transfer,2018-02-14,143.96
WO-002915,2,bank_transfer,2018-03-16,377.55
WO-002916,1,bank_transfer,2018-01-26,489.52
WO-002917,1,bank_transfer,2017-12-07,456.72
WO-002918,1,bank_transfer,2018-02-02,127.03
WO-002918,2,purchase_order,2018-03-18,381.61
WO-002919,1,bank_transfer,2017-12-13,2631.58
WO-002920,1,bank_transfer,2017-12-27,227.47
WO-002920,2,purchase_order,2018-01-19,271.77
WO-002921,1,purchase_order,2018-01-12,2124.31
WO-002922,1,corporate_card,2018-02-10,690.79
WO-002922,2,bank_transfer,2018-03-12,450.34
WO-002923,1,bank_transfer,2018-02-08,2690.55
WO-002924,1,purchase_order,2017-12-04,177.15
WO-002924,2,corporate_card,2018-01-10,245.97
WO-002925,1,corporate_card,2018-02-07,1592.87
WO-002926,1,purchase_order,2018-01-04,62.85
WO-002926,2,bank_transfer,2018-01-29,160.88
WO-002927,1,purchase_order,2018-01-06,602.73
WO-002928,1,bank_transfer,2017-12-26,618.89
WO-002928,2,purchase_order,2018-01-12,232.66
WO-002929,1,purchase_order,2017-12-11,2481.0
WO-002931,1,bank_transfer,2018-01-16,1698.75
WO-002932,1,bank_transfer,2017-12-06,1448.72
WO-002933,1,purchase_order,2017-12-29,287.09
WO-002933,2,bank_transfer,2018-01-15,243.53
WO-002934,1,purchase_order,2018-01-04,188.0
WO-002934,2,purchase_order,2018-01-26,246.99
WO-002934,3,purchase_order,2018-02-27,178.22
WO-002935,1,bank_transfer,2018-01-07,550.76
WO-002935,2,bank_transfer,2018-02-07,723.06
WO-002935,3,bank_transfer,2018-03-01,619.95
WO-002936,1,corporate_card,2017-12-31,1149.92
WO-002936,2,bank_transfer,2018-02-02,1101.48
WO-002937,1,purchase_order,2017-12-06,812.37
WO-002938,1,bank_transfer,2018-02-09,4534.21
WO-002939,1,corporate_card,2018-01-04,1173.33
WO-002940,1,purchase_order,2018-02-05,798.76
WO-002940,2,corporate_card,2018-03-08,471.57
WO-002941,1,corporate_card,2017-12-23,682.2
WO-002942,1,purchase_order,2017-12-19,369.55
WO-002943,1,bank_transfer,2018-01-24,1284.43
WO-002944,1,bank_transfer,2018-01-10,1747.02
WO-002945,1,bank_transfer,2018-01-12,956.16
WO-002946,1,purchase_order,2018-01-14,847.33
WO-002947,1,purchase_order,2018-01-23,1167.98
WO-002948,1,bank_transfer,2018-01-12,701.03
WO-002948,2,bank_transfer,2018-02-15,377.66
WO-002949,1,bank_transfer,2018-02-01,849.74
WO-002950,1,purchase_order,2018-01-06,207.27
WO-002950,2,purchase_order,2018-01-21,245.54
WO-002951,1,corporate_card,2017-12-07,1481.78
WO-002953,1,bank_transfer,2017-12-27,443.63
WO-002953,2,bank_transfer,2018-01-12,305.61
WO-002953,3,bank_transfer,2018-02-13,181.59
WO-002954,1,bank_transfer,2017-12-20,321.98
WO-002955,1,bank_transfer,2018-01-25,339.36
WO-002956,1,corporate_card,2018-01-06,973.81
WO-002957,1,purchase_order,2018-01-08,287.58
WO-002958,1,bank_transfer,2018-01-17,332.56
WO-002959,1,bank_transfer,2017-12-27,1367.5
WO-002960,1,bank_transfer,2018-01-02,2069.91
WO-002961,1,purchase_order,2018-02-03,776.37
WO-002962,1,purchase_order,2018-01-16,1613.21
WO-002963,1,corporate_card,2018-01-22,2252.71
WO-002964,1,bank_transfer,2018-01-12,1282.94
WO-002965,1,bank_transfer,2018-01-22,2373.66
WO-002966,1,bank_transfer,2017-12-18,2138.84
WO-002967,1,bank_transfer,2018-01-19,606.7
WO-002967,2,bank_transfer,2018-02-15,635.27
WO-002968,1,purchase_order,2017-12-29,841.98
WO-002969,1,purchase_order,2018-01-11,719.84
WO-002970,1,corporate_card,2018-01-11,2314.77
WO-002971,1,bank_transfer,2018-01-01,1391.39
WO-002972,1,bank_transfer,2018-01-21,737.91
WO-002973,1,bank_transfer,2018-01-23,1689.87
WO-002974,1,bank_transfer,2018-01-05,1847.05
WO-002975,1,bank_transfer,2018-01-16,1290.88
WO-002976,1,purchase_order,2018-01-22,105.47
WO-002976,2,bank_transfer,2018-02-26,151.08
WO-002978,1,purchase_order,2018-01-23,451.26
WO-002978,2,bank_transfer,2018-02-28,348.15
WO-002979,1,corporate_card,2017-12-24,2500.34
WO-002980,1,corporate_card,2018-01-20,853.19
WO-002981,1,purchase_order,2018-02-05,1253.08
WO-002982,1,bank_transfer,2017-12-19,482.9
WO-002983,1,purchase_order,2018-01-02,696.43
WO-002984,1,purchase_order,2018-01-13,1147.92
WO-002985,1,purchase_order,2018-02-09,254.02
WO-002985,2,purchase_order,2018-03-08,259.74
WO-002986,1,corporate_card,2018-02-19,267.32
WO-002986,2,purchase_order,2018-03-16,480.53
WO-002987,1,corporate_card,2018-01-06,264.03
WO-002987,2,bank_transfer,2018-01-28,378.43
WO-002988,1,purchase_order,2018-01-11,3441.44
WO-002989,1,purchase_order,2018-02-08,517.54
WO-002989,2,bank_transfer,2018-03-20,559.27
WO-002989,3,corporate_card,2018-04-10,350.68
WO-002990,1,bank_transfer,2017-12-08,4813.0
WO-002991,1,bank_transfer,2017-12-31,344.47
WO-002991,2,purchase_order,2018-01-16,479.27
WO-002992,1,corporate_card,2018-02-01,282.42
WO-002992,2,bank_transfer,2018-03-13,55.51
WO-002993,1,corporate_card,2018-01-08,787.16
WO-002995,1,purchase_order,2017-12-29,380.15
WO-002995,2,corporate_card,2018-01-30,408.65
WO-002996,1,purchase_order,2018-01-19,209.86
WO-002996,2,purchase_order,2018-02-14,366.24
WO-002997,1,bank_transfer,2018-01-29,531.94
WO-002998,1,bank_transfer,2018-01-19,2471.45
WO-002999,1,purchase_order,2018-01-12,870.76
WO-002999,2,bank_transfer,2018-02-15,693.79
WO-003000,1,bank_transfer,2018-01-29,1441.47
WO-003001,1,bank_transfer,2018-01-16,380.31
WO-003002,1,bank_transfer,2018-01-14,1461.52
WO-003004,1,purchase_order,2018-01-04,1337.75
WO-003005,1,bank_transfer,2018-01-12,1083.62
WO-003006,1,purchase_order,2018-01-14,768.53
WO-003007,1,purchase_order,2018-02-15,1204.32
WO-003008,1,corporate_card,2018-01-15,3504.78
WO-003009,1,bank_transfer,2017-12-15,592.98
WO-003010,1,bank_transfer,2018-01-31,1422.86
WO-003011,1,bank_transfer,2017-12-27,783.15
WO-003012,1,bank_transfer,2018-01-20,2976.09
WO-003013,1,bank_transfer,2018-02-09,119.8
WO-003013,2,bank_transfer,2018-02-26,205.93
WO-003013,3,bank_transfer,2018-03-24,107.95
WO-003014,1,bank_transfer,2018-01-08,2309.74
WO-003015,1,bank_transfer,2018-01-05,1626.0
WO-003016,1,purchase_order,2018-02-03,734.27
WO-003017,1,bank_transfer,2018-02-05,549.81
WO-003017,2,purchase_order,2018-02-28,321.56
WO-003017,3,purchase_order,2018-03-17,75.03
WO-003018,1,bank_transfer,2017-12-28,1338.97
WO-003019,1,bank_transfer,2018-01-22,340.17
WO-003020,1,bank_transfer,2018-02-11,541.5
WO-003021,1,purchase_order,2017-12-09,488.09
WO-003021,2,bank_transfer,2018-01-13,343.04
WO-003022,1,bank_transfer,2018-01-21,1124.13
WO-003023,1,purchase_order,2018-01-22,841.38
WO-003024,1,bank_transfer,2018-02-21,283.93
WO-003024,2,bank_transfer,2018-03-18,91.45
WO-003025,1,bank_transfer,2018-02-24,2447.21
WO-003026,1,corporate_card,2018-01-08,610.86
WO-003027,1,purchase_order,2018-02-09,2060.3
WO-003028,1,bank_transfer,2018-01-14,1674.1
WO-003029,1,purchase_order,2018-01-17,728.43
WO-003030,1,purchase_order,2018-01-03,282.58
WO-003031,1,corporate_card,2017-12-20,528.83
WO-003031,2,purchase_order,2018-01-24,1465.65
WO-003032,1,purchase_order,2017-12-13,735.38
WO-003032,2,bank_transfer,2018-01-01,904.79
WO-003033,1,bank_transfer,2018-02-05,2052.96
WO-003034,1,corporate_card,2018-02-03,909.91
WO-003035,1,bank_transfer,2018-01-04,448.19
WO-003036,1,bank_transfer,2018-01-27,1892.75
WO-003037,1,bank_transfer,2018-01-30,3240.66
WO-003038,1,corporate_card,2018-01-04,425.65
WO-003040,1,purchase_order,2018-02-10,324.65
WO-003041,1,corporate_card,2017-12-26,477.23
WO-003041,2,corporate_card,2018-01-18,202.13
WO-003042,1,corporate_card,2018-02-15,648.26
WO-003043,1,bank_transfer,2017-12-20,515.59
WO-003044,1,bank_transfer,2017-12-20,705.85
WO-003045,1,bank_transfer,2018-02-20,729.01
WO-003046,1,bank_transfer,2017-12-22,1143.71
WO-003046,2,bank_transfer,2018-01-10,743.0
WO-003047,1,bank_transfer,2017-12-22,1723.76
WO-003047,2,purchase_order,2018-01-14,2138.49
WO-003048,1,purchase_order,2018-01-06,510.45
WO-003049,1,purchase_order,2018-01-27,421.86
WO-003050,1,bank_transfer,2018-02-09,2218.77
WO-003051,1,bank_transfer,2018-01-23,374.15
WO-003052,1,bank_transfer,2018-01-15,1752.36
WO-003053,1,bank_transfer,2018-01-30,277.06
WO-003053,2,corporate_card,2018-03-15,466.44
WO-003054,1,purchase_order,2018-01-21,1278.9
WO-003055,1,bank_transfer,2018-01-15,2305.27
WO-003056,1,purchase_order,2018-01-31,268.5
WO-003056,2,purchase_order,2018-02-19,758.43
WO-003057,1,corporate_card,2018-01-11,532.79
WO-003059,1,bank_transfer,2018-01-20,1696.17
WO-003060,1,bank_transfer,2018-01-29,767.72
WO-003061,1,purchase_order,2017-12-18,1144.44
WO-003062,1,bank_transfer,2018-01-28,735.87
WO-003064,1,bank_transfer,2018-02-04,667.97
WO-003066,1,corporate_card,2018-02-01,249.68
WO-003066,2,bank_transfer,2018-03-04,260.01
WO-003066,3,bank_transfer,2018-03-22,316.97
WO-003067,1,bank_transfer,2017-12-16,310.16
WO-003068,1,bank_transfer,2018-01-25,140.31
WO-003068,2,bank_transfer,2018-03-10,255.08
WO-003068,3,corporate_card,2018-04-13,56.54
WO-003069,1,purchase_order,2018-02-10,519.62
WO-003070,1,bank_transfer,2018-02-15,2009.03
WO-003071,1,corporate_card,2018-01-21,1128.97
WO-003072,1,bank_transfer,2018-02-25,822.18
WO-003073,1,bank_transfer,2018-02-01,1518.26
WO-003074,1,bank_transfer,2018-02-03,772.16
WO-003074,2,bank_transfer,2018-03-07,505.84
WO-003076,1,purchase_order,2018-02-14,1084.83
WO-003077,1,bank_transfer,2018-02-10,777.76
WO-003077,2,purchase_order,2018-03-14,1894.06
WO-003079,1,bank_transfer,2018-01-02,417.39
WO-003079,2,bank_transfer,2018-01-30,145.92
WO-003079,3,bank_transfer,2018-03-12,101.41
WO-003080,1,bank_transfer,2018-02-21,1174.16
WO-003081,1,bank_transfer,2017-12-31,1101.87
WO-003081,2,purchase_order,2018-02-02,1272.11
WO-003082,1,bank_transfer,2018-01-05,290.98
WO-003082,2,bank_transfer,2018-02-18,412.45
WO-003083,1,bank_transfer,2018-01-28,1196.61
WO-003084,1,bank_transfer,2017-12-25,639.72
WO-003084,2,bank_transfer,2018-01-25,675.98
WO-003084,3,bank_transfer,2018-02-19,309.54
WO-003085,1,purchase_order,2018-01-07,1958.47
WO-003086,1,bank_transfer,2017-12-16,350.98
WO-003087,1,corporate_card,2018-02-05,1804.44
WO-003087,2,bank_transfer,2018-03-09,1953.97
WO-003088,1,bank_transfer,2018-01-07,877.13
WO-003089,1,bank_transfer,2018-01-29,373.67
WO-003089,2,bank_transfer,2018-02-21,524.13
WO-003090,1,bank_transfer,2018-01-12,1027.69
WO-003090,2,purchase_order,2018-02-09,596.79
WO-003091,1,bank_transfer,2018-02-15,2724.06
WO-003092,1,purchase_order,2018-02-01,4326.31
WO-003093,1,bank_transfer,2018-01-01,1141.44
WO-003094,1,corporate_card,2018-02-01,1191.86
WO-003095,1,bank_transfer,2017-12-30,467.67
WO-003096,1,bank_transfer,2018-01-25,362.37
WO-003096,2,purchase_order,2018-03-04,220.01
WO-003097,1,purchase_order,2018-02-14,1503.04
WO-003098,1,purchase_order,2018-01-11,1000.38
WO-003099,1,bank_transfer,2018-01-06,581.2
WO-003100,1,purchase_order,2018-01-07,966.11
WO-003101,1,bank_transfer,2018-01-17,1206.7
WO-003102,1,corporate_card,2018-02-02,1169.02
WO-003103,1,purchase_order,2018-01-12,469.41
WO-003104,1,bank_transfer,2018-01-28,557.67
WO-003105,1,bank_transfer,2018-01-17,1330.56
WO-003106,1,bank_transfer,2018-01-05,1058.32
WO-003107,1,purchase_order,2018-02-06,1109.55
WO-003108,1,purchase_order,2018-01-27,738.6
WO-003108,2,bank_transfer,2018-02-18,907.14
WO-003109,1,bank_transfer,2018-01-14,663.19
WO-003110,1,bank_transfer,2018-01-31,1427.39
WO-003111,1,purchase_order,2018-01-27,694.49
WO-003112,1,bank_transfer,2018-01-25,829.7
WO-003113,1,corporate_card,2018-02-18,912.4
WO-003114,1,bank_transfer,2018-01-03,408.92
WO-003114,2,bank_transfer,2018-02-06,787.45
WO-003115,1,bank_transfer,2018-02-15,396.27
WO-003116,1,purchase_order,2018-02-07,3859.07
WO-003117,1,bank_transfer,2018-01-01,1899.16
WO-003118,1,bank_transfer,2017-12-23,524.72
WO-003118,2,bank_transfer,2018-01-20,901.28
WO-003119,1,corporate_card,2018-02-08,748.99
WO-003121,1,purchase_order,2018-01-22,631.65
WO-003121,2,purchase_order,2018-02-13,155.44
WO-003121,3,bank_transfer,2018-03-10,174.66
WO-003122,1,purchase_order,2018-02-08,2427.58
WO-003122,2,bank_transfer,2018-03-08,586.36
WO-003123,1,corporate_card,2018-02-02,784.03
WO-003124,1,bank_transfer,2018-01-30,589.98
WO-003125,1,bank_transfer,2018-02-11,703.7
WO-003125,2,bank_transfer,2018-03-18,590.86
WO-003125,3,bank_transfer,2018-04-23,560.88
WO-003126,1,bank_transfer,2018-01-20,1748.61
WO-003127,1,bank_transfer,2018-01-24,824.64
WO-003128,1,bank_transfer,2018-01-17,1856.69
WO-003129,1,corporate_card,2018-01-17,1062.8
WO-003130,1,bank_transfer,2018-01-24,800.98
WO-003130,2,bank_transfer,2018-02-08,227.09
WO-003131,1,bank_transfer,2018-02-10,463.34
WO-003133,1,bank_transfer,2018-02-24,411.51
WO-003134,1,bank_transfer,2018-02-07,561.91
WO-003135,1,bank_transfer,2018-02-21,757.17
WO-003136,1,bank_transfer,2018-01-08,280.81
WO-003136,2,bank_transfer,2018-02-15,505.05
WO-003137,1,purchase_order,2017-12-23,604.23
WO-003137,2,bank_transfer,2018-01-28,1578.35
WO-003138,1,bank_transfer,2018-01-17,2239.09
WO-003139,1,bank_transfer,2018-02-10,2192.43
WO-003140,1,corporate_card,2018-02-24,440.1
WO-003140,2,purchase_order,2018-03-13,847.9
WO-003141,1,bank_transfer,2017-12-29,1872.08
WO-003141,2,bank_transfer,2018-01-14,2011.18
WO-003142,1,bank_transfer,2018-02-19,1507.13
WO-003143,1,bank_transfer,2018-03-01,198.88
WO-003143,2,corporate_card,2018-03-16,215.89
WO-003144,1,purchase_order,2018-01-20,2121.44
WO-003145,1,bank_transfer,2018-01-25,1472.64
WO-003146,1,corporate_card,2018-01-09,554.76
WO-003146,2,corporate_card,2018-02-03,274.26
WO-003147,1,corporate_card,2018-01-10,830.52
WO-003148,1,corporate_card,2018-02-10,724.21
WO-003149,1,bank_transfer,2018-02-03,615.08
WO-003150,1,bank_transfer,2018-02-05,779.44
WO-003151,1,bank_transfer,2018-01-23,911.77
WO-003151,2,corporate_card,2018-02-13,1091.66
WO-003152,1,bank_transfer,2018-02-12,674.28
WO-003153,1,bank_transfer,2018-01-19,1361.62
WO-003154,1,corporate_card,2018-01-26,528.21
WO-003155,1,bank_transfer,2018-01-25,485.5
WO-003155,2,corporate_card,2018-03-05,288.19
WO-003156,1,bank_transfer,2018-01-14,679.49
WO-003156,2,purchase_order,2018-02-15,986.3
WO-003157,1,purchase_order,2018-02-02,261.14
WO-003157,2,bank_transfer,2018-03-17,546.9
WO-003158,1,bank_transfer,2018-01-16,1225.91
WO-003158,2,bank_transfer,2018-02-27,1978.27
WO-003159,1,purchase_order,2018-02-16,1562.29
WO-003159,2,purchase_order,2018-03-31,1829.1
WO-003160,1,purchase_order,2018-01-13,889.15
WO-003161,1,bank_transfer,2018-02-06,1506.25
WO-003163,1,purchase_order,2018-01-17,334.28
WO-003164,1,bank_transfer,2018-01-31,605.39
WO-003166,1,corporate_card,2018-01-29,1039.03
WO-003167,1,bank_transfer,2018-01-17,3896.37
WO-003168,1,bank_transfer,2018-01-07,1369.17
WO-003169,1,bank_transfer,2018-03-10,300.42
WO-003170,1,bank_transfer,2018-01-31,355.51
WO-003170,2,purchase_order,2018-03-10,968.92
WO-003171,1,purchase_order,2018-01-01,668.38
WO-003172,1,bank_transfer,2018-01-10,1593.47
WO-003173,1,bank_transfer,2018-02-20,668.17
WO-003174,1,bank_transfer,2018-02-01,1471.95
WO-003175,1,purchase_order,2018-02-27,357.07
WO-003176,1,purchase_order,2018-02-03,2997.18
WO-003177,1,purchase_order,2018-01-24,1048.55
WO-003178,1,bank_transfer,2018-02-15,560.59
WO-003178,2,bank_transfer,2018-03-05,1196.53
WO-003179,1,bank_transfer,2018-02-04,947.38
WO-003180,1,bank_transfer,2018-02-05,2251.85
WO-003181,1,purchase_order,2018-01-21,1479.61
WO-003183,1,bank_transfer,2018-01-12,670.29
WO-003184,1,bank_transfer,2018-02-14,245.99
WO-003184,2,purchase_order,2018-03-30,235.43
WO-003185,1,corporate_card,2018-02-09,786.29
WO-003185,2,bank_transfer,2018-03-25,538.84
WO-003186,1,bank_transfer,2018-03-05,1113.14
WO-003187,1,bank_transfer,2018-02-01,386.86
WO-003188,1,purchase_order,2018-01-27,1398.56
WO-003189,1,purchase_order,2018-01-12,547.04
WO-003190,1,bank_transfer,2018-02-04,763.17
WO-003190,2,bank_transfer,2018-03-15,1060.59
WO-003191,1,corporate_card,2018-02-25,306.57
WO-003191,2,bank_transfer,2018-03-26,257.28
WO-003192,1,bank_transfer,2018-02-03,690.57
WO-003193,1,corporate_card,2018-01-23,845.75
WO-003194,1,purchase_order,2018-03-05,825.02
WO-003194,2,bank_transfer,2018-04-03,1092.19
WO-003195,1,bank_transfer,2017-12-27,140.85
WO-003196,1,purchase_order,2018-02-07,1426.52
WO-003197,1,bank_transfer,2018-01-08,965.94
WO-003198,1,bank_transfer,2018-03-30,948.76
WO-003199,1,bank_transfer,2018-01-18,1801.46
WO-003200,1,purchase_order,2018-01-03,280.23
WO-003200,2,bank_transfer,2018-02-07,569.06
WO-003201,1,purchase_order,2018-01-21,1022.53
WO-003201,2,bank_transfer,2018-02-17,373.15
WO-003202,1,purchase_order,2018-01-07,466.26
WO-003202,2,purchase_order,2018-02-15,346.46
WO-003202,3,bank_transfer,2018-03-16,194.63
WO-003203,1,bank_transfer,2018-01-31,1974.19
WO-003204,1,bank_transfer,2018-01-20,279.6
WO-003204,2,bank_transfer,2018-02-28,512.17
WO-003204,3,corporate_card,2018-04-11,594.45
WO-003205,1,bank_transfer,2018-02-16,944.6
WO-003206,1,bank_transfer,2018-02-01,557.56
WO-003207,1,purchase_order,2018-03-16,2399.84
WO-003208,1,bank_transfer,2018-01-30,1750.49
WO-003209,1,corporate_card,2018-02-03,1976.44
WO-003211,1,corporate_card,2018-01-15,494.26
WO-003212,1,purchase_order,2018-02-19,190.5
WO-003212,2,bank_transfer,2018-03-21,23.62
WO-003212,3,bank_transfer,2018-04-07,345.92
WO-003213,1,purchase_order,2018-03-12,399.37
WO-003214,1,bank_transfer,2018-01-29,1466.48
WO-003216,1,bank_transfer,2018-02-13,708.96
WO-003218,1,purchase_order,2018-03-05,788.07
WO-003219,1,corporate_card,2018-02-17,1102.82
WO-003220,1,bank_transfer,2018-02-18,1277.63
WO-003221,1,purchase_order,2018-01-18,276.34
WO-003221,2,bank_transfer,2018-03-02,127.14
WO-003221,3,bank_transfer,2018-04-09,210.15
WO-003222,1,bank_transfer,2018-01-24,657.83
WO-003222,2,bank_transfer,2018-02-21,243.61
WO-003223,1,bank_transfer,2018-02-18,610.11
WO-003224,1,purchase_order,2018-01-17,1755.34
WO-003225,1,corporate_card,2018-02-09,337.11
WO-003225,2,bank_transfer,2018-03-02,346.81
WO-003225,3,bank_transfer,2018-04-12,748.35
WO-003226,1,bank_transfer,2018-02-21,2076.46
WO-003226,2,purchase_order,2018-04-04,2065.08
WO-003227,1,purchase_order,2018-01-26,1017.64
WO-003228,1,bank_transfer,2018-02-16,941.12
WO-003229,1,corporate_card,2018-01-21,780.28
WO-003230,1,purchase_order,2018-02-08,490.94
WO-003231,1,purchase_order,2018-03-03,1356.76
WO-003232,1,purchase_order,2018-01-23,722.45
WO-003233,1,bank_transfer,2018-02-19,494.07
WO-003233,2,corporate_card,2018-03-22,512.65
WO-003233,3,bank_transfer,2018-04-25,973.56
WO-003234,1,bank_transfer,2018-02-07,2061.21
WO-003235,1,purchase_order,2018-01-13,498.69
WO-003236,1,bank_transfer,2018-02-22,1763.2
WO-003237,1,purchase_order,2018-02-12,1643.96
WO-003239,1,corporate_card,2018-01-24,786.09
WO-003240,1,bank_transfer,2018-01-19,1126.48
WO-003241,1,bank_transfer,2018-01-04,642.26
WO-003242,1,purchase_order,2017-12-30,2171.87
WO-003243,1,bank_transfer,2018-02-12,964.92
WO-003243,2,purchase_order,2018-03-03,677.6
WO-003244,1,purchase_order,2018-03-03,1283.54
WO-003245,1,purchase_order,2018-01-17,649.29
WO-003246,1,purchase_order,2018-01-05,1800.75
WO-003247,1,bank_transfer,2018-01-12,1153.54
WO-003248,1,corporate_card,2018-01-21,950.24
WO-003249,1,purchase_order,2018-02-01,292.18
WO-003249,2,bank_transfer,2018-03-07,294.3
WO-003250,1,bank_transfer,2018-02-10,526.25
WO-003251,1,bank_transfer,2018-02-09,1586.67
WO-003251,2,purchase_order,2018-03-10,627.61
WO-003252,1,bank_transfer,2018-02-01,626.98
WO-003253,1,bank_transfer,2018-02-17,1331.38
WO-003254,1,purchase_order,2018-02-17,791.43
WO-003255,1,purchase_order,2018-02-26,79.91
WO-003255,2,bank_transfer,2018-04-02,412.82
WO-003256,1,bank_transfer,2018-02-19,170.92
WO-003256,2,corporate_card,2018-03-22,292.91
WO-003257,1,bank_transfer,2018-03-06,999.23
WO-003258,1,purchase_order,2018-01-22,508.18
WO-003259,1,bank_transfer,2018-01-09,494.97
WO-003260,1,bank_transfer,2018-03-18,946.97
WO-003261,1,bank_transfer,2018-01-21,2425.02
WO-003262,1,bank_transfer,2018-02-08,468.56
WO-003263,1,purchase_order,2018-01-28,881.88
WO-003264,1,bank_transfer,2018-02-17,424.21
WO-003265,1,purchase_order,2018-02-24,998.27
WO-003265,2,purchase_order,2018-03-20,1293.44
WO-003266,1,purchase_order,2018-01-30,990.66
WO-003267,1,purchase_order,2018-02-19,1473.08
WO-003267,2,bank_transfer,2018-03-22,1001.79
WO-003268,1,corporate_card,2018-03-01,944.99
WO-003269,1,bank_transfer,2018-01-21,1335.47
WO-003270,1,purchase_order,2018-02-13,1088.51
WO-003271,1,bank_transfer,2018-03-18,1290.58
WO-003272,1,purchase_order,2018-01-18,1014.61
WO-003272,2,corporate_card,2018-02-13,739.65
WO-003273,1,bank_transfer,2018-02-16,620.31
WO-003274,1,bank_transfer,2018-03-02,1792.79
WO-003275,1,corporate_card,2018-01-30,552.02
WO-003276,1,bank_transfer,2018-04-04,394.46
WO-003276,2,bank_transfer,2018-05-02,88.89
WO-003276,3,purchase_order,2018-05-24,407.23
WO-003279,1,corporate_card,2018-01-12,1290.17
WO-003280,1,bank_transfer,2018-02-14,1778.11
WO-003281,1,bank_transfer,2018-01-24,2163.31
WO-003282,1,purchase_order,2018-03-02,843.47
WO-003284,1,corporate_card,2018-01-22,621.3
WO-003285,1,purchase_order,2018-02-20,292.81
WO-003285,2,corporate_card,2018-03-16,217.21
WO-003286,1,bank_transfer,2018-03-09,107.47
WO-003286,2,bank_transfer,2018-04-06,384.96
WO-003287,1,purchase_order,2018-04-07,127.42
WO-003287,2,bank_transfer,2018-05-10,94.17
WO-003287,3,purchase_order,2018-06-06,77.01
WO-003288,1,bank_transfer,2018-02-20,1229.43
WO-003288,2,purchase_order,2018-03-14,370.41
WO-003289,1,bank_transfer,2018-01-26,608.23
WO-003290,1,bank_transfer,2018-02-03,652.89
WO-003290,2,corporate_card,2018-03-01,1181.58
WO-003291,1,purchase_order,2018-02-14,318.67
WO-003291,2,bank_transfer,2018-03-17,557.64
WO-003292,1,corporate_card,2018-02-06,1324.55
WO-003293,1,bank_transfer,2018-02-14,1846.96
WO-003294,1,bank_transfer,2018-02-07,3790.09
WO-003295,1,bank_transfer,2018-01-30,1081.62
WO-003296,1,bank_transfer,2018-02-24,1882.85
WO-003297,1,bank_transfer,2018-02-15,1097.46
WO-003298,1,purchase_order,2018-03-29,967.99
WO-003299,1,purchase_order,2018-02-08,1167.5
WO-003300,1,bank_transfer,2018-02-04,610.68
WO-003301,1,bank_transfer,2018-02-26,105.2
WO-003301,2,bank_transfer,2018-04-05,151.46
WO-003301,3,purchase_order,2018-05-06,144.5
WO-003302,1,corporate_card,2018-01-26,2139.32
WO-003303,1,corporate_card,2018-01-27,665.84
WO-003304,1,bank_transfer,2018-03-18,1394.13
WO-003305,1,purchase_order,2018-01-20,156.73
WO-003305,2,bank_transfer,2018-02-10,304.95
WO-003305,3,bank_transfer,2018-03-19,358.52
WO-003307,1,bank_transfer,2018-01-28,465.92
WO-003307,2,bank_transfer,2018-02-15,165.21
WO-003309,1,purchase_order,2018-03-01,2308.05
WO-003310,1,bank_transfer,2018-03-15,1095.76
WO-003311,1,purchase_order,2018-02-04,788.21
WO-003312,1,bank_transfer,2018-01-20,541.99
WO-003312,2,purchase_order,2018-03-05,364.57
WO-003314,1,bank_transfer,2018-02-16,244.47
WO-003314,2,purchase_order,2018-03-31,247.99
WO-003316,1,bank_transfer,2018-02-23,1353.54
WO-003317,1,purchase_order,2018-02-27,727.95
WO-003318,1,bank_transfer,2018-02-20,672.93
WO-003319,1,purchase_order,2018-03-25,4064.73
WO-003320,1,bank_transfer,2018-02-07,599.76
WO-003321,1,purchase_order,2018-02-18,2951.12
WO-003322,1,purchase_order,2018-02-21,952.26
WO-003323,1,bank_transfer,2018-02-10,1977.07
WO-003324,1,purchase_order,2018-03-30,1737.47
WO-003325,1,bank_transfer,2018-02-12,1633.44
WO-003326,1,corporate_card,2018-01-15,950.8
WO-003327,1,bank_transfer,2018-02-26,691.34
WO-003327,2,bank_transfer,2018-03-28,696.72
WO-003328,1,bank_transfer,2018-03-23,1779.26
WO-003329,1,bank_transfer,2018-02-27,1749.18
WO-003330,1,bank_transfer,2018-02-18,4703.08
WO-003331,1,bank_transfer,2018-02-18,631.2
WO-003332,1,bank_transfer,2018-03-02,1158.93
WO-003334,1,bank_transfer,2018-03-06,1422.59
WO-003335,1,bank_transfer,2018-02-21,1717.19
WO-003336,1,purchase_order,2018-02-23,716.76
WO-003337,1,corporate_card,2018-01-24,937.14
WO-003338,1,bank_transfer,2018-02-01,988.99
WO-003338,2,bank_transfer,2018-03-07,698.49
WO-003338,3,purchase_order,2018-04-07,995.48
WO-003339,1,bank_transfer,2018-03-27,845.92
WO-003340,1,bank_transfer,2018-03-05,2355.58
WO-003341,1,bank_transfer,2018-01-23,1021.06
WO-003342,1,bank_transfer,2018-02-22,337.13
WO-003342,2,bank_transfer,2018-03-13,634.24
WO-003343,1,bank_transfer,2018-02-26,529.17
WO-003343,2,purchase_order,2018-03-18,991.37
WO-003344,1,bank_transfer,2018-01-18,1439.67
WO-003345,1,corporate_card,2018-03-18,1594.62
WO-003346,1,purchase_order,2018-03-17,1782.18
WO-003347,1,bank_transfer,2018-02-20,427.88
WO-003347,2,purchase_order,2018-04-04,464.29
WO-003348,1,purchase_order,2018-01-21,638.57
WO-003349,1,bank_transfer,2018-01-25,111.13
WO-003349,2,bank_transfer,2018-02-09,65.46
WO-003349,3,corporate_card,2018-03-24,86.33
WO-003351,1,bank_transfer,2018-02-28,1069.73
WO-003352,1,corporate_card,2018-03-08,1512.97
WO-003353,1,purchase_order,2018-01-22,729.3
WO-003354,1,purchase_order,2018-02-08,853.68
WO-003355,1,bank_transfer,2018-02-08,198.08
WO-003355,2,bank_transfer,2018-02-27,180.08
WO-003355,3,purchase_order,2018-04-11,160.45
WO-003356,1,bank_transfer,2018-02-28,464.27
WO-003356,2,bank_transfer,2018-03-27,291.96
WO-003357,1,purchase_order,2018-03-08,393.16
WO-003359,1,bank_transfer,2018-02-05,929.87
WO-003360,1,bank_transfer,2018-02-15,1065.52
WO-003361,1,purchase_order,2018-02-10,702.03
WO-003362,1,purchase_order,2018-02-16,399.48
WO-003363,1,bank_transfer,2018-03-02,1127.93
WO-003364,1,bank_transfer,2018-03-19,961.02
WO-003365,1,bank_transfer,2018-01-31,390.99
WO-003366,1,corporate_card,2018-02-12,554.79
WO-003366,2,corporate_card,2018-03-10,812.41
WO-003367,1,purchase_order,2018-03-10,318.11
WO-003368,1,bank_transfer,2018-02-14,764.14
WO-003369,1,bank_transfer,2018-02-09,4156.75
WO-003370,1,bank_transfer,2018-03-16,240.84
WO-003370,2,corporate_card,2018-04-21,161.04
WO-003370,3,bank_transfer,2018-05-07,494.86
WO-003371,1,bank_transfer,2018-03-03,234.88
WO-003371,2,bank_transfer,2018-04-10,223.25
WO-003372,1,bank_transfer,2018-02-25,686.06
WO-003373,1,bank_transfer,2018-02-16,374.68
WO-003374,1,bank_transfer,2018-02-05,414.56
WO-003374,2,bank_transfer,2018-02-23,400.95
WO-003375,1,bank_transfer,2018-03-04,192.32
WO-003376,1,bank_transfer,2018-02-24,794.47
WO-003376,2,bank_transfer,2018-04-01,419.02
WO-003377,1,bank_transfer,2018-02-14,434.4
WO-003377,2,purchase_order,2018-03-30,788.63
WO-003377,3,purchase_order,2018-05-08,410.55
WO-003378,1,bank_transfer,2018-02-22,583.08
WO-003379,1,bank_transfer,2018-02-13,1565.33
WO-003380,1,bank_transfer,2018-03-03,250.89
WO-003380,2,bank_transfer,2018-03-30,245.91
WO-003381,1,purchase_order,2018-01-30,95.27
WO-003381,2,bank_transfer,2018-03-13,201.71
WO-003381,3,bank_transfer,2018-04-14,83.14
WO-003382,1,corporate_card,2018-04-04,1097.34
WO-003382,2,bank_transfer,2018-04-30,1105.24
WO-003382,3,bank_transfer,2018-05-22,621.45
WO-003383,1,bank_transfer,2018-03-21,1174.11
WO-003383,2,purchase_order,2018-04-24,1526.2
WO-003384,1,purchase_order,2018-02-03,587.88
WO-003385,1,purchase_order,2018-03-22,1022.59
WO-003386,1,corporate_card,2018-02-09,1595.88
WO-003387,1,corporate_card,2018-02-06,705.06
WO-003388,1,corporate_card,2018-02-05,1378.65
WO-003389,1,bank_transfer,2018-02-13,569.79
WO-003389,2,bank_transfer,2018-03-29,686.38
WO-003390,1,purchase_order,2018-02-02,492.3
WO-003393,1,bank_transfer,2018-02-21,1259.32
WO-003394,1,purchase_order,2018-03-09,490.98
WO-003395,1,bank_transfer,2018-02-16,478.26
WO-003395,2,bank_transfer,2018-03-18,1076.93
WO-003396,1,purchase_order,2018-02-26,441.53
WO-003396,2,bank_transfer,2018-04-07,493.32
WO-003396,3,bank_transfer,2018-04-28,347.83
WO-003397,1,corporate_card,2018-02-15,115.58
WO-003397,2,purchase_order,2018-03-02,206.46
WO-003398,1,bank_transfer,2018-03-25,1485.15
WO-003399,1,bank_transfer,2018-02-20,546.58
WO-003401,1,bank_transfer,2018-02-23,1258.06
WO-003402,1,purchase_order,2018-03-09,2882.21
WO-003403,1,bank_transfer,2018-03-18,581.84
WO-003404,1,bank_transfer,2018-02-17,892.67
WO-003404,2,purchase_order,2018-03-21,786.04
WO-003405,1,purchase_order,2018-03-23,342.65
WO-003405,2,bank_transfer,2018-04-12,108.43
WO-003406,1,bank_transfer,2018-03-08,567.76
WO-003408,1,bank_transfer,2018-03-26,750.23
WO-003408,2,corporate_card,2018-05-05,826.05
WO-003409,1,bank_transfer,2018-03-01,559.24
WO-003409,2,bank_transfer,2018-03-26,542.99
WO-003410,1,bank_transfer,2018-02-22,544.88
WO-003411,1,purchase_order,2018-03-15,540.68
WO-003411,2,corporate_card,2018-04-19,721.23
WO-003412,1,corporate_card,2018-02-25,171.82
WO-003412,2,purchase_order,2018-04-02,274.5
WO-003413,1,purchase_order,2018-02-18,99.06
WO-003413,2,purchase_order,2018-03-15,616.5
WO-003413,3,purchase_order,2018-04-05,226.64
WO-003414,1,corporate_card,2018-02-09,3634.73
WO-003415,1,bank_transfer,2018-03-03,604.27
WO-003415,2,purchase_order,2018-04-09,571.15
WO-003416,1,bank_transfer,2018-02-01,919.57
WO-003417,1,purchase_order,2018-03-22,487.94
WO-003417,2,purchase_order,2018-04-15,307.86
WO-003418,1,bank_transfer,2018-02-24,1395.73
WO-003419,1,bank_transfer,2018-01-31,949.39
WO-003419,2,purchase_order,2018-03-04,950.77
WO-003420,1,bank_transfer,2018-02-15,1080.59
WO-003421,1,bank_transfer,2018-03-08,1196.49
WO-003422,1,purchase_order,2018-03-09,223.54
WO-003422,2,purchase_order,2018-03-24,415.68
WO-003422,3,corporate_card,2018-04-25,145.54
WO-003423,1,bank_transfer,2018-02-27,399.04
WO-003423,2,bank_transfer,2018-03-17,148.43
WO-003423,3,purchase_order,2018-04-13,186.48
WO-003424,1,purchase_order,2018-01-28,253.01
WO-003425,1,bank_transfer,2018-02-18,785.63
WO-003426,1,bank_transfer,2018-03-29,2216.2
WO-003427,1,bank_transfer,2018-03-03,832.84
WO-003428,1,bank_transfer,2018-03-17,539.07
WO-003429,1,bank_transfer,2018-02-16,2164.49
WO-003430,1,bank_transfer,2018-03-14,347.88
WO-003430,2,bank_transfer,2018-04-25,284.63
WO-003431,1,bank_transfer,2018-03-15,2905.51
WO-003433,1,bank_transfer,2018-02-06,716.18
WO-003435,1,bank_transfer,2018-03-05,2911.76
WO-003436,1,purchase_order,2018-02-07,1695.27
WO-003437,1,bank_transfer,2018-02-18,781.85
WO-003438,1,corporate_card,2018-03-14,688.93
WO-003439,1,bank_transfer,2018-03-15,646.48
WO-003439,2,purchase_order,2018-04-23,580.55
WO-003440,1,bank_transfer,2018-03-15,329.78
WO-003440,2,bank_transfer,2018-03-30,877.84
WO-003441,1,purchase_order,2018-03-20,734.48
WO-003442,1,corporate_card,2018-03-23,436.32
WO-003443,1,purchase_order,2018-02-17,2393.3
WO-003444,1,bank_transfer,2018-02-14,4565.84
WO-003445,1,bank_transfer,2018-03-03,761.2
WO-003446,1,bank_transfer,2018-02-13,846.94
WO-003447,1,bank_transfer,2018-01-27,255.67
WO-003447,2,bank_transfer,2018-02-23,480.7
WO-003448,1,corporate_card,2018-03-16,1071.16
WO-003449,1,bank_transfer,2018-03-05,1629.52
WO-003450,1,bank_transfer,2018-03-06,708.24
WO-003451,1,bank_transfer,2018-03-14,265.21
WO-003451,2,corporate_card,2018-04-02,338.62
WO-003451,3,bank_transfer,2018-05-05,235.3
WO-003452,1,bank_transfer,2018-02-16,497.36
WO-003453,1,corporate_card,2018-04-02,1787.48
WO-003454,1,bank_transfer,2018-03-13,727.87
WO-003455,1,purchase_order,2018-03-16,1333.3
WO-003456,1,bank_transfer,2018-03-08,879.58
WO-003457,1,bank_transfer,2018-03-04,508.33
WO-003457,2,bank_transfer,2018-04-09,740.22
WO-003458,1,bank_transfer,2018-02-23,1546.78
WO-003459,1,bank_transfer,2018-02-26,1454.28
WO-003459,2,bank_transfer,2018-03-15,454.53
WO-003460,1,purchase_order,2018-02-02,1832.02
WO-003461,1,bank_transfer,2018-02-20,422.11
WO-003461,2,bank_transfer,2018-03-16,263.28
WO-003462,1,bank_transfer,2018-02-07,1327.47
WO-003464,1,purchase_order,2018-03-19,2082.76
WO-003465,1,bank_transfer,2018-03-09,786.85
WO-003466,1,bank_transfer,2018-02-25,1899.18
WO-003467,1,bank_transfer,2018-04-14,296.82
WO-003467,2,bank_transfer,2018-05-01,475.44
WO-003468,1,purchase_order,2018-03-13,767.89
WO-003468,2,purchase_order,2018-04-25,638.17
WO-003469,1,bank_transfer,2018-03-03,663.16
WO-003470,1,corporate_card,2018-03-31,1688.41
WO-003471,1,corporate_card,2018-03-10,497.81
WO-003472,1,corporate_card,2018-04-14,3461.78
WO-003473,1,bank_transfer,2018-03-02,1146.48
WO-003474,1,bank_transfer,2018-03-19,751.01
WO-003474,2,bank_transfer,2018-04-15,665.29
WO-003475,1,bank_transfer,2018-03-05,300.29
WO-003475,2,purchase_order,2018-04-03,524.65
WO-003476,1,corporate_card,2018-03-14,921.52
WO-003477,1,bank_transfer,2018-03-30,1488.58
WO-003478,1,bank_transfer,2018-03-18,321.55
WO-003479,1,corporate_card,2018-03-03,2547.74
WO-003480,1,corporate_card,2018-03-14,690.0
WO-003480,2,bank_transfer,2018-04-15,471.76
WO-003481,1,bank_transfer,2018-03-01,494.19
WO-003482,1,bank_transfer,2018-03-21,222.51
WO-003482,2,bank_transfer,2018-04-12,222.02
WO-003483,1,purchase_order,2018-03-03,780.69
WO-003484,1,purchase_order,2018-03-01,1372.2
WO-003485,1,bank_transfer,2018-02-22,897.23
WO-003486,1,purchase_order,2018-03-10,940.5
WO-003487,1,bank_transfer,2018-03-25,291.96
WO-003487,2,purchase_order,2018-04-27,404.88
WO-003488,1,bank_transfer,2018-03-07,1332.17
WO-003490,1,purchase_order,2018-03-19,1231.49
WO-003491,1,corporate_card,2018-03-02,2756.21
WO-003492,1,purchase_order,2018-03-16,415.86
WO-003493,1,bank_transfer,2018-03-06,2063.38
WO-003494,1,bank_transfer,2018-02-01,357.25
WO-003495,1,corporate_card,2018-03-08,164.55
WO-003495,2,bank_transfer,2018-03-26,249.66
WO-003496,1,bank_transfer,2018-03-12,2024.38
WO-003497,1,bank_transfer,2018-03-18,993.55
WO-003498,1,bank_transfer,2018-02-04,1063.61
WO-003499,1,bank_transfer,2018-02-26,1193.96
WO-003500,1,bank_transfer,2018-02-25,1834.62
WO-003500,2,purchase_order,2018-04-06,514.12
WO-003501,1,bank_transfer,2018-04-17,1192.31
WO-003502,1,corporate_card,2018-03-02,1046.65
WO-003503,1,bank_transfer,2018-04-16,510.84
WO-003504,1,purchase_order,2018-03-12,907.52
WO-003504,2,bank_transfer,2018-04-12,841.61
WO-003505,1,purchase_order,2018-02-24,342.24
WO-003505,2,bank_transfer,2018-03-17,765.67
WO-003505,3,purchase_order,2018-04-27,550.65
WO-003506,1,purchase_order,2018-02-23,636.82
WO-003507,1,bank_transfer,2018-03-01,3798.99
WO-003507,2,purchase_order,2018-03-26,1751.49
WO-003508,1,purchase_order,2018-02-26,211.41
WO-003508,2,purchase_order,2018-03-31,186.15
WO-003509,1,bank_transfer,2018-02-27,2974.48
WO-003510,1,purchase_order,2018-02-24,450.06
WO-003510,2,purchase_order,2018-03-18,788.3
WO-003510,3,purchase_order,2018-04-12,299.67
WO-003511,1,bank_transfer,2018-03-11,3204.87
WO-003512,1,corporate_card,2018-04-02,395.16
WO-003513,1,bank_transfer,2018-03-23,560.3
WO-003514,1,bank_transfer,2018-03-20,3096.91
WO-003515,1,bank_transfer,2018-03-11,1299.64
WO-003516,1,bank_transfer,2018-03-29,496.26
WO-003517,1,bank_transfer,2018-03-29,391.62
WO-003517,2,purchase_order,2018-04-17,428.78
WO-003518,1,bank_transfer,2018-03-23,389.66
WO-003518,2,purchase_order,2018-04-16,256.1
WO-003520,1,bank_transfer,2018-02-26,1443.33
WO-003521,1,bank_transfer,2018-03-22,2667.63
WO-003522,1,bank_transfer,2018-03-21,986.49
WO-003523,1,bank_transfer,2018-02-24,1025.93
WO-003523,2,corporate_card,2018-03-11,1217.98
WO-003524,1,bank_transfer,2018-04-06,758.41
WO-003525,1,purchase_order,2018-03-09,1414.52
WO-003525,2,bank_transfer,2018-04-18,665.19
WO-003526,1,purchase_order,2018-03-03,679.2
WO-003527,1,bank_transfer,2018-04-22,2396.67
WO-003528,1,bank_transfer,2018-03-24,1027.57
WO-003529,1,bank_transfer,2018-02-15,2531.15
WO-003530,1,bank_transfer,2018-03-14,2120.21
WO-003530,2,bank_transfer,2018-04-17,774.04
WO-003531,1,corporate_card,2018-03-16,2583.88
WO-003532,1,bank_transfer,2018-04-08,2092.92
WO-003533,1,bank_transfer,2018-03-01,918.45
WO-003534,1,bank_transfer,2018-03-18,1227.16
WO-003535,1,bank_transfer,2018-03-01,6216.64
WO-003536,1,bank_transfer,2018-02-21,2203.62
WO-003537,1,bank_transfer,2018-02-14,1078.19
WO-003538,1,purchase_order,2018-03-12,864.4
WO-003538,2,bank_transfer,2018-03-31,582.43
WO-003539,1,bank_transfer,2018-03-25,679.16
WO-003540,1,bank_transfer,2018-02-15,683.92
WO-003541,1,bank_transfer,2018-03-13,1703.76
WO-003542,1,bank_transfer,2018-03-30,876.85
WO-003543,1,bank_transfer,2018-03-25,185.49
WO-003544,1,corporate_card,2018-03-11,932.89
WO-003545,1,purchase_order,2018-03-17,775.03
WO-003546,1,bank_transfer,2018-03-18,894.17
WO-003547,1,bank_transfer,2018-03-05,94.19
WO-003547,2,bank_transfer,2018-03-30,180.38
WO-003548,1,bank_transfer,2018-03-21,592.12
WO-003550,1,purchase_order,2018-03-03,946.19
WO-003550,2,bank_transfer,2018-04-08,1258.56
WO-003551,1,purchase_order,2018-03-21,270.85
WO-003551,2,corporate_card,2018-04-19,274.04
WO-003551,3,bank_transfer,2018-05-05,71.55
WO-003552,1,purchase_order,2018-02-22,2174.26
WO-003553,1,corporate_card,2018-03-28,3520.83
WO-003554,1,purchase_order,2018-03-22,944.89
WO-003555,1,bank_transfer,2018-04-14,1155.91
WO-003556,1,bank_transfer,2018-03-23,2346.51
WO-003557,1,purchase_order,2018-03-19,362.3
WO-003557,2,bank_transfer,2018-04-10,598.88
WO-003558,1,bank_transfer,2018-03-29,811.33
WO-003559,1,bank_transfer,2018-03-31,540.99
WO-003560,1,bank_transfer,2018-04-07,428.61
WO-003561,1,bank_transfer,2018-03-25,1092.68
WO-003562,1,purchase_order,2018-03-22,139.89
WO-003562,2,bank_transfer,2018-04-19,141.18
WO-003563,1,bank_transfer,2018-04-06,1879.1
WO-003564,1,bank_transfer,2018-02-16,1002.52
WO-003565,1,purchase_order,2018-04-21,64.57
WO-003565,2,corporate_card,2018-05-09,74.51
WO-003565,3,bank_transfer,2018-06-14,345.07
WO-003566,1,purchase_order,2018-03-15,3038.04
WO-003567,1,bank_transfer,2018-03-19,552.65
WO-003568,1,purchase_order,2018-03-29,1184.83
WO-003569,1,bank_transfer,2018-03-21,451.04
WO-003570,1,purchase_order,2018-03-06,380.89
WO-003571,1,bank_transfer,2018-02-10,193.93
WO-003572,1,bank_transfer,2018-03-23,1307.22
WO-003573,1,bank_transfer,2018-03-19,1436.89
WO-003574,1,purchase_order,2018-02-15,859.23
WO-003575,1,purchase_order,2018-03-09,2708.27
WO-003576,1,bank_transfer,2018-03-19,295.65
WO-003577,1,purchase_order,2018-02-13,1017.93
WO-003578,1,bank_transfer,2018-03-11,591.53
WO-003579,1,bank_transfer,2018-05-04,1815.16
WO-003580,1,corporate_card,2018-03-22,1559.25
WO-003582,1,purchase_order,2018-03-23,796.58
WO-003582,2,purchase_order,2018-05-03,1643.6
WO-003583,1,purchase_order,2018-03-16,2237.28
WO-003584,1,purchase_order,2018-02-21,859.26
WO-003585,1,corporate_card,2018-03-01,561.71
WO-003586,1,purchase_order,2018-04-21,1094.29
WO-003587,1,purchase_order,2018-02-27,2140.45
WO-003588,1,purchase_order,2018-03-30,677.21
WO-003589,1,purchase_order,2018-04-03,655.36
WO-003590,1,bank_transfer,2018-03-16,216.14
WO-003590,2,bank_transfer,2018-04-11,251.83
WO-003590,3,bank_transfer,2018-04-27,85.68
WO-003591,1,bank_transfer,2018-03-27,664.74
WO-003592,1,purchase_order,2018-04-20,534.18
WO-003593,1,purchase_order,2018-03-28,1684.33
WO-003594,1,bank_transfer,2018-04-05,1470.3
WO-003595,1,bank_transfer,2018-04-07,2745.11
WO-003596,1,bank_transfer,2018-03-26,4955.96
WO-003597,1,purchase_order,2018-02-18,710.31
WO-003597,2,bank_transfer,2018-03-12,932.41
WO-003598,1,purchase_order,2018-03-04,1148.06
WO-003599,1,corporate_card,2018-03-06,2150.95
WO-003600,1,corporate_card,2018-03-01,1719.61
WO-003601,1,bank_transfer,2018-03-02,1331.61
WO-003602,1,corporate_card,2018-03-26,513.32
WO-003602,2,bank_transfer,2018-04-19,167.3
WO-003603,1,bank_transfer,2018-03-14,848.11
WO-003604,1,bank_transfer,2018-03-16,572.32
WO-003604,2,bank_transfer,2018-04-03,500.14
WO-003604,3,bank_transfer,2018-04-29,950.55
WO-003605,1,bank_transfer,2018-03-21,122.64
WO-003605,2,purchase_order,2018-04-26,448.71
WO-003606,1,purchase_order,2018-04-12,1432.63
WO-003607,1,bank_transfer,2018-03-29,289.48
WO-003607,2,purchase_order,2018-05-09,305.66
WO-003607,3,bank_transfer,2018-06-07,473.77
WO-003608,1,bank_transfer,2018-04-05,167.56
WO-003608,2,purchase_order,2018-04-30,465.48
WO-003608,3,corporate_card,2018-06-06,451.87
WO-003609,1,bank_transfer,2018-03-13,1125.9
WO-003610,1,bank_transfer,2018-02-27,2406.84
WO-003611,1,bank_transfer,2018-04-15,930.62
WO-003611,2,bank_transfer,2018-05-21,939.09
WO-003612,1,purchase_order,2018-03-17,272.57
WO-003612,2,purchase_order,2018-04-21,373.57
WO-003613,1,purchase_order,2018-02-20,504.48
WO-003613,2,corporate_card,2018-03-16,2513.12
WO-003614,1,purchase_order,2018-03-14,2710.52
WO-003615,1,bank_transfer,2018-04-04,1599.1
WO-003616,1,purchase_order,2018-04-19,1317.11
WO-003617,1,bank_transfer,2018-03-23,1578.51
WO-003619,1,purchase_order,2018-03-24,1840.47
WO-003620,1,purchase_order,2018-02-24,632.24
WO-003620,2,bank_transfer,2018-04-06,694.31
WO-003621,1,corporate_card,2018-03-26,79.08
WO-003621,2,bank_transfer,2018-05-05,53.3
WO-003622,1,bank_transfer,2018-03-21,1172.52
WO-003623,1,bank_transfer,2018-04-21,2664.45
WO-003624,1,purchase_order,2018-05-01,1725.84
WO-003625,1,bank_transfer,2018-03-04,1351.8
WO-003626,1,bank_transfer,2018-03-07,543.16
WO-003627,1,corporate_card,2018-04-22,679.94
WO-003629,1,bank_transfer,2018-04-08,1852.73
WO-003630,1,bank_transfer,2018-02-18,778.22
WO-003631,1,bank_transfer,2018-04-21,485.98
WO-003632,1,bank_transfer,2018-04-01,371.13
WO-003633,1,bank_transfer,2018-04-11,6617.01
WO-003634,1,bank_transfer,2018-04-22,900.75
WO-003636,1,bank_transfer,2018-02-24,1656.88
WO-003637,1,purchase_order,2018-02-19,2854.2
WO-003638,1,bank_transfer,2018-04-25,764.84
WO-003639,1,purchase_order,2018-04-22,418.07
WO-003639,2,corporate_card,2018-05-15,746.51
WO-003640,1,bank_transfer,2018-03-20,977.55
WO-003641,1,bank_transfer,2018-03-21,1358.59
WO-003642,1,purchase_order,2018-03-27,564.08
WO-003643,1,bank_transfer,2018-04-20,1019.8
WO-003644,1,bank_transfer,2018-03-18,855.91
WO-003645,1,purchase_order,2018-04-19,1721.21
WO-003646,1,purchase_order,2018-04-15,787.74
WO-003647,1,corporate_card,2018-03-01,206.92
WO-003647,2,corporate_card,2018-03-18,423.71
WO-003648,1,bank_transfer,2018-04-15,1839.93
WO-003649,1,bank_transfer,2018-03-14,3139.75
WO-003650,1,purchase_order,2018-04-15,4318.01
WO-003651,1,purchase_order,2018-04-15,841.56
WO-003652,1,bank_transfer,2018-04-27,1116.13
WO-003652,2,bank_transfer,2018-06-03,665.4
WO-003652,3,bank_transfer,2018-07-10,74.66
WO-003653,1,bank_transfer,2018-03-27,2394.72
WO-003655,1,bank_transfer,2018-03-04,760.1
WO-003656,1,purchase_order,2018-03-11,497.08
WO-003656,2,bank_transfer,2018-04-11,416.93
WO-003657,1,purchase_order,2018-04-07,940.03
WO-003658,1,bank_transfer,2018-03-11,1066.87
WO-003658,2,purchase_order,2018-03-26,1126.0
WO-003659,1,bank_transfer,2018-04-28,1378.62
WO-003660,1,bank_transfer,2018-04-09,229.29
WO-003661,1,purchase_order,2018-03-02,459.5
WO-003662,1,bank_transfer,2018-05-10,1028.44
WO-003663,1,purchase_order,2018-04-06,682.25
WO-003664,1,bank_transfer,2018-03-21,478.81
WO-003665,1,bank_transfer,2018-04-16,109.05
WO-003665,2,purchase_order,2018-05-21,128.2
WO-003666,1,purchase_order,2018-03-24,2038.52
WO-003667,1,bank_transfer,2018-04-02,617.69
WO-003668,1,purchase_order,2018-03-14,1384.12
WO-003669,1,bank_transfer,2018-04-17,858.01
WO-003669,2,purchase_order,2018-05-05,329.49
WO-003670,1,bank_transfer,2018-03-18,663.68
WO-003672,1,bank_transfer,2018-04-01,1810.79
WO-003673,1,bank_transfer,2018-03-26,1283.01
WO-003675,1,bank_transfer,2018-04-01,1126.25
WO-003676,1,bank_transfer,2018-03-25,262.0
WO-003676,2,bank_transfer,2018-05-06,417.41
WO-003677,1,purchase_order,2018-04-03,663.57
WO-003678,1,corporate_card,2018-04-07,671.48
WO-003679,1,bank_transfer,2018-04-20,3195.87
WO-003680,1,bank_transfer,2018-04-28,1235.37
WO-003681,1,bank_transfer,2018-04-10,516.76
WO-003682,1,bank_transfer,2018-04-23,1400.29
WO-003683,1,bank_transfer,2018-03-28,2393.73
WO-003684,1,bank_transfer,2018-03-12,1524.67
WO-003685,1,purchase_order,2018-04-11,1595.47
WO-003686,1,bank_transfer,2018-03-15,2844.98
WO-003687,1,purchase_order,2018-03-19,607.44
WO-003688,1,bank_transfer,2018-03-07,1581.56
WO-003689,1,bank_transfer,2018-03-10,220.65
WO-003690,1,bank_transfer,2018-04-08,967.1
WO-003692,1,bank_transfer,2018-04-18,269.11
WO-003693,1,bank_transfer,2018-03-11,1421.64
WO-003694,1,bank_transfer,2018-04-23,1062.75
WO-003695,1,bank_transfer,2018-04-15,641.27
WO-003695,2,purchase_order,2018-05-21,1411.33
WO-003696,1,bank_transfer,2018-04-12,445.03
WO-003696,2,bank_transfer,2018-05-16,514.49
WO-003697,1,purchase_order,2018-05-04,1337.33
WO-003698,1,bank_transfer,2018-05-12,1472.95
WO-003699,1,purchase_order,2018-03-26,1813.34
WO-003700,1,bank_transfer,2018-04-02,381.47
WO-003701,1,purchase_order,2018-03-22,500.47
WO-003702,1,corporate_card,2018-05-09,1160.02
WO-003703,1,corporate_card,2018-04-13,903.24
WO-003704,1,corporate_card,2018-04-14,277.17
WO-003705,1,bank_transfer,2018-04-17,224.51
WO-003705,2,corporate_card,2018-05-31,1540.36
WO-003706,1,purchase_order,2018-04-12,697.88
WO-003707,1,purchase_order,2018-03-25,811.11
WO-003708,1,bank_transfer,2018-03-22,1459.22
WO-003709,1,purchase_order,2018-03-28,1484.5
WO-003710,1,corporate_card,2018-03-27,1293.05
WO-003711,1,purchase_order,2018-04-09,658.3
WO-003711,2,bank_transfer,2018-04-27,843.7
WO-003712,1,bank_transfer,2018-04-04,2345.0
WO-003713,1,bank_transfer,2018-04-15,1345.02
WO-003714,1,purchase_order,2018-04-03,569.91
WO-003715,1,purchase_order,2018-05-01,1007.51
WO-003716,1,bank_transfer,2018-03-30,2172.41
WO-003717,1,corporate_card,2018-03-22,506.43
WO-003718,1,bank_transfer,2018-03-26,933.81
WO-003719,1,bank_transfer,2018-05-05,1673.09
WO-003720,1,purchase_order,2018-05-17,1477.03
WO-003721,1,bank_transfer,2018-04-16,1525.68
WO-003722,1,bank_transfer,2018-05-06,681.39
WO-003723,1,corporate_card,2018-04-03,280.02
WO-003724,1,purchase_order,2018-03-14,405.58
WO-003724,2,corporate_card,2018-04-06,623.09
WO-003725,1,bank_transfer,2018-03-18,2515.5
WO-003726,1,bank_transfer,2018-04-02,967.75
WO-003727,1,bank_transfer,2018-03-20,1546.53
WO-003728,1,corporate_card,2018-06-03,518.91
WO-003729,1,bank_transfer,2018-04-10,941.52
WO-003729,2,purchase_order,2018-05-06,586.75
WO-003730,1,corporate_card,2018-04-20,676.24
WO-003731,1,purchase_order,2018-04-11,251.44
WO-003731,2,corporate_card,2018-05-16,983.31
WO-003732,1,purchase_order,2018-04-24,1739.07
WO-003732,2,bank_transfer,2018-06-04,573.83
WO-003733,1,purchase_order,2018-04-21,1197.22
WO-003733,2,purchase_order,2018-05-18,452.57
WO-003733,3,bank_transfer,2018-06-28,710.8
WO-003734,1,bank_transfer,2018-04-01,1104.12
WO-003735,1,bank_transfer,2018-05-07,1107.63
WO-003735,2,bank_transfer,2018-05-27,494.79
WO-003735,3,corporate_card,2018-07-05,659.29
WO-003736,1,purchase_order,2018-03-15,1572.59
WO-003737,1,bank_transfer,2018-04-05,783.34
WO-003738,1,bank_transfer,2018-03-27,1420.89
WO-003739,1,corporate_card,2018-04-14,193.74
WO-003740,1,purchase_order,2018-04-01,2101.25
WO-003741,1,bank_transfer,2018-04-28,241.44
WO-003741,2,bank_transfer,2018-05-26,608.75
WO-003742,1,purchase_order,2018-06-06,1506.71
WO-003744,1,bank_transfer,2018-05-06,764.82
WO-003745,1,corporate_card,2018-04-28,1022.08
WO-003746,1,bank_transfer,2018-03-10,759.74
WO-003747,1,purchase_order,2018-05-01,1328.82
WO-003748,1,bank_transfer,2018-04-28,2112.23
WO-003749,1,bank_transfer,2018-04-12,1222.1
WO-003750,1,purchase_order,2018-04-18,550.86
WO-003751,1,purchase_order,2018-05-15,588.7
WO-003752,1,corporate_card,2018-03-28,442.41
WO-003753,1,bank_transfer,2018-04-11,1452.31
WO-003754,1,purchase_order,2018-04-30,292.91
WO-003755,1,purchase_order,2018-04-12,508.77
WO-003756,1,bank_transfer,2018-05-22,1848.57
WO-003757,1,bank_transfer,2018-04-11,1084.78
WO-003758,1,bank_transfer,2018-05-06,664.74
WO-003759,1,bank_transfer,2018-04-25,914.24
WO-003759,2,purchase_order,2018-06-08,126.3
WO-003760,1,bank_transfer,2018-04-13,795.05
WO-003761,1,bank_transfer,2018-05-09,525.87
WO-003761,2,bank_transfer,2018-05-25,2005.16
WO-003762,1,corporate_card,2018-04-22,1353.34
WO-003763,1,bank_transfer,2018-05-04,2379.05
WO-003764,1,bank_transfer,2018-04-14,264.03
WO-003765,1,corporate_card,2018-05-11,1230.32
WO-003766,1,purchase_order,2018-04-24,1674.12
WO-003767,1,bank_transfer,2018-03-12,450.01
WO-003767,2,purchase_order,2018-04-09,459.28
WO-003768,1,purchase_order,2018-04-11,354.24
WO-003768,2,bank_transfer,2018-04-29,141.0
WO-003768,3,bank_transfer,2018-06-02,179.29
WO-003769,1,bank_transfer,2018-04-06,1473.34
WO-003770,1,bank_transfer,2018-04-12,978.67
WO-003770,2,bank_transfer,2018-05-03,759.28
WO-003771,1,corporate_card,2018-04-27,1364.32
WO-003772,1,purchase_order,2018-03-28,1979.43
WO-003773,1,purchase_order,2018-04-02,1851.76
WO-003774,1,purchase_order,2018-04-10,1202.82
WO-003774,2,bank_transfer,2018-05-07,779.58
WO-003775,1,corporate_card,2018-05-02,111.86
WO-003775,2,bank_transfer,2018-05-22,615.27
WO-003775,3,bank_transfer,2018-06-16,41.24
WO-003776,1,purchase_order,2018-04-17,2796.87
WO-003777,1,corporate_card,2018-03-27,1293.38
WO-003778,1,purchase_order,2018-04-25,916.68
WO-003779,1,purchase_order,2018-05-06,693.45
WO-003780,1,corporate_card,2018-04-07,1034.33
WO-003781,1,bank_transfer,2018-03-31,892.14
WO-003781,2,purchase_order,2018-04-18,1601.46
WO-003782,1,purchase_order,2018-03-16,1366.3
WO-003784,1,corporate_card,2018-05-12,1098.82
WO-003785,1,purchase_order,2018-05-06,412.84
WO-003785,2,purchase_order,2018-06-13,372.01
WO-003786,1,purchase_order,2018-04-05,383.73
WO-003787,1,corporate_card,2018-03-31,1463.42
WO-003787,2,purchase_order,2018-04-16,522.62
WO-003788,1,corporate_card,2018-04-04,818.55
WO-003788,2,bank_transfer,2018-04-27,1056.69
WO-003789,1,bank_transfer,2018-04-13,194.14
WO-003789,2,purchase_order,2018-05-13,410.23
WO-003790,1,bank_transfer,2018-04-02,1447.33
WO-003791,1,bank_transfer,2018-04-12,485.11
WO-003792,1,bank_transfer,2018-04-29,624.67
WO-003793,1,bank_transfer,2018-05-07,665.96
WO-003794,1,corporate_card,2018-05-08,365.95
WO-003795,1,corporate_card,2018-04-15,933.07
WO-003796,1,purchase_order,2018-04-17,1011.57
WO-003797,1,corporate_card,2018-04-22,87.57
WO-003797,2,bank_transfer,2018-05-16,213.45
WO-003797,3,corporate_card,2018-06-20,39.5
WO-003798,1,bank_transfer,2018-04-21,597.12
WO-003799,1,corporate_card,2018-05-09,897.65
WO-003799,2,bank_transfer,2018-05-26,1144.74
WO-003800,1,bank_transfer,2018-04-08,177.1
WO-003800,2,bank_transfer,2018-04-28,179.3
WO-003800,3,bank_transfer,2018-06-09,571.89
WO-003801,1,bank_transfer,2018-05-03,392.24
WO-003801,2,bank_transfer,2018-06-13,160.03
WO-003803,1,bank_transfer,2018-04-21,626.91
WO-003804,1,purchase_order,2018-03-25,649.55
WO-003805,1,bank_transfer,2018-04-16,1877.84
WO-003806,1,bank_transfer,2018-04-21,1740.58
WO-003807,1,bank_transfer,2018-05-04,219.82
WO-003807,2,corporate_card,2018-06-16,320.28
WO-003808,1,bank_transfer,2018-04-27,957.29
WO-003809,1,bank_transfer,2018-06-09,1873.32
WO-003810,1,bank_transfer,2018-04-14,487.18
WO-003811,1,purchase_order,2018-05-05,1063.71
WO-003812,1,purchase_order,2018-04-26,1195.59
WO-003813,1,bank_transfer,2018-04-18,2159.35
WO-003814,1,purchase_order,2018-04-09,2922.49
WO-003816,1,purchase_order,2018-04-21,530.9
WO-003817,1,bank_transfer,2018-05-12,2122.16
WO-003818,1,corporate_card,2018-04-26,504.06
WO-003819,1,bank_transfer,2018-04-28,402.04
WO-003819,2,purchase_order,2018-05-15,985.07
WO-003820,1,purchase_order,2018-04-04,806.68
WO-003820,2,corporate_card,2018-04-28,423.07
WO-003821,1,bank_transfer,2018-05-14,1012.65
WO-003822,1,bank_transfer,2018-05-07,1050.74
WO-003823,1,bank_transfer,2018-05-03,2228.09
WO-003824,1,purchase_order,2018-04-08,557.1
WO-003825,1,bank_transfer,2018-04-27,913.78
WO-003825,2,corporate_card,2018-06-04,1220.2
WO-003826,1,bank_transfer,2018-06-27,939.33
WO-003826,2,bank_transfer,2018-07-28,51.51
WO-003827,1,bank_transfer,2018-03-28,334.03
WO-003827,2,purchase_order,2018-05-03,533.78
WO-003827,3,purchase_order,2018-05-31,384.5
WO-003828,1,bank_transfer,2018-05-17,223.2
WO-003828,2,bank_transfer,2018-06-02,210.18
WO-003829,1,purchase_order,2018-04-02,836.51
WO-003830,1,bank_transfer,2018-06-08,516.84
WO-003830,2,purchase_order,2018-07-06,358.5
WO-003831,1,bank_transfer,2018-05-20,381.19
WO-003832,1,purchase_order,2018-04-21,428.74
WO-003833,1,corporate_card,2018-04-29,486.81
WO-003833,2,purchase_order,2018-06-01,373.36
WO-003834,1,bank_transfer,2018-04-25,169.93
WO-003834,2,purchase_order,2018-05-14,183.78
WO-003835,1,bank_transfer,2018-04-27,1184.68
WO-003836,1,purchase_order,2018-05-10,262.81
WO-003837,1,purchase_order,2018-05-06,1077.47
WO-003838,1,corporate_card,2018-03-31,312.53
WO-003838,2,bank_transfer,2018-04-29,352.58
WO-003838,3,corporate_card,2018-06-12,361.1
WO-003839,1,bank_transfer,2018-05-21,921.67
WO-003840,1,purchase_order,2018-05-07,517.1
WO-003841,1,purchase_order,2018-04-25,1300.59
WO-003842,1,bank_transfer,2018-05-16,410.48
WO-003843,1,bank_transfer,2018-03-31,951.37
WO-003844,1,purchase_order,2018-05-18,1635.24
WO-003845,1,purchase_order,2018-04-13,118.73
WO-003845,2,bank_transfer,2018-05-01,398.64
WO-003846,1,purchase_order,2018-04-30,431.32
WO-003847,1,bank_transfer,2018-05-03,3442.42
WO-003848,1,purchase_order,2018-04-22,1459.96
WO-003849,1,corporate_card,2018-04-16,1839.0
WO-003850,1,bank_transfer,2018-04-19,1126.28
WO-003851,1,corporate_card,2018-04-20,564.89
WO-003852,1,bank_transfer,2018-05-02,1149.29
WO-003853,1,bank_transfer,2018-05-05,1263.08
WO-003853,2,bank_transfer,2018-06-14,1878.68
WO-003854,1,bank_transfer,2018-05-23,494.49
WO-003855,1,bank_transfer,2018-06-14,1715.34
WO-003856,1,bank_transfer,2018-05-11,5352.37
WO-003857,1,corporate_card,2018-04-10,699.46
WO-003858,1,purchase_order,2018-04-01,1469.5
WO-003859,1,bank_transfer,2018-05-29,679.59
WO-003860,1,bank_transfer,2018-04-04,2032.98
WO-003861,1,bank_transfer,2018-04-20,861.05
WO-003862,1,bank_transfer,2018-05-02,1061.28
WO-003862,2,purchase_order,2018-06-02,914.18
WO-003863,1,bank_transfer,2018-05-06,2576.95
WO-003864,1,bank_transfer,2018-04-15,992.1
WO-003865,1,bank_transfer,2018-04-29,357.75
WO-003865,2,bank_transfer,2018-06-11,973.64
WO-003866,1,purchase_order,2018-05-06,1880.84
WO-003867,1,bank_transfer,2018-04-08,820.71
WO-003867,2,purchase_order,2018-05-04,769.15
WO-003867,3,corporate_card,2018-06-15,453.32
WO-003868,1,corporate_card,2018-05-31,520.6
WO-003868,2,bank_transfer,2018-07-09,1265.16
WO-003869,1,bank_transfer,2018-05-11,2327.96
WO-003870,1,bank_transfer,2018-05-14,1345.45
WO-003871,1,purchase_order,2018-05-17,663.02
WO-003872,1,bank_transfer,2018-05-14,1197.35
WO-003873,1,bank_transfer,2018-05-02,1148.64
WO-003873,2,bank_transfer,2018-06-13,495.01
WO-003874,1,bank_transfer,2018-05-18,613.85
WO-003875,1,purchase_order,2018-04-13,3383.69
WO-003876,1,bank_transfer,2018-05-10,1572.1
WO-003877,1,bank_transfer,2018-05-02,1253.6
WO-003877,2,corporate_card,2018-05-24,407.4
WO-003878,1,corporate_card,2018-05-02,1396.28
WO-003879,1,corporate_card,2018-04-01,1190.45
WO-003880,1,bank_transfer,2018-05-11,670.1
WO-003881,1,bank_transfer,2018-05-20,872.36
WO-003881,2,corporate_card,2018-06-22,1299.99
WO-003882,1,corporate_card,2018-05-27,218.21
WO-003883,1,bank_transfer,2018-04-28,562.24
WO-003884,1,bank_transfer,2018-05-16,539.32
WO-003885,1,corporate_card,2018-05-06,395.81
WO-003886,1,corporate_card,2018-05-10,1197.74
WO-003887,1,bank_transfer,2018-05-27,118.63
WO-003887,2,bank_transfer,2018-06-18,92.77
WO-003888,1,purchase_order,2018-04-22,732.96
WO-003888,2,bank_transfer,2018-05-16,496.09
WO-003889,1,bank_transfer,2018-04-26,683.67
WO-003890,1,bank_transfer,2018-05-09,888.98
WO-003891,1,purchase_order,2018-04-21,808.81
WO-003892,1,bank_transfer,2018-05-11,761.9
WO-003893,1,purchase_order,2018-04-16,2470.18
WO-003894,1,bank_transfer,2018-06-03,345.75
WO-003895,1,bank_transfer,2018-05-17,544.45
WO-003895,2,bank_transfer,2018-06-11,992.6
WO-003896,1,bank_transfer,2018-05-07,351.27
WO-003896,2,bank_transfer,2018-05-26,271.91
WO-003896,3,corporate_card,2018-06-25,493.3
WO-003898,1,purchase_order,2018-05-29,265.59
WO-003899,1,bank_transfer,2018-05-08,632.02
WO-003900,1,bank_transfer,2018-04-23,391.36
WO-003901,1,bank_transfer,2018-05-09,2279.54
WO-003902,1,purchase_order,2018-04-21,426.25
WO-003903,1,purchase_order,2018-04-22,693.91
WO-003904,1,corporate_card,2018-04-15,2836.6
WO-003905,1,bank_transfer,2018-04-07,907.48
WO-003906,1,bank_transfer,2018-04-11,1112.18
WO-003907,1,purchase_order,2018-05-24,578.5
WO-003907,2,bank_transfer,2018-06-22,1918.93
WO-003908,1,corporate_card,2018-05-24,1734.98
WO-003909,1,purchase_order,2018-05-04,238.04
WO-003910,1,bank_transfer,2018-05-07,507.46
WO-003911,1,bank_transfer,2018-04-23,1289.26
WO-003912,1,purchase_order,2018-05-04,2321.64
WO-003913,1,purchase_order,2018-05-22,361.42
WO-003913,2,bank_transfer,2018-06-18,464.14
WO-003913,3,corporate_card,2018-07-31,307.45
WO-003914,1,bank_transfer,2018-04-21,619.74
WO-003915,1,corporate_card,2018-05-04,218.41
WO-003915,2,purchase_order,2018-06-08,344.37
WO-003916,1,bank_transfer,2018-05-21,1269.68
WO-003917,1,purchase_order,2018-05-06,1050.62
WO-003918,1,bank_transfer,2018-05-27,822.8
WO-003919,1,purchase_order,2018-05-19,173.78
WO-003920,1,bank_transfer,2018-04-23,1055.15
WO-003921,1,bank_transfer,2018-05-18,1416.1
WO-003922,1,bank_transfer,2018-05-13,857.27
WO-003922,2,bank_transfer,2018-06-23,483.65
WO-003923,1,purchase_order,2018-04-16,744.49
WO-003924,1,bank_transfer,2018-04-14,747.16
WO-003925,1,bank_transfer,2018-04-01,1965.98
WO-003926,1,bank_transfer,2018-05-10,319.55
WO-003926,2,purchase_order,2018-06-14,357.82
WO-003927,1,bank_transfer,2018-05-05,3049.55
WO-003928,1,bank_transfer,2018-05-06,1716.68
WO-003929,1,corporate_card,2018-04-09,745.11
WO-003930,1,bank_transfer,2018-05-19,3311.39
WO-003931,1,corporate_card,2018-05-28,680.65
WO-003932,1,bank_transfer,2018-05-25,953.27
WO-003933,1,purchase_order,2018-06-10,1114.35
WO-003933,2,corporate_card,2018-06-28,469.72
WO-003934,1,bank_transfer,2018-04-22,2875.56
WO-003935,1,corporate_card,2018-04-23,1626.32
WO-003936,1,bank_transfer,2018-05-27,1262.75
WO-003937,1,bank_transfer,2018-04-02,1012.95
WO-003938,1,bank_transfer,2018-05-26,1235.3
WO-003939,1,bank_transfer,2018-06-17,1699.08
WO-003940,1,purchase_order,2018-05-14,523.87
WO-003941,1,bank_transfer,2018-04-04,573.89
WO-003942,1,purchase_order,2018-05-09,1217.13
WO-003943,1,purchase_order,2018-05-24,2083.18
WO-003944,1,purchase_order,2018-05-26,369.71
WO-003945,1,corporate_card,2018-05-03,693.64
WO-003946,1,corporate_card,2018-06-02,270.33
WO-003946,2,purchase_order,2018-06-18,458.23
WO-003947,1,bank_transfer,2018-05-10,559.03
WO-003948,1,corporate_card,2018-06-16,785.64
WO-003949,1,bank_transfer,2018-06-03,408.86
WO-003950,1,purchase_order,2018-04-28,928.96
WO-003951,1,bank_transfer,2018-04-20,464.04
WO-003952,1,purchase_order,2018-06-16,313.19
WO-003952,2,bank_transfer,2018-07-14,238.53
WO-003953,1,corporate_card,2018-06-15,2179.87
WO-003954,1,corporate_card,2018-05-12,1184.81
WO-003955,1,purchase_order,2018-04-24,491.18
WO-003955,2,purchase_order,2018-05-23,466.68
WO-003956,1,bank_transfer,2018-05-27,1031.64
WO-003957,1,bank_transfer,2018-05-02,1325.83
WO-003959,1,purchase_order,2018-05-11,910.43
WO-003960,1,bank_transfer,2018-06-03,356.54
WO-003960,2,bank_transfer,2018-07-07,265.07
WO-003961,1,purchase_order,2018-06-03,223.19
WO-003961,2,corporate_card,2018-07-17,579.21
WO-003962,1,corporate_card,2018-05-02,613.38
WO-003963,1,bank_transfer,2018-04-29,2987.65
WO-003964,1,purchase_order,2018-06-23,250.21
WO-003965,1,purchase_order,2018-05-25,1200.25
WO-003966,1,bank_transfer,2018-05-31,382.96
WO-003966,2,bank_transfer,2018-06-29,449.87
WO-003967,1,corporate_card,2018-05-01,1294.58
WO-003968,1,corporate_card,2018-05-09,1578.55
WO-003969,1,purchase_order,2018-05-10,621.97
WO-003969,2,purchase_order,2018-06-20,760.13
WO-003969,3,bank_transfer,2018-07-26,927.64
WO-003970,1,purchase_order,2018-05-05,1797.06
WO-003971,1,purchase_order,2018-05-30,452.17
WO-003971,2,bank_transfer,2018-06-30,254.63
WO-003972,1,corporate_card,2018-05-14,2522.99
WO-003973,1,bank_transfer,2018-05-14,305.49
WO-003974,1,purchase_order,2018-05-03,666.7
WO-003975,1,bank_transfer,2018-05-15,613.8
WO-003976,1,purchase_order,2018-05-21,1166.4
WO-003977,1,bank_transfer,2018-05-08,497.43
WO-003978,1,bank_transfer,2018-05-11,2561.76
WO-003979,1,purchase_order,2018-05-27,5583.6
WO-003980,1,bank_transfer,2018-04-07,1741.21
WO-003981,1,corporate_card,2018-04-07,244.35
WO-003981,2,bank_transfer,2018-05-20,724.3
WO-003981,3,bank_transfer,2018-06-05,348.54
WO-003982,1,bank_transfer,2018-05-24,996.57
WO-003983,1,bank_transfer,2018-06-01,2007.84
WO-003984,1,corporate_card,2018-05-27,247.6
WO-003984,2,corporate_card,2018-06-20,592.99
WO-003985,1,bank_transfer,2018-05-05,1808.11
WO-003986,1,bank_transfer,2018-06-01,1552.38
WO-003987,1,bank_transfer,2018-05-18,647.78
WO-003987,2,purchase_order,2018-06-20,779.32
WO-003988,1,purchase_order,2018-04-29,665.73
WO-003989,1,bank_transfer,2018-05-16,362.55
WO-003990,1,bank_transfer,2018-04-11,2540.62
WO-003991,1,bank_transfer,2018-05-05,718.1
WO-003992,1,bank_transfer,2018-04-24,1274.83
WO-003993,1,corporate_card,2018-05-12,686.32
WO-003994,1,bank_transfer,2018-04-26,393.38
WO-003995,1,bank_transfer,2018-05-23,364.13
WO-003996,1,bank_transfer,2018-05-01,648.31
WO-003996,2,bank_transfer,2018-06-06,736.71
WO-003997,1,bank_transfer,2018-05-29,406.7
WO-003997,2,purchase_order,2018-06-26,257.49
WO-003998,1,bank_transfer,2018-04-26,269.69
WO-003999,1,corporate_card,2018-05-31,434.82
WO-003999,2,bank_transfer,2018-07-12,618.59
WO-004000,1,corporate_card,2018-07-03,411.4
WO-004000,2,bank_transfer,2018-08-01,415.32
WO-004001,1,bank_transfer,2018-04-30,1210.03
WO-004002,1,bank_transfer,2018-06-11,982.37
WO-004004,1,bank_transfer,2018-04-28,587.29
WO-004005,1,bank_transfer,2018-04-21,983.68
WO-004006,1,bank_transfer,2018-05-22,1824.65
WO-004007,1,bank_transfer,2018-06-19,1010.59
WO-004008,1,purchase_order,2018-05-27,1535.95
WO-004009,1,bank_transfer,2018-06-23,466.57
WO-004010,1,purchase_order,2018-06-08,1242.59
WO-004011,1,bank_transfer,2018-05-29,1870.66
WO-004012,1,bank_transfer,2018-05-07,684.31
WO-004013,1,bank_transfer,2018-05-13,269.97
WO-004013,2,bank_transfer,2018-06-24,120.83
WO-004013,3,bank_transfer,2018-07-19,222.79
WO-004014,1,purchase_order,2018-05-19,378.48
WO-004014,2,corporate_card,2018-06-07,112.48
WO-004016,1,bank_transfer,2018-06-06,270.72
WO-004016,2,bank_transfer,2018-06-23,769.13
WO-004017,1,bank_transfer,2018-05-08,1471.4
WO-004018,1,corporate_card,2018-04-23,223.79
WO-004018,2,purchase_order,2018-05-31,323.15
WO-004019,1,bank_transfer,2018-05-26,896.11
WO-004020,1,bank_transfer,2018-05-28,1747.8
WO-004021,1,purchase_order,2018-05-01,1020.44
WO-004022,1,bank_transfer,2018-06-01,208.11
WO-004022,2,purchase_order,2018-06-24,144.93
WO-004022,3,bank_transfer,2018-07-18,325.6
WO-004023,1,bank_transfer,2018-04-18,405.91
WO-004023,2,bank_transfer,2018-05-13,147.51
WO-004024,1,bank_transfer,2018-05-24,733.39
WO-004025,1,corporate_card,2018-05-12,512.99
WO-004026,1,bank_transfer,2018-04-23,545.15
WO-004027,1,bank_transfer,2018-05-08,475.81
WO-004028,1,purchase_order,2018-05-12,2831.31
WO-004029,1,bank_transfer,2018-06-14,500.62
WO-004030,1,purchase_order,2018-05-10,905.68
WO-004031,1,bank_transfer,2018-05-18,114.64
WO-004031,2,bank_transfer,2018-06-04,155.45
WO-004032,1,bank_transfer,2018-05-31,1441.86
WO-004033,1,purchase_order,2018-05-30,382.31
WO-004034,1,purchase_order,2018-05-31,488.48
WO-004034,2,bank_transfer,2018-07-07,428.66
WO-004035,1,bank_transfer,2018-05-16,698.66
WO-004035,2,bank_transfer,2018-06-16,433.7
WO-004036,1,bank_transfer,2018-05-04,128.97
WO-004036,2,purchase_order,2018-06-11,93.87
WO-004036,3,purchase_order,2018-07-04,128.81
WO-004037,1,bank_transfer,2018-06-11,1369.08
WO-004038,1,bank_transfer,2018-05-21,566.38
WO-004039,1,bank_transfer,2018-04-23,1362.45
WO-004040,1,purchase_order,2018-05-14,1018.89
WO-004041,1,bank_transfer,2018-06-04,664.75
WO-004042,1,purchase_order,2018-05-29,590.12
WO-004043,1,bank_transfer,2018-04-17,754.81
WO-004044,1,bank_transfer,2018-04-24,2084.33
WO-004045,1,bank_transfer,2018-05-22,1228.42
WO-004046,1,bank_transfer,2018-05-19,1054.77
WO-004046,2,purchase_order,2018-06-26,882.26
WO-004047,1,corporate_card,2018-05-12,858.53
WO-004048,1,bank_transfer,2018-06-20,432.71
WO-004049,1,purchase_order,2018-05-12,655.45
WO-004050,1,bank_transfer,2018-05-13,590.07
WO-004051,1,bank_transfer,2018-05-27,185.54
WO-004051,2,purchase_order,2018-07-05,545.61
WO-004052,1,purchase_order,2018-05-24,256.65
WO-004052,2,bank_transfer,2018-06-30,321.34
WO-004053,1,bank_transfer,2018-05-17,1400.49
WO-004055,1,bank_transfer,2018-06-08,324.64
WO-004055,2,purchase_order,2018-07-02,736.13
WO-004056,1,bank_transfer,2018-05-08,761.31
WO-004057,1,bank_transfer,2018-05-02,465.25
WO-004058,1,bank_transfer,2018-05-15,2583.54
WO-004059,1,corporate_card,2018-06-22,285.53
WO-004059,2,bank_transfer,2018-07-29,1121.98
WO-004060,1,bank_transfer,2018-05-15,744.58
WO-004061,1,bank_transfer,2018-05-18,1286.85
WO-004062,1,purchase_order,2018-05-31,493.61
WO-004063,1,corporate_card,2018-06-02,1535.51
WO-004064,1,bank_transfer,2018-06-12,408.1
WO-004065,1,purchase_order,2018-04-28,466.13
WO-004065,2,purchase_order,2018-05-17,539.24
WO-004066,1,purchase_order,2018-05-31,598.66
WO-004067,1,bank_transfer,2018-05-06,316.03
WO-004067,2,purchase_order,2018-06-15,172.65
WO-004068,1,bank_transfer,2018-04-19,377.13
WO-004069,1,bank_transfer,2018-05-31,714.86
WO-004070,1,purchase_order,2018-05-24,586.31
WO-004071,1,bank_transfer,2018-05-01,1602.51
WO-004072,1,bank_transfer,2018-05-19,3146.49
WO-004073,1,purchase_order,2018-04-23,520.89
WO-004074,1,bank_transfer,2018-05-06,490.49
WO-004075,1,bank_transfer,2018-06-11,3197.64
WO-004076,1,purchase_order,2018-05-22,1163.34
WO-004077,1,purchase_order,2018-04-25,1097.85
WO-004078,1,bank_transfer,2018-06-10,299.32
WO-004078,2,bank_transfer,2018-06-28,217.1
WO-004079,1,purchase_order,2018-05-11,100.98
WO-004079,2,bank_transfer,2018-06-23,513.29
WO-004079,3,purchase_order,2018-07-24,274.14
WO-004080,1,bank_transfer,2018-07-02,732.98
WO-004081,1,bank_transfer,2018-05-25,812.9
WO-004081,2,bank_transfer,2018-07-01,634.75
WO-004082,1,corporate_card,2018-05-23,1185.61
WO-004083,1,bank_transfer,2018-06-07,326.16
WO-004083,2,purchase_order,2018-07-09,466.82
WO-004084,1,corporate_card,2018-04-22,1139.46
WO-004086,1,bank_transfer,2018-06-16,224.89
WO-004086,2,bank_transfer,2018-07-08,270.64
WO-004087,1,bank_transfer,2018-06-04,685.08
WO-004088,1,bank_transfer,2018-04-28,442.25
WO-004088,2,purchase_order,2018-05-18,307.6
WO-004089,1,bank_transfer,2018-05-06,1087.56
WO-004090,1,corporate_card,2018-05-12,484.68
WO-004091,1,bank_transfer,2018-07-01,1899.51
WO-004092,1,bank_transfer,2018-05-11,1050.49
WO-004093,1,bank_transfer,2018-05-24,170.13
WO-004093,2,corporate_card,2018-06-11,112.0
WO-004094,1,bank_transfer,2018-04-18,3327.94
WO-004095,1,bank_transfer,2018-06-16,318.5
WO-004096,1,bank_transfer,2018-05-01,1106.6
WO-004097,1,bank_transfer,2018-06-07,204.2
WO-004097,2,bank_transfer,2018-07-05,220.66
WO-004098,1,bank_transfer,2018-05-15,541.0
WO-004100,1,corporate_card,2018-05-16,1119.78
WO-004101,1,purchase_order,2018-06-28,159.72
WO-004101,2,purchase_order,2018-07-13,90.11
WO-004102,1,bank_transfer,2018-06-11,1018.11
WO-004103,1,bank_transfer,2018-05-19,703.99
WO-004104,1,bank_transfer,2018-05-07,1343.51
WO-004105,1,purchase_order,2018-05-24,815.46
WO-004106,1,corporate_card,2018-06-23,611.77
WO-004107,1,purchase_order,2018-05-14,561.91
WO-004108,1,bank_transfer,2018-05-28,122.06
WO-004108,2,bank_transfer,2018-06-25,395.88
WO-004108,3,purchase_order,2018-07-16,230.87
WO-004109,1,purchase_order,2018-05-20,2283.2
WO-004110,1,bank_transfer,2018-05-16,538.4
WO-004110,2,bank_transfer,2018-06-03,577.81
WO-004111,1,bank_transfer,2018-04-23,1166.53
WO-004112,1,purchase_order,2018-06-06,880.64
WO-004113,1,bank_transfer,2018-05-10,836.42
WO-004114,1,purchase_order,2018-06-26,701.87
WO-004115,1,bank_transfer,2018-06-09,180.09
WO-004115,2,bank_transfer,2018-07-14,341.43
WO-004116,1,purchase_order,2018-04-29,984.34
WO-004117,1,corporate_card,2018-05-21,829.26
WO-004118,1,purchase_order,2018-05-07,722.87
WO-004119,1,bank_transfer,2018-05-02,1720.79
WO-004120,1,bank_transfer,2018-05-14,648.03
WO-004121,1,corporate_card,2018-04-26,959.24
WO-004122,1,bank_transfer,2018-06-08,1135.58
WO-004123,1,purchase_order,2018-05-08,651.11
WO-004124,1,bank_transfer,2018-05-21,266.35
WO-004125,1,bank_transfer,2018-05-13,657.9
WO-004126,1,bank_transfer,2018-05-19,652.78
WO-004127,1,bank_transfer,2018-05-11,444.47
WO-004128,1,purchase_order,2018-06-01,700.85
WO-004128,2,bank_transfer,2018-07-04,1052.3
WO-004129,1,corporate_card,2018-06-02,372.73
WO-004130,1,bank_transfer,2018-06-16,1574.04
WO-004130,2,bank_transfer,2018-07-04,931.71
WO-004132,1,corporate_card,2018-06-06,1514.56
WO-004133,1,bank_transfer,2018-05-09,456.18
WO-004133,2,purchase_order,2018-06-09,414.69
WO-004134,1,bank_transfer,2018-05-27,429.71
WO-004134,2,bank_transfer,2018-06-28,172.34
WO-004135,1,bank_transfer,2018-05-21,3083.77
WO-004136,1,bank_transfer,2018-05-07,796.82
WO-004137,1,purchase_order,2018-06-30,483.06
WO-004138,1,bank_transfer,2018-05-27,1375.64
WO-004139,1,corporate_card,2018-05-17,785.58
WO-004140,1,bank_transfer,2018-04-28,937.89
WO-004141,1,purchase_order,2018-06-12,518.3
WO-004143,1,purchase_order,2018-06-01,676.53
WO-004144,1,bank_transfer,2018-04-29,987.43
WO-004144,2,bank_transfer,2018-05-17,3472.68
WO-004145,1,purchase_order,2018-06-13,645.84
WO-004145,2,purchase_order,2018-07-19,1200.54
WO-004146,1,bank_transfer,2018-05-30,1306.17
WO-004147,1,corporate_card,2018-06-16,652.1
WO-004147,2,bank_transfer,2018-07-01,846.62
WO-004148,1,purchase_order,2018-05-30,1454.45
WO-004149,1,bank_transfer,2018-06-27,219.19
WO-004149,2,corporate_card,2018-08-04,395.48
WO-004150,1,bank_transfer,2018-06-15,414.11
WO-004151,1,corporate_card,2018-06-09,3108.68
WO-004152,1,bank_transfer,2018-05-28,1446.6
WO-004153,1,bank_transfer,2018-07-06,934.69
WO-004154,1,bank_transfer,2018-06-06,2696.25
WO-004155,1,bank_transfer,2018-05-17,595.8
WO-004156,1,purchase_order,2018-04-28,169.77
WO-004156,2,bank_transfer,2018-05-17,215.67
WO-004156,3,purchase_order,2018-06-16,210.71
WO-004157,1,bank_transfer,2018-05-30,3254.68
WO-004158,1,purchase_order,2018-07-02,1536.1
WO-004159,1,bank_transfer,2018-06-09,1416.14
WO-004160,1,corporate_card,2018-05-08,2179.38
WO-004161,1,bank_transfer,2018-06-01,571.24
WO-004161,2,bank_transfer,2018-07-15,629.76
WO-004162,1,purchase_order,2018-06-06,887.55
WO-004163,1,bank_transfer,2018-04-25,926.88
WO-004164,1,bank_transfer,2018-06-19,1415.59
WO-004165,1,corporate_card,2018-05-08,601.99
WO-004165,2,purchase_order,2018-05-29,804.26
WO-004166,1,corporate_card,2018-06-06,2174.05
WO-004167,1,corporate_card,2018-05-24,595.46
WO-004168,1,bank_transfer,2018-07-01,624.88
WO-004168,2,bank_transfer,2018-07-19,564.05
WO-004169,1,purchase_order,2018-05-26,584.54
WO-004170,1,bank_transfer,2018-06-03,697.96
WO-004172,1,bank_transfer,2018-06-12,3057.56
WO-004173,1,bank_transfer,2018-06-07,1051.33
WO-004174,1,bank_transfer,2018-05-08,2550.98
WO-004175,1,purchase_order,2018-06-18,2097.12
WO-004176,1,bank_transfer,2018-06-10,542.89
WO-004177,1,bank_transfer,2018-06-14,970.49
WO-004177,2,purchase_order,2018-07-05,1349.99
WO-004178,1,corporate_card,2018-06-14,378.53
WO-004178,2,bank_transfer,2018-07-17,70.91
WO-004179,1,bank_transfer,2018-07-04,762.51
WO-004180,1,bank_transfer,2018-05-07,277.45
WO-004180,2,corporate_card,2018-05-28,436.24
WO-004180,3,bank_transfer,2018-06-15,382.76
WO-004181,1,bank_transfer,2018-05-09,712.95
WO-004182,1,purchase_order,2018-06-29,512.53
WO-004183,1,bank_transfer,2018-05-14,382.37
WO-004184,1,bank_transfer,2018-06-24,329.84
WO-004184,2,corporate_card,2018-07-18,323.36
WO-004185,1,purchase_order,2018-06-10,462.98
WO-004185,2,bank_transfer,2018-06-26,622.81
WO-004186,1,purchase_order,2018-06-04,249.9
WO-004186,2,purchase_order,2018-06-28,242.44
WO-004187,1,purchase_order,2018-05-17,986.38
WO-004187,2,bank_transfer,2018-06-02,515.23
WO-004188,1,bank_transfer,2018-06-06,1780.14
WO-004189,1,purchase_order,2018-06-14,1361.24
WO-004190,1,bank_transfer,2018-05-29,850.47
WO-004191,1,purchase_order,2018-05-01,1596.74
WO-004192,1,purchase_order,2018-06-18,1975.67
WO-004193,1,purchase_order,2018-07-23,1536.0
WO-004194,1,bank_transfer,2018-05-13,777.38
WO-004195,1,corporate_card,2018-06-11,343.59
WO-004195,2,purchase_order,2018-07-06,602.74
WO-004196,1,bank_transfer,2018-06-22,195.17
WO-004196,2,bank_transfer,2018-07-25,349.45
WO-004197,1,bank_transfer,2018-06-19,803.93
WO-004198,1,bank_transfer,2018-05-13,403.04
WO-004198,2,bank_transfer,2018-06-11,651.23
WO-004199,1,purchase_order,2018-07-15,2325.99
WO-004200,1,bank_transfer,2018-05-13,1738.69
WO-004201,1,bank_transfer,2018-06-28,1375.76
WO-004202,1,bank_transfer,2018-05-27,1165.55
WO-004203,1,purchase_order,2018-06-03,354.3
WO-004204,1,bank_transfer,2018-05-25,656.59
WO-004205,1,bank_transfer,2018-06-22,288.3
WO-004206,1,bank_transfer,2018-06-12,1025.54
WO-004206,2,purchase_order,2018-07-01,474.32
WO-004207,1,purchase_order,2018-05-22,3186.73
WO-004208,1,purchase_order,2018-06-03,566.17
WO-004209,1,corporate_card,2018-05-23,410.14
WO-004210,1,bank_transfer,2018-06-11,579.02
WO-004212,1,bank_transfer,2018-06-09,2266.27
WO-004213,1,bank_transfer,2018-06-26,237.17
WO-004214,1,bank_transfer,2018-06-16,359.52
WO-004215,1,corporate_card,2018-05-19,273.63
WO-004217,1,bank_transfer,2018-06-06,576.95
WO-004218,1,bank_transfer,2018-06-27,2324.6
WO-004219,1,bank_transfer,2018-05-31,1028.56
WO-004220,1,purchase_order,2018-07-12,2935.96
WO-004221,1,purchase_order,2018-06-16,167.43
WO-004221,2,purchase_order,2018-07-19,1252.75
WO-004222,1,bank_transfer,2018-07-08,1737.1
WO-004223,1,bank_transfer,2018-05-09,1057.94
WO-004224,1,bank_transfer,2018-07-02,800.45
WO-004225,1,corporate_card,2018-05-29,591.85
WO-004226,1,purchase_order,2018-06-11,627.79
WO-004227,1,bank_transfer,2018-06-28,1140.77
WO-004228,1,purchase_order,2018-05-22,445.49
WO-004229,1,corporate_card,2018-06-19,786.77
WO-004230,1,bank_transfer,2018-05-07,2933.8
WO-004231,1,bank_transfer,2018-05-07,692.46
WO-004232,1,corporate_card,2018-07-03,1012.12
WO-004233,1,bank_transfer,2018-06-13,713.01
WO-004234,1,corporate_card,2018-05-20,1791.9
WO-004235,1,purchase_order,2018-06-10,1131.77
WO-004236,1,purchase_order,2018-06-08,1666.68
WO-004237,1,corporate_card,2018-06-12,853.54
WO-004238,1,corporate_card,2018-06-19,990.88
WO-004238,2,bank_transfer,2018-07-13,689.93
WO-004239,1,corporate_card,2018-07-03,1580.34
WO-004239,2,corporate_card,2018-08-05,913.34
WO-004240,1,purchase_order,2018-06-06,1318.35
WO-004241,1,purchase_order,2018-05-24,2168.55
WO-004242,1,bank_transfer,2018-07-13,586.05
WO-004243,1,corporate_card,2018-07-04,431.74
WO-004243,2,corporate_card,2018-07-22,292.51
WO-004244,1,purchase_order,2018-06-07,1333.72
WO-004245,1,corporate_card,2018-06-20,1430.04
WO-004246,1,corporate_card,2018-06-14,1022.7
WO-004247,1,bank_transfer,2018-06-09,174.59
WO-004247,2,bank_transfer,2018-06-30,53.3
WO-004248,1,bank_transfer,2018-05-07,414.59
WO-004249,1,purchase_order,2018-06-18,2143.56
WO-004250,1,bank_transfer,2018-07-17,224.96
WO-004250,2,corporate_card,2018-08-29,465.27
WO-004251,1,purchase_order,2018-05-29,173.05
WO-004251,2,corporate_card,2018-07-05,131.63
WO-004252,1,corporate_card,2018-07-15,1520.82
WO-004253,1,bank_transfer,2018-06-01,421.55
WO-004255,1,bank_transfer,2018-06-13,460.18
WO-004256,1,bank_transfer,2018-07-10,1247.89
WO-004257,1,purchase_order,2018-05-04,1235.46
WO-004258,1,bank_transfer,2018-07-07,1784.41
WO-004259,1,bank_transfer,2018-06-11,1811.66
WO-004260,1,purchase_order,2018-06-08,723.87
WO-004261,1,purchase_order,2018-07-01,753.18
WO-004262,1,bank_transfer,2018-06-17,889.21
WO-004263,1,bank_transfer,2018-06-23,663.75
WO-004264,1,corporate_card,2018-06-01,1361.32
WO-004265,1,bank_transfer,2018-05-31,766.16
WO-004266,1,bank_transfer,2018-07-11,2237.84
WO-004268,1,corporate_card,2018-05-24,1313.51
WO-004269,1,bank_transfer,2018-06-17,2515.8
WO-004270,1,bank_transfer,2018-06-30,422.07
WO-004271,1,bank_transfer,2018-06-17,135.97
WO-004271,2,bank_transfer,2018-07-06,75.1
WO-004271,3,bank_transfer,2018-07-25,54.95
WO-004272,1,purchase_order,2018-05-21,515.42
WO-004273,1,bank_transfer,2018-05-27,610.94
WO-004273,2,bank_transfer,2018-06-29,784.76
WO-004274,1,purchase_order,2018-06-18,312.09
WO-004274,2,bank_transfer,2018-07-19,449.68
WO-004275,1,purchase_order,2018-06-14,2177.41
WO-004276,1,bank_transfer,2018-06-20,1710.68
WO-004277,1,bank_transfer,2018-06-19,747.77
WO-004277,2,bank_transfer,2018-07-30,1133.26
WO-004278,1,bank_transfer,2018-06-12,2572.76
WO-004279,1,corporate_card,2018-06-14,188.31
WO-004279,2,purchase_order,2018-07-10,318.96
WO-004280,1,purchase_order,2018-06-17,365.42
WO-004280,2,bank_transfer,2018-07-09,308.28
WO-004280,3,bank_transfer,2018-08-18,238.1
WO-004281,1,bank_transfer,2018-06-16,1268.94
WO-004282,1,bank_transfer,2018-05-30,650.92
WO-004283,1,purchase_order,2018-06-25,2574.38
WO-004284,1,bank_transfer,2018-07-11,418.75
WO-004285,1,bank_transfer,2018-06-08,978.72
WO-004286,1,bank_transfer,2018-05-26,777.38
WO-004287,1,bank_transfer,2018-06-23,916.15
WO-004288,1,bank_transfer,2018-07-24,530.63
WO-004288,2,purchase_order,2018-08-31,558.22
WO-004289,1,bank_transfer,2018-06-12,1720.37
WO-004290,1,corporate_card,2018-06-15,511.55
WO-004291,1,bank_transfer,2018-06-02,696.56
WO-004292,1,bank_transfer,2018-06-10,1496.27
WO-004293,1,corporate_card,2018-07-02,726.07
WO-004294,1,purchase_order,2018-06-03,761.92
WO-004295,1,bank_transfer,2018-06-18,815.02
WO-004296,1,bank_transfer,2018-06-12,791.5
WO-004297,1,bank_transfer,2018-07-09,2569.44
WO-004298,1,bank_transfer,2018-06-02,842.67
WO-004298,2,purchase_order,2018-06-20,731.88
WO-004299,1,purchase_order,2018-07-08,258.18
WO-004300,1,purchase_order,2018-06-07,1686.88
WO-004301,1,bank_transfer,2018-06-10,805.81
WO-004302,1,purchase_order,2018-05-15,981.93
WO-004302,2,corporate_card,2018-06-08,1868.92
WO-004303,1,bank_transfer,2018-06-13,442.74
WO-004303,2,bank_transfer,2018-06-29,728.19
WO-004304,1,purchase_order,2018-06-07,327.72
WO-004304,2,purchase_order,2018-07-16,301.96
WO-004305,1,bank_transfer,2018-06-18,1139.07
WO-004306,1,bank_transfer,2018-05-14,4088.4
WO-004307,1,bank_transfer,2018-07-06,660.33
WO-004307,2,purchase_order,2018-07-28,1319.61
WO-004307,3,bank_transfer,2018-08-25,817.11
WO-004308,1,bank_transfer,2018-05-21,631.75
WO-004309,1,purchase_order,2018-08-05,976.01
WO-004310,1,bank_transfer,2018-05-28,1025.24
WO-004311,1,bank_transfer,2018-06-27,383.32
WO-004311,2,bank_transfer,2018-08-07,85.83
WO-004311,3,purchase_order,2018-08-22,230.75
WO-004312,1,bank_transfer,2018-07-12,113.57
WO-004312,2,bank_transfer,2018-08-05,150.81
WO-004312,3,bank_transfer,2018-09-17,114.83
WO-004313,1,bank_transfer,2018-05-23,911.32
WO-004314,1,corporate_card,2018-05-22,1102.51
WO-004314,2,purchase_order,2018-06-18,898.26
WO-004315,1,purchase_order,2018-06-08,648.96
WO-004315,2,bank_transfer,2018-07-13,239.1
WO-004315,3,corporate_card,2018-08-01,984.79
WO-004316,1,corporate_card,2018-06-02,215.55
WO-004316,2,bank_transfer,2018-06-28,296.22
WO-004317,1,corporate_card,2018-05-26,2197.04
WO-004318,1,corporate_card,2018-07-31,1485.25
WO-004319,1,purchase_order,2018-06-03,997.07
WO-004320,1,bank_transfer,2018-06-12,1058.57
WO-004321,1,bank_transfer,2018-06-28,574.3
WO-004322,1,bank_transfer,2018-06-04,847.39
WO-004323,1,bank_transfer,2018-06-11,272.73
WO-004323,2,purchase_order,2018-07-21,193.52
WO-004323,3,purchase_order,2018-08-26,383.97
WO-004324,1,bank_transfer,2018-06-25,1332.1
WO-004325,1,corporate_card,2018-06-29,818.48
WO-004326,1,bank_transfer,2018-06-03,330.0
WO-004327,1,bank_transfer,2018-06-11,837.57
WO-004328,1,purchase_order,2018-07-19,340.65
WO-004328,2,purchase_order,2018-09-01,764.48
WO-004329,1,purchase_order,2018-07-11,235.78
WO-004330,1,bank_transfer,2018-06-08,685.31
WO-004331,1,purchase_order,2018-07-19,1347.08
WO-004332,1,bank_transfer,2018-06-26,1036.16
WO-004332,2,bank_transfer,2018-08-07,1034.61
WO-004333,1,corporate_card,2018-05-18,1106.08
WO-004334,1,purchase_order,2018-06-10,1247.32
WO-004335,1,corporate_card,2018-06-29,1301.41
WO-004336,1,corporate_card,2018-07-12,1668.21
WO-004337,1,bank_transfer,2018-06-12,1316.3
WO-004338,1,bank_transfer,2018-06-28,3553.97
WO-004339,1,bank_transfer,2018-05-15,872.5
WO-004339,2,bank_transfer,2018-06-19,110.86
WO-004339,3,bank_transfer,2018-07-15,417.08
WO-004340,1,bank_transfer,2018-07-28,747.33
WO-004340,2,corporate_card,2018-09-09,1215.79
WO-004341,1,purchase_order,2018-06-03,136.34
WO-004341,2,corporate_card,2018-07-12,105.27
WO-004341,3,purchase_order,2018-08-03,155.51
WO-004342,1,purchase_order,2018-05-31,1305.99
WO-004343,1,bank_transfer,2018-07-23,815.65
WO-004344,1,bank_transfer,2018-05-31,582.13
WO-004346,1,bank_transfer,2018-06-17,280.85
WO-004346,2,purchase_order,2018-07-03,281.53
WO-004347,1,purchase_order,2018-07-01,2563.98
WO-004348,1,bank_transfer,2018-06-29,659.04
WO-004349,1,purchase_order,2018-06-11,639.37
WO-004350,1,bank_transfer,2018-07-01,1199.29
WO-004351,1,bank_transfer,2018-06-21,755.01
WO-004351,2,bank_transfer,2018-07-19,371.12
WO-004352,1,bank_transfer,2018-07-12,362.94
WO-004352,2,corporate_card,2018-08-11,198.92
WO-004353,1,bank_transfer,2018-06-10,90.28
WO-004353,2,purchase_order,2018-06-25,180.41
WO-004354,1,purchase_order,2018-06-22,1463.38
WO-004355,1,bank_transfer,2018-07-07,1965.63
WO-004356,1,purchase_order,2018-07-02,1679.68
WO-004357,1,corporate_card,2018-07-06,859.28
WO-004359,1,bank_transfer,2018-07-09,279.96
WO-004359,2,purchase_order,2018-08-08,379.61
WO-004360,1,bank_transfer,2018-07-14,429.23
WO-004361,1,purchase_order,2018-06-23,1250.91
WO-004362,1,purchase_order,2018-06-10,3052.21
WO-004363,1,bank_transfer,2018-06-05,741.98
WO-004363,2,corporate_card,2018-07-11,344.38
WO-004364,1,bank_transfer,2018-06-29,958.01
WO-004365,1,bank_transfer,2018-06-10,780.78
WO-004366,1,bank_transfer,2018-07-25,1839.89
WO-004367,1,purchase_order,2018-06-21,873.05
WO-004368,1,purchase_order,2018-05-22,299.3
WO-004368,2,bank_transfer,2018-07-02,152.36
WO-004370,1,corporate_card,2018-05-25,1544.01
WO-004371,1,bank_transfer,2018-06-04,651.05
WO-004372,1,bank_transfer,2018-07-10,1227.63
WO-004373,1,bank_transfer,2018-06-13,2140.0
WO-004374,1,bank_transfer,2018-06-08,1354.75
WO-004375,1,bank_transfer,2018-06-23,4194.53
WO-004376,1,bank_transfer,2018-07-06,658.65
WO-004377,1,bank_transfer,2018-06-29,1521.94
WO-004378,1,purchase_order,2018-06-10,2977.05
WO-004379,1,purchase_order,2018-05-23,582.61
WO-004380,1,bank_transfer,2018-06-26,657.87
WO-004381,1,bank_transfer,2018-06-07,866.99
WO-004381,2,bank_transfer,2018-06-23,1044.09
WO-004382,1,purchase_order,2018-06-09,2253.95
WO-004383,1,bank_transfer,2018-05-21,371.77
WO-004384,1,bank_transfer,2018-06-07,537.39
WO-004385,1,purchase_order,2018-07-03,939.48
WO-004386,1,purchase_order,2018-07-31,845.47
WO-004387,1,bank_transfer,2018-06-01,351.82
WO-004387,2,purchase_order,2018-06-29,433.04
WO-004388,1,purchase_order,2018-07-13,2340.87
WO-004389,1,bank_transfer,2018-07-25,1299.94
WO-004390,1,corporate_card,2018-06-26,912.7
WO-004391,1,purchase_order,2018-06-26,634.48
WO-004392,1,purchase_order,2018-05-23,903.84
WO-004393,1,bank_transfer,2018-05-17,358.7
WO-004394,1,bank_transfer,2018-07-05,2219.04
WO-004395,1,bank_transfer,2018-06-02,414.66
WO-004395,2,bank_transfer,2018-07-09,379.96
WO-004396,1,bank_transfer,2018-06-28,1429.01
WO-004397,1,bank_transfer,2018-05-30,2794.57
WO-004398,1,bank_transfer,2018-06-17,365.57
WO-004400,1,purchase_order,2018-06-28,3029.09
WO-004401,1,corporate_card,2018-07-05,330.85
WO-004402,1,bank_transfer,2018-06-25,399.01
WO-004402,2,purchase_order,2018-08-05,265.24
WO-004403,1,corporate_card,2018-06-14,1484.74
WO-004404,1,bank_transfer,2018-07-11,869.94
WO-004404,2,bank_transfer,2018-07-31,673.58
WO-004405,1,bank_transfer,2018-06-29,2696.95
WO-004406,1,bank_transfer,2018-06-14,401.13
WO-004406,2,bank_transfer,2018-07-01,659.7
WO-004407,1,bank_transfer,2018-06-12,2260.75
WO-004408,1,bank_transfer,2018-08-03,3362.4
WO-004409,1,bank_transfer,2018-07-28,401.8
WO-004409,2,bank_transfer,2018-08-13,416.8
WO-004410,1,corporate_card,2018-06-14,716.33
WO-004411,1,corporate_card,2018-07-25,1110.67
WO-004412,1,bank_transfer,2018-05-30,381.31
WO-004412,2,purchase_order,2018-06-25,228.73
WO-004413,1,bank_transfer,2018-06-24,1642.65
WO-004413,2,bank_transfer,2018-07-16,394.5
WO-004414,1,corporate_card,2018-07-23,405.76
WO-004414,2,purchase_order,2018-08-28,269.66
WO-004415,1,purchase_order,2018-07-17,1291.12
WO-004416,1,bank_transfer,2018-07-23,1318.26
WO-004417,1,purchase_order,2018-06-22,1227.72
WO-004418,1,purchase_order,2018-05-31,1084.7
WO-004419,1,bank_transfer,2018-05-27,342.35
WO-004419,2,corporate_card,2018-06-29,472.31
WO-004420,1,purchase_order,2018-07-06,1157.59
WO-004421,1,purchase_order,2018-07-01,419.57
WO-004421,2,bank_transfer,2018-08-07,472.04
WO-004422,1,bank_transfer,2018-06-12,963.82
WO-004423,1,purchase_order,2018-06-15,1323.29
WO-004424,1,bank_transfer,2018-07-27,1478.24
WO-004425,1,bank_transfer,2018-06-19,1806.07
WO-004426,1,purchase_order,2018-06-15,1295.11
WO-004427,1,bank_transfer,2018-07-28,249.74
WO-004427,2,corporate_card,2018-08-17,546.99
WO-004428,1,purchase_order,2018-07-06,1151.03
WO-004429,1,purchase_order,2018-07-21,778.28
WO-004431,1,bank_transfer,2018-05-22,439.45
WO-004431,2,purchase_order,2018-06-15,918.62
WO-004431,3,purchase_order,2018-07-18,856.91
WO-004432,1,purchase_order,2018-06-17,1323.74
WO-004433,1,purchase_order,2018-06-29,2180.93
WO-004434,1,bank_transfer,2018-08-08,215.75
WO-004435,1,purchase_order,2018-06-18,185.15
WO-004435,2,purchase_order,2018-07-31,140.12
WO-004436,1,bank_transfer,2018-05-23,1301.54
WO-004437,1,bank_transfer,2018-06-10,1049.9
WO-004438,1,bank_transfer,2018-07-11,1732.45
WO-004439,1,bank_transfer,2018-06-30,981.94
WO-004440,1,purchase_order,2018-06-17,1468.76
WO-004442,1,purchase_order,2018-05-26,940.04
WO-004443,1,bank_transfer,2018-07-11,1700.09
WO-004444,1,bank_transfer,2018-07-03,2267.81
WO-004445,1,bank_transfer,2018-06-17,864.67
WO-004446,1,purchase_order,2018-06-02,988.89
WO-004447,1,bank_transfer,2018-07-17,782.83
WO-004448,1,bank_transfer,2018-07-04,1887.98
WO-004449,1,bank_transfer,2018-05-25,1887.4
WO-004449,2,corporate_card,2018-06-26,1568.82
WO-004450,1,bank_transfer,2018-07-05,564.8
WO-004451,1,bank_transfer,2018-07-09,3871.58
WO-004452,1,bank_transfer,2018-06-02,760.92
WO-004453,1,bank_transfer,2018-06-27,243.78
WO-004453,2,corporate_card,2018-07-25,543.97
WO-004454,1,bank_transfer,2018-06-11,469.4
WO-004455,1,bank_transfer,2018-07-22,239.85
WO-004456,1,bank_transfer,2018-07-29,472.5
WO-004457,1,purchase_order,2018-07-16,2440.38
WO-004458,1,purchase_order,2018-06-09,733.92
WO-004459,1,bank_transfer,2018-06-24,139.26
WO-004459,2,purchase_order,2018-07-18,193.6
WO-004460,1,bank_transfer,2018-08-08,734.62
WO-004461,1,bank_transfer,2018-06-23,424.98
WO-004462,1,purchase_order,2018-06-18,3130.49
WO-004465,1,corporate_card,2018-06-25,2913.3
WO-004466,1,purchase_order,2018-07-11,1366.7
WO-004467,1,bank_transfer,2018-06-02,1474.88
WO-004468,1,bank_transfer,2018-07-10,1065.45
WO-004469,1,bank_transfer,2018-06-01,351.03
WO-004470,1,bank_transfer,2018-07-04,1139.96
WO-004471,1,purchase_order,2018-06-08,1255.82
WO-004472,1,bank_transfer,2018-06-13,1309.65
WO-004473,1,corporate_card,2018-08-11,1413.97
WO-004474,1,purchase_order,2018-05-25,801.25
WO-004475,1,bank_transfer,2018-07-22,1350.97
WO-004476,1,bank_transfer,2018-07-05,1512.65
WO-004477,1,purchase_order,2018-06-09,2961.86
WO-004478,1,corporate_card,2018-08-04,1304.17
WO-004479,1,corporate_card,2018-06-25,858.94
WO-004480,1,bank_transfer,2018-05-25,940.36
WO-004480,2,purchase_order,2018-06-13,1014.64
WO-004481,1,bank_transfer,2018-07-09,549.08
WO-004481,2,purchase_order,2018-08-16,415.06
WO-004482,1,bank_transfer,2018-07-18,238.56
WO-004482,2,purchase_order,2018-08-19,526.65
WO-004483,1,purchase_order,2018-07-05,866.6
WO-004484,1,bank_transfer,2018-07-31,363.78
WO-004485,1,bank_transfer,2018-06-17,2041.92
WO-004485,2,bank_transfer,2018-07-19,587.73
WO-004486,1,bank_transfer,2018-07-06,721.39
WO-004487,1,purchase_order,2018-07-10,4632.09
WO-004488,1,purchase_order,2018-07-12,874.74
WO-004489,1,purchase_order,2018-07-03,601.4
WO-004490,1,purchase_order,2018-07-03,432.48
WO-004491,1,purchase_order,2018-06-28,206.84
WO-004491,2,purchase_order,2018-07-29,228.96
WO-004492,1,purchase_order,2018-08-01,1817.07
WO-004493,1,purchase_order,2018-07-17,850.13
WO-004494,1,bank_transfer,2018-05-30,231.62
WO-004494,2,bank_transfer,2018-06-28,624.67
WO-004494,3,purchase_order,2018-07-14,350.48
WO-004495,1,bank_transfer,2018-06-11,1343.43
WO-004495,2,bank_transfer,2018-07-14,653.55
WO-004496,1,bank_transfer,2018-07-19,912.48
WO-004497,1,purchase_order,2018-06-24,2252.43
WO-004498,1,bank_transfer,2018-06-15,522.94
WO-004498,2,bank_transfer,2018-07-03,173.7
WO-004499,1,purchase_order,2018-07-31,903.12
WO-004500,1,bank_transfer,2018-07-01,1143.88
WO-004500,2,bank_transfer,2018-07-29,1485.03
WO-004501,1,corporate_card,2018-06-11,673.11
WO-004501,2,bank_transfer,2018-07-04,393.02
WO-004502,1,bank_transfer,2018-06-07,134.63
WO-004502,2,bank_transfer,2018-07-21,311.46
WO-004503,1,bank_transfer,2018-06-03,1003.64
WO-004504,1,bank_transfer,2018-07-03,380.56
WO-004506,1,purchase_order,2018-07-01,3840.91
WO-004507,1,bank_transfer,2018-07-21,707.52
WO-004508,1,purchase_order,2018-06-18,672.49
WO-004509,1,bank_transfer,2018-07-06,2421.36
WO-004510,1,corporate_card,2018-07-06,162.13
WO-004510,2,bank_transfer,2018-08-09,490.97
WO-004511,1,bank_transfer,2018-06-24,356.21
WO-004511,2,bank_transfer,2018-07-24,751.56
WO-004512,1,bank_transfer,2018-06-11,493.48
WO-004513,1,purchase_order,2018-07-26,442.67
WO-004513,2,purchase_order,2018-08-19,301.74
WO-004514,1,purchase_order,2018-08-03,3925.04
WO-004515,1,purchase_order,2018-07-26,730.46
WO-004516,1,purchase_order,2018-08-12,2096.73
WO-004517,1,bank_transfer,2018-07-17,687.92
WO-004518,1,bank_transfer,2018-06-19,410.83
WO-004519,1,bank_transfer,2018-06-13,650.92
WO-004520,1,bank_transfer,2018-07-09,950.47
WO-004521,1,bank_transfer,2018-07-15,95.62
WO-004521,2,bank_transfer,2018-08-26,108.58
WO-004521,3,purchase_order,2018-09-29,268.93
WO-004522,1,bank_transfer,2018-06-11,1967.63
WO-004523,1,bank_transfer,2018-07-25,1098.39
WO-004523,2,bank_transfer,2018-08-25,337.56
WO-004524,1,bank_transfer,2018-07-02,2259.66
WO-004525,1,purchase_order,2018-07-07,528.19
WO-004525,2,purchase_order,2018-07-29,465.79
WO-004526,1,bank_transfer,2018-07-28,1948.25
WO-004527,1,corporate_card,2018-08-26,1544.55
WO-004528,1,purchase_order,2018-07-20,458.41
WO-004528,2,bank_transfer,2018-09-02,1363.4
WO-004529,1,bank_transfer,2018-06-16,158.66
WO-004529,2,bank_transfer,2018-07-22,607.27
WO-004530,1,bank_transfer,2018-07-24,1154.01
WO-004531,1,bank_transfer,2018-06-06,1017.81
WO-004531,2,bank_transfer,2018-07-19,556.2
WO-004532,1,corporate_card,2018-07-21,1403.24
WO-004533,1,bank_transfer,2018-07-16,205.71
WO-004533,2,bank_transfer,2018-08-02,3044.15
WO-004534,1,bank_transfer,2018-07-19,383.75
WO-004535,1,purchase_order,2018-07-14,1103.31
WO-004536,1,bank_transfer,2018-07-18,777.55
WO-004537,1,bank_transfer,2018-07-19,504.18
WO-004537,2,bank_transfer,2018-08-31,380.54
WO-004538,1,corporate_card,2018-06-08,3418.13
WO-004540,1,purchase_order,2018-07-24,1490.67
WO-004542,1,bank_transfer,2018-07-27,1696.74
WO-004543,1,purchase_order,2018-07-05,1545.57
WO-004544,1,corporate_card,2018-07-31,1179.47
WO-004545,1,bank_transfer,2018-07-17,1291.14
WO-004545,2,purchase_order,2018-08-22,1211.36
WO-004546,1,bank_transfer,2018-06-28,1331.54
WO-004547,1,bank_transfer,2018-06-18,294.48
WO-004548,1,purchase_order,2018-06-04,1261.45
WO-004548,2,purchase_order,2018-06-23,2792.5
WO-004549,1,bank_transfer,2018-06-08,3045.06
WO-004550,1,bank_transfer,2018-07-11,1888.81
WO-004551,1,bank_transfer,2018-07-05,580.55
WO-004552,1,corporate_card,2018-07-09,775.12
WO-004553,1,bank_transfer,2018-07-14,444.53
WO-004553,2,bank_transfer,2018-08-02,112.58
WO-004554,1,bank_transfer,2018-07-23,1133.8
WO-004555,1,bank_transfer,2018-06-28,2258.8
WO-004556,1,bank_transfer,2018-07-15,698.67
WO-004557,1,bank_transfer,2018-07-05,1687.8
WO-004558,1,corporate_card,2018-07-16,800.3
WO-004559,1,corporate_card,2018-06-27,397.51
WO-004560,1,corporate_card,2018-08-05,1056.2
WO-004561,1,purchase_order,2018-06-17,749.63
WO-004562,1,bank_transfer,2018-07-16,507.38
WO-004562,2,corporate_card,2018-07-31,278.52
WO-004563,1,bank_transfer,2018-07-18,696.68
WO-004564,1,bank_transfer,2018-07-14,612.28
WO-004565,1,bank_transfer,2018-06-26,338.1
WO-004566,1,bank_transfer,2018-07-21,2409.27
WO-004567,1,bank_transfer,2018-07-02,263.49
WO-004567,2,bank_transfer,2018-08-11,377.76
WO-004568,1,bank_transfer,2018-06-29,1281.16
WO-004569,1,bank_transfer,2018-06-28,1137.0
WO-004570,1,corporate_card,2018-07-11,1176.32
WO-004571,1,corporate_card,2018-07-02,1535.44
WO-004572,1,corporate_card,2018-06-29,666.26
WO-004574,1,purchase_order,2018-08-05,726.37
WO-004575,1,bank_transfer,2018-08-04,592.83
WO-004576,1,purchase_order,2018-07-12,758.9
WO-004578,1,purchase_order,2018-06-22,453.41
WO-004578,2,bank_transfer,2018-07-08,875.9
WO-004578,3,purchase_order,2018-08-05,512.43
WO-004579,1,bank_transfer,2018-08-03,962.41
WO-004580,1,bank_transfer,2018-07-06,190.43
WO-004580,2,purchase_order,2018-08-14,197.33
WO-004581,1,bank_transfer,2018-06-30,2515.56
WO-004582,1,bank_transfer,2018-06-14,1002.49
WO-004582,2,bank_transfer,2018-06-30,1264.84
WO-004583,1,purchase_order,2018-07-24,687.57
WO-004583,2,purchase_order,2018-08-27,1166.97
WO-004584,1,bank_transfer,2018-06-19,1274.11
WO-004584,2,bank_transfer,2018-07-21,373.2
WO-004585,1,bank_transfer,2018-07-28,456.35
WO-004586,1,bank_transfer,2018-07-13,218.02
WO-004586,2,bank_transfer,2018-08-10,549.56
WO-004587,1,bank_transfer,2018-07-17,1945.52
WO-004588,1,purchase_order,2018-07-08,605.79
WO-004589,1,bank_transfer,2018-07-01,932.66
WO-004590,1,bank_transfer,2018-07-20,938.31
WO-004591,1,corporate_card,2018-08-05,628.28
WO-004591,2,bank_transfer,2018-09-05,343.21
WO-004592,1,purchase_order,2018-07-08,865.32
WO-004593,1,bank_transfer,2018-07-15,2034.19
WO-004594,1,bank_transfer,2018-06-14,435.6
WO-004594,2,bank_transfer,2018-07-21,240.79
WO-004595,1,purchase_order,2018-07-07,809.88
WO-004596,1,purchase_order,2018-08-04,360.38
WO-004596,2,bank_transfer,2018-08-23,46.18
WO-004597,1,purchase_order,2018-06-12,611.94
WO-004598,1,bank_transfer,2018-08-11,839.78
WO-004599,1,bank_transfer,2018-07-09,870.67
WO-004600,1,bank_transfer,2018-06-14,643.31
WO-004601,1,bank_transfer,2018-08-04,502.73
WO-004602,1,bank_transfer,2018-07-06,1018.7
WO-004604,1,bank_transfer,2018-07-29,933.03
WO-004605,1,bank_transfer,2018-07-05,318.47
WO-004606,1,bank_transfer,2018-08-01,707.16
WO-004606,2,bank_transfer,2018-08-21,837.98
WO-004607,1,bank_transfer,2018-06-11,823.46
WO-004608,1,corporate_card,2018-06-15,467.11
WO-004609,1,corporate_card,2018-08-02,364.45
WO-004609,2,bank_transfer,2018-08-22,814.48
WO-004609,3,purchase_order,2018-10-01,780.4
WO-004610,1,purchase_order,2018-07-24,670.96
WO-004610,2,bank_transfer,2018-08-20,398.24
WO-004611,1,bank_transfer,2018-07-14,313.11
WO-004612,1,bank_transfer,2018-07-04,426.09
WO-004612,2,bank_transfer,2018-08-16,785.89
WO-004613,1,bank_transfer,2018-06-20,478.68
WO-004614,1,corporate_card,2018-07-01,1290.32
WO-004615,1,bank_transfer,2018-07-29,363.46
WO-004616,1,purchase_order,2018-07-05,877.12
WO-004617,1,purchase_order,2018-07-07,3708.97
WO-004618,1,bank_transfer,2018-08-12,3603.58
WO-004619,1,bank_transfer,2018-07-15,2271.37
WO-004620,1,purchase_order,2018-07-05,337.45
WO-004621,1,purchase_order,2018-07-29,261.28
WO-004621,2,bank_transfer,2018-08-28,194.69
WO-004622,1,bank_transfer,2018-07-18,1231.61
WO-004623,1,purchase_order,2018-08-10,118.99
WO-004623,2,corporate_card,2018-09-17,439.65
WO-004624,1,bank_transfer,2018-07-15,807.34
WO-004624,2,bank_transfer,2018-08-09,685.63
WO-004625,1,purchase_order,2018-07-26,1559.87
WO-004626,1,bank_transfer,2018-07-20,3840.46
WO-004627,1,corporate_card,2018-08-04,1982.51
WO-004628,1,bank_transfer,2018-07-11,4056.09
WO-004629,1,bank_transfer,2018-07-26,1092.62
WO-004630,1,purchase_order,2018-08-15,473.99
WO-004632,1,bank_transfer,2018-06-30,2005.36
WO-004633,1,corporate_card,2018-08-01,676.4
WO-004634,1,purchase_order,2018-08-14,740.02
WO-004634,2,corporate_card,2018-09-27,1606.33
WO-004635,1,purchase_order,2018-08-23,502.62
WO-004635,2,bank_transfer,2018-10-05,1021.2
WO-004636,1,purchase_order,2018-06-23,586.78
WO-004637,1,corporate_card,2018-07-21,519.12
WO-004637,2,bank_transfer,2018-08-20,374.6
WO-004638,1,corporate_card,2018-07-20,1737.01
WO-004639,1,purchase_order,2018-06-10,510.47
WO-004640,1,purchase_order,2018-06-24,1418.27
WO-004640,2,corporate_card,2018-07-31,1514.51
WO-004641,1,bank_transfer,2018-08-04,933.74
WO-004642,1,bank_transfer,2018-07-01,984.37
WO-004643,1,purchase_order,2018-08-05,1475.5
WO-004644,1,purchase_order,2018-07-14,1079.56
WO-004645,1,bank_transfer,2018-07-13,1022.53
WO-004646,1,bank_transfer,2018-08-16,378.21
WO-004646,2,bank_transfer,2018-09-29,432.76
WO-004647,1,bank_transfer,2018-07-22,968.1
WO-004648,1,purchase_order,2018-07-15,583.4
WO-004649,1,bank_transfer,2018-08-06,461.29
WO-004650,1,bank_transfer,2018-07-26,1399.68
WO-004651,1,bank_transfer,2018-06-29,1372.73
WO-004652,1,bank_transfer,2018-07-12,1508.41
WO-004652,2,bank_transfer,2018-08-06,3931.44
WO-004653,1,purchase_order,2018-07-18,629.54
WO-004654,1,bank_transfer,2018-06-20,503.6
WO-004655,1,corporate_card,2018-07-25,241.36
WO-004655,2,bank_transfer,2018-08-17,345.78
WO-004656,1,purchase_order,2018-06-26,1996.51
WO-004657,1,bank_transfer,2018-07-14,792.54
WO-004658,1,bank_transfer,2018-06-30,631.55
WO-004659,1,corporate_card,2018-06-14,2930.11
WO-004660,1,corporate_card,2018-07-31,213.96
WO-004660,2,bank_transfer,2018-08-23,430.18
WO-004661,1,bank_transfer,2018-07-23,553.96
WO-004661,2,bank_transfer,2018-08-30,477.42
WO-004661,3,bank_transfer,2018-10-08,173.76
WO-004662,1,bank_transfer,2018-07-21,853.19
WO-004662,2,corporate_card,2018-08-11,919.7
WO-004663,1,purchase_order,2018-07-14,692.74
WO-004664,1,bank_transfer,2018-07-27,415.85
WO-004665,1,purchase_order,2018-07-14,1711.06
WO-004666,1,bank_transfer,2018-07-14,288.76
WO-004666,2,purchase_order,2018-08-10,213.64
WO-004667,1,purchase_order,2018-07-01,358.9
WO-004667,2,corporate_card,2018-08-06,580.58
WO-004667,3,purchase_order,2018-08-27,874.81
WO-004668,1,bank_transfer,2018-07-15,857.3
WO-004668,2,bank_transfer,2018-08-28,628.71
WO-004669,1,purchase_order,2018-08-11,963.2
WO-004669,2,bank_transfer,2018-08-30,966.66
WO-004670,1,bank_transfer,2018-07-22,1468.58
WO-004671,1,purchase_order,2018-07-19,178.1
WO-004671,2,bank_transfer,2018-08-30,304.39
WO-004672,1,purchase_order,2018-07-23,644.66
WO-004673,1,purchase_order,2018-08-03,2081.22
WO-004674,1,bank_transfer,2018-07-02,671.48
WO-004675,1,corporate_card,2018-07-20,4521.39
WO-004676,1,purchase_order,2018-08-14,1979.04
WO-004677,1,corporate_card,2018-06-27,1328.91
WO-004678,1,bank_transfer,2018-07-15,922.75
WO-004679,1,purchase_order,2018-06-29,495.98
WO-004680,1,purchase_order,2018-06-22,609.69
WO-004680,2,bank_transfer,2018-07-19,1620.83
WO-004680,3,purchase_order,2018-08-22,821.18
WO-004681,1,bank_transfer,2018-08-03,1329.28
WO-004682,1,bank_transfer,2018-07-13,1810.02
WO-004683,1,bank_transfer,2018-07-30,384.41
WO-004684,1,bank_transfer,2018-07-15,552.29
WO-004685,1,bank_transfer,2018-07-25,2939.53
WO-004686,1,bank_transfer,2018-07-07,828.43
WO-004687,1,bank_transfer,2018-06-26,244.93
WO-004687,2,purchase_order,2018-07-22,455.0
WO-004687,3,bank_transfer,2018-08-20,345.01
WO-004688,1,purchase_order,2018-08-01,1237.59
WO-004689,1,purchase_order,2018-08-10,1894.79
WO-004690,1,bank_transfer,2018-07-05,724.95
WO-004691,1,bank_transfer,2018-08-02,142.52
WO-004691,2,bank_transfer,2018-08-18,353.46
WO-004692,1,bank_transfer,2018-07-06,155.51
WO-004692,2,bank_transfer,2018-08-01,104.77
WO-004692,3,purchase_order,2018-08-28,156.76
WO-004693,1,corporate_card,2018-08-05,416.61
WO-004693,2,corporate_card,2018-09-11,216.47
WO-004694,1,bank_transfer,2018-07-21,1817.55
WO-004695,1,corporate_card,2018-07-27,699.41
WO-004696,1,bank_transfer,2018-08-02,260.45
WO-004696,2,purchase_order,2018-09-06,549.67
WO-004697,1,purchase_order,2018-07-26,1296.51
WO-004698,1,purchase_order,2018-06-27,276.51
WO-004698,2,corporate_card,2018-07-24,460.73
WO-004698,3,purchase_order,2018-09-03,264.08
WO-004700,1,bank_transfer,2018-07-12,928.84
WO-004701,1,bank_transfer,2018-08-02,1090.58
WO-004701,2,bank_transfer,2018-08-25,225.23
WO-004703,1,bank_transfer,2018-08-20,489.4
WO-004703,2,purchase_order,2018-09-05,455.29
WO-004703,3,bank_transfer,2018-09-26,201.28
WO-004704,1,bank_transfer,2018-07-28,638.66
WO-004704,2,bank_transfer,2018-09-01,247.17
WO-004705,1,corporate_card,2018-08-29,1544.04
WO-004706,1,corporate_card,2018-08-01,1014.67
WO-004707,1,purchase_order,2018-07-09,745.21
WO-004708,1,purchase_order,2018-07-19,618.49
WO-004709,1,purchase_order,2018-07-12,1278.24
WO-004709,2,purchase_order,2018-08-08,1664.85
WO-004710,1,bank_transfer,2018-07-31,1535.84
WO-004711,1,corporate_card,2018-06-29,1406.71
WO-004712,1,bank_transfer,2018-07-02,1809.74
WO-004713,1,purchase_order,2018-06-25,420.39
WO-004714,1,bank_transfer,2018-07-15,733.52
WO-004715,1,bank_transfer,2018-08-24,666.23
WO-004716,1,purchase_order,2018-08-04,1426.78
WO-004717,1,purchase_order,2018-07-31,487.14
WO-004718,1,corporate_card,2018-07-15,1784.14
WO-004719,1,bank_transfer,2018-07-29,2119.8
WO-004720,1,bank_transfer,2018-07-28,1789.63
WO-004721,1,corporate_card,2018-06-25,782.27
WO-004722,1,bank_transfer,2018-08-26,434.45
WO-004723,1,bank_transfer,2018-07-25,1728.32
WO-004724,1,corporate_card,2018-08-22,385.8
WO-004724,2,purchase_order,2018-09-22,425.0
WO-004725,1,purchase_order,2018-08-21,478.92
WO-004725,2,bank_transfer,2018-09-13,1199.1
WO-004727,1,purchase_order,2018-06-27,887.47
WO-004728,1,bank_transfer,2018-08-18,1027.22
WO-004728,2,purchase_order,2018-09-23,178.91
WO-004729,1,bank_transfer,2018-06-22,610.89
WO-004730,1,corporate_card,2018-08-20,799.28
WO-004731,1,bank_transfer,2018-07-02,1353.01
WO-004733,1,bank_transfer,2018-09-03,1821.3
WO-004734,1,corporate_card,2018-08-23,1492.78
WO-004734,2,purchase_order,2018-10-05,1081.24
WO-004735,1,corporate_card,2018-08-23,517.88
WO-004736,1,corporate_card,2018-08-04,1049.29
WO-004737,1,corporate_card,2018-07-16,1227.41
WO-004738,1,bank_transfer,2018-08-02,1209.36
WO-004739,1,bank_transfer,2018-08-08,2120.2
WO-004741,1,bank_transfer,2018-07-14,389.94
WO-004741,2,purchase_order,2018-08-22,380.74
WO-004742,1,bank_transfer,2018-07-14,1426.37
WO-004743,1,corporate_card,2018-07-09,986.67
WO-004744,1,bank_transfer,2018-08-17,762.44
WO-004744,2,bank_transfer,2018-09-27,676.5
WO-004744,3,corporate_card,2018-10-26,777.98
WO-004745,1,purchase_order,2018-06-23,670.52
WO-004746,1,bank_transfer,2018-08-17,385.36
WO-004747,1,bank_transfer,2018-06-29,2327.79
WO-004748,1,bank_transfer,2018-07-05,1047.63
WO-004749,1,bank_transfer,2018-07-19,469.32
WO-004750,1,bank_transfer,2018-08-28,323.57
WO-004750,2,bank_transfer,2018-09-30,263.09
WO-004751,1,purchase_order,2018-07-10,732.79
WO-004753,1,corporate_card,2018-07-22,2116.34
WO-004754,1,corporate_card,2018-09-16,82.98
WO-004754,2,corporate_card,2018-10-12,109.82
WO-004755,1,purchase_order,2018-07-27,878.97
WO-004756,1,corporate_card,2018-07-30,1651.32
WO-004757,1,bank_transfer,2018-07-17,3459.76
WO-004758,1,purchase_order,2018-08-01,998.6
WO-004759,1,bank_transfer,2018-07-14,1393.98
WO-004759,2,purchase_order,2018-08-23,2253.1
WO-004760,1,purchase_order,2018-08-10,1171.06
WO-004761,1,bank_transfer,2018-07-14,2037.37
WO-004762,1,purchase_order,2018-07-05,2222.75
WO-004763,1,bank_transfer,2018-07-22,592.77
WO-004764,1,bank_transfer,2018-08-18,877.09
WO-004765,1,purchase_order,2018-08-01,772.47
WO-004766,1,bank_transfer,2018-09-09,1038.94
WO-004766,2,bank_transfer,2018-10-22,1088.49
WO-004767,1,purchase_order,2018-07-16,532.73
WO-004768,1,bank_transfer,2018-07-27,4544.08
WO-004769,1,bank_transfer,2018-07-16,425.92
WO-004770,1,bank_transfer,2018-07-01,1075.04
WO-004771,1,purchase_order,2018-08-18,1950.33
WO-004772,1,purchase_order,2018-07-21,2287.55
WO-004773,1,bank_transfer,2018-07-30,1915.55
WO-004774,1,bank_transfer,2018-07-27,620.68
WO-004775,1,purchase_order,2018-07-04,256.41
WO-004775,2,bank_transfer,2018-08-05,167.13
WO-004776,1,bank_transfer,2018-09-01,1524.57
WO-004778,1,bank_transfer,2018-07-24,696.91
WO-004779,1,bank_transfer,2018-07-30,1608.23
WO-004780,1,bank_transfer,2018-07-18,495.23
WO-004781,1,bank_transfer,2018-07-27,499.67
WO-004782,1,bank_transfer,2018-08-03,218.46
WO-004782,2,bank_transfer,2018-08-23,411.81
WO-004783,1,purchase_order,2018-08-08,2844.68
WO-004784,1,corporate_card,2018-07-23,576.55
WO-004785,1,bank_transfer,2018-07-17,1412.52
WO-004786,1,bank_transfer,2018-08-25,2356.47
WO-004787,1,corporate_card,2018-08-12,531.31
WO-004788,1,bank_transfer,2018-07-31,548.42
WO-004789,1,bank_transfer,2018-08-15,441.91
WO-004789,2,bank_transfer,2018-08-30,299.86
WO-004790,1,bank_transfer,2018-08-17,639.76
WO-004791,1,bank_transfer,2018-08-06,1636.41
WO-004792,1,bank_transfer,2018-07-02,271.64
WO-004792,2,bank_transfer,2018-08-03,180.92
WO-004793,1,purchase_order,2018-07-20,886.65
WO-004794,1,bank_transfer,2018-07-27,384.19
WO-004794,2,bank_transfer,2018-09-05,385.15
WO-004795,1,purchase_order,2018-07-15,882.71
WO-004796,1,bank_transfer,2018-07-15,618.95
WO-004797,1,bank_transfer,2018-07-30,954.69
WO-004798,1,purchase_order,2018-07-11,880.71
WO-004799,1,purchase_order,2018-08-01,1143.12
WO-004800,1,bank_transfer,2018-08-28,406.87
WO-004801,1,bank_transfer,2018-08-13,1022.87
WO-004802,1,corporate_card,2018-08-18,1775.15
WO-004803,1,purchase_order,2018-07-04,1077.35
WO-004804,1,corporate_card,2018-07-31,758.31
WO-004805,1,purchase_order,2018-07-30,390.05
WO-004805,2,purchase_order,2018-08-29,847.12
WO-004806,1,bank_transfer,2018-06-29,602.1
WO-004807,1,purchase_order,2018-08-10,328.38
WO-004807,2,bank_transfer,2018-09-12,728.04
WO-004808,1,corporate_card,2018-08-10,1445.19
WO-004809,1,bank_transfer,2018-08-05,741.18
WO-004810,1,purchase_order,2018-08-17,1402.0
WO-004811,1,bank_transfer,2018-08-02,1897.8
WO-004812,1,bank_transfer,2018-08-08,2083.02
WO-004813,1,bank_transfer,2018-08-23,1277.03
WO-004814,1,purchase_order,2018-08-04,1283.65
WO-004815,1,bank_transfer,2018-08-22,1359.37
WO-004816,1,bank_transfer,2018-08-25,3254.47
WO-004817,1,bank_transfer,2018-09-04,157.59
WO-004817,2,corporate_card,2018-10-10,629.29
WO-004818,1,bank_transfer,2018-07-20,1575.11
WO-004818,2,bank_transfer,2018-08-18,1809.06
WO-004819,1,bank_transfer,2018-07-25,1007.12
WO-004820,1,corporate_card,2018-07-22,535.62
WO-004821,1,bank_transfer,2018-07-08,4292.45
WO-004822,1,corporate_card,2018-08-02,645.17
WO-004822,2,bank_transfer,2018-09-15,336.41
WO-004824,1,purchase_order,2018-08-09,1012.45
WO-004825,1,bank_transfer,2018-08-05,2252.8
WO-004826,1,bank_transfer,2018-08-25,687.86
WO-004827,1,purchase_order,2018-08-24,3799.74
WO-004828,1,purchase_order,2018-08-18,206.07
WO-004828,2,bank_transfer,2018-09-28,731.87
WO-004829,1,bank_transfer,2018-08-10,864.41
WO-004829,2,purchase_order,2018-09-13,826.54
WO-004830,1,bank_transfer,2018-08-16,547.07
WO-004831,1,bank_transfer,2018-07-18,311.57
WO-004832,1,bank_transfer,2018-07-16,1417.44
WO-004832,2,bank_transfer,2018-08-02,1663.93
WO-004833,1,bank_transfer,2018-08-14,323.25
WO-004833,2,corporate_card,2018-09-02,151.21
WO-004834,1,purchase_order,2018-07-13,334.16
WO-004834,2,purchase_order,2018-08-20,505.2
WO-004834,3,bank_transfer,2018-09-11,226.39
WO-004835,1,bank_transfer,2018-07-14,146.04
WO-004836,1,bank_transfer,2018-07-25,3282.61
WO-004838,1,purchase_order,2018-08-17,473.71
WO-004838,2,purchase_order,2018-09-03,1223.54
WO-004839,1,corporate_card,2018-08-26,3567.22
WO-004840,1,purchase_order,2018-07-25,3030.55
WO-004841,1,bank_transfer,2018-08-11,908.16
WO-004842,1,bank_transfer,2018-07-05,2035.61
WO-004843,1,bank_transfer,2018-08-23,867.81
WO-004844,1,corporate_card,2018-07-28,1300.98
WO-004846,1,bank_transfer,2018-08-26,678.01
WO-004848,1,bank_transfer,2018-08-15,560.46
WO-004849,1,purchase_order,2018-07-12,616.97
WO-004850,1,bank_transfer,2018-07-10,430.41
WO-004850,2,purchase_order,2018-08-07,151.4
WO-004851,1,purchase_order,2018-07-20,951.3
WO-004851,2,purchase_order,2018-08-09,1612.03
WO-004852,1,purchase_order,2018-09-14,1531.91
WO-004853,1,bank_transfer,2018-09-12,2311.28
WO-004854,1,corporate_card,2018-08-16,523.17
WO-004855,1,corporate_card,2018-08-01,1166.05
WO-004856,1,bank_transfer,2018-08-04,580.47
WO-004856,2,bank_transfer,2018-09-13,906.25
WO-004857,1,purchase_order,2018-08-13,115.55
WO-004857,2,corporate_card,2018-09-18,112.9
WO-004857,3,corporate_card,2018-10-12,79.52
WO-004858,1,purchase_order,2018-08-21,1276.48
WO-004859,1,corporate_card,2018-08-11,1098.2
WO-004859,2,bank_transfer,2018-08-26,2383.29
WO-004860,1,bank_transfer,2018-07-31,1407.99
WO-004861,1,bank_transfer,2018-08-11,892.64
WO-004861,2,bank_transfer,2018-09-22,780.88
WO-004862,1,bank_transfer,2018-08-29,399.97
WO-004862,2,purchase_order,2018-09-16,557.8
WO-004863,1,bank_transfer,2018-08-13,1201.46
WO-004863,2,bank_transfer,2018-09-03,480.41
WO-004864,1,corporate_card,2018-08-02,833.94
WO-004866,1,purchase_order,2018-08-14,1058.92
WO-004867,1,bank_transfer,2018-08-31,1268.19
WO-004868,1,bank_transfer,2018-07-29,2062.55
WO-004869,1,bank_transfer,2018-08-19,935.18
WO-004869,2,purchase_order,2018-09-30,1212.02
WO-004870,1,bank_transfer,2018-08-05,531.76
WO-004871,1,corporate_card,2018-09-07,1391.42
WO-004872,1,bank_transfer,2018-08-04,1232.65
WO-004873,1,bank_transfer,2018-08-02,128.66
WO-004873,2,purchase_order,2018-08-23,396.27
WO-004874,1,purchase_order,2018-08-23,426.35
WO-004875,1,purchase_order,2018-08-15,1264.87
WO-004876,1,corporate_card,2018-08-16,629.77
WO-004876,2,purchase_order,2018-09-09,997.5
WO-004877,1,purchase_order,2018-09-02,332.21
WO-004878,1,bank_transfer,2018-09-07,1404.71
WO-004879,1,bank_transfer,2018-08-30,1042.51
WO-004880,1,purchase_order,2018-08-17,180.2
WO-004880,2,bank_transfer,2018-09-06,345.14
WO-004881,1,purchase_order,2018-07-22,609.22
WO-004882,1,bank_transfer,2018-08-26,728.78
WO-004884,1,bank_transfer,2018-08-12,1877.3
WO-004885,1,purchase_order,2018-08-09,528.65
WO-004886,1,bank_transfer,2018-09-05,501.4
WO-004887,1,bank_transfer,2018-08-25,2022.25
WO-004888,1,purchase_order,2018-07-29,1131.62
WO-004888,2,corporate_card,2018-09-06,669.22
WO-004889,1,purchase_order,2018-08-20,106.46
WO-004889,2,bank_transfer,2018-10-01,72.22
WO-004889,3,purchase_order,2018-10-31,48.69
WO-004890,1,purchase_order,2018-07-31,301.4
WO-004890,2,corporate_card,2018-08-28,219.78
WO-004891,1,corporate_card,2018-08-05,347.58
WO-004892,1,bank_transfer,2018-08-10,376.47
WO-004892,2,purchase_order,2018-09-16,428.41
WO-004892,3,bank_transfer,2018-10-25,408.0
WO-004893,1,bank_transfer,2018-09-12,2327.34
WO-004897,1,purchase_order,2018-07-10,969.5
WO-004898,1,purchase_order,2018-08-20,1724.25
WO-004899,1,bank_transfer,2018-08-06,1949.21
WO-004900,1,bank_transfer,2018-09-11,1362.19
WO-004901,1,corporate_card,2018-07-28,1376.07
WO-004902,1,bank_transfer,2018-08-12,225.67
WO-004903,1,corporate_card,2018-08-23,616.38
WO-004904,1,bank_transfer,2018-08-21,2782.52
WO-004905,1,bank_transfer,2018-08-21,1220.57
WO-004906,1,bank_transfer,2018-07-25,373.82
WO-004907,1,bank_transfer,2018-08-26,1856.4
WO-004908,1,bank_transfer,2018-08-20,915.56
WO-004909,1,bank_transfer,2018-08-16,250.99
WO-004910,1,bank_transfer,2018-07-14,111.0
WO-004910,2,bank_transfer,2018-08-25,123.11
WO-004911,1,corporate_card,2018-08-29,776.91
WO-004912,1,bank_transfer,2018-08-26,724.99
WO-004913,1,purchase_order,2018-08-27,2439.97
WO-004914,1,purchase_order,2018-09-25,415.54
WO-004915,1,bank_transfer,2018-07-18,577.2
WO-004916,1,bank_transfer,2018-08-14,219.14
WO-004916,2,bank_transfer,2018-09-12,115.52
WO-004917,1,purchase_order,2018-09-06,2210.84
WO-004918,1,corporate_card,2018-08-28,754.38
WO-004919,1,corporate_card,2018-08-17,197.03
WO-004920,1,bank_transfer,2018-07-26,915.91
WO-004920,2,purchase_order,2018-09-01,262.75
WO-004921,1,bank_transfer,2018-09-09,585.25
WO-004922,1,bank_transfer,2018-09-01,581.95
WO-004925,1,bank_transfer,2018-09-01,1256.23
WO-004925,2,purchase_order,2018-09-21,1685.38
WO-004926,1,bank_transfer,2018-08-29,272.12
WO-004926,2,purchase_order,2018-10-03,82.43
WO-004927,1,bank_transfer,2018-08-21,364.22
WO-004927,2,purchase_order,2018-09-05,706.82
WO-004927,3,bank_transfer,2018-09-25,503.29
WO-004928,1,bank_transfer,2018-08-09,623.28
WO-004929,1,bank_transfer,2018-08-21,3075.99
WO-004930,1,bank_transfer,2018-08-14,2698.02
WO-004931,1,bank_transfer,2018-09-18,2743.86
WO-004932,1,bank_transfer,2018-08-18,682.08
WO-004932,2,bank_transfer,2018-09-18,691.86
WO-004933,1,purchase_order,2018-08-30,4010.66
WO-004934,1,bank_transfer,2018-07-26,1866.39
WO-004936,1,bank_transfer,2018-08-21,965.08
WO-004937,1,bank_transfer,2018-09-10,177.36
WO-004937,2,bank_transfer,2018-10-06,126.22
WO-004938,1,purchase_order,2018-09-01,910.32
WO-004939,1,corporate_card,2018-08-25,450.7
WO-004939,2,purchase_order,2018-09-23,336.85
WO-004939,3,bank_transfer,2018-10-24,481.73
WO-004940,1,purchase_order,2018-07-21,818.89
WO-004941,1,bank_transfer,2018-08-16,1518.87
WO-004942,1,bank_transfer,2018-08-12,1174.42
WO-004943,1,bank_transfer,2018-09-13,97.36
WO-004943,2,purchase_order,2018-10-19,433.71
WO-004943,3,purchase_order,2018-11-13,163.25
WO-004944,1,purchase_order,2018-08-03,888.86
WO-004945,1,purchase_order,2018-07-31,179.23
WO-004945,2,bank_transfer,2018-09-12,224.11
WO-004945,3,bank_transfer,2018-10-23,564.43
WO-004946,1,bank_transfer,2018-08-20,559.88
WO-004947,1,purchase_order,2018-08-10,1565.21
WO-004948,1,purchase_order,2018-07-29,1315.2
WO-004949,1,bank_transfer,2018-08-12,2012.62
WO-004950,1,purchase_order,2018-09-04,758.95
WO-004951,1,bank_transfer,2018-08-01,742.4
WO-004952,1,bank_transfer,2018-08-09,446.77
WO-004953,1,bank_transfer,2018-09-21,708.6
WO-004953,2,purchase_order,2018-10-20,1066.02
WO-004954,1,bank_transfer,2018-08-07,467.4
WO-004955,1,bank_transfer,2018-08-16,1646.52
WO-004956,1,bank_transfer,2018-08-02,355.59
WO-004956,2,bank_transfer,2018-09-13,2305.32
WO-004957,1,corporate_card,2018-07-21,421.71
WO-004958,1,bank_transfer,2018-07-29,1964.99
WO-004959,1,corporate_card,2018-09-09,186.48
WO-004960,1,bank_transfer,2018-08-21,1187.78
WO-004961,1,bank_transfer,2018-09-17,1623.6
WO-004962,1,bank_transfer,2018-08-03,1238.23
WO-004963,1,purchase_order,2018-08-18,105.61
WO-004963,2,bank_transfer,2018-09-02,229.97
WO-004963,3,purchase_order,2018-10-15,265.82
WO-004964,1,bank_transfer,2018-07-27,511.25
WO-004965,1,corporate_card,2018-09-03,1313.13
WO-004965,2,bank_transfer,2018-10-13,1129.09
WO-004966,1,bank_transfer,2018-07-27,1078.81
WO-004967,1,bank_transfer,2018-08-21,355.02
WO-004967,2,bank_transfer,2018-09-15,264.88
WO-004968,1,purchase_order,2018-08-11,658.78
WO-004969,1,bank_transfer,2018-08-29,360.09
WO-004969,2,corporate_card,2018-09-29,549.89
WO-004969,3,purchase_order,2018-10-27,188.41
WO-004970,1,bank_transfer,2018-08-17,786.49
WO-004971,1,corporate_card,2018-09-16,400.37
WO-004972,1,purchase_order,2018-08-04,209.74
WO-004972,2,purchase_order,2018-08-26,785.29
WO-004973,1,bank_transfer,2018-08-10,2256.36
WO-004973,2,corporate_card,2018-09-07,1223.91
WO-004974,1,purchase_order,2018-08-24,152.01
WO-004974,2,purchase_order,2018-10-06,536.58
WO-004975,1,purchase_order,2018-09-06,492.97
WO-004975,2,bank_transfer,2018-10-16,417.19
WO-004976,1,bank_transfer,2018-09-10,376.9
WO-004976,2,purchase_order,2018-10-05,1404.55
WO-004977,1,bank_transfer,2018-08-18,1382.97
WO-004978,1,purchase_order,2018-08-24,343.44
WO-004978,2,bank_transfer,2018-09-17,426.79
WO-004978,3,purchase_order,2018-10-07,249.23
WO-004979,1,bank_transfer,2018-08-08,1157.72
WO-004980,1,corporate_card,2018-08-08,711.99
WO-004980,2,corporate_card,2018-08-23,537.4
WO-004981,1,purchase_order,2018-08-25,1420.17
WO-004982,1,corporate_card,2018-08-21,1359.0
WO-004982,2,bank_transfer,2018-09-24,814.67
WO-004982,3,bank_transfer,2018-10-28,1048.35
WO-004983,1,bank_transfer,2018-08-07,400.4
WO-004984,1,purchase_order,2018-09-02,1898.92
WO-004985,1,purchase_order,2018-08-15,553.17
WO-004985,2,bank_transfer,2018-09-14,367.07
WO-004986,1,corporate_card,2018-08-09,1861.69
WO-004987,1,bank_transfer,2018-08-19,1119.68
WO-004988,1,bank_transfer,2018-07-27,1533.28
WO-004989,1,purchase_order,2018-09-03,191.75
WO-004990,1,purchase_order,2018-08-24,1441.4
WO-004991,1,bank_transfer,2018-09-09,382.97
WO-004992,1,bank_transfer,2018-08-19,218.02
WO-004992,2,bank_transfer,2018-09-11,90.41
WO-004993,1,corporate_card,2018-08-03,2068.11
WO-004994,1,corporate_card,2018-09-03,894.71
WO-004995,1,bank_transfer,2018-09-14,588.57
WO-004996,1,purchase_order,2018-08-19,343.62
WO-004997,1,bank_transfer,2018-07-16,716.44
WO-004998,1,purchase_order,2018-09-20,543.35
WO-004999,1,bank_transfer,2018-08-19,889.03
WO-005000,1,bank_transfer,2018-08-05,593.37
WO-005001,1,purchase_order,2018-08-24,1614.33
WO-005002,1,bank_transfer,2018-08-28,157.48
WO-005002,2,purchase_order,2018-09-14,321.67
WO-005003,1,corporate_card,2018-08-25,1463.27
WO-005004,1,bank_transfer,2018-08-08,367.0
WO-005005,1,corporate_card,2018-08-19,2280.6
WO-005006,1,purchase_order,2018-08-24,1698.15
WO-005007,1,corporate_card,2018-09-07,477.46
WO-005008,1,bank_transfer,2018-08-14,473.3
WO-005008,2,purchase_order,2018-09-25,251.67
WO-005009,1,purchase_order,2018-08-09,314.16
WO-005010,1,purchase_order,2018-09-11,781.23
WO-005011,1,bank_transfer,2018-08-27,898.05
WO-005012,1,bank_transfer,2018-08-26,1014.07
WO-005013,1,bank_transfer,2018-08-30,792.87
WO-005014,1,bank_transfer,2018-10-01,232.67
WO-005014,2,purchase_order,2018-11-08,224.49
WO-005015,1,purchase_order,2018-08-14,1443.77
WO-005015,2,purchase_order,2018-09-09,1288.93
WO-005016,1,bank_transfer,2018-09-27,1465.0
WO-005017,1,corporate_card,2018-08-21,556.42
WO-005018,1,bank_transfer,2018-09-05,857.45
WO-005019,1,purchase_order,2018-08-02,206.56
WO-005019,2,bank_transfer,2018-09-14,418.34
WO-005020,1,purchase_order,2018-08-31,1277.05
WO-005021,1,bank_transfer,2018-09-16,1966.85
WO-005022,1,bank_transfer,2018-08-25,335.72
WO-005023,1,bank_transfer,2018-09-14,1153.11
WO-005023,2,bank_transfer,2018-10-06,1009.88
WO-005023,3,bank_transfer,2018-11-10,1094.62
WO-005024,1,purchase_order,2018-08-20,1289.55
WO-005025,1,bank_transfer,2018-08-22,345.14
WO-005025,2,bank_transfer,2018-09-13,1298.17
WO-005026,1,bank_transfer,2018-08-07,1352.07
WO-005027,1,bank_transfer,2018-08-23,315.97
WO-005027,2,bank_transfer,2018-10-03,381.1
WO-005028,1,purchase_order,2018-09-10,509.48
WO-005028,2,bank_transfer,2018-10-08,576.24
WO-005029,1,corporate_card,2018-07-19,2042.8
WO-005031,1,bank_transfer,2018-08-23,1032.75
WO-005032,1,corporate_card,2018-08-15,2376.65
WO-005033,1,bank_transfer,2018-08-05,1055.89
WO-005034,1,bank_transfer,2018-08-18,836.81
WO-005035,1,bank_transfer,2018-08-15,1209.87
WO-005036,1,bank_transfer,2018-09-04,461.87
WO-005036,2,bank_transfer,2018-10-14,102.13
WO-005037,1,purchase_order,2018-09-04,1139.85
WO-005038,1,bank_transfer,2018-08-15,937.97
WO-005039,1,bank_transfer,2018-08-27,1391.63
WO-005040,1,bank_transfer,2018-10-05,2510.35
WO-005041,1,bank_transfer,2018-08-26,324.1
WO-005042,1,purchase_order,2018-08-09,574.82
WO-005043,1,purchase_order,2018-08-15,767.35
WO-005044,1,bank_transfer,2018-08-02,520.0
WO-005045,1,purchase_order,2018-08-08,211.88
WO-005045,2,bank_transfer,2018-09-04,528.16
WO-005046,1,purchase_order,2018-09-18,1867.5
WO-005047,1,bank_transfer,2018-08-18,431.74
WO-005047,2,purchase_order,2018-09-12,441.96
WO-005048,1,purchase_order,2018-08-22,770.99
WO-005050,1,purchase_order,2018-08-19,1920.65
WO-005051,1,purchase_order,2018-09-24,552.66
WO-005052,1,purchase_order,2018-09-11,1626.95
WO-005053,1,bank_transfer,2018-08-20,2509.17
WO-005054,1,corporate_card,2018-09-07,2132.73
WO-005055,1,bank_transfer,2018-08-15,358.41
WO-005056,1,purchase_order,2018-08-04,594.93
WO-005056,2,purchase_order,2018-09-11,171.07
WO-005057,1,purchase_order,2018-08-08,1037.35
WO-005058,1,bank_transfer,2018-08-22,1453.67
WO-005059,1,purchase_order,2018-08-22,1889.75
WO-005061,1,bank_transfer,2018-10-12,1726.04
WO-005062,1,bank_transfer,2018-08-30,1886.81
WO-005063,1,purchase_order,2018-08-16,1708.18
WO-005065,1,bank_transfer,2018-08-05,176.78
WO-005066,1,bank_transfer,2018-09-13,295.9
WO-005066,2,purchase_order,2018-10-14,1563.51
WO-005067,1,bank_transfer,2018-08-12,926.6
WO-005068,1,corporate_card,2018-09-05,195.64
WO-005068,2,purchase_order,2018-10-01,636.35
WO-005068,3,corporate_card,2018-10-16,746.48
WO-005069,1,purchase_order,2018-09-14,2095.28
WO-005070,1,bank_transfer,2018-08-26,598.98
WO-005070,2,bank_transfer,2018-10-06,535.55
WO-005071,1,bank_transfer,2018-08-23,278.45
WO-005071,2,corporate_card,2018-09-24,213.07
WO-005072,1,purchase_order,2018-09-21,326.98
WO-005072,2,bank_transfer,2018-11-01,368.27
WO-005072,3,purchase_order,2018-11-22,644.61
WO-005073,1,purchase_order,2018-09-06,1213.22
WO-005075,1,bank_transfer,2018-08-23,2907.31
WO-005076,1,bank_transfer,2018-08-29,816.5
WO-005076,2,purchase_order,2018-09-21,895.26
WO-005077,1,purchase_order,2018-08-22,2192.76
WO-005078,1,corporate_card,2018-08-23,779.21
WO-005079,1,purchase_order,2018-09-07,948.23
WO-005081,1,bank_transfer,2018-09-04,1929.55
WO-005082,1,bank_transfer,2018-09-04,895.93
WO-005083,1,purchase_order,2018-08-17,919.22
WO-005084,1,purchase_order,2018-09-16,119.85
WO-005084,2,purchase_order,2018-10-05,204.06
WO-005084,3,bank_transfer,2018-10-20,456.78
WO-005085,1,bank_transfer,2018-10-01,742.51
WO-005086,1,bank_transfer,2018-10-04,624.75
WO-005087,1,corporate_card,2018-09-05,583.8
WO-005088,1,bank_transfer,2018-08-22,1229.17
WO-005089,1,purchase_order,2018-08-29,162.66
WO-005089,2,bank_transfer,2018-10-01,144.83
WO-005089,3,purchase_order,2018-10-28,194.27
WO-005090,1,corporate_card,2018-08-25,144.07
WO-005090,2,bank_transfer,2018-09-10,402.41
WO-005092,1,purchase_order,2018-08-30,1718.83
WO-005093,1,bank_transfer,2018-09-10,535.45
WO-005093,2,purchase_order,2018-09-30,612.99
WO-005094,1,bank_transfer,2018-08-23,1309.55
WO-005095,1,corporate_card,2018-09-08,492.58
WO-005096,1,purchase_order,2018-08-16,838.37
WO-005097,1,purchase_order,2018-09-10,1009.75
WO-005097,2,bank_transfer,2018-09-27,678.89
WO-005098,1,purchase_order,2018-09-06,1998.54
WO-005100,1,bank_transfer,2018-10-14,475.38
WO-005100,2,purchase_order,2018-11-04,541.57
WO-005101,1,corporate_card,2018-09-18,735.02
WO-005101,2,bank_transfer,2018-10-29,1880.48
WO-005101,3,bank_transfer,2018-12-02,941.16
WO-005103,1,bank_transfer,2018-08-09,1228.84
WO-005104,1,corporate_card,2018-09-26,1727.75
WO-005105,1,bank_transfer,2018-09-09,3497.1
WO-005106,1,corporate_card,2018-08-12,1658.31
WO-005107,1,bank_transfer,2018-08-25,415.71
WO-005108,1,purchase_order,2018-09-11,608.35
WO-005109,1,bank_transfer,2018-09-08,1967.29
WO-005110,1,bank_transfer,2018-08-08,1492.19
WO-005111,1,bank_transfer,2018-08-20,209.72
WO-005111,2,purchase_order,2018-09-22,116.5
WO-005112,1,corporate_card,2018-09-04,794.88
WO-005112,2,corporate_card,2018-10-12,784.8
WO-005112,3,bank_transfer,2018-11-10,956.23
WO-005113,1,bank_transfer,2018-09-08,1023.05
WO-005114,1,purchase_order,2018-09-01,426.87
WO-005114,2,bank_transfer,2018-10-10,1132.65
WO-005115,1,bank_transfer,2018-09-28,657.15
WO-005115,2,bank_transfer,2018-11-11,1380.56
WO-005116,1,purchase_order,2018-08-30,223.79
WO-005116,2,purchase_order,2018-10-11,103.28
WO-005117,1,bank_transfer,2018-08-28,858.02
WO-005118,1,bank_transfer,2018-07-25,95.33
WO-005118,2,bank_transfer,2018-08-19,142.22
WO-005118,3,bank_transfer,2018-10-01,157.15
WO-005119,1,bank_transfer,2018-08-26,1316.72
WO-005119,2,purchase_order,2018-09-30,1099.76
WO-005120,1,bank_transfer,2018-09-07,996.62
WO-005121,1,corporate_card,2018-09-22,338.61
WO-005122,1,bank_transfer,2018-09-10,1514.82
WO-005123,1,bank_transfer,2018-09-12,305.26
WO-005123,2,bank_transfer,2018-09-29,149.87
WO-005123,3,bank_transfer,2018-10-15,59.99
WO-005124,1,corporate_card,2018-09-12,169.55
WO-005124,2,purchase_order,2018-10-02,274.34
WO-005125,1,bank_transfer,2018-09-25,570.25
WO-005126,1,bank_transfer,2018-08-07,678.77
WO-005127,1,bank_transfer,2018-08-21,1909.91
WO-005128,1,bank_transfer,2018-08-19,2431.24
WO-005129,1,bank_transfer,2018-09-18,108.49
WO-005129,2,corporate_card,2018-10-28,284.73
WO-005129,3,bank_transfer,2018-12-07,73.93
WO-005130,1,bank_transfer,2018-08-04,296.36
WO-005130,2,bank_transfer,2018-08-22,970.74
WO-005131,1,bank_transfer,2018-08-28,597.74
WO-005131,2,bank_transfer,2018-09-28,490.51
WO-005132,1,bank_transfer,2018-09-07,979.89
WO-005133,1,corporate_card,2018-08-22,952.49
WO-005134,1,bank_transfer,2018-09-18,1267.56
WO-005135,1,purchase_order,2018-09-07,1607.13
WO-005136,1,corporate_card,2018-08-27,1974.18
WO-005137,1,purchase_order,2018-08-11,443.19
WO-005138,1,bank_transfer,2018-09-10,4049.69
WO-005139,1,bank_transfer,2018-09-08,1135.86
WO-005140,1,purchase_order,2018-09-06,292.61
WO-005141,1,bank_transfer,2018-08-29,1594.43
WO-005142,1,bank_transfer,2018-08-24,820.65
WO-005143,1,purchase_order,2018-09-12,1438.78
WO-005144,1,purchase_order,2018-08-12,1736.99
WO-005145,1,bank_transfer,2018-09-22,675.14
WO-005146,1,bank_transfer,2018-09-25,158.08
WO-005147,1,bank_transfer,2018-08-26,1873.58
WO-005148,1,bank_transfer,2018-09-19,242.67
WO-005148,2,corporate_card,2018-10-14,280.45
WO-005149,1,purchase_order,2018-10-10,632.82
WO-005150,1,purchase_order,2018-09-07,952.7
WO-005152,1,purchase_order,2018-10-09,685.48
WO-005152,2,purchase_order,2018-11-12,468.5
WO-005153,1,bank_transfer,2018-09-06,469.59
WO-005154,1,bank_transfer,2018-10-08,3129.12
WO-005155,1,corporate_card,2018-08-13,314.4
WO-005155,2,bank_transfer,2018-09-11,1381.58
WO-005156,1,purchase_order,2018-09-02,1178.76
WO-005157,1,corporate_card,2018-09-17,2750.94
WO-005158,1,purchase_order,2018-08-07,1538.63
WO-005159,1,bank_transfer,2018-08-25,787.73
WO-005159,2,bank_transfer,2018-09-16,1028.89
WO-005160,1,bank_transfer,2018-09-14,497.51
WO-005161,1,bank_transfer,2018-09-08,161.65
WO-005161,2,bank_transfer,2018-10-19,153.47
WO-005161,3,bank_transfer,2018-11-18,211.32
WO-005162,1,purchase_order,2018-08-29,1634.69
WO-005162,2,purchase_order,2018-10-07,756.01
WO-005162,3,purchase_order,2018-11-20,1311.15
WO-005163,1,purchase_order,2018-08-16,2653.3
WO-005164,1,bank_transfer,2018-09-27,262.45
WO-005164,2,bank_transfer,2018-10-21,731.56
WO-005165,1,bank_transfer,2018-09-10,1068.31
WO-005166,1,bank_transfer,2018-10-04,2945.24
WO-005167,1,purchase_order,2018-09-07,1544.17
WO-005168,1,purchase_order,2018-09-06,1496.06
WO-005169,1,corporate_card,2018-09-09,1380.76
WO-005170,1,bank_transfer,2018-09-30,527.5
WO-005170,2,purchase_order,2018-10-18,475.29
WO-005172,1,corporate_card,2018-09-19,886.29
WO-005172,2,bank_transfer,2018-10-17,1206.75
WO-005173,1,bank_transfer,2018-09-03,1166.16
WO-005174,1,bank_transfer,2018-09-26,854.72
WO-005175,1,bank_transfer,2018-08-30,694.69
WO-005176,1,bank_transfer,2018-07-31,2912.36
WO-005177,1,purchase_order,2018-09-07,358.28
WO-005177,2,purchase_order,2018-09-26,642.69
WO-005178,1,bank_transfer,2018-09-21,75.36
WO-005178,2,corporate_card,2018-10-28,351.98
WO-005179,1,bank_transfer,2018-09-03,1133.69
WO-005180,1,bank_transfer,2018-09-09,1376.55
WO-005181,1,bank_transfer,2018-10-10,1710.15
WO-005182,1,bank_transfer,2018-10-08,1317.78
WO-005183,1,purchase_order,2018-09-13,1460.12
WO-005184,1,bank_transfer,2018-09-08,535.87
WO-005185,1,corporate_card,2018-09-21,789.54
WO-005186,1,bank_transfer,2018-08-24,935.45
WO-005187,1,corporate_card,2018-08-31,3289.58
WO-005188,1,purchase_order,2018-09-01,1102.01
WO-005189,1,purchase_order,2018-08-04,1301.52
WO-005190,1,bank_transfer,2018-08-11,878.38
WO-005191,1,corporate_card,2018-09-07,2132.25
WO-005192,1,bank_transfer,2018-09-26,619.49
WO-005193,1,bank_transfer,2018-10-03,248.49
WO-005194,1,bank_transfer,2018-10-25,1257.89
WO-005195,1,bank_transfer,2018-10-04,1319.08
WO-005195,2,bank_transfer,2018-11-12,736.04
WO-005196,1,purchase_order,2018-09-20,435.72
WO-005197,1,bank_transfer,2018-10-11,344.9
WO-005197,2,bank_transfer,2018-11-15,56.82
WO-005197,3,bank_transfer,2018-12-22,172.17
WO-005198,1,purchase_order,2018-09-24,844.94
WO-005199,1,bank_transfer,2018-08-28,1163.92
WO-005200,1,purchase_order,2018-08-09,752.48
WO-005200,2,bank_transfer,2018-08-29,380.57
WO-005201,1,corporate_card,2018-08-22,617.21
WO-005202,1,purchase_order,2018-10-01,1875.3
WO-005203,1,bank_transfer,2018-09-10,645.17
WO-005204,1,purchase_order,2018-09-02,401.72
WO-005204,2,bank_transfer,2018-10-12,127.93
WO-005205,1,bank_transfer,2018-08-22,356.55
WO-005205,2,corporate_card,2018-09-15,527.95
WO-005206,1,purchase_order,2018-10-04,542.98
WO-005207,1,purchase_order,2018-08-29,864.39
WO-005208,1,bank_transfer,2018-09-26,114.47
WO-005208,2,bank_transfer,2018-11-08,139.73
WO-005209,1,bank_transfer,2018-09-19,993.96
WO-005210,1,bank_transfer,2018-10-01,1669.4
WO-005211,1,bank_transfer,2018-09-14,5426.36
WO-005212,1,bank_transfer,2018-10-01,1637.98
WO-005213,1,bank_transfer,2018-09-01,739.7
WO-005214,1,bank_transfer,2018-09-01,2598.42
WO-005215,1,bank_transfer,2018-10-25,935.89
WO-005215,2,purchase_order,2018-12-02,972.51
WO-005216,1,bank_transfer,2018-10-21,1364.48
WO-005216,2,bank_transfer,2018-11-18,1923.82
WO-005217,1,bank_transfer,2018-09-09,557.29
WO-005218,1,bank_transfer,2018-10-05,927.76
WO-005219,1,bank_transfer,2018-09-17,2855.76
WO-005220,1,bank_transfer,2018-09-18,444.61
WO-005220,2,purchase_order,2018-10-07,367.08
WO-005221,1,bank_transfer,2018-09-14,762.24
WO-005222,1,bank_transfer,2018-09-07,612.45
WO-005222,2,purchase_order,2018-10-06,477.77
WO-005223,1,purchase_order,2018-10-01,242.88
WO-005224,1,bank_transfer,2018-09-28,827.94
WO-005225,1,purchase_order,2018-09-27,563.19
WO-005226,1,bank_transfer,2018-08-12,316.65
WO-005227,1,bank_transfer,2018-09-07,3576.12
WO-005228,1,corporate_card,2018-10-05,626.28
WO-005228,2,bank_transfer,2018-10-27,334.71
WO-005229,1,bank_transfer,2018-09-21,2630.63
WO-005230,1,bank_transfer,2018-09-25,678.05
WO-005230,2,bank_transfer,2018-10-19,176.0
WO-005231,1,purchase_order,2018-09-09,2162.86
WO-005232,1,purchase_order,2018-09-11,1195.53
WO-005233,1,bank_transfer,2018-10-08,978.24
WO-005234,1,purchase_order,2018-09-06,660.75
WO-005235,1,bank_transfer,2018-10-18,424.37
WO-005236,1,bank_transfer,2018-08-19,544.73
WO-005236,2,purchase_order,2018-10-01,515.05
WO-005237,1,bank_transfer,2018-09-26,902.5
WO-005238,1,bank_transfer,2018-10-02,1219.74
WO-005239,1,purchase_order,2018-08-22,444.66
WO-005240,1,purchase_order,2018-09-04,733.19
WO-005240,2,purchase_order,2018-10-13,503.98
WO-005242,1,purchase_order,2018-10-13,487.62
WO-005243,1,corporate_card,2018-10-05,496.51
WO-005243,2,bank_transfer,2018-10-20,1572.06
WO-005244,1,corporate_card,2018-09-03,720.13
WO-005244,2,purchase_order,2018-10-15,2765.03
WO-005245,1,purchase_order,2018-09-16,3762.09
WO-005246,1,bank_transfer,2018-09-06,1182.89
WO-005247,1,bank_transfer,2018-10-23,324.36
WO-005247,2,purchase_order,2018-11-09,384.96
WO-005248,1,bank_transfer,2018-10-04,860.01
WO-005249,1,bank_transfer,2018-09-30,757.69
WO-005251,1,purchase_order,2018-10-29,4054.97
WO-005252,1,bank_transfer,2018-08-29,450.95
WO-005253,1,corporate_card,2018-10-12,1199.18
WO-005254,1,corporate_card,2018-09-29,497.58
WO-005255,1,purchase_order,2018-09-18,2124.81
WO-005256,1,corporate_card,2018-09-03,347.66
WO-005257,1,bank_transfer,2018-09-18,1037.25
WO-005257,2,bank_transfer,2018-10-03,1068.39
WO-005258,1,purchase_order,2018-08-28,1301.89
WO-005259,1,bank_transfer,2018-09-07,374.78
WO-005260,1,bank_transfer,2018-08-30,554.56
WO-005261,1,bank_transfer,2018-09-30,1612.19
WO-005262,1,bank_transfer,2018-09-14,431.78
WO-005262,2,bank_transfer,2018-10-03,647.92
WO-005263,1,purchase_order,2018-09-11,1026.99
WO-005264,1,bank_transfer,2018-09-13,651.61
WO-005265,1,purchase_order,2018-10-04,2814.67
WO-005267,1,purchase_order,2018-10-08,269.24
WO-005267,2,purchase_order,2018-11-17,432.59
WO-005267,3,bank_transfer,2018-12-09,474.92
WO-005268,1,purchase_order,2018-09-19,226.27
WO-005269,1,bank_transfer,2018-09-20,1215.28
WO-005270,1,bank_transfer,2018-08-31,1299.66
WO-005271,1,purchase_order,2018-10-20,856.66
WO-005272,1,purchase_order,2018-09-16,479.74
WO-005272,2,bank_transfer,2018-10-07,370.59
WO-005273,1,purchase_order,2018-09-12,2710.61
WO-005274,1,bank_transfer,2018-09-25,981.48
WO-005275,1,corporate_card,2018-10-04,702.87
WO-005276,1,bank_transfer,2018-10-19,2730.9
WO-005277,1,purchase_order,2018-10-06,1251.62
WO-005278,1,purchase_order,2018-09-13,1849.66
WO-005279,1,bank_transfer,2018-09-21,1476.83
WO-005280,1,purchase_order,2018-09-24,687.3
WO-005280,2,bank_transfer,2018-10-17,294.26
WO-005280,3,purchase_order,2018-11-08,350.86
WO-005281,1,purchase_order,2018-09-26,1019.3
WO-005282,1,bank_transfer,2018-10-27,477.62
WO-005282,2,purchase_order,2018-11-29,806.2
WO-005284,1,corporate_card,2018-10-22,1280.78
WO-005284,2,purchase_order,2018-11-10,1521.43
WO-005285,1,corporate_card,2018-09-07,2675.93
WO-005286,1,corporate_card,2018-09-02,1783.89
WO-005287,1,corporate_card,2018-08-19,809.31
WO-005288,1,corporate_card,2018-09-11,843.72
WO-005289,1,corporate_card,2018-08-16,735.99
WO-005289,2,purchase_order,2018-09-04,783.69
WO-005290,1,corporate_card,2018-08-28,1721.29
WO-005291,1,bank_transfer,2018-10-29,963.01
WO-005292,1,bank_transfer,2018-10-04,1467.69
WO-005294,1,bank_transfer,2018-10-03,1531.51
WO-005295,1,bank_transfer,2018-09-01,1661.75
WO-005295,2,purchase_order,2018-10-08,1031.24
WO-005296,1,corporate_card,2018-10-11,539.55
WO-005296,2,purchase_order,2018-11-04,596.63
WO-005297,1,bank_transfer,2018-09-12,1107.2
WO-005298,1,purchase_order,2018-10-14,1865.92
WO-005299,1,corporate_card,2018-09-16,1225.37
WO-005300,1,bank_transfer,2018-08-28,689.9
WO-005301,1,bank_transfer,2018-10-22,937.09
WO-005301,2,corporate_card,2018-11-25,1217.27
WO-005302,1,bank_transfer,2018-09-28,442.33
WO-005303,1,bank_transfer,2018-09-16,612.94
WO-005304,1,bank_transfer,2018-09-15,735.54
WO-005305,1,bank_transfer,2018-08-28,290.03
WO-005305,2,corporate_card,2018-09-22,459.5
WO-005306,1,bank_transfer,2018-09-19,449.31
WO-005306,2,bank_transfer,2018-10-04,2214.51
WO-005307,1,bank_transfer,2018-09-23,596.39
WO-005307,2,bank_transfer,2018-10-25,569.25
WO-005308,1,corporate_card,2018-09-19,345.79
WO-005308,2,bank_transfer,2018-10-19,322.03
WO-005308,3,purchase_order,2018-11-12,891.42
WO-005309,1,purchase_order,2018-09-01,1096.63
WO-005310,1,bank_transfer,2018-10-12,644.02
WO-005311,1,bank_transfer,2018-09-12,1674.17
WO-005312,1,bank_transfer,2018-09-20,300.28
WO-005313,1,bank_transfer,2018-09-02,783.05
WO-005313,2,bank_transfer,2018-09-20,453.38
WO-005314,1,purchase_order,2018-08-30,2456.6
WO-005315,1,bank_transfer,2018-09-24,979.65
WO-005316,1,bank_transfer,2018-08-23,886.58
WO-005316,2,purchase_order,2018-10-01,355.0
WO-005317,1,bank_transfer,2018-09-21,215.96
WO-005318,1,purchase_order,2018-09-10,279.17
WO-005319,1,corporate_card,2018-10-02,684.29
WO-005320,1,purchase_order,2018-10-12,835.26
WO-005321,1,bank_transfer,2018-09-19,482.37
WO-005321,2,bank_transfer,2018-10-30,950.59
WO-005322,1,purchase_order,2018-09-15,347.84
WO-005323,1,purchase_order,2018-09-26,518.84
WO-005324,1,bank_transfer,2018-08-30,619.68
WO-005325,1,corporate_card,2018-10-05,376.5
WO-005326,1,corporate_card,2018-09-13,730.54
WO-005327,1,bank_transfer,2018-10-09,1216.94
WO-005328,1,bank_transfer,2018-09-25,570.49
WO-005329,1,purchase_order,2018-09-21,1187.98
WO-005330,1,corporate_card,2018-09-28,1673.9
WO-005331,1,corporate_card,2018-09-19,633.94
WO-005332,1,purchase_order,2018-08-28,1948.18
WO-005333,1,bank_transfer,2018-09-08,165.74
WO-005333,2,bank_transfer,2018-09-24,57.37
WO-005333,3,corporate_card,2018-10-28,87.47
WO-005334,1,purchase_order,2018-08-22,869.23
WO-005335,1,bank_transfer,2018-08-16,1433.87
WO-005336,1,bank_transfer,2018-09-24,832.92
WO-005337,1,purchase_order,2018-09-26,366.25
WO-005338,1,bank_transfer,2018-10-05,2293.73
WO-005339,1,bank_transfer,2018-10-01,1225.73
WO-005340,1,corporate_card,2018-09-25,731.08
WO-005340,2,bank_transfer,2018-10-14,554.18
WO-005341,1,purchase_order,2018-08-30,2178.59
WO-005342,1,bank_transfer,2018-08-23,473.82
WO-005343,1,purchase_order,2018-08-27,1663.28
WO-005344,1,bank_transfer,2018-10-21,375.29
WO-005344,2,corporate_card,2018-11-22,286.37
WO-005345,1,corporate_card,2018-09-04,440.48
WO-005346,1,bank_transfer,2018-10-01,1858.14
WO-005347,1,purchase_order,2018-09-01,1365.14
WO-005348,1,bank_transfer,2018-09-17,64.53
WO-005348,2,purchase_order,2018-10-13,110.97
WO-005348,3,bank_transfer,2018-11-05,148.11
WO-005349,1,corporate_card,2018-08-30,2289.03
WO-005350,1,bank_transfer,2018-10-03,280.15
WO-005350,2,bank_transfer,2018-11-14,355.92
WO-005350,3,bank_transfer,2018-12-15,595.25
WO-005351,1,corporate_card,2018-08-16,1263.64
WO-005352,1,bank_transfer,2018-09-14,1095.15
WO-005353,1,purchase_order,2018-09-17,1113.57
WO-005355,1,purchase_order,2018-10-04,515.34
WO-005356,1,purchase_order,2018-09-11,6312.71
WO-005357,1,purchase_order,2018-10-06,327.0
WO-005358,1,bank_transfer,2018-09-26,846.6
WO-005359,1,bank_transfer,2018-09-09,806.0
WO-005360,1,purchase_order,2018-09-13,1162.47
WO-005361,1,bank_transfer,2018-09-08,1009.59
WO-005362,1,purchase_order,2018-09-29,1413.77
WO-005363,1,bank_transfer,2018-09-25,2052.35
WO-005364,1,bank_transfer,2018-10-02,753.3
WO-005364,2,bank_transfer,2018-11-03,641.44
WO-005364,3,purchase_order,2018-12-13,447.48
WO-005365,1,bank_transfer,2018-10-10,1299.77
WO-005365,2,bank_transfer,2018-11-21,487.79
WO-005365,3,purchase_order,2018-12-14,804.69
WO-005366,1,bank_transfer,2018-09-26,652.03
WO-005367,1,bank_transfer,2018-10-02,476.78
WO-005368,1,corporate_card,2018-09-22,398.0
WO-005369,1,purchase_order,2018-10-11,1288.46
WO-005369,2,bank_transfer,2018-11-11,972.18
WO-005370,1,bank_transfer,2018-09-13,2473.33
WO-005371,1,corporate_card,2018-11-02,1819.23
WO-005372,1,purchase_order,2018-10-05,473.76
WO-005373,1,purchase_order,2018-10-30,1269.66
WO-005373,2,bank_transfer,2018-12-03,362.8
WO-005374,1,bank_transfer,2018-10-18,2271.34
WO-005375,1,purchase_order,2018-09-16,1378.43
WO-005376,1,purchase_order,2018-10-04,945.38
WO-005377,1,bank_transfer,2018-11-20,1525.9
WO-005378,1,purchase_order,2018-09-26,2514.2
WO-005379,1,corporate_card,2018-10-25,3814.73
WO-005380,1,bank_transfer,2018-11-15,3316.06
WO-005381,1,bank_transfer,2018-10-21,504.59
WO-005382,1,purchase_order,2018-11-03,692.13
WO-005383,1,purchase_order,2018-10-20,3090.93
WO-005385,1,purchase_order,2018-09-12,1852.06
WO-005386,1,purchase_order,2018-09-25,1386.95
WO-005387,1,purchase_order,2018-11-07,1090.12
WO-005388,1,bank_transfer,2018-09-16,3133.43
WO-005389,1,corporate_card,2018-10-08,281.77
WO-005389,2,purchase_order,2018-11-13,243.03
WO-005389,3,bank_transfer,2018-12-08,188.03
WO-005390,1,purchase_order,2018-09-30,639.76
WO-005390,2,bank_transfer,2018-10-29,1188.59
WO-005391,1,purchase_order,2018-10-07,1933.68
WO-005392,1,purchase_order,2018-10-01,5441.15
WO-005393,1,purchase_order,2018-10-25,768.31
WO-005394,1,corporate_card,2018-11-19,416.83
WO-005395,1,purchase_order,2018-11-02,258.24
WO-005396,1,purchase_order,2018-09-28,1258.75
WO-005397,1,bank_transfer,2018-10-21,366.28
WO-005397,2,purchase_order,2018-11-10,358.37
WO-005398,1,bank_transfer,2018-10-01,569.19
WO-005399,1,corporate_card,2018-10-14,1561.93
WO-005400,1,corporate_card,2018-10-25,60.09
WO-005400,2,bank_transfer,2018-12-02,62.85
WO-005401,1,bank_transfer,2018-09-28,1644.34
WO-005402,1,bank_transfer,2018-11-15,385.48
WO-005402,2,corporate_card,2018-12-22,346.41
WO-005403,1,bank_transfer,2018-08-22,793.87
WO-005404,1,purchase_order,2018-10-11,2704.88
WO-005404,2,bank_transfer,2018-11-18,1497.81
WO-005405,1,bank_transfer,2018-09-26,6559.29
WO-005406,1,purchase_order,2018-10-04,869.53
WO-005406,2,purchase_order,2018-10-28,1082.44
WO-005407,1,corporate_card,2018-11-09,1032.3
WO-005408,1,bank_transfer,2018-09-01,1066.67
WO-005409,1,corporate_card,2018-09-04,716.75
WO-005410,1,bank_transfer,2018-09-20,455.58
WO-005410,2,purchase_order,2018-10-08,248.64
WO-005411,1,bank_transfer,2018-10-24,547.96
WO-005411,2,bank_transfer,2018-11-28,422.8
WO-005412,1,corporate_card,2018-09-06,1054.35
WO-005413,1,bank_transfer,2018-09-27,1132.67
WO-005414,1,purchase_order,2018-10-27,461.05
WO-005414,2,purchase_order,2018-11-15,192.17
WO-005415,1,purchase_order,2018-10-05,234.2
WO-005416,1,bank_transfer,2018-10-02,325.47
WO-005416,2,bank_transfer,2018-11-04,117.61
WO-005417,1,bank_transfer,2018-09-30,879.26
WO-005418,1,corporate_card,2018-09-18,1224.07
WO-005419,1,purchase_order,2018-09-29,872.08
WO-005420,1,bank_transfer,2018-10-10,1625.32
WO-005421,1,bank_transfer,2018-11-09,520.77
WO-005422,1,bank_transfer,2018-10-23,1296.3
WO-005422,2,purchase_order,2018-12-03,593.1
WO-005424,1,bank_transfer,2018-09-30,606.86
WO-005425,1,corporate_card,2018-10-17,2077.62
WO-005426,1,bank_transfer,2018-09-16,2738.14
WO-005427,1,bank_transfer,2018-09-19,434.57
WO-005427,2,bank_transfer,2018-10-15,702.6
WO-005428,1,bank_transfer,2018-09-24,498.33
WO-005428,2,bank_transfer,2018-11-06,286.82
WO-005429,1,bank_transfer,2018-09-22,525.65
WO-005430,1,purchase_order,2018-10-21,321.4
WO-005431,1,bank_transfer,2018-10-20,875.9
WO-005432,1,purchase_order,2018-10-07,755.42
WO-005432,2,corporate_card,2018-11-09,590.71
WO-005433,1,purchase_order,2018-09-29,348.47
WO-005434,1,purchase_order,2018-10-20,2028.49
WO-005435,1,purchase_order,2018-09-18,627.85
WO-005435,2,bank_transfer,2018-10-14,606.37
WO-005436,1,bank_transfer,2018-10-21,765.64
WO-005438,1,purchase_order,2018-10-01,2502.2
WO-005439,1,purchase_order,2018-09-24,1274.1
WO-005440,1,bank_transfer,2018-10-14,1304.15
WO-005441,1,purchase_order,2018-10-07,1458.93
WO-005441,2,purchase_order,2018-11-07,195.28
WO-005442,1,bank_transfer,2018-11-11,831.81
WO-005443,1,bank_transfer,2018-11-07,509.04
WO-005443,2,bank_transfer,2018-12-02,456.77
WO-005444,1,bank_transfer,2018-10-20,2601.82
WO-005444,2,bank_transfer,2018-11-29,1105.6
WO-005445,1,bank_transfer,2018-09-21,646.05
WO-005445,2,bank_transfer,2018-10-24,713.51
WO-005445,3,bank_transfer,2018-11-14,1143.15
WO-005446,1,bank_transfer,2018-09-30,2598.14
WO-005448,1,bank_transfer,2018-10-02,826.7
WO-005449,1,purchase_order,2018-10-30,816.9
WO-005450,1,bank_transfer,2018-12-05,1113.88
WO-005450,2,corporate_card,2019-01-11,2526.72
WO-005451,1,bank_transfer,2018-10-08,679.72
WO-005451,2,purchase_order,2018-10-31,657.91
WO-005452,1,purchase_order,2018-10-30,1237.15
WO-005453,1,bank_transfer,2018-10-01,1107.96
WO-005454,1,bank_transfer,2018-08-30,570.79
WO-005455,1,purchase_order,2018-10-12,1486.7
WO-005456,1,bank_transfer,2018-09-07,459.89
WO-005456,2,bank_transfer,2018-09-25,1060.71
WO-005457,1,bank_transfer,2018-10-16,1137.62
WO-005458,1,bank_transfer,2018-10-06,289.38
WO-005459,1,bank_transfer,2018-10-16,332.19
WO-005459,2,bank_transfer,2018-11-02,316.84
WO-005460,1,bank_transfer,2018-09-20,1233.66
WO-005461,1,bank_transfer,2018-11-10,664.19
WO-005463,1,purchase_order,2018-11-09,850.16
WO-005464,1,bank_transfer,2018-09-26,2395.99
WO-005465,1,bank_transfer,2018-11-10,606.05
WO-005466,1,bank_transfer,2018-10-25,925.93
WO-005467,1,bank_transfer,2018-10-14,1165.72
WO-005468,1,bank_transfer,2018-10-05,1060.03
WO-005469,1,purchase_order,2018-10-24,569.98
WO-005470,1,purchase_order,2018-10-10,1989.39
WO-005471,1,bank_transfer,2018-10-31,975.82
WO-005471,2,purchase_order,2018-11-17,392.07
WO-005472,1,purchase_order,2018-10-23,931.85
WO-005473,1,corporate_card,2018-10-21,121.61
WO-005473,2,purchase_order,2018-11-16,369.37
WO-005473,3,bank_transfer,2018-12-24,414.39
WO-005474,1,corporate_card,2018-10-18,309.96
WO-005474,2,purchase_order,2018-11-10,105.72
WO-005475,1,corporate_card,2018-09-11,507.01
WO-005476,1,bank_transfer,2018-09-24,1179.25
WO-005477,1,corporate_card,2018-09-29,1474.31
WO-005478,1,corporate_card,2018-09-25,651.6
WO-005479,1,bank_transfer,2018-09-26,2728.28
WO-005480,1,bank_transfer,2018-10-07,4381.2
WO-005481,1,bank_transfer,2018-10-07,188.99
WO-005481,2,corporate_card,2018-11-01,515.65
WO-005482,1,purchase_order,2018-10-20,570.3
WO-005482,2,bank_transfer,2018-11-27,744.36
WO-005482,3,bank_transfer,2018-12-18,429.31
WO-005483,1,bank_transfer,2018-10-27,759.73
WO-005483,2,bank_transfer,2018-11-23,360.55
WO-005484,1,corporate_card,2018-09-30,158.17
WO-005484,2,bank_transfer,2018-10-18,307.61
WO-005485,1,bank_transfer,2018-09-27,1107.72
WO-005486,1,bank_transfer,2018-09-11,726.17
WO-005487,1,bank_transfer,2018-10-02,361.24
WO-005488,1,bank_transfer,2018-10-14,764.61
WO-005489,1,purchase_order,2018-11-03,1403.74
WO-005490,1,corporate_card,2018-09-25,966.91
WO-005491,1,purchase_order,2018-09-29,434.68
WO-005492,1,bank_transfer,2018-09-30,1289.38
WO-005493,1,bank_transfer,2018-10-09,144.04
WO-005493,2,bank_transfer,2018-11-05,453.26
WO-005494,1,bank_transfer,2018-09-06,815.15
WO-005495,1,bank_transfer,2018-10-20,2080.77
WO-005496,1,bank_transfer,2018-09-11,396.16
WO-005497,1,purchase_order,2018-09-07,452.02
WO-005498,1,bank_transfer,2018-09-27,413.21
WO-005499,1,bank_transfer,2018-11-16,289.7
WO-005499,2,bank_transfer,2018-12-22,310.6
WO-005499,3,purchase_order,2019-02-03,120.47
WO-005500,1,purchase_order,2018-10-06,279.09
WO-005501,1,purchase_order,2018-10-12,1410.78
WO-005502,1,purchase_order,2018-10-10,2122.45
WO-005502,2,purchase_order,2018-11-06,859.09
WO-005504,1,purchase_order,2018-09-28,425.41
WO-005504,2,purchase_order,2018-10-16,318.51
WO-005505,1,purchase_order,2018-09-04,1269.84
WO-005506,1,bank_transfer,2018-09-14,1814.59
WO-005507,1,purchase_order,2018-09-14,1125.93
WO-005508,1,purchase_order,2018-10-01,3508.29
WO-005509,1,bank_transfer,2018-10-02,1124.99
WO-005510,1,bank_transfer,2018-09-26,1344.27
WO-005510,2,purchase_order,2018-10-11,2356.52
WO-005511,1,corporate_card,2018-11-17,242.75
WO-005511,2,purchase_order,2018-12-12,448.27
WO-005511,3,bank_transfer,2019-01-25,276.5
WO-005512,1,corporate_card,2018-10-20,423.61
WO-005513,1,bank_transfer,2018-09-28,2109.9
WO-005514,1,corporate_card,2018-10-18,1509.28
WO-005515,1,corporate_card,2018-11-10,2404.48
WO-005516,1,purchase_order,2018-10-20,251.61
WO-005517,1,bank_transfer,2018-11-01,268.99
WO-005517,2,corporate_card,2018-12-05,963.33
WO-005518,1,bank_transfer,2018-11-06,1746.51
WO-005519,1,bank_transfer,2018-09-30,3291.83
WO-005520,1,purchase_order,2018-10-06,193.47
WO-005520,2,purchase_order,2018-11-09,493.89
WO-005521,1,purchase_order,2018-10-10,474.18
WO-005521,2,bank_transfer,2018-10-27,541.65
WO-005521,3,bank_transfer,2018-11-28,613.67
WO-005522,1,corporate_card,2018-09-12,437.82
WO-005522,2,purchase_order,2018-10-18,142.38
WO-005523,1,purchase_order,2018-10-17,1563.27
WO-005524,1,bank_transfer,2018-10-24,1650.52
WO-005525,1,bank_transfer,2018-09-20,340.35
WO-005525,2,corporate_card,2018-10-18,794.08
WO-005526,1,bank_transfer,2018-09-27,1643.52
WO-005527,1,bank_transfer,2018-10-03,939.58
WO-005528,1,bank_transfer,2018-11-01,220.05
WO-005529,1,bank_transfer,2018-10-08,1808.48
WO-005530,1,bank_transfer,2018-12-08,717.26
WO-005531,1,purchase_order,2018-10-30,974.3
WO-005532,1,corporate_card,2018-09-06,2286.69
WO-005534,1,purchase_order,2018-09-29,660.79
WO-005535,1,bank_transfer,2018-10-15,1685.73
WO-005536,1,bank_transfer,2018-10-15,436.09
WO-005536,2,bank_transfer,2018-11-03,507.86
WO-005537,1,bank_transfer,2018-09-30,558.38
WO-005538,1,bank_transfer,2018-10-23,4482.64
WO-005539,1,bank_transfer,2018-10-01,2407.24
WO-005540,1,bank_transfer,2018-09-19,869.77
WO-005541,1,bank_transfer,2018-10-22,925.43
WO-005542,1,bank_transfer,2018-10-30,540.15
WO-005542,2,corporate_card,2018-12-08,352.39
WO-005543,1,bank_transfer,2018-10-21,2341.99
WO-005544,1,bank_transfer,2018-09-23,766.37
WO-005544,2,bank_transfer,2018-11-01,1188.74
WO-005545,1,bank_transfer,2018-11-01,609.75
WO-005546,1,corporate_card,2018-10-06,1340.57
WO-005547,1,corporate_card,2018-11-17,318.45
WO-005547,2,corporate_card,2018-12-21,222.52
WO-005548,1,corporate_card,2018-11-08,1676.66
WO-005549,1,purchase_order,2018-10-18,2139.17
WO-005550,1,purchase_order,2018-11-03,354.06
WO-005551,1,purchase_order,2018-10-10,2206.16
WO-005552,1,corporate_card,2018-09-25,858.42
WO-005553,1,bank_transfer,2018-10-26,299.75
WO-005553,2,purchase_order,2018-11-26,1038.31
WO-005554,1,corporate_card,2018-10-05,995.67
WO-005555,1,bank_transfer,2018-11-02,691.61
WO-005556,1,bank_transfer,2018-11-07,2225.78
WO-005557,1,bank_transfer,2018-11-13,2697.68
WO-005558,1,bank_transfer,2018-10-14,640.38
WO-005559,1,bank_transfer,2018-12-05,1649.23
WO-005560,1,bank_transfer,2018-10-15,1137.99
WO-005561,1,purchase_order,2018-11-08,634.13
WO-005561,2,bank_transfer,2018-12-18,527.66
WO-005562,1,bank_transfer,2018-10-29,1347.69
WO-005563,1,bank_transfer,2018-10-16,429.71
WO-005563,2,purchase_order,2018-11-11,757.94
WO-005564,1,purchase_order,2018-10-13,984.4
WO-005565,1,corporate_card,2018-10-27,1596.82
WO-005566,1,corporate_card,2018-11-13,2522.37
WO-005567,1,corporate_card,2018-11-12,467.44
WO-005568,1,bank_transfer,2018-10-20,1741.84
WO-005569,1,bank_transfer,2018-10-13,763.95
WO-005570,1,corporate_card,2018-10-26,854.75
WO-005571,1,bank_transfer,2018-10-16,197.87
WO-005571,2,bank_transfer,2018-11-18,203.8
WO-005571,3,bank_transfer,2018-12-16,248.4
WO-005573,1,corporate_card,2018-10-25,550.22
WO-005573,2,purchase_order,2018-12-01,163.62
WO-005574,1,bank_transfer,2018-10-14,197.94
WO-005574,2,bank_transfer,2018-11-20,321.83
WO-005575,1,bank_transfer,2018-10-14,423.51
WO-005576,1,bank_transfer,2018-10-10,376.8
WO-005576,2,bank_transfer,2018-10-28,184.66
WO-005576,3,corporate_card,2018-11-21,229.17
WO-005577,1,corporate_card,2018-10-07,1408.87
WO-005578,1,bank_transfer,2018-09-29,4364.73
WO-005579,1,bank_transfer,2018-10-06,1418.47
WO-005580,1,bank_transfer,2018-10-30,1071.13
WO-005581,1,bank_transfer,2018-09-21,1522.85
WO-005581,2,purchase_order,2018-10-11,414.78
WO-005582,1,purchase_order,2018-10-05,823.42
WO-005583,1,bank_transfer,2018-10-06,1445.6
WO-005584,1,bank_transfer,2018-10-19,1050.72
WO-005585,1,bank_transfer,2018-09-29,1229.46
WO-005586,1,corporate_card,2018-11-09,248.26
WO-005586,2,purchase_order,2018-12-23,345.57
WO-005587,1,purchase_order,2018-09-14,1502.5
WO-005588,1,bank_transfer,2018-10-09,523.26
WO-005589,1,corporate_card,2018-11-05,412.65
WO-005589,2,corporate_card,2018-12-10,1080.85
WO-005590,1,bank_transfer,2018-10-25,797.05
WO-005591,1,corporate_card,2018-10-18,1768.72
WO-005591,2,bank_transfer,2018-11-17,3363.35
WO-005592,1,corporate_card,2018-10-12,453.69
WO-005593,1,purchase_order,2018-10-19,651.65
WO-005594,1,purchase_order,2018-10-14,755.15
WO-005595,1,bank_transfer,2018-10-24,2665.53
WO-005596,1,bank_transfer,2018-10-11,3543.43
WO-005598,1,bank_transfer,2018-10-16,4387.17
WO-005599,1,purchase_order,2018-10-13,1706.26
WO-005600,1,purchase_order,2018-10-16,3667.59
WO-005601,1,bank_transfer,2018-10-06,718.72
WO-005601,2,corporate_card,2018-11-15,371.35
WO-005601,3,bank_transfer,2018-12-10,337.74
WO-005602,1,purchase_order,2018-11-22,343.16
WO-005603,1,purchase_order,2018-10-04,593.48
WO-005604,1,bank_transfer,2018-10-05,1306.75
WO-005605,1,bank_transfer,2018-10-19,1187.52
WO-005605,2,bank_transfer,2018-11-13,521.15
WO-005606,1,bank_transfer,2018-09-16,901.2
WO-005607,1,bank_transfer,2018-10-21,411.01
WO-005607,2,bank_transfer,2018-11-15,325.47
WO-005608,1,bank_transfer,2018-11-01,339.84
WO-005609,1,bank_transfer,2018-09-25,723.89
WO-005610,1,bank_transfer,2018-10-21,5200.47
WO-005611,1,bank_transfer,2018-10-24,83.79
WO-005611,2,corporate_card,2018-11-21,243.23
WO-005612,1,bank_transfer,2018-10-14,1480.54
WO-005613,1,bank_transfer,2018-10-24,352.11
WO-005613,2,corporate_card,2018-11-11,243.7
WO-005614,1,bank_transfer,2018-10-20,3278.87
WO-005615,1,corporate_card,2018-10-19,1160.83
WO-005616,1,purchase_order,2018-09-11,2908.78
WO-005617,1,bank_transfer,2018-10-13,1505.01
WO-005618,1,purchase_order,2018-10-20,2074.25
WO-005619,1,bank_transfer,2018-11-11,221.81
WO-005619,2,bank_transfer,2018-12-01,114.84
WO-005620,1,corporate_card,2018-10-19,324.77
WO-005621,1,bank_transfer,2018-12-10,886.42
WO-005622,1,bank_transfer,2018-10-01,1655.21
WO-005623,1,corporate_card,2018-11-02,1172.83
WO-005624,1,bank_transfer,2018-10-27,491.66
WO-005624,2,bank_transfer,2018-11-20,1036.07
WO-005626,1,purchase_order,2018-11-23,2148.95
WO-005627,1,purchase_order,2018-10-12,785.12
WO-005627,2,bank_transfer,2018-11-23,121.29
WO-005628,1,corporate_card,2018-10-17,1111.38
WO-005629,1,purchase_order,2018-10-30,1007.86
WO-005630,1,bank_transfer,2018-10-22,1068.64
WO-005631,1,bank_transfer,2018-10-23,1038.73
WO-005632,1,bank_transfer,2018-10-24,1986.14
WO-005633,1,purchase_order,2018-11-01,1121.8
WO-005634,1,bank_transfer,2018-09-30,941.32
WO-005635,1,purchase_order,2018-09-21,424.68
WO-005636,1,purchase_order,2018-11-28,1517.57
WO-005637,1,purchase_order,2018-10-04,926.2
WO-005638,1,purchase_order,2018-10-23,2179.31
WO-005639,1,bank_transfer,2018-10-27,2263.93
WO-005641,1,bank_transfer,2018-10-20,1188.73
WO-005642,1,purchase_order,2018-10-30,1049.16
WO-005643,1,bank_transfer,2018-11-12,476.92
WO-005643,2,bank_transfer,2018-12-01,564.52
WO-005644,1,bank_transfer,2018-10-11,2228.25
WO-005645,1,bank_transfer,2018-10-13,1753.6
WO-005646,1,bank_transfer,2018-09-25,1756.18
WO-005647,1,bank_transfer,2018-10-20,1123.04
WO-005648,1,purchase_order,2018-10-05,377.8
WO-005648,2,bank_transfer,2018-11-17,677.72
WO-005649,1,bank_transfer,2018-11-02,372.37
WO-005650,1,bank_transfer,2018-10-24,1585.24
WO-005652,1,bank_transfer,2018-10-02,1626.98
WO-005654,1,bank_transfer,2018-11-15,344.01
WO-005655,1,bank_transfer,2018-11-02,523.74
WO-005657,1,purchase_order,2018-11-05,305.2
WO-005657,2,purchase_order,2018-12-17,324.66
WO-005658,1,bank_transfer,2018-11-06,5543.01
WO-005659,1,bank_transfer,2018-10-19,1183.4
WO-005660,1,bank_transfer,2018-11-14,1096.29
WO-005661,1,bank_transfer,2018-10-09,628.47
WO-005662,1,bank_transfer,2018-10-06,1117.85
WO-005663,1,corporate_card,2018-11-01,2961.94
WO-005664,1,bank_transfer,2018-11-06,1259.44
WO-005665,1,bank_transfer,2018-10-12,2936.55
WO-005666,1,bank_transfer,2018-10-24,1255.9
WO-005667,1,corporate_card,2018-10-06,215.08
WO-005667,2,bank_transfer,2018-10-23,559.5
WO-005668,1,bank_transfer,2018-10-22,114.85
WO-005668,2,bank_transfer,2018-12-04,229.76
WO-005668,3,bank_transfer,2018-12-24,259.35
WO-005669,1,bank_transfer,2018-11-04,1037.54
WO-005670,1,corporate_card,2018-10-22,590.58
WO-005671,1,bank_transfer,2018-10-19,1168.59
WO-005672,1,purchase_order,2018-10-01,1201.13
WO-005673,1,bank_transfer,2018-10-18,1355.36
WO-005674,1,bank_transfer,2018-10-21,498.64
WO-005675,1,purchase_order,2018-11-28,791.76
WO-005676,1,bank_transfer,2018-10-27,791.82
WO-005677,1,corporate_card,2018-10-07,874.35
WO-005678,1,bank_transfer,2018-11-17,299.29
WO-005678,2,bank_transfer,2018-12-12,572.69
WO-005679,1,purchase_order,2018-10-31,2110.17
WO-005680,1,purchase_order,2018-10-31,563.86
WO-005681,1,purchase_order,2018-11-23,222.39
WO-005681,2,bank_transfer,2018-12-09,448.46
WO-005681,3,bank_transfer,2019-01-17,237.63
WO-005682,1,bank_transfer,2018-10-17,337.06
WO-005682,2,purchase_order,2018-11-06,337.33
WO-005683,1,bank_transfer,2018-11-01,768.48
WO-005683,2,purchase_order,2018-12-05,1599.39
WO-005684,1,corporate_card,2018-10-08,798.77
WO-005684,2,purchase_order,2018-11-16,462.15
WO-005685,1,bank_transfer,2018-10-17,2408.67
WO-005685,2,purchase_order,2018-11-14,3901.17
WO-005686,1,corporate_card,2018-09-21,209.18
WO-005686,2,corporate_card,2018-10-08,243.24
WO-005687,1,purchase_order,2018-10-16,966.83
WO-005688,1,purchase_order,2018-10-04,1040.79
WO-005689,1,bank_transfer,2018-09-27,829.26
WO-005690,1,corporate_card,2018-10-20,1023.57
WO-005691,1,bank_transfer,2018-11-19,1217.16
WO-005692,1,bank_transfer,2018-10-19,1129.23
WO-005693,1,purchase_order,2018-11-07,644.13
WO-005694,1,bank_transfer,2018-10-26,1952.18
WO-005696,1,bank_transfer,2018-10-21,1151.32
WO-005697,1,bank_transfer,2018-11-10,1103.97
WO-005698,1,bank_transfer,2018-11-08,1157.79
WO-005699,1,bank_transfer,2018-10-16,1007.93
WO-005701,1,purchase_order,2018-10-29,665.2
WO-005702,1,corporate_card,2018-10-02,1063.21
WO-005703,1,purchase_order,2018-11-15,2128.51
WO-005704,1,purchase_order,2018-09-21,450.91
WO-005705,1,purchase_order,2018-10-20,318.29
WO-005706,1,purchase_order,2018-10-29,3852.35
WO-005707,1,purchase_order,2018-11-19,364.6
WO-005707,2,bank_transfer,2019-01-02,378.99
WO-005708,1,bank_transfer,2018-11-16,647.08
WO-005709,1,bank_transfer,2018-11-05,77.84
WO-005709,2,bank_transfer,2018-11-25,285.93
WO-005709,3,corporate_card,2018-12-18,247.07
WO-005710,1,bank_transfer,2018-11-15,1062.03
WO-005710,2,bank_transfer,2018-12-04,1365.48
WO-005711,1,corporate_card,2018-11-07,340.51
WO-005711,2,corporate_card,2018-12-02,270.39
WO-005711,3,bank_transfer,2018-12-19,214.95
WO-005712,1,bank_transfer,2018-11-09,262.08
WO-005712,2,bank_transfer,2018-12-02,893.24
WO-005713,1,corporate_card,2018-10-29,1431.71
WO-005714,1,bank_transfer,2018-10-13,1260.45
WO-005715,1,bank_transfer,2018-10-13,914.9
WO-005716,1,purchase_order,2018-11-29,535.45
WO-005716,2,corporate_card,2019-01-08,693.94
WO-005717,1,bank_transfer,2018-12-03,829.72
WO-005717,2,bank_transfer,2018-12-31,426.88
WO-005718,1,bank_transfer,2018-11-16,363.1
WO-005719,1,purchase_order,2018-11-02,405.88
WO-005719,2,bank_transfer,2018-11-27,123.64
WO-005719,3,bank_transfer,2018-12-16,180.29
WO-005720,1,bank_transfer,2018-10-20,163.09
WO-005720,2,corporate_card,2018-11-17,198.51
WO-005721,1,purchase_order,2018-11-19,158.72
WO-005721,2,purchase_order,2019-01-01,231.58
WO-005721,3,corporate_card,2019-02-07,216.6
WO-005722,1,purchase_order,2018-11-19,1481.05
WO-005723,1,purchase_order,2018-11-18,846.57
WO-005724,1,bank_transfer,2018-11-19,233.86
WO-005725,1,bank_transfer,2018-10-26,1556.56
WO-005726,1,bank_transfer,2018-10-27,1855.42
WO-005726,2,bank_transfer,2018-11-16,2970.38
WO-005727,1,bank_transfer,2018-10-16,617.68
WO-005728,1,bank_transfer,2018-11-05,802.93
WO-005729,1,bank_transfer,2018-11-18,416.35
WO-005729,2,purchase_order,2018-12-24,358.94
WO-005730,1,bank_transfer,2018-10-31,3151.26
WO-005731,1,purchase_order,2018-10-09,1096.58
WO-005732,1,bank_transfer,2018-10-21,700.37
WO-005734,1,corporate_card,2018-11-17,620.9
WO-005735,1,corporate_card,2018-12-27,249.55
WO-005735,2,bank_transfer,2019-01-13,158.77
WO-005735,3,bank_transfer,2019-02-08,171.48
WO-005736,1,purchase_order,2018-11-10,1696.88
WO-005737,1,bank_transfer,2018-12-07,1725.03
WO-005738,1,purchase_order,2018-11-01,1242.07
WO-005739,1,purchase_order,2018-10-06,1182.23
WO-005740,1,bank_transfer,2018-11-08,175.07
WO-005740,2,purchase_order,2018-11-23,247.15
WO-005741,1,bank_transfer,2018-10-21,1434.13
WO-005743,1,purchase_order,2018-11-16,1362.79
WO-005744,1,bank_transfer,2018-09-23,4199.6
WO-005746,1,purchase_order,2018-10-28,1198.06
WO-005747,1,corporate_card,2018-09-29,262.13
WO-005748,1,bank_transfer,2018-10-21,2606.99
WO-005749,1,bank_transfer,2018-11-04,1250.19
WO-005749,2,corporate_card,2018-12-02,639.93
WO-005750,1,bank_transfer,2018-11-08,2284.95
WO-005752,1,bank_transfer,2018-11-03,419.06
WO-005752,2,bank_transfer,2018-11-23,300.5
WO-005753,1,purchase_order,2018-11-16,1122.19
WO-005754,1,bank_transfer,2018-10-01,724.86
WO-005755,1,bank_transfer,2018-10-12,416.49
WO-005755,2,purchase_order,2018-11-01,378.31
WO-005756,1,purchase_order,2018-11-22,957.79
WO-005757,1,purchase_order,2018-11-13,1664.2
WO-005758,1,corporate_card,2018-11-08,647.15
WO-005759,1,bank_transfer,2018-09-30,405.91
WO-005759,2,corporate_card,2018-10-28,465.56
WO-005759,3,purchase_order,2018-11-12,277.27
WO-005760,1,purchase_order,2018-10-11,1639.69
WO-005761,1,bank_transfer,2018-10-16,1822.85
WO-005762,1,purchase_order,2018-11-08,395.89
WO-005763,1,bank_transfer,2018-10-08,2493.53
WO-005764,1,bank_transfer,2018-10-08,1988.18
WO-005765,1,bank_transfer,2018-11-17,449.53
WO-005766,1,bank_transfer,2018-11-14,466.65
WO-005768,1,bank_transfer,2018-10-02,427.16
WO-005768,2,bank_transfer,2018-11-12,555.59
WO-005769,1,bank_transfer,2018-11-03,674.86
WO-005770,1,corporate_card,2018-10-09,769.73
WO-005771,1,purchase_order,2018-10-19,1154.17
WO-005772,1,bank_transfer,2018-11-12,1319.03
WO-005773,1,purchase_order,2018-11-01,732.33
WO-005774,1,purchase_order,2018-12-04,493.25
WO-005774,2,purchase_order,2018-12-22,794.45
WO-005775,1,purchase_order,2018-10-21,335.24
WO-005775,2,bank_transfer,2018-11-11,245.55
WO-005776,1,bank_transfer,2018-11-03,2234.69
WO-005777,1,corporate_card,2018-11-15,550.91
WO-005778,1,bank_transfer,2018-10-30,977.92
WO-005779,1,bank_transfer,2018-10-01,568.74
WO-005780,1,bank_transfer,2018-11-18,669.79
WO-005781,1,bank_transfer,2018-11-26,679.01
WO-005784,1,bank_transfer,2018-10-16,1068.79
WO-005785,1,purchase_order,2018-11-09,965.19
WO-005786,1,bank_transfer,2018-11-03,2165.35
WO-005787,1,bank_transfer,2018-10-23,1311.19
WO-005788,1,bank_transfer,2018-11-12,745.5
WO-005788,2,purchase_order,2018-12-15,506.59
WO-005789,1,purchase_order,2018-11-08,1025.25
WO-005790,1,purchase_order,2018-11-04,753.12
WO-005790,2,purchase_order,2018-12-05,1060.53
WO-005791,1,purchase_order,2018-12-01,2404.69
WO-005792,1,bank_transfer,2018-10-29,1115.93
WO-005793,1,corporate_card,2018-11-12,914.45
WO-005794,1,bank_transfer,2018-10-21,172.03
WO-005794,2,bank_transfer,2018-11-06,308.81
WO-005795,1,bank_transfer,2018-10-17,866.01
WO-005796,1,bank_transfer,2018-11-09,675.26
WO-005796,2,corporate_card,2018-12-10,247.25
WO-005797,1,bank_transfer,2018-11-04,479.48
WO-005798,1,bank_transfer,2018-11-25,505.09
WO-005799,1,purchase_order,2018-11-18,691.33
WO-005800,1,bank_transfer,2018-11-18,493.24
WO-005801,1,bank_transfer,2018-10-07,739.98
WO-005802,1,purchase_order,2018-10-30,956.69
WO-005803,1,bank_transfer,2018-11-23,650.78
WO-005804,1,bank_transfer,2018-10-04,1184.32
WO-005805,1,bank_transfer,2018-10-16,449.91
WO-005805,2,corporate_card,2018-11-29,959.54
WO-005806,1,bank_transfer,2018-10-03,2060.58
WO-005807,1,purchase_order,2018-12-15,507.64
WO-005808,1,bank_transfer,2018-10-05,1961.26
WO-005809,1,corporate_card,2018-10-28,296.27
WO-005810,1,purchase_order,2018-10-18,611.39
WO-005811,1,purchase_order,2018-10-26,2256.96
WO-005812,1,bank_transfer,2018-11-06,1509.2
WO-005813,1,bank_transfer,2018-11-11,640.25
WO-005814,1,bank_transfer,2018-11-05,1010.62
WO-005815,1,corporate_card,2018-11-27,3658.97
WO-005816,1,bank_transfer,2018-11-09,4988.49
WO-005817,1,bank_transfer,2018-11-26,591.93
WO-005818,1,corporate_card,2018-11-20,648.43
WO-005819,1,bank_transfer,2018-10-15,408.68
WO-005820,1,purchase_order,2018-11-18,381.17
WO-005821,1,bank_transfer,2018-11-20,406.9
WO-005822,1,bank_transfer,2018-10-28,581.72
WO-005822,2,purchase_order,2018-12-09,600.54
WO-005822,3,purchase_order,2019-01-06,865.81
WO-005823,1,bank_transfer,2018-10-07,2006.61
WO-005825,1,corporate_card,2018-11-06,1426.74
WO-005826,1,purchase_order,2018-11-10,2047.15
WO-005827,1,bank_transfer,2018-11-03,1310.06
WO-005827,2,bank_transfer,2018-11-26,687.2
WO-005828,1,bank_transfer,2018-10-09,1745.34
WO-005829,1,corporate_card,2018-11-06,923.78
WO-005830,1,purchase_order,2018-11-24,689.29
WO-005831,1,bank_transfer,2018-11-13,1375.54
WO-005832,1,bank_transfer,2018-10-30,686.17
WO-005833,1,bank_transfer,2018-12-26,1097.38
WO-005834,1,bank_transfer,2018-10-26,858.7
WO-005834,2,bank_transfer,2018-11-27,135.21
WO-005835,1,bank_transfer,2018-11-24,294.8
WO-005835,2,bank_transfer,2018-12-31,270.48
WO-005835,3,bank_transfer,2019-02-02,395.66
WO-005836,1,bank_transfer,2018-10-26,106.42
WO-005836,2,bank_transfer,2018-11-16,176.85
WO-005837,1,bank_transfer,2018-10-31,1131.41
WO-005838,1,corporate_card,2018-10-31,1948.52
WO-005839,1,bank_transfer,2018-10-26,939.08
WO-005840,1,bank_transfer,2018-10-09,372.97
WO-005841,1,bank_transfer,2018-11-16,418.29
WO-005842,1,bank_transfer,2018-11-28,750.59
WO-005843,1,corporate_card,2018-10-28,765.62
WO-005844,1,bank_transfer,2018-12-02,1175.82
WO-005845,1,bank_transfer,2018-11-10,1991.47
WO-005846,1,bank_transfer,2018-12-02,1917.65
WO-005847,1,bank_transfer,2018-10-10,1237.07
WO-005847,2,purchase_order,2018-11-11,839.43
WO-005848,1,bank_transfer,2018-11-08,825.94
WO-005849,1,bank_transfer,2018-10-26,2138.54
WO-005850,1,bank_transfer,2018-11-07,536.74
WO-005851,1,bank_transfer,2018-10-19,510.39
WO-005852,1,bank_transfer,2018-11-04,310.44
WO-005852,2,bank_transfer,2018-11-25,591.2
WO-005853,1,purchase_order,2018-11-30,320.42
WO-005854,1,corporate_card,2018-12-15,1017.12
WO-005855,1,bank_transfer,2018-11-17,428.11
WO-005855,2,purchase_order,2018-12-26,639.98
WO-005856,1,bank_transfer,2018-11-27,288.33
WO-005856,2,bank_transfer,2018-12-19,320.9
WO-005857,1,corporate_card,2018-11-22,387.63
WO-005858,1,corporate_card,2018-10-25,516.12
WO-005859,1,bank_transfer,2018-12-20,1565.52
WO-005859,2,bank_transfer,2019-02-01,174.18
WO-005860,1,bank_transfer,2018-11-22,1212.33
WO-005860,2,purchase_order,2018-12-24,467.69
WO-005860,3,bank_transfer,2019-01-24,1170.68
WO-005861,1,bank_transfer,2018-12-06,1257.87
WO-005861,2,bank_transfer,2019-01-15,2672.67
WO-005862,1,bank_transfer,2018-11-01,1268.33
WO-005862,2,corporate_card,2018-11-21,740.29
WO-005863,1,bank_transfer,2018-11-17,573.09
WO-005864,1,bank_transfer,2018-11-15,1079.49
WO-005865,1,bank_transfer,2018-10-06,1899.88
WO-005866,1,bank_transfer,2018-11-06,290.77
WO-005866,2,purchase_order,2018-12-06,85.24
WO-005866,3,bank_transfer,2019-01-06,264.24
WO-005867,1,bank_transfer,2018-10-11,1190.65
WO-005868,1,purchase_order,2018-10-26,563.47
WO-005868,2,purchase_order,2018-11-21,537.92
WO-005870,1,purchase_order,2018-10-30,1396.33
WO-005871,1,bank_transfer,2018-11-13,988.85
WO-005872,1,purchase_order,2018-12-23,847.95
WO-005873,1,bank_transfer,2018-11-23,1500.44
WO-005874,1,purchase_order,2018-12-05,2854.26
WO-005875,1,bank_transfer,2018-10-27,555.63
WO-005876,1,purchase_order,2018-12-13,691.59
WO-005877,1,bank_transfer,2018-12-12,873.76
WO-005878,1,purchase_order,2018-11-12,751.76
WO-005879,1,purchase_order,2018-12-12,1993.8
WO-005880,1,purchase_order,2018-12-04,199.08
WO-005880,2,corporate_card,2018-12-23,408.48
WO-005882,1,bank_transfer,2018-11-06,154.22
WO-005882,2,purchase_order,2018-11-22,227.98
WO-005882,3,bank_transfer,2018-12-22,223.95
WO-005883,1,corporate_card,2018-11-13,227.72
WO-005883,2,bank_transfer,2018-12-04,457.94
WO-005884,1,bank_transfer,2018-12-23,699.69
WO-005885,1,corporate_card,2018-12-06,1295.6
WO-005886,1,bank_transfer,2018-11-04,433.98
WO-005886,2,purchase_order,2018-11-20,174.43
WO-005887,1,corporate_card,2018-10-17,933.22
WO-005888,1,purchase_order,2018-11-20,1395.42
WO-005889,1,corporate_card,2018-11-19,1033.36
WO-005890,1,purchase_order,2018-12-18,898.33
WO-005891,1,bank_transfer,2019-01-01,502.2
WO-005891,2,bank_transfer,2019-01-25,495.68
WO-005892,1,bank_transfer,2018-11-12,295.39
WO-005893,1,corporate_card,2018-11-04,2259.78
WO-005894,1,bank_transfer,2018-11-27,1149.89
WO-005894,2,bank_transfer,2018-12-17,746.2
WO-005895,1,corporate_card,2018-11-07,1264.5
WO-005896,1,bank_transfer,2018-10-28,827.15
WO-005896,2,bank_transfer,2018-11-26,401.62
WO-005896,3,purchase_order,2018-12-15,172.89
WO-005897,1,purchase_order,2018-11-10,1226.14
WO-005898,1,bank_transfer,2018-12-17,579.44
WO-005899,1,bank_transfer,2018-11-05,358.67
WO-005899,2,bank_transfer,2018-12-01,75.11
WO-005899,3,bank_transfer,2019-01-09,219.56
WO-005900,1,bank_transfer,2018-11-27,786.25
WO-005901,1,corporate_card,2018-12-30,645.51
WO-005901,2,bank_transfer,2019-01-25,514.57
WO-005901,3,bank_transfer,2019-02-27,862.44
WO-005902,1,bank_transfer,2018-10-26,623.77
WO-005903,1,bank_transfer,2018-11-02,1522.47
WO-005904,1,purchase_order,2018-10-17,417.45
WO-005904,2,purchase_order,2018-11-29,442.01
WO-005905,1,bank_transfer,2019-01-06,409.6
WO-005906,1,purchase_order,2018-11-09,1261.31
WO-005907,1,purchase_order,2018-10-17,422.06
WO-005907,2,bank_transfer,2018-11-18,1178.51
WO-005908,1,purchase_order,2018-12-01,552.64
WO-005909,1,bank_transfer,2018-11-22,1276.56
WO-005910,1,bank_transfer,2018-11-10,321.14
WO-005911,1,purchase_order,2018-11-27,460.91
WO-005911,2,corporate_card,2018-12-15,318.01
WO-005912,1,corporate_card,2018-12-28,1993.97
WO-005913,1,purchase_order,2018-12-03,341.17
WO-005913,2,bank_transfer,2018-12-30,625.1
WO-005913,3,purchase_order,2019-01-15,225.66
WO-005914,1,purchase_order,2018-10-30,1044.91
WO-005915,1,bank_transfer,2018-12-14,790.07
WO-005915,2,purchase_order,2019-01-23,1193.49
WO-005916,1,bank_transfer,2018-10-20,826.91
WO-005916,2,purchase_order,2018-11-18,739.93
WO-005917,1,corporate_card,2018-11-13,768.51
WO-005918,1,bank_transfer,2018-10-28,928.61
WO-005919,1,bank_transfer,2018-12-09,1508.28
WO-005920,1,bank_transfer,2018-12-01,867.6
WO-005921,1,bank_transfer,2018-11-04,965.25
WO-005922,1,corporate_card,2018-12-01,1833.01
WO-005923,1,purchase_order,2018-11-24,784.33
WO-005924,1,bank_transfer,2018-11-28,1558.87
WO-005925,1,corporate_card,2018-11-28,1293.38
WO-005926,1,bank_transfer,2018-12-05,769.21
WO-005927,1,purchase_order,2018-11-04,1760.77
WO-005928,1,purchase_order,2018-11-27,92.83
WO-005928,2,bank_transfer,2019-01-02,232.29
WO-005929,1,corporate_card,2018-11-05,3205.83
WO-005930,1,bank_transfer,2018-11-28,226.68
WO-005930,2,bank_transfer,2019-01-05,159.58
WO-005930,3,bank_transfer,2019-02-02,203.13
WO-005931,1,purchase_order,2018-11-20,1352.6
WO-005932,1,bank_transfer,2018-12-02,558.45
WO-005932,2,bank_transfer,2018-12-29,615.49
WO-005933,1,bank_transfer,2018-12-04,402.16
WO-005933,2,corporate_card,2019-01-05,475.55
WO-005934,1,bank_transfer,2018-11-23,92.53
WO-005934,2,bank_transfer,2018-12-31,220.12
WO-005934,3,corporate_card,2019-01-28,203.18
WO-005935,1,bank_transfer,2018-12-01,644.91
WO-005936,1,corporate_card,2018-10-26,488.24
WO-005937,1,bank_transfer,2018-12-19,536.17
WO-005937,2,bank_transfer,2019-01-19,1689.58
WO-005938,1,purchase_order,2018-10-30,1284.56
WO-005939,1,corporate_card,2018-11-27,704.81
WO-005939,2,corporate_card,2019-01-05,437.91
WO-005940,1,purchase_order,2018-11-21,1523.82
WO-005941,1,bank_transfer,2018-11-15,1483.73
WO-005942,1,bank_transfer,2018-11-19,996.51
WO-005943,1,purchase_order,2018-11-20,1813.0
WO-005944,1,corporate_card,2018-11-27,557.92
WO-005945,1,bank_transfer,2018-11-22,579.31
WO-005946,1,corporate_card,2018-11-02,1224.91
WO-005947,1,purchase_order,2018-12-08,378.5
WO-005948,1,purchase_order,2018-11-02,330.51
WO-005948,2,purchase_order,2018-11-18,989.13
WO-005949,1,corporate_card,2018-11-02,1602.84
WO-005950,1,bank_transfer,2018-11-19,4204.09
WO-005951,1,purchase_order,2018-11-19,1910.4
WO-005952,1,bank_transfer,2018-10-29,896.83
WO-005953,1,bank_transfer,2018-11-23,1404.1
WO-005955,1,bank_transfer,2019-01-08,917.21
WO-005956,1,purchase_order,2018-11-03,121.45
WO-005956,2,purchase_order,2018-12-16,146.36
WO-005956,3,purchase_order,2019-01-20,70.42
WO-005957,1,purchase_order,2018-11-25,1325.42
WO-005958,1,bank_transfer,2018-11-19,861.37
WO-005959,1,bank_transfer,2018-12-03,1715.79
WO-005960,1,bank_transfer,2018-12-19,292.97
WO-005960,2,bank_transfer,2019-01-28,600.52
WO-005961,1,purchase_order,2018-11-14,1085.75
WO-005962,1,bank_transfer,2018-11-30,1639.81
WO-005963,1,bank_transfer,2018-12-23,582.3
WO-005963,2,corporate_card,2019-01-17,1048.32
WO-005965,1,bank_transfer,2018-11-07,429.1
WO-005966,1,bank_transfer,2018-11-29,89.97
WO-005966,2,corporate_card,2019-01-08,519.08
WO-005966,3,bank_transfer,2019-02-13,206.46
WO-005967,1,purchase_order,2018-12-22,4750.51
WO-005968,1,bank_transfer,2018-11-10,397.62
WO-005969,1,bank_transfer,2018-11-03,739.92
WO-005970,1,purchase_order,2018-12-17,337.92
WO-005971,1,purchase_order,2018-11-15,345.8
WO-005972,1,bank_transfer,2018-11-18,128.43
WO-005972,2,purchase_order,2018-12-29,183.05
WO-005973,1,bank_transfer,2018-11-18,929.57
WO-005973,2,corporate_card,2018-12-04,540.05
WO-005974,1,bank_transfer,2018-11-11,607.49
WO-005975,1,purchase_order,2019-01-02,139.5
WO-005975,2,purchase_order,2019-02-10,92.47
WO-005976,1,purchase_order,2018-12-03,530.49
WO-005977,1,bank_transfer,2018-12-23,148.91
WO-005977,2,purchase_order,2019-01-08,340.91
WO-005978,1,purchase_order,2018-11-27,617.44
WO-005979,1,corporate_card,2018-12-07,1131.46
WO-005981,1,purchase_order,2018-12-13,951.54
WO-005982,1,purchase_order,2018-11-23,553.37
WO-005982,2,purchase_order,2019-01-05,1052.36
WO-005982,3,bank_transfer,2019-02-16,611.06
WO-005983,1,bank_transfer,2018-12-29,893.32
WO-005984,1,purchase_order,2018-12-12,692.2
WO-005985,1,purchase_order,2018-12-07,681.32
WO-005985,2,purchase_order,2019-01-17,160.02
WO-005986,1,bank_transfer,2018-12-28,491.79
WO-005987,1,bank_transfer,2019-01-09,2095.67
WO-005988,1,bank_transfer,2018-12-12,519.87
WO-005988,2,bank_transfer,2019-01-14,743.83
WO-005988,3,bank_transfer,2019-01-30,1488.9
WO-005989,1,corporate_card,2018-11-04,2060.63
WO-005990,1,bank_transfer,2018-12-22,1521.74
WO-005990,2,purchase_order,2019-01-10,1265.36
WO-005991,1,bank_transfer,2018-12-22,1541.66
WO-005993,1,bank_transfer,2018-11-14,2054.91
WO-005994,1,corporate_card,2018-10-23,2196.02
WO-005995,1,bank_transfer,2018-11-01,809.26
WO-005996,1,purchase_order,2018-11-12,782.67
WO-005997,1,bank_transfer,2018-12-20,949.82
WO-005998,1,bank_transfer,2018-11-03,562.49
WO-005999,1,bank_transfer,2018-12-08,736.46
WO-006000,1,bank_transfer,2018-12-01,516.46
WO-006000,2,bank_transfer,2019-01-05,423.99
WO-006001,1,purchase_order,2018-12-25,360.57
WO-006002,1,bank_transfer,2018-12-15,1616.81
WO-006003,1,bank_transfer,2018-11-28,683.17
WO-006004,1,bank_transfer,2019-01-07,1055.54
WO-006004,2,corporate_card,2019-02-13,674.49
WO-006005,1,corporate_card,2018-11-02,513.99
WO-006006,1,bank_transfer,2018-12-13,1258.19
WO-006007,1,bank_transfer,2018-12-24,1830.99
WO-006008,1,purchase_order,2019-01-04,111.52
WO-006008,2,bank_transfer,2019-02-15,60.44
WO-006010,1,corporate_card,2018-12-05,618.1
WO-006011,1,bank_transfer,2018-12-06,1515.03
WO-006012,1,bank_transfer,2018-12-01,1579.85
WO-006013,1,bank_transfer,2018-12-02,456.5
WO-006013,2,bank_transfer,2018-12-21,891.96
WO-006014,1,corporate_card,2018-11-25,2176.63
WO-006016,1,bank_transfer,2018-12-14,303.56
WO-006017,1,bank_transfer,2018-12-05,1009.64
WO-006017,2,corporate_card,2018-12-26,553.99
WO-006018,1,bank_transfer,2019-01-07,841.57
WO-006019,1,bank_transfer,2018-11-25,1107.71
WO-006020,1,purchase_order,2018-12-11,704.47
WO-006021,1,bank_transfer,2018-12-08,558.54
WO-006022,1,corporate_card,2018-11-25,426.87
WO-006022,2,corporate_card,2018-12-23,859.05
WO-006023,1,corporate_card,2018-12-27,576.78
WO-006024,1,bank_transfer,2018-11-06,175.74
WO-006024,2,corporate_card,2018-12-09,621.82
WO-006025,1,bank_transfer,2018-12-05,899.88
WO-006026,1,corporate_card,2018-10-27,549.78
WO-006027,1,bank_transfer,2018-12-13,722.43
WO-006028,1,bank_transfer,2018-12-03,996.93
WO-006029,1,bank_transfer,2018-12-08,638.6
WO-006030,1,corporate_card,2018-12-07,502.62
WO-006030,2,bank_transfer,2019-01-18,202.09
WO-006030,3,bank_transfer,2019-02-07,690.86
WO-006031,1,purchase_order,2018-11-06,986.12
WO-006032,1,bank_transfer,2018-12-18,908.65
WO-006032,2,purchase_order,2019-01-21,1869.88
WO-006033,1,bank_transfer,2018-11-06,3767.0
WO-006034,1,bank_transfer,2018-11-14,547.05
WO-006035,1,purchase_order,2018-11-30,518.11
WO-006035,2,bank_transfer,2019-01-10,424.82
WO-006036,1,purchase_order,2018-11-26,592.0
WO-006036,2,bank_transfer,2018-12-28,401.58
WO-006037,1,bank_transfer,2019-01-03,118.03
WO-006037,2,bank_transfer,2019-02-10,158.03
WO-006037,3,purchase_order,2019-03-12,163.58
WO-006038,1,bank_transfer,2018-11-15,934.14
WO-006039,1,bank_transfer,2018-12-26,691.73
WO-006040,1,bank_transfer,2018-12-15,156.14
WO-006040,2,bank_transfer,2019-01-20,130.86
WO-006041,1,bank_transfer,2018-11-05,305.67
WO-006042,1,purchase_order,2018-12-25,1432.01
WO-006043,1,bank_transfer,2018-11-21,540.66
WO-006044,1,bank_transfer,2018-11-30,554.97
WO-006045,1,corporate_card,2018-12-08,1405.03
WO-006046,1,bank_transfer,2018-11-20,1096.61
WO-006047,1,corporate_card,2018-12-01,3572.03
WO-006048,1,bank_transfer,2018-12-31,585.94
WO-006049,1,corporate_card,2018-11-26,72.72
WO-006049,2,purchase_order,2019-01-09,154.38
WO-006049,3,purchase_order,2019-02-07,170.66
WO-006050,1,bank_transfer,2018-12-05,575.97
WO-006050,2,bank_transfer,2019-01-07,1021.8
WO-006051,1,purchase_order,2018-12-22,568.61
WO-006051,2,bank_transfer,2019-01-13,520.71
WO-006051,3,bank_transfer,2019-02-01,535.61
WO-006052,1,bank_transfer,2018-11-16,152.29
WO-006052,2,bank_transfer,2018-12-30,902.91
WO-006053,1,corporate_card,2018-11-26,248.74
WO-006054,1,corporate_card,2018-11-23,344.82
WO-006054,2,bank_transfer,2018-12-17,605.51
WO-006055,1,purchase_order,2018-11-08,333.88
WO-006056,1,bank_transfer,2018-11-25,2763.51
WO-006057,1,purchase_order,2018-11-07,1061.21
WO-006058,1,corporate_card,2018-11-25,1096.04
WO-006059,1,bank_transfer,2018-12-18,1017.51
WO-006060,1,bank_transfer,2018-12-09,980.95
WO-006061,1,bank_transfer,2019-01-12,2884.06
WO-006062,1,bank_transfer,2018-12-07,1750.43
WO-006062,2,bank_transfer,2019-01-03,2200.9
WO-006063,1,corporate_card,2018-11-17,1587.23
WO-006064,1,corporate_card,2018-11-10,1116.34
WO-006065,1,corporate_card,2018-12-09,609.19
WO-006065,2,purchase_order,2018-12-28,1294.93
WO-006066,1,bank_transfer,2018-11-22,1369.97
WO-006066,2,corporate_card,2018-12-17,793.31
WO-006067,1,bank_transfer,2018-11-24,623.46
WO-006068,1,corporate_card,2018-12-23,1966.78
WO-006069,1,bank_transfer,2018-12-21,632.8
WO-006070,1,corporate_card,2019-01-05,218.18
WO-006071,1,bank_transfer,2018-12-15,1447.17
WO-006072,1,bank_transfer,2018-12-19,181.33
WO-006072,2,bank_transfer,2019-01-11,420.43
WO-006073,1,purchase_order,2019-01-03,914.95
WO-006074,1,bank_transfer,2018-12-10,104.82
WO-006074,2,corporate_card,2018-12-29,152.28
WO-006075,1,purchase_order,2019-01-10,1050.4
WO-006076,1,corporate_card,2018-12-16,820.62
WO-006077,1,purchase_order,2018-12-06,1576.46
WO-006078,1,purchase_order,2018-11-02,1282.47
WO-006079,1,purchase_order,2018-12-20,580.32
WO-006079,2,bank_transfer,2019-01-07,361.81
WO-006080,1,purchase_order,2018-12-20,165.05
WO-006080,2,bank_transfer,2019-01-31,555.74
WO-006080,3,bank_transfer,2019-02-27,91.14
WO-006081,1,bank_transfer,2018-11-27,885.87
WO-006082,1,bank_transfer,2018-12-13,1308.47
WO-006083,1,purchase_order,2019-01-07,880.74
WO-006085,1,bank_transfer,2018-12-06,634.88
WO-006085,2,bank_transfer,2019-01-01,114.36
WO-006086,1,corporate_card,2019-01-01,632.57
WO-006086,2,bank_transfer,2019-01-27,754.92
WO-006087,1,bank_transfer,2018-12-05,144.24
WO-006087,2,bank_transfer,2018-12-23,201.37
WO-006088,1,bank_transfer,2018-12-16,746.8
WO-006088,2,bank_transfer,2019-01-29,359.75
WO-006088,3,purchase_order,2019-03-07,112.51
WO-006089,1,bank_transfer,2019-01-18,2793.1
WO-006090,1,bank_transfer,2018-12-13,1549.73
WO-006091,1,purchase_order,2018-11-23,848.49
WO-006092,1,bank_transfer,2018-12-22,195.09
WO-006092,2,bank_transfer,2019-01-07,261.58
WO-006093,1,bank_transfer,2018-12-10,2587.18
WO-006095,1,corporate_card,2018-12-31,221.88
WO-006095,2,bank_transfer,2019-02-05,191.33
WO-006096,1,bank_transfer,2018-12-23,1488.63
WO-006097,1,bank_transfer,2018-12-12,2153.36
WO-006097,2,bank_transfer,2019-01-05,1503.94
WO-006098,1,purchase_order,2018-12-04,500.5
WO-006098,2,bank_transfer,2018-12-25,590.83
WO-006099,1,purchase_order,2018-12-01,1252.03
WO-006099,2,bank_transfer,2019-01-07,1253.61
WO-006100,1,purchase_order,2019-01-16,473.53
WO-006101,1,bank_transfer,2018-12-27,639.28
WO-006101,2,bank_transfer,2019-01-30,305.71
WO-006102,1,bank_transfer,2019-01-03,670.88
WO-006102,2,purchase_order,2019-01-23,626.2
WO-006103,1,bank_transfer,2018-11-21,258.04
WO-006104,1,bank_transfer,2018-12-28,409.69
WO-006104,2,bank_transfer,2019-01-23,598.34
WO-006106,1,bank_transfer,2018-11-30,419.01
WO-006106,2,bank_transfer,2019-01-01,863.99
WO-006107,1,bank_transfer,2019-01-07,616.65
WO-006108,1,bank_transfer,2018-12-09,2296.4
WO-006109,1,purchase_order,2018-12-06,316.58
WO-006110,1,bank_transfer,2018-11-14,506.61
WO-006111,1,bank_transfer,2019-01-03,1665.26
WO-006112,1,bank_transfer,2018-12-04,1792.16
WO-006113,1,corporate_card,2018-12-01,753.31
WO-006114,1,bank_transfer,2018-12-17,633.52
WO-006114,2,corporate_card,2019-01-25,33.35
WO-006115,1,purchase_order,2018-12-18,534.47
WO-006116,1,purchase_order,2018-12-06,801.94
WO-006116,2,purchase_order,2019-01-18,467.69
WO-006116,3,purchase_order,2019-02-25,756.51
WO-006117,1,bank_transfer,2018-11-26,429.18
WO-006117,2,purchase_order,2018-12-31,897.83
WO-006118,1,purchase_order,2018-11-19,243.32
WO-006119,1,bank_transfer,2018-12-28,3172.8
WO-006120,1,bank_transfer,2018-12-30,987.66
WO-006121,1,bank_transfer,2018-12-15,691.93
WO-006122,1,bank_transfer,2018-12-09,403.52
WO-006122,2,bank_transfer,2018-12-26,1437.49
WO-006123,1,bank_transfer,2018-12-21,527.98
WO-006123,2,bank_transfer,2019-01-18,1261.28
WO-006123,3,bank_transfer,2019-03-03,721.17
WO-006124,1,bank_transfer,2018-12-07,1097.98
WO-006125,1,corporate_card,2018-12-06,1793.76
WO-006126,1,purchase_order,2018-11-18,1729.65
WO-006127,1,purchase_order,2018-12-21,235.89
WO-006127,2,bank_transfer,2019-01-19,291.25
WO-006128,1,corporate_card,2018-12-29,639.37
WO-006129,1,corporate_card,2019-02-06,6382.84
WO-006130,1,corporate_card,2018-11-28,851.97
WO-006131,1,bank_transfer,2018-12-12,571.1
WO-006132,1,bank_transfer,2018-12-14,911.24
WO-006133,1,corporate_card,2018-12-22,2170.33
WO-006134,1,purchase_order,2019-01-13,571.91
WO-006134,2,purchase_order,2019-02-08,1144.63
WO-006135,1,bank_transfer,2018-12-18,1247.84
WO-006136,1,purchase_order,2018-12-22,716.31
WO-006137,1,bank_transfer,2019-01-04,1701.03
WO-006138,1,corporate_card,2018-12-20,1176.02
WO-006138,2,bank_transfer,2019-01-31,209.99
WO-006139,1,corporate_card,2018-12-27,517.42
WO-006139,2,purchase_order,2019-01-29,891.13
WO-006139,3,purchase_order,2019-02-15,680.47
WO-006141,1,bank_transfer,2018-11-08,153.62
WO-006141,2,corporate_card,2018-12-18,391.61
WO-006141,3,bank_transfer,2019-01-27,271.85
WO-006142,1,purchase_order,2018-12-24,2071.26
WO-006143,1,bank_transfer,2019-01-17,910.02
WO-006143,2,bank_transfer,2019-02-05,1245.4
WO-006144,1,bank_transfer,2018-11-20,791.46
WO-006145,1,bank_transfer,2019-01-03,1186.26
WO-006146,1,bank_transfer,2019-01-20,112.86
WO-006146,2,purchase_order,2019-02-19,163.56
WO-006147,1,bank_transfer,2018-12-19,873.4
WO-006148,1,bank_transfer,2019-01-11,1993.56
WO-006149,1,bank_transfer,2019-01-12,2787.56
WO-006150,1,corporate_card,2018-12-28,1287.24
WO-006150,2,purchase_order,2019-01-24,1003.58
WO-006151,1,purchase_order,2018-12-27,1392.18
WO-006152,1,bank_transfer,2018-12-15,335.04
WO-006152,2,purchase_order,2019-01-24,184.03
WO-006153,1,bank_transfer,2018-12-06,1543.6
WO-006154,1,bank_transfer,2018-12-07,240.29
WO-006155,1,bank_transfer,2018-12-04,1095.2
WO-006156,1,purchase_order,2018-12-22,3358.98
WO-006157,1,purchase_order,2018-12-03,851.58
WO-006158,1,bank_transfer,2019-01-02,116.04
WO-006158,2,bank_transfer,2019-01-30,137.64
WO-006159,1,bank_transfer,2018-12-29,1475.67
WO-006160,1,corporate_card,2019-01-01,104.92
WO-006160,2,corporate_card,2019-01-23,222.39
WO-006161,1,purchase_order,2018-11-26,558.93
WO-006162,1,purchase_order,2018-12-06,1153.99
WO-006163,1,purchase_order,2018-11-29,954.06
WO-006164,1,purchase_order,2018-12-16,850.97
WO-006165,1,bank_transfer,2018-12-23,1911.49
WO-006167,1,corporate_card,2019-01-02,1194.53
WO-006168,1,bank_transfer,2018-12-21,3649.31
WO-006170,1,bank_transfer,2018-12-15,317.75
WO-006171,1,bank_transfer,2018-12-23,1166.24
WO-006172,1,purchase_order,2018-12-01,571.12
WO-006173,1,bank_transfer,2019-01-08,276.35
WO-006173,2,purchase_order,2019-02-16,316.87
WO-006174,1,purchase_order,2018-12-07,775.26
WO-006175,1,bank_transfer,2018-12-19,102.11
WO-006175,2,corporate_card,2019-01-04,217.0
WO-006176,1,purchase_order,2018-12-15,782.44
WO-006177,1,corporate_card,2019-01-24,1229.09
WO-006178,1,bank_transfer,2018-12-17,1440.05
WO-006179,1,bank_transfer,2019-01-01,1742.91
WO-006180,1,corporate_card,2018-12-03,1785.26
WO-006181,1,corporate_card,2018-12-20,950.22
WO-006182,1,purchase_order,2018-12-19,450.03
WO-006183,1,bank_transfer,2018-12-28,1195.71
WO-006184,1,bank_transfer,2019-01-01,1020.57
WO-006185,1,purchase_order,2018-12-25,681.43
WO-006186,1,purchase_order,2018-12-14,591.23
WO-006187,1,bank_transfer,2019-01-01,2085.21
WO-006188,1,corporate_card,2018-12-26,339.3
WO-006189,1,bank_transfer,2018-12-17,688.99
WO-006190,1,purchase_order,2019-01-13,367.54
WO-006191,1,purchase_order,2018-12-13,1446.68
WO-006192,1,bank_transfer,2018-12-27,1689.7
WO-006193,1,bank_transfer,2018-12-21,1319.42
WO-006193,2,corporate_card,2019-02-03,2073.34
WO-006194,1,purchase_order,2018-12-05,495.8
WO-006194,2,bank_transfer,2019-01-13,512.98
WO-006195,1,purchase_order,2018-12-07,240.14
WO-006195,2,corporate_card,2019-01-20,268.92
WO-006196,1,bank_transfer,2019-01-14,785.73
WO-006197,1,bank_transfer,2019-01-09,1322.74
WO-006198,1,corporate_card,2019-01-21,297.21
WO-006198,2,bank_transfer,2019-02-22,921.33
WO-006199,1,corporate_card,2018-12-16,3319.44
WO-006200,1,bank_transfer,2018-12-10,525.1
WO-006200,2,purchase_order,2019-01-21,478.49
WO-006200,3,bank_transfer,2019-02-09,367.15
WO-006201,1,bank_transfer,2018-12-27,807.46
WO-006202,1,bank_transfer,2018-11-24,1641.94
WO-006203,1,corporate_card,2018-12-12,283.04
WO-006204,1,bank_transfer,2018-12-27,292.42
WO-006205,1,purchase_order,2018-12-11,366.77
WO-006205,2,bank_transfer,2019-01-11,1332.33
WO-006206,1,corporate_card,2018-12-24,624.12
WO-006207,1,purchase_order,2018-12-31,2524.56
WO-006208,1,purchase_order,2019-01-02,267.16
WO-006208,2,bank_transfer,2019-02-05,1270.43
WO-006209,1,bank_transfer,2018-12-10,1516.3
WO-006210,1,bank_transfer,2018-12-24,2659.91
WO-006211,1,purchase_order,2018-12-12,285.12
WO-006211,2,bank_transfer,2019-01-16,762.24
WO-006212,1,purchase_order,2019-01-28,454.31
WO-006213,1,bank_transfer,2019-01-05,1060.83
WO-006214,1,corporate_card,2018-12-16,3632.13
WO-006215,1,purchase_order,2018-12-03,312.03
WO-006215,2,purchase_order,2018-12-19,480.11
WO-006216,1,bank_transfer,2018-12-15,4051.62
WO-006217,1,bank_transfer,2018-11-23,1528.21
WO-006219,1,bank_transfer,2019-01-19,243.08
WO-006220,1,bank_transfer,2019-01-13,2180.48
WO-006221,1,corporate_card,2018-12-08,804.47
WO-006222,1,purchase_order,2018-12-12,3712.21
WO-006223,1,corporate_card,2018-12-09,950.62
WO-006224,1,bank_transfer,2019-01-13,853.14
WO-006225,1,purchase_order,2018-12-30,1082.07
WO-006226,1,bank_transfer,2019-01-21,1129.95
WO-006226,2,bank_transfer,2019-02-09,769.71
WO-006227,1,bank_transfer,2019-01-26,1001.8
WO-006228,1,bank_transfer,2018-12-09,2351.18
WO-006230,1,bank_transfer,2019-01-15,242.84
WO-006230,2,corporate_card,2019-02-20,144.27
WO-006231,1,corporate_card,2018-12-13,405.33
WO-006232,1,bank_transfer,2018-12-14,851.25
WO-006233,1,purchase_order,2019-02-09,564.2
WO-006234,1,purchase_order,2018-12-06,1378.97
WO-006235,1,purchase_order,2018-12-28,566.47
WO-006235,2,bank_transfer,2019-01-25,1079.66
WO-006236,1,purchase_order,2018-12-18,1180.36
WO-006237,1,bank_transfer,2019-01-08,447.76
WO-006238,1,bank_transfer,2019-01-09,2248.05
WO-006239,1,corporate_card,2018-12-20,858.5
WO-006240,1,purchase_order,2018-12-19,221.08
WO-006240,2,purchase_order,2019-01-27,32.97
WO-006240,3,corporate_card,2019-02-22,105.71
WO-006241,1,corporate_card,2019-02-08,346.77
WO-006241,2,bank_transfer,2019-02-25,313.06
WO-006242,1,bank_transfer,2019-01-21,953.39
WO-006243,1,purchase_order,2018-12-17,1756.79
WO-006244,1,bank_transfer,2019-01-06,139.81
WO-006244,2,bank_transfer,2019-01-27,189.57
WO-006244,3,bank_transfer,2019-02-20,272.17
WO-006245,1,purchase_order,2019-01-21,531.53
WO-006245,2,bank_transfer,2019-02-27,840.37
WO-006246,1,corporate_card,2018-12-28,2402.34
WO-006247,1,bank_transfer,2019-01-10,1068.66
WO-006248,1,bank_transfer,2019-01-04,1094.78
WO-006249,1,purchase_order,2019-02-02,1978.88
WO-006250,1,purchase_order,2018-11-21,247.05
WO-006250,2,bank_transfer,2018-12-09,1187.79
WO-006250,3,purchase_order,2019-01-10,694.16
WO-006251,1,corporate_card,2018-12-30,1293.92
WO-006251,2,purchase_order,2019-02-02,408.78
WO-006252,1,purchase_order,2018-12-15,1021.04
WO-006252,2,corporate_card,2019-01-05,563.53
WO-006253,1,bank_transfer,2018-12-19,504.37
WO-006254,1,corporate_card,2019-01-25,398.6
WO-006254,2,purchase_order,2019-02-10,395.54
WO-006255,1,bank_transfer,2019-01-06,551.36
WO-006255,2,corporate_card,2019-01-23,589.13
WO-006255,3,bank_transfer,2019-03-04,898.47
WO-006256,1,purchase_order,2018-12-17,206.54
WO-006256,2,bank_transfer,2019-01-10,321.05
WO-006258,1,bank_transfer,2019-01-07,1037.46
WO-006259,1,bank_transfer,2018-12-03,694.71
WO-006260,1,purchase_order,2019-01-10,1074.47
WO-006261,1,bank_transfer,2018-12-14,422.71
WO-006262,1,purchase_order,2018-12-29,727.73
WO-006263,1,purchase_order,2019-02-13,1319.41
WO-006264,1,bank_transfer,2019-01-24,968.49
WO-006265,1,bank_transfer,2018-12-18,607.27
WO-006266,1,purchase_order,2018-12-16,43.27
WO-006266,2,purchase_order,2019-01-22,75.27
WO-006266,3,purchase_order,2019-02-12,128.73
WO-006267,1,purchase_order,2019-01-13,1994.21
WO-006268,1,bank_transfer,2019-01-20,1709.87
WO-006269,1,bank_transfer,2018-11-26,1707.97
WO-006269,2,bank_transfer,2019-01-01,756.97
WO-006270,1,corporate_card,2018-12-25,966.65
WO-006271,1,purchase_order,2019-01-03,156.65
WO-006271,2,bank_transfer,2019-01-23,88.84
WO-006273,1,bank_transfer,2019-01-26,341.25
WO-006273,2,purchase_order,2019-02-26,344.94
WO-006273,3,purchase_order,2019-03-29,269.42
WO-006274,1,bank_transfer,2018-12-22,218.23
WO-006274,2,bank_transfer,2019-01-15,367.55
WO-006275,1,bank_transfer,2019-02-03,619.55
WO-006276,1,bank_transfer,2018-12-18,2644.01
WO-006277,1,bank_transfer,2018-12-22,1077.57
WO-006278,1,purchase_order,2018-12-10,547.57
WO-006279,1,corporate_card,2019-01-20,2051.2
WO-006280,1,purchase_order,2018-12-25,2652.2
WO-006281,1,purchase_order,2019-01-20,1237.2
WO-006282,1,bank_transfer,2019-02-18,485.05
WO-006283,1,bank_transfer,2018-12-12,845.79
WO-006284,1,bank_transfer,2019-01-17,298.64
WO-006285,1,corporate_card,2018-12-15,742.96
WO-006285,2,corporate_card,2019-01-09,1163.79
WO-006286,1,purchase_order,2019-01-15,1143.61
WO-006286,2,bank_transfer,2019-02-11,1004.8
WO-006286,3,purchase_order,2019-03-06,2237.74
WO-006287,1,purchase_order,2019-01-12,3478.12
WO-006288,1,bank_transfer,2019-01-14,1709.9
WO-006289,1,bank_transfer,2018-12-29,276.97
WO-006289,2,bank_transfer,2019-01-28,157.5
WO-006289,3,corporate_card,2019-02-14,252.17
WO-006290,1,bank_transfer,2018-12-04,326.62
WO-006290,2,bank_transfer,2019-01-03,355.53
WO-006291,1,bank_transfer,2018-12-24,989.85
WO-006292,1,bank_transfer,2019-01-24,741.75
WO-006294,1,bank_transfer,2018-12-24,850.54
WO-006295,1,bank_transfer,2019-01-03,913.88
WO-006297,1,purchase_order,2019-01-15,1444.27
WO-006298,1,bank_transfer,2019-02-13,601.77
WO-006299,1,bank_transfer,2018-12-31,772.85
WO-006300,1,bank_transfer,2019-01-03,1090.82
WO-006301,1,purchase_order,2018-12-24,345.56
WO-006301,2,bank_transfer,2019-01-20,677.14
WO-006301,3,bank_transfer,2019-02-24,222.77
WO-006302,1,bank_transfer,2018-12-31,1262.98
WO-006303,1,bank_transfer,2019-01-21,1592.33
WO-006304,1,corporate_card,2018-12-18,241.63
WO-006304,2,bank_transfer,2019-01-24,111.36
WO-006305,1,corporate_card,2019-01-25,800.6
WO-006306,1,bank_transfer,2019-02-05,537.02
WO-006307,1,bank_transfer,2019-01-11,1343.19
WO-006308,1,purchase_order,2019-02-04,268.11
WO-006308,2,purchase_order,2019-02-20,703.91
WO-006309,1,purchase_order,2019-02-07,1398.01
WO-006310,1,bank_transfer,2018-11-29,501.61
WO-006311,1,corporate_card,2018-12-30,555.37
WO-006311,2,corporate_card,2019-01-19,848.77
WO-006312,1,purchase_order,2019-01-25,972.83
WO-006313,1,bank_transfer,2018-12-09,1651.0
WO-006313,2,purchase_order,2018-12-27,1430.95
WO-006314,1,purchase_order,2018-12-21,212.17
WO-006315,1,corporate_card,2018-12-08,1722.3
WO-006316,1,purchase_order,2019-01-11,407.28
WO-006316,2,bank_transfer,2019-01-31,216.89
WO-006316,3,bank_transfer,2019-03-04,123.67
WO-006317,1,bank_transfer,2019-01-18,1006.21
WO-006318,1,bank_transfer,2019-02-08,383.29
WO-006319,1,bank_transfer,2019-02-09,1188.27
WO-006320,1,purchase_order,2019-01-23,501.53
WO-006320,2,bank_transfer,2019-03-07,240.72
WO-006321,1,corporate_card,2019-01-20,921.66
WO-006322,1,purchase_order,2019-01-06,949.22
WO-006323,1,bank_transfer,2019-01-16,197.4
WO-006323,2,bank_transfer,2019-02-15,234.71
WO-006324,1,bank_transfer,2019-01-01,1505.89
WO-006324,2,corporate_card,2019-02-06,748.9
WO-006325,1,purchase_order,2019-01-16,2217.06
WO-006326,1,bank_transfer,2019-01-12,460.28
WO-006327,1,purchase_order,2018-12-25,445.86
WO-006328,1,corporate_card,2019-01-08,798.63
WO-006329,1,bank_transfer,2018-12-22,310.78
WO-006330,1,corporate_card,2019-01-16,1611.14
WO-006331,1,purchase_order,2018-12-15,778.48
WO-006332,1,bank_transfer,2019-02-03,1583.71
WO-006332,2,bank_transfer,2019-02-19,434.88
WO-006333,1,purchase_order,2019-01-30,1028.81
WO-006334,1,bank_transfer,2019-01-28,591.37
WO-006334,2,purchase_order,2019-03-07,474.28
WO-006335,1,bank_transfer,2019-02-01,547.07
WO-006336,1,bank_transfer,2019-01-26,301.5
WO-006336,2,corporate_card,2019-03-08,334.65
WO-006337,1,bank_transfer,2019-01-11,734.16
WO-006338,1,bank_transfer,2018-12-24,818.23
WO-006339,1,bank_transfer,2019-02-28,766.65
WO-006339,2,corporate_card,2019-03-31,807.76
WO-006340,1,purchase_order,2019-02-06,1206.63
WO-006341,1,bank_transfer,2019-01-07,1230.61
WO-006342,1,bank_transfer,2018-12-13,305.75
WO-006342,2,purchase_order,2019-01-17,214.64
WO-006343,1,corporate_card,2019-01-15,136.61
WO-006343,2,purchase_order,2019-02-09,212.82
WO-006343,3,purchase_order,2019-03-04,231.23
WO-006344,1,bank_transfer,2019-01-08,235.18
WO-006344,2,purchase_order,2019-01-25,380.17
WO-006345,1,purchase_order,2018-12-27,1180.67
WO-006346,1,bank_transfer,2018-12-23,1254.66
WO-006347,1,bank_transfer,2018-12-27,1520.64
WO-006348,1,bank_transfer,2019-01-25,2580.59
WO-006349,1,bank_transfer,2018-12-31,1486.67
WO-006350,1,corporate_card,2019-01-11,2570.8
WO-006351,1,purchase_order,2018-12-28,455.87
WO-006352,1,bank_transfer,2018-12-25,3314.12
WO-006353,1,bank_transfer,2019-01-07,1767.06
WO-006354,1,bank_transfer,2019-01-22,993.77
WO-006355,1,purchase_order,2019-01-13,1127.58
WO-006356,1,bank_transfer,2018-12-13,1387.61
WO-006357,1,corporate_card,2019-01-03,349.06
WO-006358,1,corporate_card,2019-01-15,702.64
WO-006359,1,purchase_order,2019-01-28,481.08
WO-006359,2,corporate_card,2019-03-07,361.93
WO-006360,1,bank_transfer,2018-12-22,1815.74
WO-006360,2,corporate_card,2019-02-02,467.08
WO-006361,1,bank_transfer,2019-01-06,464.1
WO-006361,2,bank_transfer,2019-02-16,1283.06
WO-006362,1,purchase_order,2019-01-02,617.89
WO-006363,1,purchase_order,2019-02-18,156.32
WO-006363,2,bank_transfer,2019-03-21,199.02
WO-006363,3,bank_transfer,2019-04-19,104.86
WO-006364,1,bank_transfer,2019-01-06,103.94
WO-006364,2,purchase_order,2019-02-14,133.85
WO-006364,3,corporate_card,2019-03-24,96.32
WO-006365,1,bank_transfer,2019-01-27,214.88
WO-006365,2,bank_transfer,2019-03-01,408.32
WO-006365,3,bank_transfer,2019-03-29,290.06
WO-006366,1,bank_transfer,2019-01-10,524.62
WO-006367,1,bank_transfer,2018-12-10,958.61
WO-006368,1,purchase_order,2019-01-20,512.18
WO-006369,1,purchase_order,2019-01-21,3331.45
WO-006370,1,bank_transfer,2019-01-29,2669.95
WO-006371,1,purchase_order,2019-01-21,770.34
WO-006372,1,purchase_order,2019-01-17,1384.97
WO-006373,1,purchase_order,2019-03-06,1689.05
WO-006374,1,purchase_order,2019-02-19,687.73
WO-006375,1,bank_transfer,2019-02-13,790.45
WO-006376,1,bank_transfer,2019-01-06,1277.46
WO-006377,1,bank_transfer,2018-12-21,311.0
WO-006377,2,bank_transfer,2019-02-01,165.95
WO-006378,1,bank_transfer,2019-01-14,263.86
WO-006378,2,bank_transfer,2019-02-22,190.81
WO-006379,1,bank_transfer,2019-01-10,3602.93
WO-006380,1,corporate_card,2019-01-25,987.88
WO-006381,1,bank_transfer,2019-01-21,981.87
WO-006382,1,purchase_order,2019-01-22,316.93
WO-006384,1,bank_transfer,2019-01-14,2364.62
WO-006385,1,bank_transfer,2019-01-21,1874.03
WO-006386,1,bank_transfer,2019-02-07,767.77
WO-006387,1,bank_transfer,2019-01-22,633.77
WO-006388,1,bank_transfer,2018-12-14,1626.57
WO-006389,1,bank_transfer,2018-12-30,304.91
WO-006390,1,bank_transfer,2019-01-29,732.3
WO-006390,2,corporate_card,2019-02-19,284.96
WO-006391,1,bank_transfer,2019-02-03,1462.36
WO-006392,1,bank_transfer,2019-01-24,1076.55
WO-006392,2,purchase_order,2019-03-01,2060.6
WO-006393,1,bank_transfer,2019-01-06,98.73
WO-006393,2,purchase_order,2019-02-09,835.79
WO-006394,1,bank_transfer,2019-01-05,635.07
WO-006395,1,bank_transfer,2019-01-28,3554.32
WO-006397,1,bank_transfer,2019-02-01,2084.23
WO-006397,2,bank_transfer,2019-03-14,1360.06
WO-006398,1,bank_transfer,2019-01-23,345.17
WO-006398,2,bank_transfer,2019-02-08,814.73
WO-006399,1,purchase_order,2019-01-13,2377.16
WO-006400,1,bank_transfer,2019-02-07,672.73
WO-006400,2,purchase_order,2019-02-27,312.13
WO-006401,1,purchase_order,2018-12-18,2059.11
WO-006402,1,bank_transfer,2018-12-20,1254.88
WO-006403,1,purchase_order,2019-01-17,1289.39
WO-006404,1,purchase_order,2019-02-06,1823.06
WO-006405,1,purchase_order,2019-01-10,537.52
WO-006406,1,purchase_order,2019-02-19,3111.86
WO-006407,1,bank_transfer,2019-02-04,616.36
WO-006408,1,bank_transfer,2018-12-23,417.63
WO-006409,1,bank_transfer,2019-02-21,534.71
WO-006410,1,bank_transfer,2019-01-03,980.69
WO-006411,1,bank_transfer,2019-01-27,874.54
WO-006412,1,bank_transfer,2019-01-21,531.6
WO-006413,1,purchase_order,2019-01-06,1977.86
WO-006414,1,purchase_order,2019-01-16,1012.93
WO-006415,1,bank_transfer,2019-01-28,625.46
WO-006416,1,bank_transfer,2019-01-08,2732.04
WO-006417,1,bank_transfer,2019-01-11,394.17
WO-006418,1,corporate_card,2019-01-22,1416.61
WO-006419,1,corporate_card,2019-02-20,890.26
WO-006420,1,corporate_card,2019-01-22,957.13
WO-006421,1,bank_transfer,2019-01-17,785.27
WO-006423,1,purchase_order,2018-12-29,713.06
WO-006424,1,purchase_order,2019-02-10,690.54
WO-006424,2,bank_transfer,2019-03-02,267.8
WO-006425,1,bank_transfer,2019-02-11,792.28
WO-006426,1,corporate_card,2019-02-01,942.67
WO-006427,1,corporate_card,2019-02-15,2315.62
WO-006428,1,purchase_order,2019-01-01,2511.23
WO-006429,1,bank_transfer,2019-01-14,453.01
WO-006429,2,bank_transfer,2019-02-25,446.44
WO-006429,3,bank_transfer,2019-03-29,273.87
WO-006430,1,bank_transfer,2019-01-16,1515.22
WO-006431,1,bank_transfer,2019-02-09,557.45
WO-006432,1,bank_transfer,2019-01-18,2162.42
WO-006433,1,bank_transfer,2019-03-04,597.76
WO-006434,1,bank_transfer,2019-01-02,604.65
WO-006435,1,bank_transfer,2019-02-06,998.17
WO-006436,1,bank_transfer,2019-01-24,65.31
WO-006436,2,purchase_order,2019-02-28,194.39
WO-006437,1,purchase_order,2019-01-26,195.18
WO-006437,2,bank_transfer,2019-03-10,1364.41
WO-006438,1,corporate_card,2019-01-24,397.16
WO-006439,1,bank_transfer,2019-02-03,669.49
WO-006440,1,bank_transfer,2019-01-09,1152.55
WO-006441,1,purchase_order,2019-02-15,1407.41
WO-006442,1,bank_transfer,2019-01-15,951.41
WO-006443,1,bank_transfer,2019-01-02,1492.25
WO-006444,1,purchase_order,2019-01-08,497.0
WO-006445,1,purchase_order,2019-02-22,555.27
WO-006446,1,bank_transfer,2019-01-26,5012.9
WO-006447,1,bank_transfer,2019-01-07,3558.4
WO-006448,1,purchase_order,2019-01-18,1904.83
WO-006449,1,bank_transfer,2019-02-25,769.37
WO-006449,2,corporate_card,2019-03-30,623.28
WO-006451,1,corporate_card,2019-01-17,1532.15
WO-006452,1,bank_transfer,2019-01-18,629.92
WO-006452,2,bank_transfer,2019-02-22,2137.03
WO-006453,1,purchase_order,2019-02-09,638.86
WO-006453,2,bank_transfer,2019-03-09,88.26
WO-006454,1,bank_transfer,2018-12-26,448.98
WO-006455,1,purchase_order,2019-01-30,271.87
WO-006456,1,purchase_order,2019-01-12,934.03
WO-006456,2,corporate_card,2019-01-28,875.79
WO-006456,3,purchase_order,2019-02-24,572.14
WO-006458,1,bank_transfer,2019-02-20,1314.8
WO-006459,1,purchase_order,2019-01-29,1772.91
WO-006460,1,corporate_card,2019-01-08,553.24
WO-006461,1,bank_transfer,2019-01-21,402.69
WO-006462,1,bank_transfer,2019-01-26,118.46
WO-006462,2,bank_transfer,2019-03-03,227.6
WO-006463,1,purchase_order,2019-02-02,1324.73
WO-006464,1,purchase_order,2019-01-26,1187.15
WO-006465,1,purchase_order,2018-12-31,730.36
WO-006466,1,purchase_order,2019-01-07,1160.39
WO-006466,2,bank_transfer,2019-02-14,852.47
WO-006467,1,bank_transfer,2019-03-03,1080.13
WO-006468,1,bank_transfer,2019-02-07,852.85
WO-006469,1,corporate_card,2019-02-05,2242.59
WO-006470,1,bank_transfer,2019-01-13,1206.38
WO-006471,1,bank_transfer,2019-01-10,271.62
WO-006472,1,bank_transfer,2019-02-16,1237.46
WO-006473,1,bank_transfer,2019-02-20,1290.76
WO-006474,1,bank_transfer,2019-01-30,950.41
WO-006475,1,purchase_order,2018-12-18,984.47
WO-006476,1,purchase_order,2019-02-13,2006.63
WO-006477,1,purchase_order,2019-01-22,123.15
WO-006477,2,bank_transfer,2019-02-26,197.56
WO-006477,3,bank_transfer,2019-04-03,389.2
WO-006478,1,bank_transfer,2019-01-27,432.78
WO-006479,1,bank_transfer,2019-01-09,516.04
WO-006480,1,bank_transfer,2019-01-31,410.67
WO-006481,1,bank_transfer,2019-01-31,846.94
WO-006482,1,bank_transfer,2019-01-31,171.81
WO-006482,2,purchase_order,2019-02-23,185.94
WO-006483,1,corporate_card,2019-01-20,3861.35
WO-006484,1,purchase_order,2019-01-15,781.32
WO-006485,1,bank_transfer,2019-01-31,474.02
WO-006485,2,bank_transfer,2019-02-18,867.65
WO-006486,1,corporate_card,2018-12-24,636.75
WO-006487,1,corporate_card,2019-02-05,1236.24
WO-006488,1,bank_transfer,2019-01-22,385.23
WO-006488,2,purchase_order,2019-02-23,1255.92
WO-006489,1,purchase_order,2019-02-17,547.57
WO-006490,1,bank_transfer,2019-02-11,256.11
WO-006491,1,purchase_order,2019-02-15,746.3
WO-006492,1,bank_transfer,2019-02-05,1602.37
WO-006493,1,bank_transfer,2019-02-11,2556.84
WO-006494,1,corporate_card,2019-02-05,1777.96
WO-006494,2,bank_transfer,2019-02-23,499.52
WO-006495,1,purchase_order,2019-02-02,850.08
WO-006496,1,bank_transfer,2019-03-01,651.29
WO-006496,2,purchase_order,2019-04-03,1055.88
WO-006497,1,bank_transfer,2019-01-27,2646.71
WO-006497,2,purchase_order,2019-03-02,301.5
WO-006498,1,bank_transfer,2019-02-01,1155.97
WO-006499,1,bank_transfer,2019-02-16,605.34
WO-006500,1,purchase_order,2019-02-03,1189.93
WO-006501,1,bank_transfer,2019-01-12,1554.39
WO-006502,1,purchase_order,2019-01-25,277.48
WO-006503,1,corporate_card,2019-01-29,688.54
WO-006504,1,corporate_card,2019-02-01,750.98
WO-006505,1,bank_transfer,2019-02-13,723.2
WO-006506,1,bank_transfer,2018-12-27,1723.64
WO-006507,1,bank_transfer,2018-12-23,2954.42
WO-006508,1,bank_transfer,2019-01-29,969.07
WO-006509,1,purchase_order,2019-03-02,1589.14
WO-006510,1,purchase_order,2019-01-29,1868.34
WO-006510,2,corporate_card,2019-03-11,595.42
WO-006511,1,corporate_card,2019-02-01,327.42
WO-006511,2,bank_transfer,2019-02-23,97.07
WO-006512,1,purchase_order,2019-01-07,1105.15
WO-006513,1,bank_transfer,2019-02-20,493.34
WO-006513,2,bank_transfer,2019-03-18,678.12
WO-006515,1,bank_transfer,2019-01-31,586.11
WO-006516,1,bank_transfer,2019-02-16,1136.47
WO-006517,1,bank_transfer,2019-02-12,688.5
WO-006517,2,corporate_card,2019-03-17,320.73
WO-006517,3,corporate_card,2019-04-30,502.52
WO-006518,1,purchase_order,2019-01-23,2414.68
WO-006519,1,bank_transfer,2019-01-04,1008.29
WO-006520,1,purchase_order,2019-01-04,1295.28
WO-006520,2,bank_transfer,2019-02-06,1463.0
WO-006521,1,purchase_order,2019-01-30,859.87
WO-006522,1,bank_transfer,2019-02-28,2445.58
WO-006523,1,bank_transfer,2019-02-14,1381.56
WO-006524,1,bank_transfer,2019-03-03,338.84
WO-006525,1,bank_transfer,2019-01-24,222.2
WO-006525,2,purchase_order,2019-02-20,940.37
WO-006526,1,bank_transfer,2019-02-28,293.85
WO-006526,2,bank_transfer,2019-03-26,469.7
WO-006527,1,bank_transfer,2019-02-06,1542.12
WO-006528,1,bank_transfer,2019-01-09,998.28
WO-006530,1,bank_transfer,2019-02-12,529.93
WO-006530,2,purchase_order,2019-03-20,799.03
WO-006531,1,bank_transfer,2019-03-15,781.73
WO-006531,2,bank_transfer,2019-04-26,308.91
WO-006532,1,corporate_card,2019-01-28,2984.52
WO-006533,1,corporate_card,2019-03-12,500.87
WO-006533,2,bank_transfer,2019-04-21,432.53
WO-006534,1,purchase_order,2019-02-13,417.19
WO-006536,1,corporate_card,2019-02-03,1016.31
WO-006536,2,purchase_order,2019-02-19,1810.29
WO-006537,1,bank_transfer,2019-02-16,158.08
WO-006537,2,purchase_order,2019-03-21,490.48
WO-006537,3,bank_transfer,2019-04-19,300.6
WO-006538,1,corporate_card,2019-02-19,982.66
WO-006539,1,bank_transfer,2019-01-29,753.03
WO-006539,2,bank_transfer,2019-02-24,629.41
WO-006540,1,purchase_order,2019-02-16,1176.78
WO-006541,1,bank_transfer,2019-02-06,3627.76
WO-006542,1,bank_transfer,2019-03-12,1556.99
WO-006543,1,bank_transfer,2019-01-14,1462.29
WO-006544,1,corporate_card,2019-02-01,441.71
WO-006545,1,bank_transfer,2019-01-24,1682.11
WO-006546,1,bank_transfer,2019-02-24,1018.59
WO-006547,1,bank_transfer,2019-01-12,1267.67
WO-006549,1,bank_transfer,2019-01-08,358.13
WO-006550,1,corporate_card,2019-02-05,750.06
WO-006551,1,corporate_card,2019-01-02,632.83
WO-006551,2,bank_transfer,2019-01-31,280.86
WO-006552,1,bank_transfer,2019-02-05,2723.08
WO-006553,1,bank_transfer,2019-02-16,1190.48
WO-006554,1,bank_transfer,2019-02-26,1885.15
WO-006554,2,corporate_card,2019-03-28,1008.55
WO-006555,1,bank_transfer,2019-01-14,648.84
WO-006556,1,bank_transfer,2019-02-04,900.95
WO-006557,1,bank_transfer,2019-03-05,413.35
WO-006558,1,bank_transfer,2019-02-15,989.66
WO-006559,1,bank_transfer,2019-03-11,851.6
WO-006560,1,bank_transfer,2019-01-14,1277.92
WO-006561,1,bank_transfer,2019-02-13,443.23
WO-006561,2,bank_transfer,2019-03-26,696.68
WO-006562,1,bank_transfer,2019-01-26,807.08
WO-006563,1,bank_transfer,2019-01-31,740.66
WO-006564,1,bank_transfer,2019-01-11,199.57
WO-006564,2,corporate_card,2019-02-12,205.08
WO-006565,1,bank_transfer,2019-01-22,1762.71
WO-006566,1,bank_transfer,2019-02-18,1396.87
WO-006567,1,bank_transfer,2019-02-26,729.69
WO-006568,1,purchase_order,2019-01-13,688.9
WO-006569,1,purchase_order,2019-02-25,376.96
WO-006571,1,bank_transfer,2019-02-15,595.08
WO-006572,1,bank_transfer,2019-02-02,699.85
WO-006573,1,purchase_order,2019-02-03,632.07
WO-006574,1,bank_transfer,2019-02-14,4532.38
WO-006575,1,bank_transfer,2019-02-27,3271.8
WO-006576,1,purchase_order,2019-02-12,2448.06
WO-006577,1,corporate_card,2019-01-18,3400.47
WO-006577,2,purchase_order,2019-02-11,1295.7
WO-006578,1,bank_transfer,2019-01-11,86.73
WO-006578,2,bank_transfer,2019-02-03,533.81
WO-006580,1,purchase_order,2019-02-20,492.7
WO-006581,1,corporate_card,2019-02-14,1384.3
WO-006582,1,purchase_order,2019-02-18,1081.89
WO-006583,1,purchase_order,2019-01-29,2489.57
WO-006584,1,corporate_card,2019-02-09,1028.92
WO-006585,1,bank_transfer,2019-02-15,384.86
WO-006586,1,purchase_order,2019-02-01,1362.47
WO-006588,1,bank_transfer,2019-02-17,1671.84
WO-006589,1,bank_transfer,2019-02-26,588.82
WO-006589,2,bank_transfer,2019-04-09,449.11
WO-006590,1,purchase_order,2019-01-09,1408.9
WO-006591,1,purchase_order,2019-01-28,1785.4
WO-006592,1,bank_transfer,2019-03-04,472.84
WO-006592,2,corporate_card,2019-03-21,351.15
WO-006592,3,corporate_card,2019-05-01,1006.23
WO-006594,1,bank_transfer,2019-01-09,1476.25
WO-006595,1,corporate_card,2019-02-07,339.35
WO-006595,2,bank_transfer,2019-02-24,259.07
WO-006595,3,bank_transfer,2019-04-05,691.06
WO-006596,1,bank_transfer,2019-02-15,2253.78
WO-006597,1,bank_transfer,2019-02-03,528.51
WO-006598,1,purchase_order,2019-02-22,1026.99
WO-006599,1,bank_transfer,2019-01-21,795.95
WO-006600,1,bank_transfer,2019-03-13,2003.38
WO-006601,1,purchase_order,2019-02-24,682.78
WO-006601,2,corporate_card,2019-03-21,382.1
WO-006601,3,corporate_card,2019-04-22,274.01
WO-006602,1,purchase_order,2019-01-11,1145.93
WO-006602,2,bank_transfer,2019-02-07,923.56
WO-006603,1,bank_transfer,2019-02-06,332.63
WO-006603,2,purchase_order,2019-02-21,253.92
WO-006603,3,bank_transfer,2019-03-23,189.45
WO-006604,1,purchase_order,2019-03-19,1151.09
WO-006605,1,bank_transfer,2019-01-14,1436.06
WO-006606,1,bank_transfer,2019-03-05,615.36
WO-006606,2,bank_transfer,2019-03-25,967.99
WO-006607,1,corporate_card,2019-01-27,695.67
WO-006608,1,purchase_order,2019-01-16,784.48
WO-006609,1,bank_transfer,2019-02-16,2309.71
WO-006610,1,corporate_card,2019-03-12,643.66
WO-006611,1,corporate_card,2019-02-20,1291.16
WO-006612,1,purchase_order,2019-01-30,513.51
WO-006613,1,corporate_card,2019-03-26,285.44
WO-006614,1,purchase_order,2019-02-14,1479.29
WO-006614,2,purchase_order,2019-03-23,2578.15
WO-006615,1,purchase_order,2019-02-10,886.66
WO-006616,1,bank_transfer,2019-02-16,1147.14
WO-006617,1,corporate_card,2019-02-09,164.55
WO-006617,2,bank_transfer,2019-03-13,489.79
WO-006618,1,corporate_card,2019-02-13,858.65
WO-006619,1,bank_transfer,2019-02-15,964.73
WO-006619,2,corporate_card,2019-03-27,529.33
WO-006620,1,bank_transfer,2019-01-17,131.01
WO-006620,2,bank_transfer,2019-02-14,240.95
WO-006621,1,purchase_order,2019-02-18,803.57
WO-006622,1,bank_transfer,2019-03-31,835.94
WO-006623,1,corporate_card,2019-03-13,522.13
WO-006624,1,purchase_order,2019-01-04,2420.29
WO-006626,1,purchase_order,2019-03-13,609.64
WO-006626,2,bank_transfer,2019-04-15,350.83
WO-006626,3,bank_transfer,2019-05-07,224.03
WO-006627,1,bank_transfer,2019-01-27,1301.11
WO-006628,1,corporate_card,2019-02-12,263.5
WO-006628,2,corporate_card,2019-03-15,269.09
WO-006629,1,bank_transfer,2019-02-19,1859.33
WO-006630,1,purchase_order,2019-02-14,140.49
WO-006630,2,bank_transfer,2019-03-05,266.34
WO-006631,1,purchase_order,2019-01-20,1395.81
WO-006632,1,corporate_card,2019-02-14,325.58
WO-006632,2,bank_transfer,2019-03-14,92.76
WO-006633,1,corporate_card,2019-03-27,26.09
WO-006633,2,purchase_order,2019-04-24,46.13
WO-006633,3,bank_transfer,2019-06-03,133.57
WO-006634,1,purchase_order,2019-02-02,2346.75
WO-006635,1,purchase_order,2019-02-26,1245.86
WO-006636,1,bank_transfer,2019-03-08,3354.21
WO-006637,1,corporate_card,2019-02-20,1536.42
WO-006638,1,bank_transfer,2019-02-19,929.67
WO-006638,2,purchase_order,2019-03-06,1592.95
WO-006639,1,corporate_card,2019-01-29,2312.82
WO-006640,1,purchase_order,2019-01-28,1565.17
WO-006641,1,purchase_order,2019-02-26,1201.69
WO-006642,1,corporate_card,2019-02-05,361.06
WO-006643,1,purchase_order,2019-02-10,474.32
WO-006644,1,purchase_order,2019-01-16,1932.0
WO-006645,1,bank_transfer,2019-03-08,1366.68
WO-006646,1,purchase_order,2019-01-27,659.65
WO-006647,1,purchase_order,2019-02-05,1767.07
WO-006648,1,bank_transfer,2019-02-15,519.54
WO-006649,1,corporate_card,2019-03-12,704.11
WO-006649,2,bank_transfer,2019-04-22,202.91
WO-006650,1,bank_transfer,2019-02-17,826.59
WO-006651,1,purchase_order,2019-03-13,711.06
WO-006652,1,corporate_card,2019-02-08,1774.96
WO-006652,2,purchase_order,2019-03-21,681.39
WO-006652,3,bank_transfer,2019-04-30,230.2
WO-006653,1,corporate_card,2019-02-21,1517.71
WO-006654,1,bank_transfer,2019-01-23,494.79
WO-006656,1,purchase_order,2019-02-01,519.43
WO-006656,2,purchase_order,2019-03-07,1425.03
WO-006656,3,bank_transfer,2019-04-03,685.77
WO-006657,1,corporate_card,2019-02-20,1036.58
WO-006658,1,bank_transfer,2019-02-03,1137.49
WO-006659,1,corporate_card,2019-03-14,499.18
WO-006660,1,bank_transfer,2019-03-05,635.91
WO-006661,1,bank_transfer,2019-02-21,489.27
WO-006662,1,bank_transfer,2019-03-13,527.74
WO-006662,2,bank_transfer,2019-04-09,867.67
WO-006663,1,bank_transfer,2019-03-18,1296.0
WO-006663,2,bank_transfer,2019-04-04,2297.36
WO-006663,3,corporate_card,2019-04-20,2532.18
WO-006664,1,purchase_order,2019-02-22,1132.64
WO-006665,1,corporate_card,2019-02-24,917.65
WO-006665,2,corporate_card,2019-04-04,1195.23
WO-006666,1,corporate_card,2019-02-24,112.86
WO-006666,2,bank_transfer,2019-03-20,574.3
WO-006666,3,bank_transfer,2019-04-28,354.08
WO-006668,1,bank_transfer,2019-03-19,2655.99
WO-006669,1,bank_transfer,2019-03-19,288.08
WO-006670,1,bank_transfer,2019-02-10,2036.47
WO-006671,1,purchase_order,2019-02-05,2166.62
WO-006672,1,purchase_order,2019-03-10,1200.94
WO-006673,1,purchase_order,2019-01-29,1896.98
WO-006674,1,bank_transfer,2019-01-28,4088.95
WO-006675,1,bank_transfer,2019-02-04,743.68
WO-006675,2,bank_transfer,2019-02-22,1138.44
WO-006675,3,bank_transfer,2019-03-17,675.09
WO-006676,1,purchase_order,2019-03-09,2093.51
WO-006677,1,corporate_card,2019-01-28,2070.96
WO-006678,1,bank_transfer,2019-03-02,563.97
WO-006679,1,bank_transfer,2019-03-06,779.61
WO-006680,1,purchase_order,2019-03-05,1616.94
WO-006681,1,purchase_order,2019-02-07,2679.67
WO-006682,1,corporate_card,2019-02-13,2575.16
WO-006683,1,purchase_order,2019-02-15,791.72
WO-006684,1,corporate_card,2019-03-08,2172.49
WO-006686,1,corporate_card,2019-03-03,1381.98
WO-006687,1,corporate_card,2019-02-19,416.12
WO-006687,2,corporate_card,2019-04-04,830.76
WO-006688,1,purchase_order,2019-01-15,1309.81
WO-006689,1,purchase_order,2019-01-31,936.48
WO-006690,1,bank_transfer,2019-02-27,813.13
WO-006691,1,bank_transfer,2019-03-10,1889.79
WO-006692,1,purchase_order,2019-02-27,520.37
WO-006692,2,purchase_order,2019-04-10,418.82
WO-006693,1,purchase_order,2019-02-16,2363.56
WO-006695,1,bank_transfer,2019-02-04,696.5
WO-006696,1,purchase_order,2019-02-17,947.7
WO-006697,1,bank_transfer,2019-02-15,1926.9
WO-006698,1,bank_transfer,2019-01-28,1274.88
WO-006699,1,purchase_order,2019-02-01,1089.38
WO-006700,1,purchase_order,2019-01-17,802.56
WO-006701,1,purchase_order,2019-03-07,823.11
WO-006702,1,bank_transfer,2019-03-03,186.63
WO-006702,2,purchase_order,2019-04-08,274.53
WO-006703,1,corporate_card,2019-02-05,1839.62
WO-006704,1,bank_transfer,2019-02-25,395.39
WO-006704,2,bank_transfer,2019-04-06,147.9
WO-006705,1,bank_transfer,2019-03-14,576.1
WO-006705,2,bank_transfer,2019-04-04,853.17
WO-006706,1,corporate_card,2019-03-13,546.78
WO-006707,1,corporate_card,2019-02-02,1630.32
WO-006708,1,bank_transfer,2019-02-16,293.82
WO-006708,2,bank_transfer,2019-03-24,290.66
WO-006709,1,corporate_card,2019-02-07,267.9
WO-006710,1,bank_transfer,2019-03-10,376.89
WO-006711,1,bank_transfer,2019-03-16,1615.99
WO-006712,1,bank_transfer,2019-02-21,1841.12
WO-006713,1,corporate_card,2019-03-24,779.54
WO-006714,1,purchase_order,2019-01-20,902.49
WO-006715,1,bank_transfer,2019-02-27,3786.29
WO-006715,2,corporate_card,2019-04-07,1186.65
WO-006716,1,corporate_card,2019-02-19,348.46
WO-006717,1,bank_transfer,2019-03-12,182.84
WO-006717,2,bank_transfer,2019-03-27,121.72
WO-006718,1,bank_transfer,2019-01-24,1027.85
WO-006719,1,bank_transfer,2019-02-17,902.91
WO-006720,1,purchase_order,2019-03-02,2724.5
WO-006721,1,purchase_order,2019-03-15,1353.69
WO-006722,1,purchase_order,2019-03-23,1617.56
WO-006723,1,bank_transfer,2019-02-03,1078.93
WO-006724,1,bank_transfer,2019-03-02,673.31
WO-006724,2,bank_transfer,2019-03-18,192.9
WO-006725,1,corporate_card,2019-01-19,3008.15
WO-006726,1,bank_transfer,2019-02-18,396.06
WO-006726,2,bank_transfer,2019-03-26,331.44
WO-006727,1,bank_transfer,2019-03-30,1172.44
WO-006728,1,corporate_card,2019-02-19,2422.16
WO-006729,1,purchase_order,2019-02-15,844.64
WO-006729,2,bank_transfer,2019-03-25,727.52
WO-006730,1,bank_transfer,2019-02-15,544.82
WO-006731,1,purchase_order,2019-02-19,579.02
WO-006732,1,bank_transfer,2019-02-10,451.85
WO-006733,1,bank_transfer,2019-02-20,184.98
WO-006733,2,corporate_card,2019-03-21,278.91
WO-006734,1,purchase_order,2019-03-09,2298.74
WO-006735,1,bank_transfer,2019-02-19,989.19
WO-006736,1,bank_transfer,2019-04-06,1424.66
WO-006737,1,purchase_order,2019-02-28,4122.14
WO-006738,1,purchase_order,2019-02-22,873.78
WO-006739,1,purchase_order,2019-03-04,362.06
WO-006739,2,purchase_order,2019-03-23,1014.19
WO-006740,1,bank_transfer,2019-01-24,1989.91
WO-006741,1,bank_transfer,2019-02-19,323.9
WO-006743,1,corporate_card,2019-03-03,583.25
WO-006744,1,corporate_card,2019-02-28,520.34
WO-006745,1,purchase_order,2019-03-16,1726.59
WO-006746,1,bank_transfer,2019-01-26,929.96
WO-006747,1,bank_transfer,2019-03-08,1808.31
WO-006748,1,corporate_card,2019-02-07,1123.69
WO-006749,1,purchase_order,2019-01-29,928.99
WO-006750,1,bank_transfer,2019-03-26,2780.96
WO-006751,1,purchase_order,2019-02-23,1637.37
WO-006752,1,corporate_card,2019-03-11,1884.91
WO-006753,1,purchase_order,2019-01-30,739.79
WO-006754,1,bank_transfer,2019-03-13,579.97
WO-006755,1,bank_transfer,2019-02-07,741.86
WO-006756,1,bank_transfer,2019-04-02,1599.75
WO-006757,1,bank_transfer,2019-03-09,582.9
WO-006758,1,bank_transfer,2019-03-05,1361.79
WO-006759,1,bank_transfer,2019-02-14,806.39
WO-006760,1,bank_transfer,2019-03-09,1391.93
WO-006761,1,bank_transfer,2019-03-12,1181.99
WO-006762,1,bank_transfer,2019-02-23,248.28
WO-006762,2,purchase_order,2019-03-26,506.3
WO-006763,1,bank_transfer,2019-03-19,481.95
WO-006764,1,purchase_order,2019-02-24,313.33
WO-006764,2,bank_transfer,2019-03-11,616.65
WO-006765,1,purchase_order,2019-02-03,639.75
WO-006766,1,purchase_order,2019-02-13,368.66
WO-006766,2,corporate_card,2019-03-03,269.84
WO-006767,1,bank_transfer,2019-02-26,300.64
WO-006767,2,bank_transfer,2019-03-30,404.78
WO-006768,1,bank_transfer,2019-02-23,409.66
WO-006769,1,purchase_order,2019-03-16,1152.98
WO-006770,1,bank_transfer,2019-03-07,1048.53
WO-006770,2,bank_transfer,2019-04-13,1006.49
WO-006770,3,bank_transfer,2019-05-27,189.34
WO-006771,1,bank_transfer,2019-02-05,718.24
WO-006773,1,bank_transfer,2019-03-18,695.04
WO-006773,2,purchase_order,2019-04-07,1147.61
WO-006773,3,bank_transfer,2019-04-28,1075.07
WO-006774,1,purchase_order,2019-02-15,387.12
WO-006774,2,corporate_card,2019-03-31,246.18
WO-006775,1,bank_transfer,2019-02-15,1999.17
WO-006776,1,bank_transfer,2019-02-18,826.41
WO-006777,1,bank_transfer,2019-03-04,464.08
WO-006777,2,corporate_card,2019-04-04,188.52
WO-006778,1,purchase_order,2019-02-28,842.86
WO-006779,1,bank_transfer,2019-03-02,928.87
WO-006780,1,corporate_card,2019-02-21,855.24
WO-006781,1,corporate_card,2019-02-28,3013.23
WO-006782,1,purchase_order,2019-02-28,1726.33
WO-006783,1,bank_transfer,2019-04-13,1418.45
WO-006784,1,bank_transfer,2019-04-03,422.24
WO-006784,2,corporate_card,2019-04-21,68.51
WO-006784,3,purchase_order,2019-06-03,334.32
WO-006785,1,bank_transfer,2019-02-09,475.7
WO-006786,1,bank_transfer,2019-02-07,1372.93
WO-006787,1,purchase_order,2019-03-07,1278.34
WO-006788,1,corporate_card,2019-02-21,2192.95
WO-006789,1,purchase_order,2019-04-08,1345.35
WO-006790,1,bank_transfer,2019-03-16,246.46
WO-006791,1,purchase_order,2019-03-08,877.04
WO-006792,1,bank_transfer,2019-02-19,1424.42
WO-006793,1,purchase_order,2019-02-04,1017.15
WO-006794,1,corporate_card,2019-02-01,1773.64
WO-006795,1,bank_transfer,2019-01-27,5074.81
WO-006796,1,bank_transfer,2019-02-20,288.44
WO-006797,1,purchase_order,2019-03-16,2007.92
WO-006798,1,bank_transfer,2019-03-20,811.12
WO-006799,1,corporate_card,2019-03-13,81.42
WO-006799,2,corporate_card,2019-04-03,189.81
WO-006800,1,bank_transfer,2019-02-02,1263.62
WO-006801,1,purchase_order,2019-03-14,2950.66
WO-006802,1,corporate_card,2019-03-19,1120.37
WO-006804,1,corporate_card,2019-02-14,1687.31
WO-006805,1,purchase_order,2019-04-08,519.28
WO-006806,1,bank_transfer,2019-02-21,817.59
WO-006807,1,bank_transfer,2019-02-26,454.37
WO-006807,2,purchase_order,2019-03-26,611.08
WO-006808,1,bank_transfer,2019-03-23,310.93
WO-006809,1,purchase_order,2019-03-18,294.31
WO-006809,2,bank_transfer,2019-04-22,231.08
WO-006809,3,purchase_order,2019-05-23,427.06
WO-006810,1,purchase_order,2019-04-04,762.09
WO-006811,1,purchase_order,2019-03-31,354.94
WO-006811,2,bank_transfer,2019-05-07,330.41
WO-006812,1,bank_transfer,2019-04-14,301.23
WO-006813,1,bank_transfer,2019-02-12,592.43
WO-006814,1,bank_transfer,2019-03-04,1235.28
WO-006815,1,corporate_card,2019-03-16,715.9
WO-006816,1,bank_transfer,2019-03-09,323.74
WO-006816,2,corporate_card,2019-04-18,627.76
WO-006818,1,bank_transfer,2019-02-16,925.27
WO-006818,2,bank_transfer,2019-03-24,713.4
WO-006819,1,corporate_card,2019-02-11,417.95
WO-006820,1,purchase_order,2019-02-22,1116.04
WO-006821,1,bank_transfer,2019-03-08,391.71
WO-006821,2,bank_transfer,2019-04-12,527.99
WO-006821,3,bank_transfer,2019-05-06,526.0
WO-006822,1,bank_transfer,2019-02-26,645.36
WO-006822,2,purchase_order,2019-03-24,739.14
WO-006823,1,purchase_order,2019-04-04,72.59
WO-006823,2,bank_transfer,2019-05-08,253.39
WO-006824,1,purchase_order,2019-02-25,1887.12
WO-006825,1,bank_transfer,2019-02-21,2621.88
WO-006826,1,corporate_card,2019-02-28,284.67
WO-006826,2,purchase_order,2019-03-22,361.85
WO-006827,1,purchase_order,2019-04-04,2814.78
WO-006828,1,bank_transfer,2019-03-09,904.48
WO-006829,1,bank_transfer,2019-02-18,503.65
WO-006831,1,bank_transfer,2019-03-09,659.03
WO-006831,2,bank_transfer,2019-04-12,246.12
WO-006832,1,bank_transfer,2019-03-26,958.67
WO-006833,1,corporate_card,2019-03-02,888.66
WO-006834,1,purchase_order,2019-02-20,760.73
WO-006835,1,purchase_order,2019-02-03,710.0
WO-006836,1,purchase_order,2019-04-13,2643.82
WO-006837,1,purchase_order,2019-03-24,499.45
WO-006838,1,bank_transfer,2019-03-17,619.92
WO-006840,1,bank_transfer,2019-02-06,614.06
WO-006841,1,bank_transfer,2019-02-15,186.46
WO-006841,2,corporate_card,2019-03-06,142.93
WO-006842,1,purchase_order,2019-04-04,3510.05
WO-006843,1,corporate_card,2019-03-08,2401.94
WO-006844,1,purchase_order,2019-04-09,1365.3
WO-006845,1,bank_transfer,2019-02-19,75.97
WO-006845,2,bank_transfer,2019-03-18,53.7
WO-006845,3,purchase_order,2019-04-22,37.42
WO-006846,1,purchase_order,2019-05-04,1042.35
WO-006847,1,bank_transfer,2019-03-12,619.13
WO-006848,1,bank_transfer,2019-03-29,588.51
WO-006849,1,bank_transfer,2019-03-07,280.7
WO-006850,1,bank_transfer,2019-03-23,2111.59
WO-006851,1,corporate_card,2019-04-04,880.05
WO-006851,2,bank_transfer,2019-05-13,368.67
WO-006853,1,bank_transfer,2019-02-23,351.97
WO-006854,1,corporate_card,2019-02-25,1330.54
WO-006855,1,bank_transfer,2019-02-27,1059.18
WO-006856,1,bank_transfer,2019-03-21,228.83
WO-006856,2,bank_transfer,2019-04-18,913.61
WO-006857,1,purchase_order,2019-04-26,1005.62
WO-006858,1,bank_transfer,2019-03-11,1001.86
WO-006859,1,purchase_order,2019-03-29,97.96
WO-006859,2,bank_transfer,2019-05-06,460.04
WO-006859,3,purchase_order,2019-05-23,183.04
WO-006860,1,bank_transfer,2019-03-20,581.56
WO-006861,1,bank_transfer,2019-03-06,320.23
WO-006862,1,purchase_order,2019-03-09,654.37
WO-006863,1,bank_transfer,2019-03-26,1857.66
WO-006864,1,bank_transfer,2019-03-07,946.4
WO-006865,1,bank_transfer,2019-03-12,901.32
WO-006866,1,bank_transfer,2019-03-12,237.25
WO-006866,2,purchase_order,2019-04-24,164.84
WO-006867,1,bank_transfer,2019-03-30,1280.45
WO-006868,1,corporate_card,2019-04-05,1401.07
WO-006869,1,bank_transfer,2019-03-06,1977.74
WO-006870,1,bank_transfer,2019-03-14,838.08
WO-006871,1,bank_transfer,2019-03-13,509.91
WO-006871,2,bank_transfer,2019-04-15,266.88
WO-006871,3,bank_transfer,2019-05-04,209.4
WO-006872,1,bank_transfer,2019-04-02,2298.62
WO-006873,1,bank_transfer,2019-03-20,1098.7
WO-006874,1,bank_transfer,2019-04-07,719.8
WO-006875,1,bank_transfer,2019-02-20,2544.03
WO-006876,1,bank_transfer,2019-03-14,1344.99
WO-006877,1,purchase_order,2019-03-22,549.74
WO-006878,1,bank_transfer,2019-02-23,1529.63
WO-006879,1,corporate_card,2019-03-12,1032.66
WO-006880,1,purchase_order,2019-04-06,705.68
WO-006880,2,purchase_order,2019-05-09,2098.88
WO-006881,1,purchase_order,2019-03-04,1009.17
WO-006883,1,corporate_card,2019-03-14,1654.61
WO-006884,1,bank_transfer,2019-04-07,472.16
WO-006884,2,corporate_card,2019-05-03,199.37
WO-006885,1,purchase_order,2019-04-13,418.07
WO-006886,1,corporate_card,2019-03-13,1451.14
WO-006887,1,bank_transfer,2019-02-25,2157.16
WO-006888,1,bank_transfer,2019-02-20,740.16
WO-006889,1,bank_transfer,2019-03-26,1380.22
WO-006890,1,bank_transfer,2019-03-19,3135.76
WO-006891,1,corporate_card,2019-03-23,1042.97
WO-006892,1,bank_transfer,2019-03-26,850.69
WO-006893,1,bank_transfer,2019-03-11,798.04
WO-006893,2,purchase_order,2019-04-21,863.82
WO-006893,3,bank_transfer,2019-05-22,1502.4
WO-006894,1,bank_transfer,2019-03-24,1753.67
WO-006895,1,bank_transfer,2019-04-10,1161.94
WO-006896,1,purchase_order,2019-03-08,738.84
WO-006897,1,purchase_order,2019-02-21,260.65
WO-006897,2,bank_transfer,2019-03-10,436.08
WO-006898,1,purchase_order,2019-03-04,975.52
WO-006899,1,purchase_order,2019-04-09,1934.5
WO-006900,1,bank_transfer,2019-04-08,3248.45
WO-006901,1,bank_transfer,2019-05-03,415.01
WO-006901,2,bank_transfer,2019-06-16,151.43
WO-006903,1,bank_transfer,2019-03-27,414.03
WO-006904,1,purchase_order,2019-04-06,734.47
WO-006906,1,bank_transfer,2019-04-16,674.66
WO-006907,1,bank_transfer,2019-04-11,1384.44
WO-006908,1,bank_transfer,2019-03-02,484.14
WO-006909,1,purchase_order,2019-03-24,1213.88
WO-006910,1,corporate_card,2019-03-27,301.19
WO-006911,1,purchase_order,2019-03-08,1899.01
WO-006912,1,bank_transfer,2019-03-30,694.71
WO-006913,1,bank_transfer,2019-03-16,998.13
WO-006914,1,corporate_card,2019-03-27,3880.6
WO-006915,1,bank_transfer,2019-03-24,98.05
WO-006915,2,purchase_order,2019-05-04,138.24
WO-006915,3,bank_transfer,2019-06-06,167.78
WO-006916,1,purchase_order,2019-02-19,533.0
WO-006917,1,bank_transfer,2019-04-02,829.33
WO-006918,1,corporate_card,2019-03-16,190.64
WO-006919,1,bank_transfer,2019-03-04,397.84
WO-006920,1,purchase_order,2019-03-18,465.62
WO-006921,1,bank_transfer,2019-03-07,873.47
WO-006922,1,purchase_order,2019-03-14,3313.78
WO-006923,1,bank_transfer,2019-03-12,2259.53
WO-006924,1,bank_transfer,2019-03-17,583.51
WO-006924,2,bank_transfer,2019-04-20,156.09
WO-006925,1,purchase_order,2019-04-15,1825.75
WO-006926,1,purchase_order,2019-04-01,1488.76
WO-006927,1,bank_transfer,2019-04-17,508.85
WO-006928,1,purchase_order,2019-03-20,625.62
WO-006929,1,purchase_order,2019-04-11,2738.59
WO-006930,1,bank_transfer,2019-03-26,1824.37
WO-006930,2,bank_transfer,2019-04-26,935.46
WO-006931,1,corporate_card,2019-04-23,3641.43
WO-006932,1,corporate_card,2019-03-11,2236.01
WO-006933,1,purchase_order,2019-03-22,911.61
WO-006934,1,bank_transfer,2019-03-15,888.83
WO-006936,1,bank_transfer,2019-03-24,738.86
WO-006937,1,bank_transfer,2019-03-28,3238.91
WO-006938,1,bank_transfer,2019-03-15,1423.72
WO-006939,1,bank_transfer,2019-03-19,103.86
WO-006939,2,bank_transfer,2019-04-16,309.04
WO-006940,1,bank_transfer,2019-02-26,4689.84
WO-006941,1,bank_transfer,2019-04-04,257.44
WO-006941,2,purchase_order,2019-05-12,184.47
WO-006942,1,bank_transfer,2019-04-11,2427.98
WO-006942,2,bank_transfer,2019-04-29,1301.77
WO-006943,1,corporate_card,2019-03-10,405.75
WO-006944,1,purchase_order,2019-04-17,2367.18
WO-006944,2,purchase_order,2019-05-16,1998.01
WO-006945,1,bank_transfer,2019-04-05,2005.95
WO-006946,1,bank_transfer,2019-03-28,1191.17
WO-006947,1,purchase_order,2019-03-19,515.79
WO-006948,1,purchase_order,2019-03-14,1481.09
WO-006949,1,bank_transfer,2019-03-18,658.66
WO-006950,1,bank_transfer,2019-03-28,489.38
WO-006951,1,bank_transfer,2019-03-12,941.59
WO-006952,1,purchase_order,2019-03-25,765.36
WO-006953,1,purchase_order,2019-03-12,345.48
WO-006953,2,bank_transfer,2019-04-05,130.99
WO-006953,3,bank_transfer,2019-05-18,330.47
WO-006954,1,bank_transfer,2019-04-11,2083.87
WO-006955,1,bank_transfer,2019-04-20,518.6
WO-006956,1,purchase_order,2019-03-24,2408.56
WO-006957,1,corporate_card,2019-03-28,1256.71
WO-006958,1,purchase_order,2019-03-03,711.19
WO-006958,2,bank_transfer,2019-03-22,733.45
WO-006958,3,purchase_order,2019-04-06,1435.56
WO-006959,1,purchase_order,2019-04-10,217.86
WO-006960,1,purchase_order,2019-04-04,962.31
WO-006961,1,bank_transfer,2019-03-08,1181.52
WO-006962,1,bank_transfer,2019-03-19,1463.17
WO-006963,1,purchase_order,2019-03-18,1382.3
WO-006964,1,purchase_order,2019-04-05,1445.15
WO-006965,1,purchase_order,2019-03-02,3217.97
WO-006966,1,purchase_order,2019-04-17,1186.08
WO-006967,1,bank_transfer,2019-05-06,1923.16
WO-006968,1,bank_transfer,2019-03-31,774.84
WO-006969,1,bank_transfer,2019-03-05,427.77
WO-006970,1,purchase_order,2019-02-20,2142.09
WO-006971,1,bank_transfer,2019-03-29,1110.61
WO-006972,1,purchase_order,2019-03-31,660.28
WO-006973,1,corporate_card,2019-03-10,968.5
WO-006974,1,bank_transfer,2019-03-22,163.83
WO-006974,2,corporate_card,2019-04-24,149.17
WO-006975,1,corporate_card,2019-03-21,357.92
WO-006976,1,bank_transfer,2019-04-02,332.47
WO-006977,1,purchase_order,2019-03-14,1337.44
WO-006978,1,bank_transfer,2019-03-24,1380.62
WO-006979,1,purchase_order,2019-02-28,2286.77
WO-006980,1,bank_transfer,2019-03-08,658.89
WO-006981,1,purchase_order,2019-05-08,624.81
WO-006982,1,bank_transfer,2019-03-04,1664.09
WO-006983,1,purchase_order,2019-02-21,608.48
WO-006984,1,bank_transfer,2019-04-18,1483.9
WO-006984,2,corporate_card,2019-05-08,1369.89
WO-006985,1,bank_transfer,2019-03-29,2334.0
WO-006986,1,corporate_card,2019-03-25,131.83
WO-006986,2,bank_transfer,2019-04-21,119.79
WO-006986,3,purchase_order,2019-05-23,227.78
WO-006987,1,purchase_order,2019-03-03,158.33
WO-006987,2,bank_transfer,2019-03-30,379.96
WO-006987,3,purchase_order,2019-05-13,333.19
WO-006988,1,bank_transfer,2019-04-07,981.63
WO-006989,1,purchase_order,2019-04-13,292.05
WO-006990,1,bank_transfer,2019-03-13,1930.41
WO-006991,1,purchase_order,2019-04-20,3656.24
WO-006992,1,bank_transfer,2019-04-12,605.65
WO-006993,1,corporate_card,2019-03-28,1155.38
WO-006994,1,corporate_card,2019-04-16,1239.72
WO-006994,2,bank_transfer,2019-05-23,134.03
WO-006995,1,bank_transfer,2019-03-15,3319.22
WO-006996,1,bank_transfer,2019-04-06,662.52
WO-006997,1,bank_transfer,2019-03-25,2009.84
WO-006998,1,corporate_card,2019-03-18,775.37
WO-006999,1,purchase_order,2019-04-02,595.82
WO-007000,1,bank_transfer,2019-04-10,1174.63
WO-007001,1,bank_transfer,2019-04-09,570.13
WO-007002,1,bank_transfer,2019-04-16,538.13
WO-007003,1,bank_transfer,2019-03-27,348.85
WO-007003,2,bank_transfer,2019-04-11,322.78
WO-007003,3,purchase_order,2019-05-07,530.07
WO-007004,1,bank_transfer,2019-03-22,802.06
WO-007005,1,corporate_card,2019-03-23,3545.91
WO-007006,1,bank_transfer,2019-03-26,1069.18
WO-007006,2,corporate_card,2019-05-06,1821.02
WO-007007,1,bank_transfer,2019-06-05,1222.26
WO-007008,1,purchase_order,2019-04-29,1377.98
WO-007009,1,bank_transfer,2019-04-06,1176.49
WO-007010,1,bank_transfer,2019-04-12,324.33
WO-007010,2,bank_transfer,2019-05-18,288.28
WO-007010,3,bank_transfer,2019-06-22,76.38
WO-007011,1,bank_transfer,2019-04-20,708.43
WO-007012,1,corporate_card,2019-04-06,1443.39
WO-007012,2,bank_transfer,2019-05-10,737.82
WO-007013,1,bank_transfer,2019-03-16,2616.13
WO-007014,1,bank_transfer,2019-04-19,1193.24
WO-007015,1,bank_transfer,2019-03-12,668.77
WO-007016,1,purchase_order,2019-03-21,270.46
WO-007016,2,bank_transfer,2019-04-16,130.9
WO-007017,1,corporate_card,2019-04-07,722.45
WO-007018,1,bank_transfer,2019-03-23,798.23
WO-007019,1,purchase_order,2019-04-01,2230.58
WO-007021,1,purchase_order,2019-03-15,763.14
WO-007022,1,purchase_order,2019-05-01,105.8
WO-007022,2,bank_transfer,2019-05-29,151.02
WO-007023,1,purchase_order,2019-04-05,872.96
WO-007024,1,purchase_order,2019-04-10,450.72
WO-007025,1,bank_transfer,2019-04-08,3013.26
WO-007026,1,bank_transfer,2019-03-27,574.52
WO-007027,1,purchase_order,2019-03-26,710.11
WO-007028,1,purchase_order,2019-02-26,105.34
WO-007028,2,bank_transfer,2019-03-26,92.66
WO-007028,3,purchase_order,2019-04-17,100.08
WO-007029,1,purchase_order,2019-03-19,657.76
WO-007029,2,bank_transfer,2019-04-19,305.13
WO-007030,1,corporate_card,2019-04-17,472.22
WO-007030,2,bank_transfer,2019-05-13,388.63
WO-007031,1,bank_transfer,2019-03-15,658.27
WO-007033,1,purchase_order,2019-03-23,1380.61
WO-007034,1,purchase_order,2019-02-28,906.44
WO-007035,1,bank_transfer,2019-04-27,111.0
WO-007036,1,purchase_order,2019-03-18,461.5
WO-007036,2,corporate_card,2019-04-24,565.88
WO-007037,1,bank_transfer,2019-04-03,1021.62
WO-007038,1,bank_transfer,2019-04-05,1551.51
WO-007038,2,purchase_order,2019-05-02,699.18
WO-007039,1,corporate_card,2019-04-05,644.28
WO-007039,2,bank_transfer,2019-05-16,1282.5
WO-007040,1,corporate_card,2019-03-18,507.04
WO-007040,2,purchase_order,2019-04-18,293.29
WO-007041,1,purchase_order,2019-03-02,1268.36
WO-007042,1,bank_transfer,2019-04-13,678.35
WO-007043,1,corporate_card,2019-02-23,5312.16
WO-007044,1,bank_transfer,2019-03-21,1528.61
WO-007045,1,bank_transfer,2019-04-10,329.55
WO-007046,1,bank_transfer,2019-03-28,2215.24
WO-007046,2,bank_transfer,2019-04-16,639.43
WO-007047,1,purchase_order,2019-04-14,1040.25
WO-007049,1,purchase_order,2019-03-26,465.76
WO-007050,1,purchase_order,2019-02-25,507.86
WO-007051,1,corporate_card,2019-03-19,2719.32
WO-007052,1,purchase_order,2019-04-16,2796.45
WO-007053,1,bank_transfer,2019-04-13,336.84
WO-007053,2,bank_transfer,2019-05-06,1191.82
WO-007054,1,corporate_card,2019-03-13,621.84
WO-007055,1,bank_transfer,2019-03-24,593.89
WO-007056,1,bank_transfer,2019-04-26,592.14
WO-007057,1,bank_transfer,2019-03-06,826.4
WO-007058,1,bank_transfer,2019-03-29,1268.62
WO-007059,1,bank_transfer,2019-03-24,484.81
WO-007060,1,bank_transfer,2019-05-06,635.02
WO-007061,1,bank_transfer,2019-05-03,466.27
WO-007062,1,bank_transfer,2019-05-07,2130.26
WO-007063,1,bank_transfer,2019-04-02,555.35
WO-007064,1,bank_transfer,2019-04-11,1470.46
WO-007065,1,purchase_order,2019-04-07,232.24
WO-007065,2,bank_transfer,2019-05-09,2100.95
WO-007066,1,corporate_card,2019-04-19,778.08
WO-007067,1,bank_transfer,2019-04-19,1758.85
WO-007068,1,bank_transfer,2019-03-09,917.18
WO-007069,1,purchase_order,2019-04-08,2407.45
WO-007071,1,purchase_order,2019-04-20,370.58
WO-007072,1,purchase_order,2019-04-18,2444.43
WO-007073,1,bank_transfer,2019-05-02,2815.66
WO-007075,1,bank_transfer,2019-05-08,1414.86
WO-007076,1,purchase_order,2019-04-23,442.91
WO-007077,1,bank_transfer,2019-03-22,1135.79
WO-007078,1,bank_transfer,2019-04-13,761.08
WO-007079,1,bank_transfer,2019-03-29,1610.92
WO-007080,1,bank_transfer,2019-04-08,3036.39
WO-007081,1,purchase_order,2019-05-14,997.67
WO-007083,1,bank_transfer,2019-03-20,425.69
WO-007084,1,bank_transfer,2019-03-26,544.96
WO-007085,1,bank_transfer,2019-03-25,814.33
WO-007086,1,bank_transfer,2019-04-08,1030.16
WO-007087,1,bank_transfer,2019-03-26,1759.54
WO-007088,1,purchase_order,2019-05-18,372.2
WO-007088,2,purchase_order,2019-06-25,463.25
WO-007089,1,bank_transfer,2019-04-17,1994.66
WO-007090,1,corporate_card,2019-04-04,447.74
WO-007090,2,bank_transfer,2019-04-30,1073.03
WO-007090,3,bank_transfer,2019-06-02,1172.48
WO-007091,1,bank_transfer,2019-04-09,1353.79
WO-007092,1,bank_transfer,2019-04-10,4413.77
WO-007093,1,bank_transfer,2019-05-16,1148.41
WO-007094,1,bank_transfer,2019-04-09,1170.95
WO-007095,1,bank_transfer,2019-04-03,2056.0
WO-007096,1,bank_transfer,2019-03-25,1027.48
WO-007097,1,corporate_card,2019-05-05,1353.51
WO-007098,1,bank_transfer,2019-04-11,1011.82
WO-007100,1,bank_transfer,2019-05-13,948.19
WO-007101,1,bank_transfer,2019-05-05,1170.78
WO-007102,1,purchase_order,2019-04-11,608.58
WO-007103,1,bank_transfer,2019-05-08,421.93
WO-007103,2,purchase_order,2019-06-12,375.91
WO-007104,1,bank_transfer,2019-04-06,432.71
WO-007104,2,bank_transfer,2019-05-10,491.03
WO-007105,1,corporate_card,2019-05-11,2123.3
WO-007106,1,bank_transfer,2019-03-14,4601.7
WO-007107,1,bank_transfer,2019-04-20,698.92
WO-007108,1,bank_transfer,2019-04-26,1923.3
WO-007109,1,bank_transfer,2019-03-28,2022.81
WO-007109,2,bank_transfer,2019-04-16,1374.44
WO-007110,1,bank_transfer,2019-03-31,413.82
WO-007110,2,bank_transfer,2019-04-19,480.75
WO-007111,1,bank_transfer,2019-04-14,543.24
WO-007112,1,bank_transfer,2019-05-21,3792.12
WO-007113,1,purchase_order,2019-04-09,1643.05
WO-007114,1,corporate_card,2019-05-13,1899.11
WO-007115,1,bank_transfer,2019-04-13,2058.66
WO-007115,2,bank_transfer,2019-05-04,1925.97
WO-007116,1,bank_transfer,2019-05-03,831.16
WO-007117,1,corporate_card,2019-04-11,547.76
WO-007119,1,bank_transfer,2019-05-01,2251.05
WO-007120,1,corporate_card,2019-03-13,378.51
WO-007120,2,corporate_card,2019-04-09,526.55
WO-007121,1,bank_transfer,2019-04-07,1154.48
WO-007122,1,purchase_order,2019-04-14,1034.49
WO-007123,1,purchase_order,2019-04-19,1828.73
WO-007123,2,purchase_order,2019-05-09,686.92
WO-007124,1,purchase_order,2019-04-03,2520.7
WO-007125,1,purchase_order,2019-04-13,70.94
WO-007125,2,purchase_order,2019-05-07,411.36
WO-007126,1,bank_transfer,2019-04-26,2281.14
WO-007127,1,purchase_order,2019-03-31,2821.99
WO-007128,1,corporate_card,2019-04-12,3036.22
WO-007129,1,corporate_card,2019-05-07,404.94
WO-007130,1,bank_transfer,2019-04-15,2819.21
WO-007131,1,bank_transfer,2019-04-22,431.07
WO-007132,1,bank_transfer,2019-04-16,1394.4
WO-007133,1,bank_transfer,2019-04-08,1303.65
WO-007134,1,bank_transfer,2019-04-08,1148.66
WO-007135,1,bank_transfer,2019-04-20,1411.47
WO-007135,2,purchase_order,2019-05-11,743.48
WO-007136,1,bank_transfer,2019-04-14,590.21
WO-007137,1,bank_transfer,2019-04-22,975.29
WO-007138,1,bank_transfer,2019-04-06,4095.28
WO-007139,1,purchase_order,2019-04-27,422.32
WO-007140,1,purchase_order,2019-04-29,1099.92
WO-007141,1,bank_transfer,2019-05-10,512.56
WO-007142,1,bank_transfer,2019-04-12,512.56
WO-007142,2,corporate_card,2019-05-01,258.95
WO-007143,1,bank_transfer,2019-03-12,1941.77
WO-007144,1,purchase_order,2019-05-03,140.34
WO-007144,2,bank_transfer,2019-05-31,180.46
WO-007145,1,bank_transfer,2019-04-29,262.91
WO-007145,2,bank_transfer,2019-06-05,672.55
WO-007146,1,purchase_order,2019-04-30,774.99
WO-007147,1,purchase_order,2019-04-21,676.77
WO-007148,1,purchase_order,2019-04-04,761.46
WO-007149,1,bank_transfer,2019-04-13,892.48
WO-007150,1,bank_transfer,2019-05-02,294.6
WO-007151,1,bank_transfer,2019-04-16,1864.37
WO-007152,1,bank_transfer,2019-05-06,1206.56
WO-007153,1,bank_transfer,2019-03-22,1051.53
WO-007154,1,bank_transfer,2019-04-12,1410.27
WO-007155,1,bank_transfer,2019-04-17,748.96
WO-007156,1,bank_transfer,2019-05-16,1019.68
WO-007157,1,purchase_order,2019-04-04,511.59
WO-007158,1,bank_transfer,2019-04-02,642.91
WO-007158,2,purchase_order,2019-04-25,645.29
WO-007159,1,corporate_card,2019-04-09,821.17
WO-007160,1,purchase_order,2019-04-08,335.13
WO-007160,2,bank_transfer,2019-04-24,615.98
WO-007161,1,purchase_order,2019-05-19,1185.3
WO-007162,1,bank_transfer,2019-04-01,318.99
WO-007163,1,purchase_order,2019-03-26,926.06
WO-007164,1,purchase_order,2019-05-01,572.6
WO-007165,1,purchase_order,2019-04-13,700.77
WO-007166,1,bank_transfer,2019-05-03,1605.98
WO-007167,1,bank_transfer,2019-04-10,1540.66
WO-007168,1,purchase_order,2019-04-09,2214.37
WO-007169,1,bank_transfer,2019-04-07,868.72
WO-007169,2,purchase_order,2019-05-09,674.41
WO-007169,3,corporate_card,2019-06-13,983.5
WO-007170,1,corporate_card,2019-04-13,791.43
WO-007171,1,bank_transfer,2019-03-23,383.09
WO-007172,1,purchase_order,2019-04-12,2765.94
WO-007173,1,bank_transfer,2019-04-05,324.93
WO-007174,1,bank_transfer,2019-05-08,1024.52
WO-007175,1,purchase_order,2019-04-10,747.03
WO-007176,1,bank_transfer,2019-05-04,997.47
WO-007177,1,bank_transfer,2019-04-06,644.23
WO-007178,1,purchase_order,2019-03-17,976.09
WO-007179,1,bank_transfer,2019-04-23,2226.56
WO-007180,1,bank_transfer,2019-04-15,547.21
WO-007181,1,purchase_order,2019-04-30,874.35
WO-007182,1,purchase_order,2019-04-25,1609.96
WO-007183,1,bank_transfer,2019-04-12,682.12
WO-007183,2,purchase_order,2019-05-26,159.94
WO-007184,1,bank_transfer,2019-03-22,379.85
WO-007185,1,bank_transfer,2019-04-22,2274.3
WO-007186,1,purchase_order,2019-03-29,2951.35
WO-007187,1,bank_transfer,2019-04-20,276.44
WO-007187,2,bank_transfer,2019-05-20,174.8
WO-007187,3,bank_transfer,2019-06-08,103.41
WO-007188,1,bank_transfer,2019-05-06,1211.77
WO-007188,2,purchase_order,2019-05-30,4243.88
WO-007189,1,bank_transfer,2019-05-24,459.46
WO-007190,1,corporate_card,2019-04-04,2252.94
WO-007191,1,bank_transfer,2019-05-10,182.59
WO-007191,2,bank_transfer,2019-06-14,890.82
WO-007192,1,bank_transfer,2019-04-12,1168.48
WO-007193,1,purchase_order,2019-05-20,840.67
WO-007194,1,purchase_order,2019-05-22,2299.09
WO-007195,1,bank_transfer,2019-04-08,2180.34
WO-007196,1,purchase_order,2019-04-17,1006.71
WO-007197,1,purchase_order,2019-04-30,306.49
WO-007198,1,bank_transfer,2019-04-30,783.87
WO-007199,1,bank_transfer,2019-03-29,2445.07
WO-007199,2,bank_transfer,2019-04-25,1651.19
WO-007200,1,corporate_card,2019-04-19,659.1
WO-007200,2,bank_transfer,2019-06-02,227.36
WO-007200,3,corporate_card,2019-07-07,119.15
WO-007201,1,bank_transfer,2019-03-31,906.18
WO-007202,1,bank_transfer,2019-05-01,450.2
WO-007202,2,bank_transfer,2019-05-24,192.35
WO-007203,1,bank_transfer,2019-04-17,974.48
WO-007203,2,bank_transfer,2019-05-10,1256.76
WO-007204,1,bank_transfer,2019-05-26,814.58
WO-007205,1,bank_transfer,2019-04-21,2536.28
WO-007206,1,bank_transfer,2019-04-15,764.29
WO-007206,2,bank_transfer,2019-05-25,775.97
WO-007207,1,purchase_order,2019-04-27,2296.7
WO-007208,1,bank_transfer,2019-04-19,185.53
WO-007208,2,bank_transfer,2019-05-22,215.14
WO-007209,1,purchase_order,2019-04-02,693.54
WO-007210,1,purchase_order,2019-03-21,949.19
WO-007211,1,purchase_order,2019-04-23,418.84
WO-007212,1,bank_transfer,2019-05-18,539.92
WO-007213,1,corporate_card,2019-04-04,754.65
WO-007213,2,purchase_order,2019-04-29,495.24
WO-007214,1,bank_transfer,2019-04-21,204.53
WO-007214,2,purchase_order,2019-06-04,219.22
WO-007216,1,bank_transfer,2019-05-13,89.73
WO-007216,2,bank_transfer,2019-06-02,972.8
WO-007216,3,bank_transfer,2019-07-03,719.95
WO-007217,1,bank_transfer,2019-04-27,1851.08
WO-007218,1,bank_transfer,2019-05-01,1639.59
WO-007219,1,bank_transfer,2019-05-15,1377.01
WO-007220,1,bank_transfer,2019-05-20,688.05
WO-007221,1,corporate_card,2019-04-27,655.55
WO-007221,2,bank_transfer,2019-05-31,405.33
WO-007222,1,bank_transfer,2019-04-23,1673.7
WO-007223,1,purchase_order,2019-05-07,1276.22
WO-007224,1,corporate_card,2019-03-31,440.98
WO-007224,2,bank_transfer,2019-05-12,667.05
WO-007225,1,bank_transfer,2019-05-24,4781.43
WO-007226,1,purchase_order,2019-04-09,451.06
WO-007228,1,bank_transfer,2019-05-04,962.61
WO-007229,1,purchase_order,2019-04-04,1781.07
WO-007230,1,purchase_order,2019-03-31,214.7
WO-007230,2,bank_transfer,2019-04-24,974.22
WO-007231,1,purchase_order,2019-03-23,1366.64
WO-007232,1,bank_transfer,2019-04-16,950.14
WO-007233,1,corporate_card,2019-04-14,1551.95
WO-007234,1,purchase_order,2019-05-27,930.02
WO-007235,1,bank_transfer,2019-05-02,381.27
WO-007236,1,purchase_order,2019-05-10,472.35
WO-007237,1,bank_transfer,2019-05-02,3340.82
WO-007238,1,bank_transfer,2019-04-15,922.01
WO-007239,1,purchase_order,2019-04-23,2415.7
WO-007240,1,purchase_order,2019-04-29,332.19
WO-007240,2,purchase_order,2019-05-25,553.38
WO-007241,1,corporate_card,2019-05-22,890.38
WO-007243,1,bank_transfer,2019-04-11,762.23
WO-007245,1,purchase_order,2019-05-23,564.49
WO-007245,2,bank_transfer,2019-06-19,398.01
WO-007246,1,purchase_order,2019-04-21,3875.97
WO-007247,1,bank_transfer,2019-06-01,402.94
WO-007248,1,purchase_order,2019-05-09,949.2
WO-007249,1,corporate_card,2019-04-12,906.75
WO-007250,1,bank_transfer,2019-04-08,794.8
WO-007251,1,bank_transfer,2019-04-16,1876.56
WO-007252,1,bank_transfer,2019-05-18,2875.63
WO-007253,1,corporate_card,2019-04-22,1071.27
WO-007254,1,bank_transfer,2019-05-17,689.71
WO-007255,1,purchase_order,2019-05-19,407.89
WO-007255,2,bank_transfer,2019-06-15,451.17
WO-007256,1,purchase_order,2019-05-08,50.37
WO-007256,2,bank_transfer,2019-05-24,170.73
WO-007256,3,purchase_order,2019-06-08,80.37
WO-007257,1,bank_transfer,2019-04-22,792.09
WO-007257,2,purchase_order,2019-05-15,512.98
WO-007258,1,bank_transfer,2019-04-24,1084.42
WO-007259,1,purchase_order,2019-05-04,185.96
WO-007259,2,purchase_order,2019-05-30,181.99
WO-007260,1,bank_transfer,2019-04-09,1098.23
WO-007260,2,purchase_order,2019-05-22,2079.46
WO-007261,1,corporate_card,2019-05-02,2361.27
WO-007262,1,purchase_order,2019-04-15,914.41
WO-007263,1,bank_transfer,2019-05-26,1409.63
WO-007264,1,purchase_order,2019-04-22,534.25
WO-007264,2,bank_transfer,2019-05-24,1753.72
WO-007265,1,bank_transfer,2019-05-14,2694.74
WO-007266,1,purchase_order,2019-05-27,1515.69
WO-007267,1,bank_transfer,2019-05-17,224.03
WO-007267,2,bank_transfer,2019-06-24,385.17
WO-007268,1,purchase_order,2019-05-23,295.86
WO-007269,1,bank_transfer,2019-05-26,493.54
WO-007270,1,bank_transfer,2019-05-22,506.93
WO-007271,1,bank_transfer,2019-05-16,2118.55
WO-007272,1,bank_transfer,2019-05-11,1119.69
WO-007273,1,bank_transfer,2019-06-06,833.88
WO-007274,1,purchase_order,2019-04-19,2250.25
WO-007275,1,bank_transfer,2019-05-06,759.37
WO-007276,1,purchase_order,2019-05-16,1971.02
WO-007277,1,bank_transfer,2019-06-19,215.43
WO-007277,2,bank_transfer,2019-07-25,823.64
WO-007278,1,purchase_order,2019-05-09,1621.28
WO-007279,1,bank_transfer,2019-05-04,964.05
WO-007280,1,bank_transfer,2019-05-19,1992.81
WO-007281,1,bank_transfer,2019-04-15,978.26
WO-007281,2,bank_transfer,2019-05-27,2205.25
WO-007282,1,bank_transfer,2019-04-02,1272.84
WO-007283,1,bank_transfer,2019-05-08,1432.05
WO-007284,1,bank_transfer,2019-05-04,811.3
WO-007285,1,corporate_card,2019-05-03,2319.35
WO-007286,1,purchase_order,2019-05-10,1090.72
WO-007287,1,bank_transfer,2019-05-29,1556.79
WO-007288,1,bank_transfer,2019-04-27,788.57
WO-007289,1,purchase_order,2019-04-21,914.9
WO-007290,1,bank_transfer,2019-04-23,415.09
WO-007290,2,purchase_order,2019-05-16,385.07
WO-007290,3,bank_transfer,2019-06-17,789.51
WO-007291,1,bank_transfer,2019-04-24,2092.0
WO-007292,1,bank_transfer,2019-05-08,2864.52
WO-007293,1,bank_transfer,2019-04-19,585.73
WO-007293,2,purchase_order,2019-05-10,159.46
WO-007294,1,bank_transfer,2019-04-25,760.67
WO-007294,2,bank_transfer,2019-06-07,810.07
WO-007295,1,bank_transfer,2019-04-21,1322.13
WO-007296,1,corporate_card,2019-05-27,1030.78
WO-007297,1,bank_transfer,2019-04-12,1033.74
WO-007298,1,purchase_order,2019-05-01,1431.34
WO-007299,1,bank_transfer,2019-05-21,1422.21
WO-007300,1,corporate_card,2019-05-27,904.44
WO-007300,2,bank_transfer,2019-06-15,725.63
WO-007301,1,purchase_order,2019-04-09,1172.92
WO-007302,1,purchase_order,2019-05-08,912.07
WO-007302,2,purchase_order,2019-06-11,497.25
WO-007303,1,bank_transfer,2019-04-03,842.52
WO-007304,1,purchase_order,2019-04-29,1125.84
WO-007305,1,bank_transfer,2019-05-11,128.25
WO-007305,2,purchase_order,2019-05-29,561.13
WO-007306,1,bank_transfer,2019-05-15,1008.44
WO-007306,2,bank_transfer,2019-06-12,850.29
WO-007306,3,bank_transfer,2019-07-22,963.41
WO-007307,1,bank_transfer,2019-04-15,2304.02
WO-007308,1,bank_transfer,2019-04-10,2043.59
WO-007309,1,bank_transfer,2019-05-01,1532.8
WO-007310,1,bank_transfer,2019-05-07,804.69
WO-007311,1,bank_transfer,2019-05-02,1303.86
WO-007311,2,bank_transfer,2019-05-29,1005.04
WO-007312,1,bank_transfer,2019-04-20,332.51
WO-007312,2,purchase_order,2019-05-18,410.29
WO-007313,1,bank_transfer,2019-05-05,1364.91
WO-007314,1,purchase_order,2019-04-30,2609.91
WO-007315,1,purchase_order,2019-05-29,2347.36
WO-007316,1,corporate_card,2019-04-12,1167.83
WO-007317,1,bank_transfer,2019-05-24,462.75
WO-007317,2,bank_transfer,2019-06-26,729.27
WO-007318,1,bank_transfer,2019-05-02,1274.26
WO-007319,1,bank_transfer,2019-05-24,694.23
WO-007320,1,bank_transfer,2019-05-16,1299.09
WO-007321,1,corporate_card,2019-06-04,458.42
WO-007322,1,purchase_order,2019-05-15,1327.14
WO-007323,1,bank_transfer,2019-04-30,684.12
WO-007324,1,purchase_order,2019-04-13,1858.08
WO-007325,1,purchase_order,2019-05-22,687.54
WO-007325,2,bank_transfer,2019-07-03,644.23
WO-007326,1,bank_transfer,2019-05-30,306.12
WO-007327,1,bank_transfer,2019-04-20,531.6
WO-007327,2,purchase_order,2019-05-22,860.68
WO-007328,1,bank_transfer,2019-05-10,524.5
WO-007329,1,purchase_order,2019-04-15,705.6
WO-007329,2,bank_transfer,2019-05-10,461.4
WO-007330,1,purchase_order,2019-04-28,162.08
WO-007330,2,bank_transfer,2019-05-23,618.42
WO-007331,1,corporate_card,2019-04-23,448.88
WO-007332,1,bank_transfer,2019-05-16,852.38
WO-007332,2,bank_transfer,2019-06-22,521.67
WO-007333,1,corporate_card,2019-06-05,2439.8
WO-007334,1,bank_transfer,2019-04-26,1160.76
WO-007335,1,bank_transfer,2019-04-17,1343.93
WO-007336,1,corporate_card,2019-05-18,549.42
WO-007337,1,bank_transfer,2019-04-29,1122.32
WO-007337,2,bank_transfer,2019-06-07,368.78
WO-007338,1,purchase_order,2019-04-08,800.6
WO-007339,1,bank_transfer,2019-04-25,275.93
WO-007339,2,purchase_order,2019-05-10,91.86
WO-007339,3,purchase_order,2019-06-03,137.09
WO-007340,1,bank_transfer,2019-06-09,338.72
WO-007341,1,bank_transfer,2019-04-14,1505.43
WO-007342,1,purchase_order,2019-04-12,1718.33
WO-007343,1,corporate_card,2019-05-16,1317.75
WO-007344,1,bank_transfer,2019-04-13,673.74
WO-007345,1,bank_transfer,2019-05-29,202.89
WO-007345,2,corporate_card,2019-06-21,100.88
WO-007346,1,corporate_card,2019-06-06,588.36
WO-007347,1,corporate_card,2019-04-28,3657.18
WO-007348,1,bank_transfer,2019-05-08,488.16
WO-007349,1,bank_transfer,2019-04-19,1205.81
WO-007350,1,purchase_order,2019-05-03,1047.1
WO-007351,1,purchase_order,2019-05-29,2722.32
WO-007352,1,bank_transfer,2019-05-23,1875.54
WO-007353,1,corporate_card,2019-04-27,754.52
WO-007354,1,purchase_order,2019-04-18,987.51
WO-007354,2,bank_transfer,2019-05-09,854.28
WO-007355,1,purchase_order,2019-04-26,1859.27
WO-007356,1,bank_transfer,2019-06-01,420.1
WO-007356,2,corporate_card,2019-06-20,410.48
WO-007357,1,bank_transfer,2019-04-19,1918.74
WO-007358,1,purchase_order,2019-05-03,2010.09
WO-007359,1,bank_transfer,2019-05-25,1013.01
WO-007360,1,bank_transfer,2019-05-05,1355.33
WO-007361,1,bank_transfer,2019-05-16,1090.02
WO-007361,2,purchase_order,2019-06-10,672.55
WO-007362,1,purchase_order,2019-05-17,445.19
WO-007363,1,purchase_order,2019-04-24,169.14
WO-007363,2,corporate_card,2019-06-02,739.09
WO-007364,1,bank_transfer,2019-04-28,1376.37
WO-007365,1,purchase_order,2019-05-19,584.03
WO-007366,1,bank_transfer,2019-05-21,1571.28
WO-007368,1,purchase_order,2019-05-17,1750.05
WO-007369,1,bank_transfer,2019-05-05,253.51
WO-007370,1,bank_transfer,2019-05-07,742.29
WO-007371,1,bank_transfer,2019-04-19,789.3
WO-007371,2,purchase_order,2019-05-28,1135.4
WO-007372,1,bank_transfer,2019-04-20,623.52
WO-007373,1,purchase_order,2019-04-19,1397.71
WO-007374,1,bank_transfer,2019-05-18,576.65
WO-007374,2,bank_transfer,2019-06-02,1307.18
WO-007375,1,bank_transfer,2019-05-17,371.92
WO-007376,1,corporate_card,2019-04-29,737.14
WO-007377,1,bank_transfer,2019-06-15,421.23
WO-007377,2,bank_transfer,2019-07-06,544.11
WO-007378,1,corporate_card,2019-05-21,1953.36
WO-007378,2,purchase_order,2019-06-16,474.51
WO-007379,1,bank_transfer,2019-05-03,249.31
WO-007379,2,bank_transfer,2019-05-23,722.1
WO-007380,1,bank_transfer,2019-06-04,636.87
WO-007381,1,purchase_order,2019-04-28,692.68
WO-007382,1,corporate_card,2019-05-20,801.41
WO-007383,1,purchase_order,2019-05-02,1709.55
WO-007384,1,bank_transfer,2019-05-12,1104.13
WO-007385,1,bank_transfer,2019-05-15,2388.34
WO-007386,1,purchase_order,2019-05-01,138.98
WO-007386,2,corporate_card,2019-05-30,320.67
WO-007387,1,bank_transfer,2019-04-29,792.14
WO-007387,2,corporate_card,2019-05-15,94.19
WO-007388,1,corporate_card,2019-05-28,265.5
WO-007388,2,bank_transfer,2019-06-27,171.4
WO-007388,3,corporate_card,2019-08-05,355.54
WO-007389,1,bank_transfer,2019-04-30,497.34
WO-007389,2,corporate_card,2019-06-05,929.27
WO-007389,3,purchase_order,2019-07-07,166.93
WO-007390,1,purchase_order,2019-05-22,1239.36
WO-007391,1,bank_transfer,2019-05-22,486.21
WO-007392,1,bank_transfer,2019-06-08,410.34
WO-007392,2,bank_transfer,2019-06-25,189.07
WO-007393,1,bank_transfer,2019-06-01,1264.94
WO-007394,1,corporate_card,2019-06-21,1214.42
WO-007395,1,corporate_card,2019-05-14,2401.21
WO-007396,1,bank_transfer,2019-06-05,1361.73
WO-007397,1,bank_transfer,2019-05-02,698.7
WO-007397,2,bank_transfer,2019-06-12,453.39
WO-007398,1,bank_transfer,2019-06-20,1727.22
WO-007399,1,purchase_order,2019-05-11,1217.1
WO-007400,1,bank_transfer,2019-06-23,1126.55
WO-007401,1,bank_transfer,2019-05-14,502.45
WO-007402,1,bank_transfer,2019-05-02,672.86
WO-007403,1,corporate_card,2019-05-12,389.38
WO-007404,1,bank_transfer,2019-05-12,523.47
WO-007404,2,bank_transfer,2019-06-17,422.68
WO-007405,1,purchase_order,2019-05-05,224.54
WO-007405,2,bank_transfer,2019-06-09,567.73
WO-007406,1,bank_transfer,2019-05-13,561.87
WO-007407,1,purchase_order,2019-06-22,568.26
WO-007408,1,bank_transfer,2019-05-26,1721.62
WO-007409,1,purchase_order,2019-06-08,836.74
WO-007410,1,bank_transfer,2019-06-01,1076.62
WO-007410,2,bank_transfer,2019-07-06,655.09
WO-007412,1,bank_transfer,2019-06-11,465.21
WO-007413,1,bank_transfer,2019-05-13,2100.28
WO-007414,1,purchase_order,2019-06-05,1141.33
WO-007414,2,bank_transfer,2019-07-16,1307.34
WO-007415,1,bank_transfer,2019-05-15,1151.81
WO-007416,1,bank_transfer,2019-05-18,1060.9
WO-007417,1,bank_transfer,2019-05-01,501.0
WO-007418,1,bank_transfer,2019-04-20,596.59
WO-007419,1,purchase_order,2019-06-05,217.17
WO-007419,2,bank_transfer,2019-07-13,303.49
WO-007420,1,bank_transfer,2019-05-05,790.01
WO-007421,1,corporate_card,2019-06-01,1745.28
WO-007422,1,corporate_card,2019-05-09,1563.69
WO-007424,1,purchase_order,2019-05-20,1674.2
WO-007425,1,purchase_order,2019-05-28,1151.96
WO-007426,1,corporate_card,2019-05-09,1033.09
WO-007427,1,bank_transfer,2019-05-13,127.9
WO-007427,2,corporate_card,2019-06-07,769.8
WO-007428,1,bank_transfer,2019-05-11,2652.73
WO-007429,1,bank_transfer,2019-05-29,2447.89
WO-007430,1,bank_transfer,2019-05-16,397.01
WO-007430,2,bank_transfer,2019-06-12,286.81
WO-007431,1,bank_transfer,2019-05-04,2298.43
WO-007432,1,bank_transfer,2019-05-11,2226.1
WO-007433,1,bank_transfer,2019-05-27,2278.77
WO-007434,1,bank_transfer,2019-06-09,683.15
WO-007436,1,corporate_card,2019-04-21,1206.7
WO-007437,1,bank_transfer,2019-04-17,578.66
WO-007437,2,bank_transfer,2019-05-06,181.63
WO-007439,1,bank_transfer,2019-05-12,1267.12
WO-007440,1,corporate_card,2019-05-23,2653.16
WO-007441,1,corporate_card,2019-05-24,1070.68
WO-007442,1,bank_transfer,2019-04-20,471.02
WO-007442,2,purchase_order,2019-05-11,388.29
WO-007443,1,corporate_card,2019-05-31,1870.61
WO-007444,1,bank_transfer,2019-04-25,911.81
WO-007445,1,bank_transfer,2019-04-20,1823.44
WO-007445,2,bank_transfer,2019-05-20,737.48
WO-007446,1,bank_transfer,2019-05-28,315.1
WO-007447,1,bank_transfer,2019-06-03,880.2
WO-007448,1,corporate_card,2019-05-27,3101.09
WO-007449,1,bank_transfer,2019-05-20,635.46
WO-007450,1,purchase_order,2019-05-03,1511.1
WO-007451,1,bank_transfer,2019-05-07,2727.7
WO-007452,1,corporate_card,2019-06-07,1459.37
WO-007452,2,purchase_order,2019-07-19,818.26
WO-007453,1,bank_transfer,2019-04-19,713.65
WO-007454,1,purchase_order,2019-06-22,372.93
WO-007455,1,bank_transfer,2019-05-09,1220.64
WO-007456,1,bank_transfer,2019-06-05,1706.58
WO-007457,1,purchase_order,2019-06-01,508.57
WO-007458,1,bank_transfer,2019-05-25,10.69
WO-007458,2,bank_transfer,2019-06-15,168.13
WO-007459,1,bank_transfer,2019-05-26,612.47
WO-007459,2,bank_transfer,2019-06-17,1079.02
WO-007459,3,bank_transfer,2019-07-05,505.53
WO-007460,1,bank_transfer,2019-04-20,1059.6
WO-007461,1,purchase_order,2019-05-29,578.73
WO-007462,1,purchase_order,2019-05-05,468.88
WO-007463,1,corporate_card,2019-05-25,925.11
WO-007464,1,purchase_order,2019-05-07,1026.96
WO-007465,1,bank_transfer,2019-06-13,554.96
WO-007466,1,bank_transfer,2019-05-19,2275.03
WO-007467,1,purchase_order,2019-05-23,959.64
WO-007468,1,bank_transfer,2019-05-18,732.14
WO-007469,1,purchase_order,2019-06-10,702.64
WO-007470,1,bank_transfer,2019-06-13,355.6
WO-007470,2,bank_transfer,2019-07-06,188.95
WO-007471,1,bank_transfer,2019-06-05,2306.88
WO-007472,1,corporate_card,2019-06-08,1251.11
WO-007473,1,purchase_order,2019-05-06,1657.4
WO-007474,1,bank_transfer,2019-05-12,515.67
WO-007475,1,purchase_order,2019-05-23,1854.75
WO-007475,2,purchase_order,2019-06-26,2622.68
WO-007476,1,bank_transfer,2019-06-28,2567.53
WO-007477,1,bank_transfer,2019-06-06,2246.95
WO-007478,1,bank_transfer,2019-05-21,1831.83
WO-007479,1,bank_transfer,2019-06-04,2010.89
WO-007480,1,purchase_order,2019-05-20,354.92
WO-007481,1,corporate_card,2019-05-27,1604.45
WO-007482,1,corporate_card,2019-04-28,1821.67
WO-007483,1,bank_transfer,2019-05-25,1163.27
WO-007484,1,bank_transfer,2019-06-14,1295.28
WO-007484,2,bank_transfer,2019-07-14,478.06
WO-007485,1,bank_transfer,2019-06-16,2719.2
WO-007486,1,purchase_order,2019-05-04,503.99
WO-007486,2,purchase_order,2019-05-21,1147.51
WO-007487,1,bank_transfer,2019-05-27,573.42
WO-007488,1,bank_transfer,2019-06-25,1142.34
WO-007488,2,purchase_order,2019-07-18,918.05
WO-007489,1,bank_transfer,2019-06-07,995.76
WO-007489,2,bank_transfer,2019-06-25,579.9
WO-007490,1,purchase_order,2019-05-07,576.83
WO-007490,2,corporate_card,2019-06-06,825.83
WO-007491,1,bank_transfer,2019-05-08,1091.58
WO-007492,1,bank_transfer,2019-05-24,847.4
WO-007493,1,bank_transfer,2019-05-12,1130.32
WO-007494,1,bank_transfer,2019-05-19,531.51
WO-007495,1,purchase_order,2019-06-08,1129.69
WO-007496,1,purchase_order,2019-06-06,116.76
WO-007496,2,purchase_order,2019-07-20,379.28
WO-007497,1,bank_transfer,2019-06-17,1074.88
WO-007498,1,purchase_order,2019-05-13,322.53
WO-007498,2,purchase_order,2019-06-12,960.78
WO-007499,1,corporate_card,2019-06-24,1413.0
WO-007500,1,purchase_order,2019-04-23,463.68
WO-007500,2,bank_transfer,2019-05-11,621.89
WO-007500,3,bank_transfer,2019-06-22,93.39
WO-007501,1,bank_transfer,2019-06-01,185.39
WO-007501,2,purchase_order,2019-07-02,170.09
WO-007502,1,purchase_order,2019-05-05,1216.18
WO-007503,1,corporate_card,2019-06-30,1291.22
WO-007504,1,purchase_order,2019-05-20,588.8
WO-007505,1,corporate_card,2019-05-12,893.74
WO-007506,1,bank_transfer,2019-05-17,2862.37
WO-007507,1,corporate_card,2019-06-02,795.08
WO-007508,1,bank_transfer,2019-06-10,298.13
WO-007508,2,bank_transfer,2019-07-19,412.67
WO-007508,3,bank_transfer,2019-08-28,576.26
WO-007509,1,bank_transfer,2019-05-24,291.0
WO-007509,2,purchase_order,2019-06-18,171.64
WO-007510,1,purchase_order,2019-06-06,897.2
WO-007511,1,purchase_order,2019-05-23,291.86
WO-007511,2,corporate_card,2019-06-12,394.77
WO-007512,1,bank_transfer,2019-05-02,626.87
WO-007513,1,corporate_card,2019-05-20,195.01
WO-007513,2,bank_transfer,2019-06-08,419.66
WO-007514,1,bank_transfer,2019-06-27,2169.04
WO-007515,1,bank_transfer,2019-05-11,601.18
WO-007516,1,bank_transfer,2019-04-24,2702.9
WO-007517,1,bank_transfer,2019-06-24,1106.49
WO-007518,1,purchase_order,2019-06-09,633.41
WO-007519,1,bank_transfer,2019-06-10,1713.25
WO-007520,1,bank_transfer,2019-06-24,560.68
WO-007521,1,bank_transfer,2019-06-21,2896.69
WO-007522,1,bank_transfer,2019-05-26,1230.58
WO-007523,1,corporate_card,2019-06-20,517.61
WO-007523,2,bank_transfer,2019-07-15,236.57
WO-007524,1,purchase_order,2019-04-24,548.41
WO-007525,1,bank_transfer,2019-05-20,845.86
WO-007526,1,bank_transfer,2019-05-30,3407.17
WO-007527,1,corporate_card,2019-05-21,131.83
WO-007527,2,bank_transfer,2019-06-20,99.01
WO-007528,1,purchase_order,2019-06-01,263.52
WO-007528,2,bank_transfer,2019-06-28,309.99
WO-007529,1,purchase_order,2019-05-07,1130.77
WO-007531,1,bank_transfer,2019-05-24,2308.75
WO-007532,1,bank_transfer,2019-06-10,3724.25
WO-007533,1,bank_transfer,2019-06-16,161.72
WO-007533,2,purchase_order,2019-07-26,634.68
WO-007533,3,bank_transfer,2019-08-26,88.45
WO-007534,1,purchase_order,2019-06-18,211.47
WO-007534,2,purchase_order,2019-07-09,172.9
WO-007535,1,purchase_order,2019-04-29,2054.07
WO-007536,1,bank_transfer,2019-06-01,1185.48
WO-007536,2,bank_transfer,2019-06-20,779.09
WO-007537,1,bank_transfer,2019-06-22,837.2
WO-007538,1,purchase_order,2019-06-09,302.02
WO-007539,1,bank_transfer,2019-05-19,1145.1
WO-007540,1,purchase_order,2019-06-01,1143.7
WO-007541,1,purchase_order,2019-05-29,1130.58
WO-007541,2,purchase_order,2019-06-24,779.36
WO-007542,1,corporate_card,2019-07-03,797.7
WO-007542,2,bank_transfer,2019-07-25,1160.46
WO-007543,1,purchase_order,2019-06-06,1070.67
WO-007544,1,bank_transfer,2019-05-30,1103.77
WO-007544,2,bank_transfer,2019-07-13,413.46
WO-007545,1,corporate_card,2019-05-29,1028.45
WO-007546,1,bank_transfer,2019-06-26,2224.53
WO-007547,1,bank_transfer,2019-05-28,879.05
WO-007548,1,bank_transfer,2019-05-23,534.78
WO-007549,1,purchase_order,2019-05-25,3328.26
WO-007550,1,bank_transfer,2019-05-22,1132.76
WO-007551,1,bank_transfer,2019-06-28,600.21
WO-007552,1,bank_transfer,2019-06-08,627.78
WO-007552,2,purchase_order,2019-07-13,429.08
WO-007553,1,bank_transfer,2019-05-03,1612.12
WO-007554,1,purchase_order,2019-06-01,611.01
WO-007555,1,purchase_order,2019-06-06,3153.4
WO-007556,1,purchase_order,2019-05-05,1229.13
WO-007557,1,purchase_order,2019-05-13,1718.86
WO-007558,1,bank_transfer,2019-04-28,1177.99
WO-007560,1,purchase_order,2019-06-21,2307.34
WO-007561,1,purchase_order,2019-05-09,2162.28
WO-007562,1,purchase_order,2019-06-07,1277.33
WO-007563,1,purchase_order,2019-06-20,225.46
WO-007563,2,purchase_order,2019-08-01,260.52
WO-007563,3,bank_transfer,2019-09-06,360.72
WO-007564,1,bank_transfer,2019-06-10,1119.59
WO-007565,1,purchase_order,2019-05-20,816.91
WO-007566,1,bank_transfer,2019-06-08,580.96
WO-007567,1,bank_transfer,2019-05-16,1561.08
WO-007568,1,bank_transfer,2019-07-22,613.77
WO-007569,1,bank_transfer,2019-06-07,366.16
WO-007570,1,bank_transfer,2019-05-26,133.91
WO-007570,2,bank_transfer,2019-07-04,147.07
WO-007570,3,purchase_order,2019-08-02,61.09
WO-007571,1,bank_transfer,2019-06-21,291.85
WO-007571,2,bank_transfer,2019-08-04,411.86
WO-007572,1,bank_transfer,2019-05-11,342.59
WO-007572,2,purchase_order,2019-06-13,639.51
WO-007573,1,purchase_order,2019-06-20,846.83
WO-007574,1,purchase_order,2019-05-10,229.4
WO-007574,2,purchase_order,2019-06-18,165.76
WO-007575,1,bank_transfer,2019-06-02,1074.51
WO-007576,1,purchase_order,2019-05-02,1124.92
WO-007577,1,bank_transfer,2019-05-17,2426.24
WO-007578,1,corporate_card,2019-06-03,1348.09
WO-007579,1,purchase_order,2019-05-27,2315.86
WO-007580,1,bank_transfer,2019-05-14,765.6
WO-007581,1,bank_transfer,2019-05-26,1008.09
WO-007582,1,purchase_order,2019-07-11,640.21
WO-007583,1,bank_transfer,2019-06-18,161.74
WO-007584,1,corporate_card,2019-05-28,191.73
WO-007584,2,bank_transfer,2019-06-18,328.97
WO-007585,1,bank_transfer,2019-05-31,1155.84
WO-007586,1,corporate_card,2019-06-07,480.97
WO-007587,1,purchase_order,2019-06-25,908.04
WO-007588,1,bank_transfer,2019-06-23,588.88
WO-007588,2,purchase_order,2019-08-05,1502.13
WO-007589,1,bank_transfer,2019-06-18,548.86
WO-007589,2,purchase_order,2019-07-28,670.72
WO-007590,1,corporate_card,2019-05-25,2223.54
WO-007591,1,corporate_card,2019-06-05,778.99
WO-007592,1,purchase_order,2019-06-16,339.25
WO-007593,1,purchase_order,2019-07-01,1249.56
WO-007593,2,bank_transfer,2019-08-11,318.54
WO-007594,1,purchase_order,2019-05-08,723.15
WO-007594,2,corporate_card,2019-05-24,1333.95
WO-007595,1,bank_transfer,2019-06-16,1976.92
WO-007596,1,purchase_order,2019-05-09,545.09
WO-007597,1,corporate_card,2019-06-06,1568.32
WO-007597,2,bank_transfer,2019-07-06,1205.85
WO-007597,3,bank_transfer,2019-08-18,439.26
WO-007598,1,bank_transfer,2019-05-17,1216.01
WO-007599,1,bank_transfer,2019-05-27,416.21
WO-007600,1,bank_transfer,2019-06-17,424.56
WO-007601,1,bank_transfer,2019-06-06,749.64
WO-007602,1,corporate_card,2019-06-21,657.34
WO-007603,1,purchase_order,2019-05-20,679.86
WO-007603,2,purchase_order,2019-06-25,420.56
WO-007605,1,corporate_card,2019-06-28,150.39
WO-007605,2,purchase_order,2019-07-26,66.64
WO-007605,3,bank_transfer,2019-08-18,74.19
WO-007606,1,bank_transfer,2019-07-23,699.48
WO-007607,1,corporate_card,2019-06-23,398.68
WO-007607,2,bank_transfer,2019-07-11,114.31
WO-007608,1,corporate_card,2019-05-29,703.24
WO-007609,1,bank_transfer,2019-06-12,808.48
WO-007610,1,bank_transfer,2019-05-09,1436.05
WO-007610,2,bank_transfer,2019-06-08,1401.29
WO-007611,1,bank_transfer,2019-07-24,1974.01
WO-007612,1,bank_transfer,2019-06-28,3276.42
WO-007613,1,bank_transfer,2019-06-10,1200.04
WO-007614,1,purchase_order,2019-06-21,602.67
WO-007615,1,purchase_order,2019-06-19,1309.42
WO-007617,1,bank_transfer,2019-06-13,867.77
WO-007618,1,purchase_order,2019-05-23,274.37
WO-007618,2,bank_transfer,2019-06-14,183.99
WO-007619,1,bank_transfer,2019-06-03,1406.02
WO-007620,1,purchase_order,2019-05-18,967.84
WO-007621,1,purchase_order,2019-06-10,243.23
WO-007621,2,bank_transfer,2019-07-19,784.13
WO-007622,1,purchase_order,2019-05-27,666.63
WO-007622,2,purchase_order,2019-07-04,937.98
WO-007623,1,corporate_card,2019-07-04,606.65
WO-007624,1,bank_transfer,2019-05-24,460.88
WO-007625,1,purchase_order,2019-06-08,588.09
WO-007626,1,bank_transfer,2019-06-01,611.36
WO-007628,1,bank_transfer,2019-07-15,1842.43
WO-007629,1,bank_transfer,2019-06-10,224.44
WO-007630,1,purchase_order,2019-07-15,2807.88
WO-007631,1,purchase_order,2019-05-11,312.76
WO-007631,2,bank_transfer,2019-05-29,160.89
WO-007632,1,purchase_order,2019-07-16,1484.61
WO-007633,1,corporate_card,2019-05-31,1884.83
WO-007634,1,purchase_order,2019-06-22,1017.53
WO-007634,2,purchase_order,2019-07-11,333.71
WO-007634,3,bank_transfer,2019-07-30,477.12
WO-007635,1,bank_transfer,2019-06-04,2038.24
WO-007636,1,purchase_order,2019-06-28,341.05
WO-007636,2,purchase_order,2019-08-10,1296.72
WO-007638,1,bank_transfer,2019-06-03,1108.2
WO-007639,1,bank_transfer,2019-06-19,1228.4
WO-007641,1,bank_transfer,2019-06-22,1120.8
WO-007642,1,purchase_order,2019-08-01,707.16
WO-007643,1,bank_transfer,2019-06-14,1866.52
WO-007644,1,corporate_card,2019-06-11,929.48
WO-007645,1,purchase_order,2019-06-23,685.57
WO-007646,1,bank_transfer,2019-05-22,804.16
WO-007646,2,purchase_order,2019-06-21,1831.5
WO-007647,1,purchase_order,2019-07-15,255.63
WO-007647,2,purchase_order,2019-08-28,193.27
WO-007648,1,bank_transfer,2019-05-31,546.02
WO-007649,1,bank_transfer,2019-07-27,1820.84
WO-007651,1,bank_transfer,2019-06-13,149.96
WO-007652,1,purchase_order,2019-06-01,707.95
WO-007652,2,bank_transfer,2019-07-08,914.32
WO-007652,3,bank_transfer,2019-07-24,302.21
WO-007653,1,purchase_order,2019-06-24,340.11
WO-007654,1,bank_transfer,2019-05-08,882.62
WO-007654,2,purchase_order,2019-06-09,540.95
WO-007655,1,corporate_card,2019-06-11,653.45
WO-007655,2,corporate_card,2019-07-04,994.65
WO-007656,1,bank_transfer,2019-07-13,1327.74
WO-007657,1,corporate_card,2019-07-03,55.26
WO-007657,2,corporate_card,2019-08-11,320.82
WO-007657,3,corporate_card,2019-09-15,137.45
WO-007658,1,bank_transfer,2019-07-03,3333.97
WO-007659,1,bank_transfer,2019-07-24,954.45
WO-007660,1,bank_transfer,2019-06-14,1508.59
WO-007661,1,bank_transfer,2019-06-20,868.27
WO-007662,1,bank_transfer,2019-06-12,1245.7
WO-007663,1,purchase_order,2019-05-20,1391.32
WO-007664,1,bank_transfer,2019-07-10,1285.91
WO-007665,1,purchase_order,2019-05-17,1160.2
WO-007665,2,purchase_order,2019-06-03,464.46
WO-007666,1,purchase_order,2019-06-05,1053.38
WO-007667,1,bank_transfer,2019-06-07,930.4
WO-007668,1,bank_transfer,2019-06-26,2497.29
WO-007669,1,bank_transfer,2019-06-14,638.02
WO-007670,1,corporate_card,2019-07-03,1545.36
WO-007671,1,bank_transfer,2019-06-20,1742.43
WO-007672,1,purchase_order,2019-06-16,1336.19
WO-007673,1,corporate_card,2019-06-20,568.75
WO-007674,1,bank_transfer,2019-06-03,780.66
WO-007674,2,purchase_order,2019-06-30,627.98
WO-007675,1,purchase_order,2019-06-28,1953.9
WO-007676,1,bank_transfer,2019-06-22,1097.2
WO-007677,1,corporate_card,2019-05-16,3530.34
WO-007678,1,bank_transfer,2019-06-14,234.92
WO-007678,2,purchase_order,2019-07-01,207.38
WO-007678,3,bank_transfer,2019-07-17,193.39
WO-007679,1,corporate_card,2019-06-27,611.28
WO-007680,1,purchase_order,2019-07-11,414.27
WO-007680,2,purchase_order,2019-08-14,947.83
WO-007681,1,purchase_order,2019-06-07,1020.06
WO-007682,1,corporate_card,2019-05-23,743.74
WO-007683,1,bank_transfer,2019-06-03,556.5
WO-007684,1,bank_transfer,2019-06-22,700.96
WO-007686,1,bank_transfer,2019-07-07,1885.13
WO-007687,1,purchase_order,2019-06-07,608.87
WO-007688,1,bank_transfer,2019-06-24,2567.09
WO-007689,1,corporate_card,2019-06-16,229.17
WO-007689,2,bank_transfer,2019-07-23,927.33
WO-007689,3,bank_transfer,2019-08-21,410.97
WO-007690,1,bank_transfer,2019-06-13,526.44
WO-007691,1,purchase_order,2019-05-22,573.71
WO-007691,2,bank_transfer,2019-06-27,828.37
WO-007692,1,corporate_card,2019-05-27,1205.57
WO-007693,1,bank_transfer,2019-07-19,847.87
WO-007694,1,bank_transfer,2019-06-07,1155.41
WO-007695,1,bank_transfer,2019-06-16,806.99
WO-007696,1,purchase_order,2019-06-18,2139.33
WO-007697,1,purchase_order,2019-07-18,1524.72
WO-007698,1,purchase_order,2019-07-02,265.11
WO-007698,2,corporate_card,2019-07-24,499.53
WO-007699,1,bank_transfer,2019-06-20,722.51
WO-007699,2,bank_transfer,2019-07-13,523.03
WO-007700,1,purchase_order,2019-07-01,1227.88
WO-007701,1,bank_transfer,2019-06-23,2370.17
WO-007702,1,bank_transfer,2019-07-24,1178.7
WO-007703,1,purchase_order,2019-07-01,613.29
WO-007703,2,bank_transfer,2019-08-13,229.14
WO-007704,1,bank_transfer,2019-07-04,1037.88
WO-007705,1,purchase_order,2019-08-17,358.46
WO-007706,1,corporate_card,2019-06-06,905.34
WO-007706,2,bank_transfer,2019-06-30,483.52
WO-007707,1,bank_transfer,2019-06-03,769.99
WO-007707,2,bank_transfer,2019-07-15,952.66
WO-007708,1,purchase_order,2019-07-10,705.91
WO-007709,1,bank_transfer,2019-05-28,1673.44
WO-007710,1,bank_transfer,2019-06-13,1201.35
WO-007711,1,bank_transfer,2019-07-22,695.68
WO-007712,1,purchase_order,2019-07-10,1025.17
WO-007713,1,purchase_order,2019-07-04,625.16
WO-007713,2,purchase_order,2019-08-04,606.91
WO-007714,1,bank_transfer,2019-05-22,980.29
WO-007715,1,corporate_card,2019-07-01,622.99
WO-007716,1,bank_transfer,2019-06-23,1707.51
WO-007717,1,corporate_card,2019-07-03,1117.07
WO-007717,2,bank_transfer,2019-07-24,152.64
WO-007718,1,purchase_order,2019-08-01,1709.56
WO-007719,1,bank_transfer,2019-06-28,1079.56
WO-007720,1,corporate_card,2019-07-05,2177.31
WO-007721,1,purchase_order,2019-07-05,2095.52
WO-007722,1,bank_transfer,2019-05-29,2412.47
WO-007723,1,corporate_card,2019-06-12,418.81
WO-007723,2,bank_transfer,2019-07-07,487.65
WO-007723,3,bank_transfer,2019-07-23,416.52
WO-007724,1,corporate_card,2019-06-22,1233.57
WO-007725,1,purchase_order,2019-06-15,807.75
WO-007726,1,purchase_order,2019-05-26,2903.8
WO-007727,1,bank_transfer,2019-07-12,1480.59
WO-007728,1,purchase_order,2019-06-22,450.42
WO-007729,1,bank_transfer,2019-07-03,761.38
WO-007730,1,bank_transfer,2019-07-16,356.84
WO-007731,1,corporate_card,2019-06-04,950.76
WO-007732,1,bank_transfer,2019-05-28,967.06
WO-007733,1,bank_transfer,2019-07-12,1675.93
WO-007734,1,bank_transfer,2019-05-25,1460.09
WO-007735,1,purchase_order,2019-06-25,134.87
WO-007735,2,purchase_order,2019-07-12,347.93
WO-007736,1,bank_transfer,2019-07-14,427.43
WO-007737,1,bank_transfer,2019-07-17,576.74
WO-007738,1,bank_transfer,2019-06-21,2360.63
WO-007738,2,purchase_order,2019-07-15,1357.08
WO-007739,1,bank_transfer,2019-07-01,2269.23
WO-007739,2,bank_transfer,2019-08-07,1447.1
WO-007740,1,bank_transfer,2019-06-24,543.43
WO-007741,1,corporate_card,2019-07-12,1183.31
WO-007742,1,corporate_card,2019-06-01,376.54
WO-007743,1,bank_transfer,2019-06-23,3236.47
WO-007744,1,bank_transfer,2019-06-02,693.09
WO-007745,1,purchase_order,2019-06-24,785.17
WO-007745,2,bank_transfer,2019-07-25,390.62
WO-007746,1,corporate_card,2019-07-21,749.06
WO-007747,1,purchase_order,2019-06-22,3318.63
WO-007747,2,bank_transfer,2019-08-01,2124.12
WO-007748,1,bank_transfer,2019-07-12,992.35
WO-007748,2,bank_transfer,2019-08-21,420.02
WO-007749,1,bank_transfer,2019-07-14,1794.31
WO-007750,1,purchase_order,2019-06-14,815.53
WO-007751,1,corporate_card,2019-07-10,1513.17
WO-007752,1,bank_transfer,2019-06-19,834.16
WO-007753,1,bank_transfer,2019-07-06,686.13
WO-007754,1,purchase_order,2019-07-11,2502.85
WO-007755,1,bank_transfer,2019-06-11,1204.21
WO-007756,1,purchase_order,2019-06-18,499.28
WO-007756,2,bank_transfer,2019-07-31,221.3
WO-007756,3,corporate_card,2019-08-16,582.25
WO-007757,1,purchase_order,2019-07-09,648.46
WO-007757,2,corporate_card,2019-07-30,491.7
WO-007758,1,corporate_card,2019-06-25,1653.53
WO-007759,1,bank_transfer,2019-06-28,1649.26
WO-007760,1,bank_transfer,2019-05-27,127.17
WO-007760,2,bank_transfer,2019-06-15,40.62
WO-007762,1,purchase_order,2019-06-28,1044.14
WO-007763,1,bank_transfer,2019-07-07,632.02
WO-007764,1,bank_transfer,2019-07-07,1086.36
WO-007765,1,purchase_order,2019-06-27,327.12
WO-007765,2,bank_transfer,2019-07-18,591.0
WO-007766,1,bank_transfer,2019-06-30,339.43
WO-007766,2,bank_transfer,2019-08-09,153.21
WO-007767,1,bank_transfer,2019-06-24,237.79
WO-007767,2,bank_transfer,2019-07-17,192.24
WO-007768,1,purchase_order,2019-06-24,527.8
WO-007768,2,corporate_card,2019-07-27,494.84
WO-007768,3,bank_transfer,2019-09-01,1505.76
WO-007769,1,bank_transfer,2019-07-17,361.46
WO-007769,2,corporate_card,2019-08-26,427.68
WO-007770,1,purchase_order,2019-06-12,428.64
WO-007771,1,purchase_order,2019-06-30,729.99
WO-007772,1,purchase_order,2019-07-01,560.36
WO-007773,1,corporate_card,2019-06-22,2046.53
WO-007774,1,bank_transfer,2019-07-14,1084.64
WO-007775,1,bank_transfer,2019-07-18,1497.48
WO-007776,1,bank_transfer,2019-06-28,921.27
WO-007777,1,bank_transfer,2019-06-14,2762.59
WO-007778,1,bank_transfer,2019-07-20,1707.3
WO-007779,1,purchase_order,2019-06-25,613.27
WO-007779,2,bank_transfer,2019-08-05,797.72
WO-007780,1,bank_transfer,2019-06-24,332.31
WO-007780,2,purchase_order,2019-07-13,421.08
WO-007781,1,purchase_order,2019-07-02,897.31
WO-007782,1,bank_transfer,2019-06-01,422.44
WO-007783,1,purchase_order,2019-07-01,470.2
WO-007783,2,purchase_order,2019-08-12,433.1
WO-007783,3,bank_transfer,2019-09-12,287.26
WO-007784,1,purchase_order,2019-07-08,354.25
WO-007785,1,bank_transfer,2019-06-02,729.78
WO-007786,1,bank_transfer,2019-07-04,122.47
WO-007786,2,bank_transfer,2019-07-24,414.61
WO-007786,3,corporate_card,2019-09-03,463.49
WO-007787,1,corporate_card,2019-07-10,533.96
WO-007788,1,bank_transfer,2019-05-31,391.91
WO-007789,1,purchase_order,2019-07-15,1203.04
WO-007790,1,bank_transfer,2019-06-14,1297.12
WO-007791,1,purchase_order,2019-07-11,469.31
WO-007791,2,bank_transfer,2019-08-12,283.96
WO-007792,1,bank_transfer,2019-07-12,1925.04
WO-007793,1,purchase_order,2019-06-12,1065.18
WO-007794,1,purchase_order,2019-07-11,1324.43
WO-007795,1,bank_transfer,2019-06-27,853.74
WO-007796,1,corporate_card,2019-06-14,4175.97
WO-007797,1,bank_transfer,2019-07-10,463.55
WO-007798,1,bank_transfer,2019-07-15,449.92
WO-007799,1,bank_transfer,2019-07-16,448.01
WO-007800,1,bank_transfer,2019-06-26,154.44
WO-007800,2,corporate_card,2019-07-28,227.13
WO-007800,3,bank_transfer,2019-08-28,167.57
WO-007803,1,corporate_card,2019-07-11,1225.1
WO-007804,1,bank_transfer,2019-06-04,4521.7
WO-007805,1,bank_transfer,2019-05-24,816.19
WO-007806,1,bank_transfer,2019-07-22,1287.58
WO-007806,2,corporate_card,2019-09-04,363.56
WO-007807,1,bank_transfer,2019-07-20,524.79
WO-007807,2,bank_transfer,2019-08-28,245.81
WO-007808,1,corporate_card,2019-07-01,1007.2
WO-007809,1,corporate_card,2019-07-06,455.97
WO-007810,1,bank_transfer,2019-06-13,1260.3
WO-007811,1,purchase_order,2019-07-10,1056.54
WO-007812,1,bank_transfer,2019-06-26,882.73
WO-007812,2,bank_transfer,2019-07-18,1593.07
WO-007813,1,bank_transfer,2019-07-31,3182.59
WO-007814,1,bank_transfer,2019-06-23,1567.02
WO-007815,1,purchase_order,2019-06-14,292.09
WO-007815,2,bank_transfer,2019-07-28,208.98
WO-007816,1,bank_transfer,2019-07-27,693.57
WO-007817,1,bank_transfer,2019-05-28,2161.2
WO-007818,1,corporate_card,2019-06-09,315.55
WO-007818,2,purchase_order,2019-07-09,337.4
WO-007819,1,bank_transfer,2019-06-21,561.48
WO-007820,1,bank_transfer,2019-08-19,2293.58
WO-007821,1,purchase_order,2019-07-17,1616.41
WO-007822,1,bank_transfer,2019-06-20,358.5
WO-007822,2,bank_transfer,2019-07-25,231.1
WO-007823,1,bank_transfer,2019-07-01,1123.5
WO-007824,1,purchase_order,2019-07-10,891.97
WO-007825,1,purchase_order,2019-07-06,1888.33
WO-007826,1,bank_transfer,2019-07-10,1262.04
WO-007827,1,purchase_order,2019-07-24,967.41
WO-007828,1,purchase_order,2019-06-28,979.13
WO-007829,1,bank_transfer,2019-06-30,633.5
WO-007830,1,purchase_order,2019-07-07,129.47
WO-007830,2,corporate_card,2019-08-13,184.31
WO-007830,3,bank_transfer,2019-09-03,140.66
WO-007832,1,purchase_order,2019-07-29,757.51
WO-007833,1,bank_transfer,2019-07-07,1304.91
WO-007836,1,bank_transfer,2019-05-30,1485.18
WO-007837,1,corporate_card,2019-07-28,2086.57
WO-007837,2,purchase_order,2019-09-07,1970.47
WO-007838,1,bank_transfer,2019-07-07,660.12
WO-007839,1,bank_transfer,2019-06-07,1979.67
WO-007839,2,bank_transfer,2019-06-27,1233.61
WO-007840,1,bank_transfer,2019-08-05,1671.59
WO-007841,1,purchase_order,2019-06-23,624.33
WO-007842,1,corporate_card,2019-06-20,2373.85
WO-007843,1,corporate_card,2019-06-23,456.32
WO-007843,2,bank_transfer,2019-07-23,505.51
WO-007844,1,bank_transfer,2019-06-04,459.42
WO-007844,2,corporate_card,2019-06-19,636.02
WO-007845,1,bank_transfer,2019-07-16,1422.24
WO-007847,1,bank_transfer,2019-07-06,316.1
WO-007847,2,purchase_order,2019-07-31,314.62
WO-007848,1,bank_transfer,2019-05-27,1396.5
WO-007849,1,bank_transfer,2019-07-23,307.29
WO-007850,1,bank_transfer,2019-07-12,497.33
WO-007851,1,bank_transfer,2019-07-01,514.15
WO-007852,1,bank_transfer,2019-07-06,1699.11
WO-007853,1,bank_transfer,2019-06-28,1041.71
WO-007853,2,bank_transfer,2019-07-18,877.55
WO-007854,1,bank_transfer,2019-06-23,582.84
WO-007855,1,bank_transfer,2019-06-28,1492.82
WO-007856,1,bank_transfer,2019-06-24,1357.79
WO-007857,1,bank_transfer,2019-07-12,701.5
WO-007858,1,purchase_order,2019-07-31,495.52
WO-007858,2,purchase_order,2019-08-22,781.66
WO-007858,3,bank_transfer,2019-09-17,566.53
WO-007860,1,bank_transfer,2019-06-16,725.17
WO-007861,1,bank_transfer,2019-07-30,361.68
WO-007862,1,corporate_card,2019-08-01,1497.98
WO-007863,1,purchase_order,2019-06-11,124.96
WO-007863,2,purchase_order,2019-07-10,445.09
WO-007863,3,corporate_card,2019-08-02,352.25
WO-007864,1,bank_transfer,2019-07-24,1246.04
WO-007865,1,bank_transfer,2019-08-04,551.67
WO-007865,2,purchase_order,2019-09-04,414.39
WO-007866,1,bank_transfer,2019-07-28,1246.37
WO-007867,1,corporate_card,2019-06-19,495.46
WO-007867,2,bank_transfer,2019-07-06,695.2
WO-007868,1,bank_transfer,2019-07-19,351.54
WO-007869,1,purchase_order,2019-07-12,614.09
WO-007870,1,purchase_order,2019-06-21,283.8
WO-007871,1,purchase_order,2019-07-21,1192.12
WO-007872,1,corporate_card,2019-07-08,716.06
WO-007872,2,bank_transfer,2019-08-06,985.46
WO-007873,1,bank_transfer,2019-06-15,402.67
WO-007874,1,bank_transfer,2019-08-03,783.18
WO-007875,1,purchase_order,2019-07-04,841.42
WO-007876,1,corporate_card,2019-06-19,385.75
WO-007876,2,corporate_card,2019-07-22,721.75
WO-007877,1,bank_transfer,2019-06-20,625.89
WO-007878,1,bank_transfer,2019-06-11,2097.77
WO-007879,1,bank_transfer,2019-07-13,2265.5
WO-007880,1,purchase_order,2019-07-28,1364.38
WO-007881,1,corporate_card,2019-08-06,817.87
WO-007881,2,corporate_card,2019-09-17,1062.59
WO-007882,1,bank_transfer,2019-07-11,2013.02
WO-007882,2,bank_transfer,2019-08-09,1138.48
WO-007882,3,bank_transfer,2019-09-14,614.85
WO-007883,1,bank_transfer,2019-08-06,1447.89
WO-007885,1,bank_transfer,2019-07-19,1553.41
WO-007886,1,bank_transfer,2019-07-16,2289.03
WO-007887,1,purchase_order,2019-08-01,2154.43
WO-007888,1,purchase_order,2019-06-13,530.56
WO-007889,1,bank_transfer,2019-07-13,2965.03
WO-007890,1,corporate_card,2019-08-09,1767.93
WO-007891,1,bank_transfer,2019-07-04,1017.17
WO-007892,1,corporate_card,2019-06-24,1323.38
WO-007894,1,bank_transfer,2019-06-26,640.44
WO-007895,1,corporate_card,2019-06-26,2248.56
WO-007896,1,bank_transfer,2019-07-18,686.18
WO-007897,1,bank_transfer,2019-07-16,1557.39
WO-007898,1,bank_transfer,2019-07-06,224.65
WO-007898,2,purchase_order,2019-07-26,352.85
WO-007898,3,purchase_order,2019-08-10,290.92
WO-007899,1,purchase_order,2019-06-26,2676.85
WO-007900,1,purchase_order,2019-07-17,225.71
WO-007900,2,purchase_order,2019-08-11,450.13
WO-007901,1,bank_transfer,2019-07-26,229.31
WO-007902,1,purchase_order,2019-08-01,479.27
WO-007902,2,purchase_order,2019-09-14,398.06
WO-007903,1,bank_transfer,2019-06-28,1085.3
WO-007904,1,bank_transfer,2019-06-03,718.75
WO-007904,2,corporate_card,2019-07-01,595.31
WO-007905,1,purchase_order,2019-07-18,825.9
WO-007906,1,corporate_card,2019-08-01,1780.35
WO-007907,1,bank_transfer,2019-08-07,130.01
WO-007907,2,purchase_order,2019-08-25,75.36
WO-007908,1,purchase_order,2019-06-18,1508.13
WO-007909,1,bank_transfer,2019-06-28,723.84
WO-007910,1,purchase_order,2019-08-03,1325.92
WO-007911,1,corporate_card,2019-07-15,1772.22
WO-007912,1,purchase_order,2019-07-25,820.43
WO-007913,1,bank_transfer,2019-07-19,1378.98
WO-007914,1,bank_transfer,2019-07-05,514.29
WO-007915,1,bank_transfer,2019-07-23,468.64
WO-007916,1,purchase_order,2019-07-17,573.88
WO-007917,1,purchase_order,2019-07-15,197.79
WO-007918,1,bank_transfer,2019-07-16,937.54
WO-007919,1,purchase_order,2019-06-29,1143.72
WO-007920,1,purchase_order,2019-08-02,764.69
WO-007921,1,bank_transfer,2019-07-19,423.28
WO-007922,1,purchase_order,2019-07-05,665.04
WO-007923,1,bank_transfer,2019-07-11,1441.92
WO-007924,1,bank_transfer,2019-07-14,853.91
WO-007925,1,bank_transfer,2019-08-05,1069.88
WO-007929,1,bank_transfer,2019-07-17,342.89
WO-007930,1,bank_transfer,2019-07-01,854.25
WO-007931,1,bank_transfer,2019-08-01,372.43
WO-007932,1,bank_transfer,2019-07-08,1511.65
WO-007933,1,purchase_order,2019-08-18,1040.24
WO-007934,1,corporate_card,2019-08-04,478.66
WO-007935,1,bank_transfer,2019-07-25,673.84
WO-007936,1,bank_transfer,2019-08-06,1100.41
WO-007937,1,bank_transfer,2019-07-01,1458.7
WO-007938,1,bank_transfer,2019-07-16,2071.76
WO-007939,1,corporate_card,2019-06-28,572.28
WO-007940,1,corporate_card,2019-07-06,866.92
WO-007941,1,purchase_order,2019-07-06,344.15
WO-007942,1,corporate_card,2019-07-14,837.63
WO-007943,1,purchase_order,2019-07-13,893.17
WO-007944,1,bank_transfer,2019-08-04,845.98
WO-007944,2,purchase_order,2019-09-14,352.34
WO-007946,1,purchase_order,2019-06-24,916.08
WO-007947,1,purchase_order,2019-07-31,1082.12
WO-007948,1,purchase_order,2019-07-20,2448.7
WO-007949,1,bank_transfer,2019-07-08,1840.19
WO-007950,1,bank_transfer,2019-07-20,2465.19
WO-007951,1,bank_transfer,2019-06-28,800.48
WO-007952,1,purchase_order,2019-07-10,1490.14
WO-007953,1,purchase_order,2019-08-02,643.8
WO-007953,2,bank_transfer,2019-09-07,508.92
WO-007954,1,bank_transfer,2019-07-31,389.48
WO-007954,2,purchase_order,2019-08-21,418.65
WO-007955,1,bank_transfer,2019-07-31,784.09
WO-007955,2,bank_transfer,2019-09-01,605.71
WO-007956,1,purchase_order,2019-06-25,980.33
WO-007958,1,bank_transfer,2019-08-03,1209.5
WO-007959,1,corporate_card,2019-07-19,1306.1
WO-007960,1,bank_transfer,2019-07-21,598.83
WO-007961,1,purchase_order,2019-06-23,969.59
WO-007962,1,purchase_order,2019-07-14,977.45
WO-007963,1,purchase_order,2019-07-25,240.8
WO-007963,2,corporate_card,2019-08-22,238.92
WO-007964,1,purchase_order,2019-07-03,377.14
WO-007965,1,purchase_order,2019-08-07,998.89
WO-007967,1,bank_transfer,2019-08-10,2908.12
WO-007968,1,bank_transfer,2019-07-06,517.36
WO-007969,1,purchase_order,2019-08-03,560.76
WO-007969,2,purchase_order,2019-08-28,895.92
WO-007970,1,bank_transfer,2019-07-25,428.21
WO-007970,2,bank_transfer,2019-08-30,926.67
WO-007971,1,bank_transfer,2019-07-28,1530.4
WO-007972,1,bank_transfer,2019-07-16,2293.03
WO-007973,1,corporate_card,2019-08-05,734.61
WO-007973,2,bank_transfer,2019-08-24,226.94
WO-007974,1,purchase_order,2019-07-12,1384.86
WO-007975,1,bank_transfer,2019-07-21,349.39
WO-007975,2,purchase_order,2019-08-05,445.43
WO-007976,1,purchase_order,2019-06-29,939.56
WO-007977,1,bank_transfer,2019-08-02,3192.28
WO-007978,1,purchase_order,2019-07-17,301.44
WO-007979,1,bank_transfer,2019-08-07,278.42
WO-007979,2,corporate_card,2019-08-28,747.02
WO-007980,1,bank_transfer,2019-06-22,988.67
WO-007981,1,purchase_order,2019-06-14,536.76
WO-007982,1,bank_transfer,2019-07-21,416.48
WO-007983,1,bank_transfer,2019-07-11,1314.06
WO-007984,1,bank_transfer,2019-06-22,758.49
WO-007985,1,bank_transfer,2019-07-02,1902.01
WO-007986,1,bank_transfer,2019-08-01,1630.83
WO-007987,1,bank_transfer,2019-07-22,2782.31
WO-007988,1,corporate_card,2019-08-02,743.85
WO-007989,1,bank_transfer,2019-08-13,402.82
WO-007989,2,bank_transfer,2019-09-12,460.78
WO-007989,3,purchase_order,2019-10-08,508.32
WO-007990,1,purchase_order,2019-08-07,404.98
WO-007990,2,bank_transfer,2019-09-02,403.91
WO-007992,1,bank_transfer,2019-07-21,353.54
WO-007992,2,bank_transfer,2019-08-16,554.79
WO-007993,1,bank_transfer,2019-07-29,208.44
WO-007993,2,bank_transfer,2019-09-08,136.96
WO-007993,3,bank_transfer,2019-10-19,573.18
WO-007994,1,bank_transfer,2019-08-05,900.8
WO-007995,1,corporate_card,2019-06-27,306.28
WO-007996,1,bank_transfer,2019-07-17,254.02
WO-007996,2,bank_transfer,2019-08-26,317.13
WO-007997,1,bank_transfer,2019-07-18,2739.7
WO-007998,1,bank_transfer,2019-08-23,605.4
WO-007999,1,bank_transfer,2019-07-22,2725.03
WO-008000,1,purchase_order,2019-07-19,2146.14
WO-008001,1,corporate_card,2019-07-16,230.69
WO-008002,1,bank_transfer,2019-08-01,576.32
WO-008003,1,bank_transfer,2019-07-19,1205.46
WO-008003,2,bank_transfer,2019-08-26,482.9
WO-008004,1,bank_transfer,2019-07-29,630.59
WO-008005,1,corporate_card,2019-07-03,873.12
WO-008006,1,bank_transfer,2019-07-19,829.06
WO-008007,1,bank_transfer,2019-07-17,1237.31
WO-008008,1,bank_transfer,2019-08-08,1651.55
WO-008009,1,bank_transfer,2019-08-05,419.15
WO-008010,1,bank_transfer,2019-08-20,1754.77
WO-008011,1,bank_transfer,2019-08-05,1515.57
WO-008011,2,corporate_card,2019-08-29,507.98
WO-008012,1,corporate_card,2019-07-15,772.78
WO-008013,1,purchase_order,2019-07-28,1170.32
WO-008013,2,bank_transfer,2019-08-22,1008.28
WO-008014,1,corporate_card,2019-06-22,743.85
WO-008014,2,bank_transfer,2019-07-22,1170.16
WO-008015,1,corporate_card,2019-08-13,135.28
WO-008015,2,bank_transfer,2019-09-23,713.89
WO-008015,3,corporate_card,2019-10-30,419.77
WO-008016,1,corporate_card,2019-07-10,597.08
WO-008017,1,bank_transfer,2019-08-09,916.43
WO-008018,1,bank_transfer,2019-07-18,44.33
WO-008018,2,bank_transfer,2019-08-19,219.54
WO-008019,1,bank_transfer,2019-08-20,256.11
WO-008020,1,corporate_card,2019-07-15,971.49
WO-008021,1,bank_transfer,2019-07-14,2869.21
WO-008022,1,purchase_order,2019-08-14,316.97
WO-008022,2,bank_transfer,2019-09-05,517.48
WO-008023,1,purchase_order,2019-07-22,1327.52
WO-008025,1,corporate_card,2019-07-19,3637.96
WO-008027,1,purchase_order,2019-08-09,1458.39
WO-008028,1,bank_transfer,2019-08-07,2067.98
WO-008029,1,corporate_card,2019-07-31,1883.95
WO-008030,1,bank_transfer,2019-08-03,1943.71
WO-008031,1,bank_transfer,2019-06-23,680.75
WO-008032,1,corporate_card,2019-08-12,1657.0
WO-008033,1,corporate_card,2019-06-24,1148.83
WO-008034,1,bank_transfer,2019-07-27,197.53
WO-008034,2,bank_transfer,2019-08-17,353.35
WO-008035,1,bank_transfer,2019-08-11,647.84
WO-008036,1,purchase_order,2019-07-14,446.4
WO-008036,2,bank_transfer,2019-08-07,138.44
WO-008037,1,purchase_order,2019-08-12,1065.33
WO-008037,2,bank_transfer,2019-09-23,374.09
WO-008038,1,purchase_order,2019-08-01,1355.14
WO-008039,1,purchase_order,2019-08-19,1049.25
WO-008040,1,bank_transfer,2019-08-20,2002.84
WO-008041,1,bank_transfer,2019-08-10,671.53
WO-008042,1,bank_transfer,2019-07-19,986.48
WO-008042,2,bank_transfer,2019-08-23,677.71
WO-008043,1,bank_transfer,2019-07-12,2567.62
WO-008044,1,bank_transfer,2019-07-21,648.51
WO-008045,1,purchase_order,2019-07-10,832.14
WO-008046,1,bank_transfer,2019-08-06,810.08
WO-008047,1,bank_transfer,2019-07-28,2195.77
WO-008048,1,purchase_order,2019-07-30,686.77
WO-008048,2,purchase_order,2019-08-18,169.35
WO-008048,3,bank_transfer,2019-09-07,423.11
WO-008049,1,bank_transfer,2019-07-08,2642.03
WO-008050,1,bank_transfer,2019-07-30,420.91
WO-008052,1,purchase_order,2019-07-25,497.06
WO-008053,1,bank_transfer,2019-07-23,3516.88
WO-008054,1,purchase_order,2019-08-04,1694.08
WO-008055,1,corporate_card,2019-07-13,1584.27
WO-008056,1,bank_transfer,2019-08-16,877.93
WO-008057,1,bank_transfer,2019-08-17,310.09
WO-008057,2,bank_transfer,2019-09-16,211.19
WO-008059,1,bank_transfer,2019-08-19,1515.74
WO-008060,1,purchase_order,2019-08-01,764.79
WO-008060,2,bank_transfer,2019-09-08,97.79
WO-008061,1,bank_transfer,2019-08-19,1945.32
WO-008061,2,purchase_order,2019-09-25,801.2
WO-008062,1,bank_transfer,2019-08-17,1988.36
WO-008063,1,purchase_order,2019-07-29,944.35
WO-008064,1,bank_transfer,2019-08-06,1285.97
WO-008065,1,bank_transfer,2019-08-14,507.17
WO-008066,1,bank_transfer,2019-08-02,1153.27
WO-008067,1,purchase_order,2019-07-05,215.62
WO-008067,2,purchase_order,2019-07-28,393.95
WO-008068,1,corporate_card,2019-07-15,1945.75
WO-008069,1,purchase_order,2019-07-21,2257.59
WO-008070,1,corporate_card,2019-08-21,1261.96
WO-008071,1,bank_transfer,2019-07-04,1740.97
WO-008072,1,purchase_order,2019-08-05,386.22
WO-008072,2,corporate_card,2019-08-29,637.83
WO-008073,1,bank_transfer,2019-07-18,802.71
WO-008074,1,corporate_card,2019-08-17,2360.79
WO-008074,2,corporate_card,2019-09-29,2421.12
WO-008075,1,bank_transfer,2019-08-03,754.49
WO-008076,1,bank_transfer,2019-08-11,1036.58
WO-008077,1,bank_transfer,2019-06-26,932.87
WO-008078,1,bank_transfer,2019-06-25,655.62
WO-008079,1,purchase_order,2019-07-30,1177.18
WO-008080,1,purchase_order,2019-06-26,1731.27
WO-008081,1,purchase_order,2019-09-19,2070.27
WO-008082,1,bank_transfer,2019-08-01,352.96
WO-008082,2,bank_transfer,2019-09-08,309.8
WO-008083,1,bank_transfer,2019-07-22,4394.56
WO-008084,1,corporate_card,2019-07-13,841.72
WO-008085,1,bank_transfer,2019-07-09,181.56
WO-008085,2,purchase_order,2019-08-12,67.56
WO-008086,1,bank_transfer,2019-08-10,441.92
WO-008086,2,purchase_order,2019-09-01,217.49
WO-008087,1,bank_transfer,2019-08-04,350.22
WO-008088,1,purchase_order,2019-07-27,466.38
WO-008089,1,bank_transfer,2019-08-09,199.91
WO-008089,2,bank_transfer,2019-09-07,418.17
WO-008090,1,corporate_card,2019-08-03,1085.31
WO-008091,1,corporate_card,2019-07-17,850.86
WO-008093,1,bank_transfer,2019-08-08,123.26
WO-008093,2,bank_transfer,2019-09-16,538.53
WO-008093,3,bank_transfer,2019-10-07,238.55
WO-008094,1,bank_transfer,2019-08-03,319.73
WO-008094,2,corporate_card,2019-08-20,464.5
WO-008094,3,bank_transfer,2019-09-10,1143.8
WO-008095,1,bank_transfer,2019-07-10,264.6
WO-008095,2,bank_transfer,2019-08-22,559.92
WO-008096,1,purchase_order,2019-07-27,1198.61
WO-008097,1,bank_transfer,2019-07-21,1367.43
WO-008098,1,purchase_order,2019-08-04,992.66
WO-008099,1,purchase_order,2019-08-08,999.14
WO-008100,1,purchase_order,2019-07-13,541.75
WO-008101,1,bank_transfer,2019-08-17,842.36
WO-008102,1,bank_transfer,2019-08-13,1205.61
WO-008103,1,bank_transfer,2019-07-30,332.06
WO-008103,2,corporate_card,2019-09-02,89.22
WO-008104,1,corporate_card,2019-07-18,2261.93
WO-008105,1,purchase_order,2019-08-09,727.57
WO-008106,1,bank_transfer,2019-07-16,512.28
WO-008106,2,bank_transfer,2019-08-09,1033.16
WO-008107,1,corporate_card,2019-08-28,1290.93
WO-008108,1,purchase_order,2019-07-17,536.93
WO-008108,2,bank_transfer,2019-08-10,581.16
WO-008109,1,corporate_card,2019-08-10,235.16
WO-008109,2,purchase_order,2019-09-20,1007.88
WO-008110,1,bank_transfer,2019-09-06,2175.79
WO-008111,1,bank_transfer,2019-07-31,824.66
WO-008112,1,bank_transfer,2019-08-05,1175.53
WO-008113,1,corporate_card,2019-08-10,738.77
WO-008114,1,bank_transfer,2019-07-30,2640.3
WO-008115,1,purchase_order,2019-07-04,1026.73
WO-008115,2,bank_transfer,2019-08-04,1444.18
WO-008116,1,purchase_order,2019-08-14,445.0
WO-008117,1,purchase_order,2019-08-16,1096.52
WO-008118,1,bank_transfer,2019-08-06,2787.88
WO-008119,1,purchase_order,2019-08-12,2458.91
WO-008120,1,bank_transfer,2019-07-06,955.11
WO-008121,1,bank_transfer,2019-08-28,740.08
WO-008122,1,bank_transfer,2019-08-30,992.71
WO-008123,1,bank_transfer,2019-08-28,342.7
WO-008124,1,corporate_card,2019-07-15,184.25
WO-008124,2,bank_transfer,2019-08-09,602.51
WO-008125,1,bank_transfer,2019-09-03,1912.4
WO-008126,1,bank_transfer,2019-08-23,1027.53
WO-008127,1,corporate_card,2019-08-14,958.89
WO-008128,1,corporate_card,2019-09-05,1021.74
WO-008128,2,bank_transfer,2019-10-08,464.39
WO-008129,1,bank_transfer,2019-08-19,1807.1
WO-008130,1,bank_transfer,2019-07-24,329.45
WO-008130,2,purchase_order,2019-09-06,2287.99
WO-008131,1,bank_transfer,2019-07-12,322.65
WO-008131,2,purchase_order,2019-08-25,213.78
WO-008132,1,purchase_order,2019-08-27,969.59
WO-008133,1,bank_transfer,2019-08-21,1209.94
WO-008134,1,bank_transfer,2019-08-20,3347.26
WO-008136,1,bank_transfer,2019-07-23,1635.4
WO-008138,1,corporate_card,2019-08-05,540.96
WO-008138,2,purchase_order,2019-09-14,350.83
WO-008139,1,bank_transfer,2019-07-30,114.14
WO-008139,2,purchase_order,2019-09-03,444.63
WO-008140,1,corporate_card,2019-08-04,927.61
WO-008141,1,bank_transfer,2019-08-13,1385.96
WO-008142,1,bank_transfer,2019-08-13,2398.33
WO-008143,1,corporate_card,2019-08-14,468.12
WO-008144,1,bank_transfer,2019-07-11,736.31
WO-008145,1,bank_transfer,2019-08-21,1579.34
WO-008146,1,purchase_order,2019-07-19,1173.06
WO-008147,1,bank_transfer,2019-08-10,1332.72
WO-008148,1,bank_transfer,2019-08-06,705.66
WO-008149,1,purchase_order,2019-07-17,374.94
WO-008149,2,bank_transfer,2019-08-08,384.44
WO-008149,3,bank_transfer,2019-09-05,362.22
WO-008150,1,bank_transfer,2019-07-26,619.15
WO-008151,1,bank_transfer,2019-07-30,1021.55
WO-008152,1,bank_transfer,2019-08-13,467.63
WO-008153,1,bank_transfer,2019-08-02,2645.52
WO-008154,1,bank_transfer,2019-08-25,734.08
WO-008155,1,bank_transfer,2019-09-06,213.71
WO-008155,2,bank_transfer,2019-09-30,356.09
WO-008156,1,corporate_card,2019-08-22,566.42
WO-008156,2,corporate_card,2019-10-02,630.09
WO-008156,3,bank_transfer,2019-11-14,504.8
WO-008157,1,bank_transfer,2019-08-22,1109.9
WO-008158,1,bank_transfer,2019-08-08,938.63
WO-008158,2,corporate_card,2019-08-28,1117.31
WO-008159,1,bank_transfer,2019-07-24,1098.44
WO-008160,1,bank_transfer,2019-07-08,260.7
WO-008161,1,purchase_order,2019-07-15,474.95
WO-008162,1,bank_transfer,2019-08-11,439.63
WO-008163,1,purchase_order,2019-08-22,2117.98
WO-008164,1,bank_transfer,2019-07-14,1305.24
WO-008165,1,bank_transfer,2019-08-02,2725.94
WO-008166,1,purchase_order,2019-08-10,870.29
WO-008167,1,purchase_order,2019-08-17,648.77
WO-008167,2,purchase_order,2019-09-24,282.84
WO-008168,1,bank_transfer,2019-08-15,1422.49
WO-008170,1,purchase_order,2019-07-27,1194.44
WO-008171,1,corporate_card,2019-08-28,460.52
WO-008172,1,bank_transfer,2019-08-14,3669.68
WO-008173,1,bank_transfer,2019-07-18,872.8
WO-008174,1,bank_transfer,2019-08-20,930.38
WO-008175,1,bank_transfer,2019-07-23,3537.31
WO-008176,1,bank_transfer,2019-08-29,247.81
WO-008176,2,bank_transfer,2019-10-05,657.05
WO-008177,1,bank_transfer,2019-07-15,1621.5
WO-008178,1,purchase_order,2019-08-07,744.84
WO-008179,1,corporate_card,2019-08-26,410.52
WO-008179,2,bank_transfer,2019-09-12,592.74
WO-008180,1,corporate_card,2019-07-20,955.04
WO-008181,1,purchase_order,2019-09-13,2545.5
WO-008182,1,corporate_card,2019-07-23,753.92
WO-008183,1,corporate_card,2019-08-11,1125.24
WO-008184,1,purchase_order,2019-09-04,94.82
WO-008184,2,corporate_card,2019-10-14,371.25
WO-008185,1,corporate_card,2019-08-19,247.66
WO-008186,1,purchase_order,2019-08-12,767.07
WO-008187,1,bank_transfer,2019-08-28,2073.41
WO-008188,1,corporate_card,2019-08-03,1133.99
WO-008189,1,corporate_card,2019-08-20,419.09
WO-008190,1,purchase_order,2019-08-28,894.34
WO-008191,1,bank_transfer,2019-08-25,1387.92
WO-008191,2,purchase_order,2019-10-04,838.08
WO-008192,1,corporate_card,2019-08-26,323.16
WO-008193,1,bank_transfer,2019-07-19,2328.46
WO-008193,2,bank_transfer,2019-08-30,2380.22
WO-008194,1,bank_transfer,2019-08-16,1378.46
WO-008195,1,purchase_order,2019-07-24,1279.56
WO-008196,1,bank_transfer,2019-08-06,2601.77
WO-008197,1,purchase_order,2019-09-03,2527.8
WO-008198,1,bank_transfer,2019-08-11,962.65
WO-008199,1,bank_transfer,2019-08-09,1137.79
WO-008201,1,bank_transfer,2019-08-14,680.56
WO-008202,1,bank_transfer,2019-07-18,968.43
WO-008203,1,purchase_order,2019-08-04,398.35
WO-008204,1,purchase_order,2019-07-12,374.96
WO-008204,2,bank_transfer,2019-08-07,100.19
WO-008205,1,purchase_order,2019-07-30,730.03
WO-008206,1,purchase_order,2019-09-13,261.05
WO-008206,2,bank_transfer,2019-10-13,510.92
WO-008207,1,bank_transfer,2019-07-31,796.41
WO-008208,1,bank_transfer,2019-08-15,760.36
WO-008208,2,bank_transfer,2019-09-21,93.89
WO-008209,1,bank_transfer,2019-08-18,876.18
WO-008210,1,purchase_order,2019-07-31,1884.91
WO-008211,1,bank_transfer,2019-08-05,1364.41
WO-008211,2,purchase_order,2019-08-20,520.39
WO-008212,1,bank_transfer,2019-08-26,665.2
WO-008213,1,corporate_card,2019-08-31,2398.19
WO-008214,1,purchase_order,2019-08-10,1352.56
WO-008215,1,bank_transfer,2019-08-22,240.35
WO-008215,2,bank_transfer,2019-09-30,808.35
WO-008216,1,purchase_order,2019-08-16,965.87
WO-008217,1,purchase_order,2019-08-17,679.54
WO-008218,1,bank_transfer,2019-09-07,293.79
WO-008219,1,bank_transfer,2019-08-12,985.02
WO-008220,1,bank_transfer,2019-09-07,1383.86
WO-008221,1,bank_transfer,2019-08-02,1419.99
WO-008222,1,purchase_order,2019-07-26,3848.13
WO-008223,1,purchase_order,2019-08-11,746.39
WO-008224,1,bank_transfer,2019-09-01,1047.61
WO-008225,1,bank_transfer,2019-07-31,293.21
WO-008226,1,bank_transfer,2019-08-16,873.9
WO-008226,2,purchase_order,2019-09-17,1145.43
WO-008226,3,purchase_order,2019-10-09,854.88
WO-008227,1,bank_transfer,2019-08-04,1603.67
WO-008228,1,bank_transfer,2019-08-09,1618.28
WO-008229,1,corporate_card,2019-08-06,645.5
WO-008230,1,bank_transfer,2019-08-14,1105.84
WO-008231,1,corporate_card,2019-09-15,411.93
WO-008231,2,corporate_card,2019-10-23,530.29
WO-008231,3,bank_transfer,2019-11-30,909.22
WO-008232,1,corporate_card,2019-08-19,500.15
WO-008233,1,bank_transfer,2019-08-01,894.52
WO-008234,1,bank_transfer,2019-07-07,658.3
WO-008235,1,purchase_order,2019-08-24,783.17
WO-008236,1,bank_transfer,2019-08-23,1650.08
WO-008237,1,purchase_order,2019-08-10,270.33
WO-008237,2,bank_transfer,2019-09-22,226.35
WO-008238,1,bank_transfer,2019-09-08,1136.68
WO-008239,1,bank_transfer,2019-08-06,1104.77
WO-008240,1,purchase_order,2019-08-27,622.32
WO-008241,1,bank_transfer,2019-09-17,1267.02
WO-008242,1,corporate_card,2019-07-31,1160.17
WO-008242,2,bank_transfer,2019-09-12,1084.0
WO-008242,3,purchase_order,2019-10-07,787.93
WO-008243,1,bank_transfer,2019-07-28,345.63
WO-008243,2,corporate_card,2019-09-05,562.66
WO-008244,1,purchase_order,2019-07-27,226.73
WO-008244,2,bank_transfer,2019-09-03,500.97
WO-008245,1,bank_transfer,2019-09-12,994.62
WO-008246,1,bank_transfer,2019-08-12,80.03
WO-008246,2,purchase_order,2019-08-27,240.09
WO-008247,1,bank_transfer,2019-08-28,460.11
WO-008248,1,bank_transfer,2019-08-23,921.08
WO-008249,1,corporate_card,2019-08-18,1011.42
WO-008250,1,purchase_order,2019-08-14,730.24
WO-008250,2,purchase_order,2019-09-24,609.16
WO-008252,1,corporate_card,2019-08-02,979.29
WO-008253,1,purchase_order,2019-07-25,1456.58
WO-008254,1,purchase_order,2019-07-31,1555.93
WO-008254,2,bank_transfer,2019-08-17,336.78
WO-008255,1,bank_transfer,2019-08-06,3847.36
WO-008256,1,corporate_card,2019-07-26,1681.78
WO-008257,1,purchase_order,2019-08-26,516.55
WO-008258,1,bank_transfer,2019-07-31,1263.29
WO-008258,2,bank_transfer,2019-09-06,2001.06
WO-008259,1,bank_transfer,2019-08-15,799.03
WO-008259,2,bank_transfer,2019-09-15,764.14
WO-008260,1,purchase_order,2019-09-09,4819.34
WO-008261,1,bank_transfer,2019-07-14,2493.77
WO-008262,1,bank_transfer,2019-09-20,423.77
WO-008263,1,purchase_order,2019-07-27,763.33
WO-008264,1,purchase_order,2019-08-10,2007.43
WO-008265,1,corporate_card,2019-08-22,235.4
WO-008265,2,purchase_order,2019-09-11,92.64
WO-008265,3,bank_transfer,2019-10-10,125.66
WO-008267,1,corporate_card,2019-07-31,275.04
WO-008267,2,purchase_order,2019-08-15,295.31
WO-008267,3,purchase_order,2019-09-05,148.39
WO-008268,1,bank_transfer,2019-07-29,1077.45
WO-008269,1,purchase_order,2019-08-10,927.05
WO-008270,1,purchase_order,2019-08-01,268.08
WO-008271,1,bank_transfer,2019-08-06,293.45
WO-008271,2,corporate_card,2019-08-24,261.52
WO-008272,1,bank_transfer,2019-08-30,1526.65
WO-008273,1,bank_transfer,2019-07-15,215.15
WO-008273,2,bank_transfer,2019-08-11,460.09
WO-008274,1,purchase_order,2019-08-05,1374.22
WO-008275,1,purchase_order,2019-08-31,1108.68
WO-008276,1,corporate_card,2019-08-23,73.13
WO-008276,2,purchase_order,2019-10-02,313.84
WO-008277,1,bank_transfer,2019-09-11,784.08
WO-008278,1,corporate_card,2019-09-07,1846.81
WO-008279,1,purchase_order,2019-08-27,1005.99
WO-008280,1,bank_transfer,2019-09-09,288.6
WO-008280,2,bank_transfer,2019-10-05,646.69
WO-008280,3,corporate_card,2019-10-30,106.38
WO-008281,1,corporate_card,2019-08-06,689.63
WO-008282,1,bank_transfer,2019-08-25,1773.7
WO-008283,1,bank_transfer,2019-08-18,1721.85
WO-008284,1,purchase_order,2019-09-05,375.34
WO-008284,2,bank_transfer,2019-09-30,173.32
WO-008285,1,bank_transfer,2019-08-14,3816.56
WO-008286,1,bank_transfer,2019-08-07,754.82
WO-008287,1,purchase_order,2019-08-18,2024.96
WO-008288,1,purchase_order,2019-08-24,2715.83
WO-008289,1,purchase_order,2019-08-16,208.83
WO-008289,2,purchase_order,2019-09-26,617.74
WO-008290,1,bank_transfer,2019-08-07,1255.44
WO-008291,1,bank_transfer,2019-08-20,705.12
WO-008292,1,purchase_order,2019-08-31,4715.97
WO-008293,1,corporate_card,2019-07-19,1818.42
WO-008294,1,bank_transfer,2019-09-03,287.94
WO-008295,1,purchase_order,2019-09-04,1154.98
WO-008296,1,purchase_order,2019-09-01,168.67
WO-008296,2,purchase_order,2019-10-05,488.37
WO-008296,3,purchase_order,2019-11-10,225.92
WO-008297,1,purchase_order,2019-08-14,638.09
WO-008298,1,bank_transfer,2019-07-29,447.39
WO-008299,1,purchase_order,2019-08-27,1588.63
WO-008300,1,bank_transfer,2019-08-05,1195.68
WO-008301,1,bank_transfer,2019-08-05,2129.53
WO-008302,1,purchase_order,2019-07-31,550.99
WO-008302,2,purchase_order,2019-08-30,390.68
WO-008303,1,corporate_card,2019-09-11,2058.11
WO-008303,2,purchase_order,2019-10-13,1680.93
WO-008304,1,bank_transfer,2019-07-31,622.3
WO-008305,1,bank_transfer,2019-07-29,967.47
WO-008306,1,purchase_order,2019-09-05,1095.81
WO-008307,1,bank_transfer,2019-09-01,495.81
WO-008308,1,bank_transfer,2019-09-05,722.31
WO-008309,1,bank_transfer,2019-09-07,2508.94
WO-008310,1,purchase_order,2019-07-25,1300.23
WO-008310,2,purchase_order,2019-09-04,2271.2
WO-008311,1,corporate_card,2019-07-31,293.23
WO-008311,2,corporate_card,2019-08-26,119.72
WO-008312,1,purchase_order,2019-07-30,299.72
WO-008313,1,bank_transfer,2019-08-14,666.99
WO-008313,2,purchase_order,2019-08-29,171.58
WO-008313,3,bank_transfer,2019-09-28,333.62
WO-008314,1,bank_transfer,2019-09-05,3438.28
WO-008315,1,corporate_card,2019-08-17,3337.62
WO-008315,2,bank_transfer,2019-09-28,1655.19
WO-008316,1,purchase_order,2019-08-06,1160.02
WO-008317,1,bank_transfer,2019-08-02,1115.59
WO-008318,1,corporate_card,2019-08-30,1541.11
WO-008319,1,corporate_card,2019-08-16,684.65
WO-008321,1,bank_transfer,2019-09-06,745.9
WO-008322,1,purchase_order,2019-08-07,1020.48
WO-008323,1,purchase_order,2019-09-24,768.48
WO-008324,1,purchase_order,2019-08-28,675.31
WO-008325,1,bank_transfer,2019-07-27,1868.44
WO-008326,1,bank_transfer,2019-08-03,1840.9
WO-008327,1,bank_transfer,2019-08-15,689.79
WO-008328,1,corporate_card,2019-08-08,1490.11
WO-008329,1,bank_transfer,2019-08-19,2779.83
WO-008330,1,bank_transfer,2019-09-21,2075.74
WO-008331,1,corporate_card,2019-08-31,553.34
WO-008331,2,purchase_order,2019-09-18,305.64
WO-008332,1,corporate_card,2019-07-29,1440.72
WO-008333,1,purchase_order,2019-09-07,2453.84
WO-008334,1,bank_transfer,2019-09-05,1021.79
WO-008335,1,bank_transfer,2019-09-07,1138.19
WO-008336,1,bank_transfer,2019-08-14,433.08
WO-008336,2,purchase_order,2019-09-07,1464.68
WO-008338,1,purchase_order,2019-09-18,924.34
WO-008339,1,bank_transfer,2019-09-13,941.53
WO-008340,1,corporate_card,2019-10-01,1567.31
WO-008340,2,bank_transfer,2019-11-07,482.47
WO-008341,1,purchase_order,2019-10-13,1690.58
WO-008342,1,purchase_order,2019-07-19,798.94
WO-008342,2,bank_transfer,2019-08-04,291.21
WO-008343,1,bank_transfer,2019-08-28,398.36
WO-008343,2,bank_transfer,2019-09-18,540.08
WO-008344,1,corporate_card,2019-07-30,1454.35
WO-008345,1,purchase_order,2019-08-02,370.23
WO-008346,1,purchase_order,2019-08-26,2161.83
WO-008347,1,bank_transfer,2019-08-23,577.82
WO-008348,1,corporate_card,2019-08-09,1256.96
WO-008349,1,purchase_order,2019-09-03,1919.01
WO-008350,1,bank_transfer,2019-09-15,1227.66
WO-008351,1,corporate_card,2019-08-24,1506.08
WO-008352,1,bank_transfer,2019-08-01,887.24
WO-008352,2,purchase_order,2019-08-23,1040.33
WO-008353,1,purchase_order,2019-08-26,1588.57
WO-008354,1,purchase_order,2019-09-10,2199.34
WO-008355,1,purchase_order,2019-09-01,430.37
WO-008357,1,purchase_order,2019-08-26,1241.71
WO-008358,1,bank_transfer,2019-08-11,1849.19
WO-008359,1,bank_transfer,2019-08-13,1026.8
WO-008361,1,corporate_card,2019-08-27,2546.64
WO-008362,1,purchase_order,2019-09-17,1715.33
WO-008363,1,bank_transfer,2019-08-27,495.96
WO-008364,1,bank_transfer,2019-08-15,3130.47
WO-008365,1,purchase_order,2019-08-31,739.76
WO-008366,1,bank_transfer,2019-09-10,958.17
WO-008367,1,corporate_card,2019-08-16,1503.04
WO-008368,1,bank_transfer,2019-09-01,234.74
WO-008368,2,purchase_order,2019-10-01,369.15
WO-008368,3,bank_transfer,2019-11-01,86.26
WO-008369,1,bank_transfer,2019-08-19,2104.91
WO-008370,1,bank_transfer,2019-08-16,2409.85
WO-008371,1,bank_transfer,2019-08-19,1756.77
WO-008372,1,purchase_order,2019-08-26,662.56
WO-008373,1,bank_transfer,2019-08-29,354.17
WO-008374,1,bank_transfer,2019-09-15,512.17
WO-008375,1,bank_transfer,2019-08-26,349.65
WO-008375,2,bank_transfer,2019-09-21,212.94
WO-008376,1,bank_transfer,2019-08-16,2244.31
WO-008377,1,bank_transfer,2019-09-15,1335.52
WO-008378,1,purchase_order,2019-09-11,888.78
WO-008379,1,purchase_order,2019-08-29,711.57
WO-008380,1,corporate_card,2019-09-05,642.5
WO-008380,2,bank_transfer,2019-09-24,907.52
WO-008381,1,purchase_order,2019-07-26,953.91
WO-008382,1,bank_transfer,2019-08-12,1044.22
WO-008383,1,bank_transfer,2019-07-30,3248.69
WO-008384,1,purchase_order,2019-08-28,778.64
WO-008385,1,bank_transfer,2019-08-31,465.1
WO-008386,1,purchase_order,2019-08-10,617.1
WO-008386,2,corporate_card,2019-08-31,265.31
WO-008387,1,corporate_card,2019-09-07,422.0
WO-008388,1,bank_transfer,2019-09-24,438.59
WO-008388,2,bank_transfer,2019-11-07,740.41
WO-008389,1,purchase_order,2019-07-31,1889.25
WO-008390,1,bank_transfer,2019-08-21,2593.63
WO-008391,1,bank_transfer,2019-07-26,413.94
WO-008391,2,bank_transfer,2019-08-27,433.77
WO-008392,1,purchase_order,2019-08-27,290.63
WO-008393,1,bank_transfer,2019-08-19,1247.64
WO-008394,1,purchase_order,2019-09-13,150.1
WO-008394,2,bank_transfer,2019-09-30,857.94
WO-008395,1,purchase_order,2019-09-03,1469.91
WO-008396,1,bank_transfer,2019-10-05,367.64
WO-008396,2,purchase_order,2019-10-24,679.04
WO-008397,1,purchase_order,2019-08-31,2133.57
WO-008398,1,bank_transfer,2019-09-07,218.55
WO-008399,1,bank_transfer,2019-09-12,464.91
WO-008399,2,bank_transfer,2019-10-18,1010.04
WO-008400,1,bank_transfer,2019-08-17,974.17
WO-008401,1,bank_transfer,2019-09-04,485.88
WO-008402,1,corporate_card,2019-08-29,1770.19
WO-008403,1,purchase_order,2019-10-23,587.86
WO-008403,2,purchase_order,2019-11-20,199.98
WO-008404,1,bank_transfer,2019-08-21,3160.08
WO-008405,1,bank_transfer,2019-09-15,3825.36
WO-008406,1,purchase_order,2019-09-04,375.15
WO-008406,2,bank_transfer,2019-10-02,358.94
WO-008407,1,bank_transfer,2019-08-16,1106.29
WO-008408,1,bank_transfer,2019-08-12,477.9
WO-008408,2,bank_transfer,2019-09-25,236.18
WO-008409,1,corporate_card,2019-09-07,1575.96
WO-008410,1,bank_transfer,2019-09-26,681.45
WO-008411,1,bank_transfer,2019-09-10,1839.59
WO-008413,1,bank_transfer,2019-09-16,998.04
WO-008414,1,bank_transfer,2019-09-03,534.66
WO-008415,1,purchase_order,2019-09-19,780.98
WO-008416,1,purchase_order,2019-08-29,586.66
WO-008417,1,purchase_order,2019-08-21,1361.93
WO-008419,1,bank_transfer,2019-08-24,878.62
WO-008419,2,bank_transfer,2019-09-13,286.16
WO-008420,1,corporate_card,2019-08-18,905.59
WO-008421,1,bank_transfer,2019-09-13,460.4
WO-008422,1,purchase_order,2019-08-29,363.06
WO-008422,2,purchase_order,2019-10-01,447.63
WO-008423,1,purchase_order,2019-10-02,383.06
WO-008424,1,purchase_order,2019-09-01,661.38
WO-008425,1,corporate_card,2019-09-26,1998.2
WO-008426,1,bank_transfer,2019-09-30,522.42
WO-008427,1,bank_transfer,2019-08-05,561.39
WO-008428,1,bank_transfer,2019-09-13,902.86
WO-008429,1,bank_transfer,2019-08-31,737.89
WO-008430,1,bank_transfer,2019-09-26,1354.55
WO-008430,2,corporate_card,2019-11-09,574.99
WO-008430,3,bank_transfer,2019-11-28,1333.33
WO-008431,1,purchase_order,2019-09-21,1545.27
WO-008432,1,bank_transfer,2019-08-23,231.17
WO-008433,1,purchase_order,2019-09-20,811.66
WO-008434,1,corporate_card,2019-09-01,479.37
WO-008435,1,bank_transfer,2019-10-05,2433.6
WO-008436,1,bank_transfer,2019-08-30,457.88
WO-008436,2,bank_transfer,2019-09-30,223.84
WO-008437,1,corporate_card,2019-09-14,1026.22
WO-008437,2,purchase_order,2019-10-18,476.06
WO-008438,1,bank_transfer,2019-08-31,411.27
WO-008438,2,bank_transfer,2019-10-13,572.02
WO-008439,1,purchase_order,2019-07-27,1376.62
WO-008440,1,purchase_order,2019-09-25,2911.65
WO-008441,1,bank_transfer,2019-09-17,182.64
WO-008442,1,purchase_order,2019-10-02,806.07
WO-008443,1,bank_transfer,2019-07-28,906.24
WO-008445,1,bank_transfer,2019-10-15,617.93
WO-008447,1,bank_transfer,2019-09-21,771.86
WO-008448,1,bank_transfer,2019-09-08,674.12
WO-008449,1,purchase_order,2019-09-08,1214.13
WO-008450,1,purchase_order,2019-09-05,664.51
WO-008451,1,corporate_card,2019-08-28,443.54
WO-008452,1,bank_transfer,2019-08-28,258.98
WO-008452,2,bank_transfer,2019-10-06,154.64
WO-008454,1,purchase_order,2019-09-08,916.53
WO-008455,1,bank_transfer,2019-08-26,3208.77
WO-008456,1,purchase_order,2019-08-15,818.5
WO-008457,1,bank_transfer,2019-09-29,2349.47
WO-008458,1,purchase_order,2019-09-15,1962.69
WO-008459,1,purchase_order,2019-08-19,2057.44
WO-008460,1,corporate_card,2019-09-27,1745.83
WO-008461,1,bank_transfer,2019-08-03,1011.07
WO-008462,1,purchase_order,2019-09-01,826.92
WO-008463,1,corporate_card,2019-08-15,689.07
WO-008464,1,purchase_order,2019-09-13,441.74
WO-008465,1,bank_transfer,2019-08-26,436.38
WO-008465,2,purchase_order,2019-10-09,677.21
WO-008466,1,corporate_card,2019-09-12,186.41
WO-008466,2,bank_transfer,2019-10-12,85.79
WO-008467,1,corporate_card,2019-08-28,576.16
WO-008467,2,purchase_order,2019-09-14,928.7
WO-008468,1,bank_transfer,2019-08-15,343.02
WO-008468,2,bank_transfer,2019-09-05,356.91
WO-008469,1,corporate_card,2019-09-14,545.31
WO-008470,1,corporate_card,2019-08-26,1055.61
WO-008471,1,bank_transfer,2019-08-26,1404.54
WO-008472,1,corporate_card,2019-09-06,4002.82
WO-008473,1,bank_transfer,2019-08-12,424.16
WO-008473,2,bank_transfer,2019-09-24,772.11
WO-008474,1,purchase_order,2019-08-15,537.31
WO-008475,1,bank_transfer,2019-09-03,255.99
WO-008476,1,bank_transfer,2019-08-19,4746.22
WO-008477,1,bank_transfer,2019-09-26,1204.89
WO-008479,1,corporate_card,2019-10-12,303.84
WO-008481,1,bank_transfer,2019-08-27,1341.16
WO-008482,1,bank_transfer,2019-08-17,288.5
WO-008483,1,bank_transfer,2019-10-01,297.06
WO-008483,2,bank_transfer,2019-10-19,126.59
WO-008484,1,bank_transfer,2019-08-20,157.72
WO-008484,2,bank_transfer,2019-09-20,136.85
WO-008484,3,bank_transfer,2019-10-23,460.62
WO-008485,1,bank_transfer,2019-08-09,2635.97
WO-008486,1,bank_transfer,2019-09-22,1697.97
WO-008486,2,bank_transfer,2019-10-22,633.08
WO-008488,1,bank_transfer,2019-09-17,524.93
WO-008489,1,purchase_order,2019-08-23,2672.29
WO-008490,1,bank_transfer,2019-08-28,1801.55
WO-008491,1,bank_transfer,2019-08-24,626.88
WO-008492,1,bank_transfer,2019-09-25,1031.64
WO-008493,1,bank_transfer,2019-08-08,1350.97
WO-008494,1,corporate_card,2019-08-12,494.24
WO-008494,2,bank_transfer,2019-09-14,817.15
WO-008494,3,bank_transfer,2019-10-24,1173.31
WO-008495,1,purchase_order,2019-09-28,1591.63
WO-008496,1,purchase_order,2019-10-07,542.12
WO-008497,1,purchase_order,2019-09-30,1266.41
WO-008498,1,purchase_order,2019-08-21,1629.02
WO-008499,1,bank_transfer,2019-09-02,932.84
WO-008500,1,bank_transfer,2019-09-02,753.42
WO-008501,1,bank_transfer,2019-08-05,609.0
WO-008502,1,bank_transfer,2019-09-22,300.49
WO-008502,2,purchase_order,2019-11-04,153.58
WO-008502,3,purchase_order,2019-11-20,391.52
WO-008503,1,purchase_order,2019-09-22,542.73
WO-008504,1,bank_transfer,2019-08-29,577.77
WO-008505,1,bank_transfer,2019-09-16,1332.71
WO-008506,1,bank_transfer,2019-09-26,795.82
WO-008507,1,purchase_order,2019-08-25,4113.22
WO-008508,1,bank_transfer,2019-10-06,634.52
WO-008509,1,corporate_card,2019-10-07,1338.74
WO-008510,1,bank_transfer,2019-09-09,353.79
WO-008510,2,corporate_card,2019-10-04,856.11
WO-008511,1,bank_transfer,2019-09-18,1482.35
WO-008512,1,purchase_order,2019-09-10,376.16
WO-008513,1,bank_transfer,2019-09-17,484.09
WO-008513,2,purchase_order,2019-10-26,1685.89
WO-008514,1,bank_transfer,2019-09-17,295.56
WO-008515,1,bank_transfer,2019-08-19,212.49
WO-008516,1,purchase_order,2019-09-09,310.03
WO-008516,2,bank_transfer,2019-10-02,286.79
WO-008517,1,bank_transfer,2019-10-07,1286.15
WO-008518,1,bank_transfer,2019-09-29,1808.91
WO-008519,1,bank_transfer,2019-08-17,732.26
WO-008520,1,bank_transfer,2019-09-12,967.39
WO-008521,1,purchase_order,2019-09-11,1022.34
WO-008522,1,purchase_order,2019-08-27,827.2
WO-008523,1,bank_transfer,2019-09-07,1797.0
WO-008524,1,purchase_order,2019-10-02,528.41
WO-008525,1,purchase_order,2019-09-04,186.05
WO-008525,2,corporate_card,2019-09-20,196.46
WO-008525,3,purchase_order,2019-10-23,110.35
WO-008526,1,bank_transfer,2019-09-03,722.98
WO-008527,1,corporate_card,2019-08-21,1505.49
WO-008528,1,bank_transfer,2019-08-11,264.2
WO-008529,1,bank_transfer,2019-09-13,833.54
WO-008529,2,bank_transfer,2019-10-13,814.68
WO-008530,1,corporate_card,2019-08-19,2837.6
WO-008531,1,purchase_order,2019-08-24,617.05
WO-008531,2,bank_transfer,2019-09-28,782.42
WO-008532,1,bank_transfer,2019-09-23,217.12
WO-008533,1,corporate_card,2019-08-25,942.82
WO-008534,1,bank_transfer,2019-09-05,346.46
WO-008535,1,bank_transfer,2019-09-15,146.71
WO-008535,2,corporate_card,2019-10-10,124.07
WO-008536,1,purchase_order,2019-08-23,644.06
WO-008536,2,bank_transfer,2019-09-22,760.6
WO-008537,1,purchase_order,2019-09-05,1930.68
WO-008538,1,purchase_order,2019-09-29,373.95
WO-008539,1,corporate_card,2019-08-22,791.12
WO-008540,1,bank_transfer,2019-09-04,673.45
WO-008541,1,corporate_card,2019-08-16,477.1
WO-008542,1,corporate_card,2019-10-15,1036.1
WO-008543,1,purchase_order,2019-08-26,2382.65
WO-008544,1,purchase_order,2019-09-11,683.57
WO-008544,2,purchase_order,2019-10-17,865.31
WO-008545,1,bank_transfer,2019-09-13,841.38
WO-008546,1,bank_transfer,2019-09-12,843.95
WO-008546,2,bank_transfer,2019-09-30,1165.3
WO-008547,1,bank_transfer,2019-09-19,2565.45
WO-008548,1,bank_transfer,2019-10-08,377.13
WO-008549,1,bank_transfer,2019-10-06,1269.87
WO-008550,1,bank_transfer,2019-10-10,1916.2
WO-008551,1,bank_transfer,2019-08-14,224.5
WO-008551,2,purchase_order,2019-09-12,400.61
WO-008551,3,bank_transfer,2019-10-21,188.19
WO-008552,1,bank_transfer,2019-09-14,339.85
WO-008553,1,corporate_card,2019-09-02,818.67
WO-008554,1,bank_transfer,2019-09-17,802.77
WO-008555,1,bank_transfer,2019-08-31,1303.31
WO-008556,1,purchase_order,2019-09-02,578.84
WO-008557,1,bank_transfer,2019-09-11,48.29
WO-008557,2,purchase_order,2019-10-23,272.72
WO-008558,1,purchase_order,2019-09-14,1468.75
WO-008559,1,bank_transfer,2019-09-23,249.82
WO-008559,2,bank_transfer,2019-11-05,633.46
WO-008560,1,bank_transfer,2019-10-12,987.67
WO-008561,1,bank_transfer,2019-08-31,1399.05
WO-008562,1,bank_transfer,2019-09-23,991.33
WO-008563,1,bank_transfer,2019-09-05,397.49
WO-008563,2,purchase_order,2019-09-23,269.33
WO-008564,1,bank_transfer,2019-08-26,521.17
WO-008565,1,bank_transfer,2019-09-29,449.92
WO-008565,2,bank_transfer,2019-10-24,313.94
WO-008566,1,purchase_order,2019-09-05,1326.21
WO-008567,1,bank_transfer,2019-09-30,564.4
WO-008567,2,purchase_order,2019-11-13,848.68
WO-008567,3,bank_transfer,2019-11-30,674.38
WO-008568,1,bank_transfer,2019-10-14,1960.36
WO-008569,1,corporate_card,2019-09-08,2744.84
WO-008570,1,purchase_order,2019-09-03,951.62
WO-008571,1,purchase_order,2019-08-26,728.82
WO-008572,1,bank_transfer,2019-09-14,3038.87
WO-008573,1,bank_transfer,2019-10-08,725.78
WO-008573,2,bank_transfer,2019-11-13,429.45
WO-008574,1,purchase_order,2019-09-11,2429.18
WO-008575,1,bank_transfer,2019-09-12,1697.44
WO-008576,1,bank_transfer,2019-09-18,550.32
WO-008577,1,corporate_card,2019-09-19,1517.82
WO-008578,1,bank_transfer,2019-09-21,1477.36
WO-008579,1,bank_transfer,2019-10-10,314.46
WO-008579,2,purchase_order,2019-11-09,75.41
WO-008579,3,corporate_card,2019-12-21,166.53
WO-008580,1,bank_transfer,2019-10-04,2829.87
WO-008581,1,purchase_order,2019-08-18,631.29
WO-008582,1,corporate_card,2019-09-27,735.2
WO-008583,1,purchase_order,2019-10-26,2774.9
WO-008584,1,purchase_order,2019-09-11,1187.81
WO-008585,1,bank_transfer,2019-10-06,304.34
WO-008585,2,bank_transfer,2019-10-26,229.21
WO-008585,3,purchase_order,2019-11-30,171.7
WO-008586,1,bank_transfer,2019-09-22,429.56
WO-008587,1,bank_transfer,2019-09-15,737.45
WO-008588,1,bank_transfer,2019-08-13,2535.65
WO-008589,1,bank_transfer,2019-09-15,1818.27
WO-008590,1,bank_transfer,2019-10-06,490.26
WO-008590,2,bank_transfer,2019-11-07,288.34
WO-008590,3,bank_transfer,2019-11-25,179.83
WO-008591,1,corporate_card,2019-09-26,2475.45
WO-008592,1,bank_transfer,2019-08-31,873.03
WO-008593,1,purchase_order,2019-08-16,447.59
WO-008594,1,purchase_order,2019-09-14,1375.98
WO-008595,1,bank_transfer,2019-10-05,604.1
WO-008596,1,bank_transfer,2019-09-15,321.63
WO-008596,2,bank_transfer,2019-10-05,531.34
WO-008596,3,corporate_card,2019-11-02,233.33
WO-008597,1,bank_transfer,2019-09-11,2020.93
WO-008598,1,bank_transfer,2019-09-21,3019.89
WO-008598,2,corporate_card,2019-10-27,4392.08
WO-008599,1,purchase_order,2019-09-30,971.85
WO-008600,1,purchase_order,2019-09-30,3769.85
WO-008601,1,purchase_order,2019-09-06,948.96
WO-008602,1,bank_transfer,2019-08-24,691.88
WO-008603,1,bank_transfer,2019-09-22,633.9
WO-008603,2,corporate_card,2019-10-21,175.54
WO-008604,1,bank_transfer,2019-09-27,863.39
WO-008605,1,bank_transfer,2019-09-16,309.62
WO-008605,2,purchase_order,2019-10-02,670.01
WO-008606,1,corporate_card,2019-09-25,592.56
WO-008607,1,bank_transfer,2019-09-04,996.13
WO-008608,1,purchase_order,2019-09-21,767.55
WO-008610,1,purchase_order,2019-09-11,831.98
WO-008610,2,purchase_order,2019-10-23,254.39
WO-008610,3,bank_transfer,2019-11-19,866.02
WO-008611,1,purchase_order,2019-09-19,391.83
WO-008612,1,purchase_order,2019-10-13,886.31
WO-008613,1,purchase_order,2019-09-28,2040.18
WO-008614,1,bank_transfer,2019-10-12,882.21
WO-008615,1,corporate_card,2019-10-29,1958.73
WO-008616,1,purchase_order,2019-10-07,781.71
WO-008617,1,bank_transfer,2019-08-13,1323.86
WO-008618,1,corporate_card,2019-10-14,714.76
WO-008618,2,bank_transfer,2019-11-13,652.88
WO-008619,1,bank_transfer,2019-09-23,1267.67
WO-008620,1,bank_transfer,2019-08-31,1924.21
WO-008621,1,bank_transfer,2019-10-11,2308.99
WO-008622,1,purchase_order,2019-10-16,3258.96
WO-008623,1,bank_transfer,2019-09-14,356.01
WO-008623,2,bank_transfer,2019-10-18,506.98
WO-008624,1,purchase_order,2019-09-28,1298.03
WO-008625,1,bank_transfer,2019-10-12,1925.7
WO-008626,1,bank_transfer,2019-09-12,3361.19
WO-008627,1,purchase_order,2019-09-04,931.86
WO-008628,1,corporate_card,2019-10-04,171.12
WO-008629,1,bank_transfer,2019-08-23,950.79
WO-008629,2,bank_transfer,2019-10-02,332.13
WO-008630,1,purchase_order,2019-09-21,626.21
WO-008631,1,corporate_card,2019-09-25,1038.0
WO-008632,1,purchase_order,2019-10-11,2607.29
WO-008633,1,purchase_order,2019-09-17,627.19
WO-008634,1,bank_transfer,2019-10-19,1265.72
WO-008635,1,corporate_card,2019-09-16,722.87
WO-008636,1,bank_transfer,2019-09-07,1343.43
WO-008637,1,purchase_order,2019-10-07,2216.32
WO-008638,1,bank_transfer,2019-10-06,790.62
WO-008639,1,bank_transfer,2019-09-24,2250.08
WO-008640,1,bank_transfer,2019-10-11,1445.11
WO-008641,1,bank_transfer,2019-10-07,189.38
WO-008641,2,bank_transfer,2019-11-02,498.79
WO-008642,1,purchase_order,2019-09-09,301.55
WO-008643,1,purchase_order,2019-10-21,446.4
WO-008643,2,purchase_order,2019-11-29,279.86
WO-008644,1,bank_transfer,2019-08-31,1089.88
WO-008645,1,bank_transfer,2019-09-16,253.79
WO-008645,2,bank_transfer,2019-10-29,183.68
WO-008646,1,bank_transfer,2019-09-10,1066.45
WO-008647,1,bank_transfer,2019-10-11,1442.15
WO-008648,1,bank_transfer,2019-10-01,1693.8
WO-008649,1,purchase_order,2019-10-28,1211.93
WO-008649,2,bank_transfer,2019-12-08,1322.75
WO-008650,1,purchase_order,2019-10-01,6151.46
WO-008651,1,bank_transfer,2019-08-21,1320.61
WO-008652,1,purchase_order,2019-09-15,1096.8
WO-008653,1,bank_transfer,2019-09-21,1262.34
WO-008654,1,bank_transfer,2019-08-29,611.63
WO-008654,2,purchase_order,2019-09-28,782.96
WO-008656,1,bank_transfer,2019-09-08,209.89
WO-008656,2,bank_transfer,2019-10-07,412.65
WO-008657,1,purchase_order,2019-10-09,322.87
WO-008657,2,corporate_card,2019-11-22,184.61
WO-008657,3,purchase_order,2019-12-08,176.55
WO-008658,1,purchase_order,2019-08-22,312.43
WO-008659,1,bank_transfer,2019-09-20,603.5
WO-008660,1,bank_transfer,2019-08-15,378.2
WO-008661,1,purchase_order,2019-08-20,1122.83
WO-008662,1,bank_transfer,2019-10-18,1537.37
WO-008663,1,bank_transfer,2019-08-17,1603.06
WO-008663,2,purchase_order,2019-09-02,2720.31
WO-008664,1,bank_transfer,2019-10-15,1043.15
WO-008665,1,bank_transfer,2019-10-07,1346.41
WO-008666,1,corporate_card,2019-09-22,1759.86
WO-008667,1,bank_transfer,2019-10-01,803.06
WO-008668,1,purchase_order,2019-10-03,1016.78
WO-008669,1,purchase_order,2019-08-29,1461.21
WO-008670,1,bank_transfer,2019-09-20,2113.06
WO-008671,1,bank_transfer,2019-10-11,520.81
WO-008672,1,corporate_card,2019-08-31,1052.22
WO-008673,1,bank_transfer,2019-09-05,2949.71
WO-008674,1,bank_transfer,2019-09-19,186.38
WO-008675,1,purchase_order,2019-10-11,432.94
WO-008676,1,purchase_order,2019-09-11,1024.78
WO-008676,2,bank_transfer,2019-10-19,838.14
WO-008677,1,bank_transfer,2019-10-15,1989.65
WO-008678,1,bank_transfer,2019-10-10,1256.99
WO-008678,2,corporate_card,2019-10-29,1861.14
WO-008679,1,purchase_order,2019-09-30,1345.26
WO-008680,1,bank_transfer,2019-09-30,1055.08
WO-008681,1,purchase_order,2019-10-02,1530.34
WO-008682,1,bank_transfer,2019-09-04,495.01
WO-008683,1,corporate_card,2019-10-17,681.03
WO-008684,1,bank_transfer,2019-10-20,984.85
WO-008685,1,bank_transfer,2019-10-04,3356.1
WO-008686,1,bank_transfer,2019-10-20,1245.05
WO-008687,1,corporate_card,2019-09-24,887.51
WO-008688,1,purchase_order,2019-10-22,393.3
WO-008689,1,bank_transfer,2019-09-21,322.18
WO-008689,2,bank_transfer,2019-10-21,659.96
WO-008690,1,corporate_card,2019-10-04,658.31
WO-008691,1,bank_transfer,2019-10-05,437.74
WO-008692,1,corporate_card,2019-09-24,101.25
WO-008692,2,purchase_order,2019-10-17,523.02
WO-008693,1,bank_transfer,2019-09-11,1909.03
WO-008694,1,corporate_card,2019-09-20,415.29
WO-008694,2,purchase_order,2019-10-05,426.77
WO-008695,1,purchase_order,2019-10-06,588.05
WO-008695,2,purchase_order,2019-11-13,538.2
WO-008696,1,bank_transfer,2019-10-04,1033.77
WO-008697,1,corporate_card,2019-09-28,1458.21
WO-008698,1,bank_transfer,2019-10-02,1618.22
WO-008699,1,purchase_order,2019-09-14,1036.17
WO-008700,1,bank_transfer,2019-10-13,1200.23
WO-008700,2,bank_transfer,2019-11-15,1772.72
WO-008701,1,bank_transfer,2019-10-20,1053.97
WO-008702,1,corporate_card,2019-09-11,1563.0
WO-008703,1,bank_transfer,2019-10-12,798.77
WO-008704,1,corporate_card,2019-10-11,3380.72
WO-008705,1,bank_transfer,2019-10-01,119.2
WO-008705,2,purchase_order,2019-11-04,322.85
WO-008706,1,corporate_card,2019-10-07,1079.25
WO-008707,1,bank_transfer,2019-10-15,742.57
WO-008707,2,bank_transfer,2019-11-05,849.13
WO-008708,1,bank_transfer,2019-08-30,614.86
WO-008709,1,purchase_order,2019-09-10,1089.74
WO-008710,1,corporate_card,2019-09-27,1118.42
WO-008711,1,bank_transfer,2019-09-14,508.75
WO-008712,1,bank_transfer,2019-10-04,831.59
WO-008713,1,purchase_order,2019-10-04,238.84
WO-008713,2,corporate_card,2019-11-13,586.32
WO-008714,1,bank_transfer,2019-10-21,903.37
WO-008716,1,bank_transfer,2019-09-15,1662.97
WO-008717,1,corporate_card,2019-08-29,1231.34
WO-008718,1,purchase_order,2019-10-10,206.25
WO-008718,2,bank_transfer,2019-11-20,376.85
WO-008718,3,bank_transfer,2019-12-21,190.49
WO-008719,1,purchase_order,2019-10-17,374.66
WO-008720,1,corporate_card,2019-09-11,1120.72
WO-008721,1,bank_transfer,2019-08-24,387.08
WO-008722,1,purchase_order,2019-09-27,1435.85
WO-008723,1,purchase_order,2019-09-18,6411.53
WO-008724,1,bank_transfer,2019-10-04,450.95
WO-008724,2,corporate_card,2019-10-28,263.76
WO-008725,1,purchase_order,2019-09-28,1013.07
WO-008726,1,purchase_order,2019-10-29,520.28
WO-008727,1,bank_transfer,2019-09-10,300.31
WO-008728,1,bank_transfer,2019-09-24,949.37
WO-008729,1,purchase_order,2019-09-09,2805.58
WO-008730,1,corporate_card,2019-10-05,1209.93
WO-008731,1,bank_transfer,2019-10-06,212.89
WO-008731,2,bank_transfer,2019-11-01,93.31
WO-008732,1,purchase_order,2019-09-27,1259.37
WO-008733,1,corporate_card,2019-10-22,905.9
WO-008734,1,purchase_order,2019-09-24,598.61
WO-008735,1,corporate_card,2019-09-06,1136.54
WO-008736,1,purchase_order,2019-08-25,2333.07
WO-008737,1,bank_transfer,2019-09-11,653.2
WO-008737,2,bank_transfer,2019-10-04,149.73
WO-008738,1,bank_transfer,2019-10-11,712.39
WO-008739,1,corporate_card,2019-10-14,598.75
WO-008740,1,bank_transfer,2019-10-06,848.52
WO-008741,1,purchase_order,2019-09-24,1406.48
WO-008741,2,bank_transfer,2019-10-31,655.2
WO-008742,1,purchase_order,2019-11-05,1174.08
WO-008743,1,bank_transfer,2019-09-04,1743.76
WO-008744,1,bank_transfer,2019-09-27,616.26
WO-008744,2,bank_transfer,2019-10-20,1989.52
WO-008745,1,purchase_order,2019-09-14,1728.3
WO-008746,1,bank_transfer,2019-09-21,1709.07
WO-008747,1,bank_transfer,2019-09-14,425.79
WO-008747,2,corporate_card,2019-10-15,166.35
WO-008748,1,purchase_order,2019-10-07,1187.19
WO-008749,1,bank_transfer,2019-11-19,403.44
WO-008750,1,bank_transfer,2019-10-13,1550.4
WO-008750,2,purchase_order,2019-11-19,759.98
WO-008751,1,bank_transfer,2019-10-31,705.86
WO-008752,1,corporate_card,2019-09-22,487.48
WO-008752,2,bank_transfer,2019-11-03,610.52
WO-008753,1,purchase_order,2019-10-11,268.11
WO-008753,2,purchase_order,2019-11-18,315.14
WO-008755,1,purchase_order,2019-10-01,4919.65
WO-008756,1,corporate_card,2019-10-26,89.98
WO-008756,2,bank_transfer,2019-11-29,573.08
WO-008757,1,bank_transfer,2019-10-17,748.81
WO-008758,1,bank_transfer,2019-10-18,1138.08
WO-008758,2,bank_transfer,2019-11-11,1109.83
WO-008759,1,purchase_order,2019-10-26,116.13
WO-008759,2,bank_transfer,2019-12-03,725.89
WO-008759,3,purchase_order,2019-12-26,1033.02
WO-008760,1,purchase_order,2019-09-24,593.65
WO-008761,1,bank_transfer,2019-10-01,2640.56
WO-008763,1,bank_transfer,2019-10-18,781.53
WO-008765,1,bank_transfer,2019-10-24,3141.38
WO-008767,1,corporate_card,2019-10-31,1917.61
WO-008768,1,purchase_order,2019-09-13,286.73
WO-008768,2,bank_transfer,2019-10-18,91.05
WO-008769,1,purchase_order,2019-10-11,460.47
WO-008770,1,bank_transfer,2019-09-17,955.01
WO-008771,1,bank_transfer,2019-10-15,1090.31
WO-008772,1,bank_transfer,2019-08-25,1128.75
WO-008772,2,purchase_order,2019-10-03,831.6
WO-008773,1,purchase_order,2019-10-08,522.06
WO-008773,2,purchase_order,2019-11-20,532.58
WO-008773,3,bank_transfer,2019-12-28,459.63
WO-008774,1,bank_transfer,2019-10-08,485.19
WO-008775,1,bank_transfer,2019-10-09,1477.37
WO-008776,1,corporate_card,2019-09-27,199.59
WO-008776,2,bank_transfer,2019-10-23,538.76
WO-008777,1,purchase_order,2019-09-28,559.57
WO-008778,1,purchase_order,2019-10-08,219.59
WO-008779,1,bank_transfer,2019-09-13,1243.82
WO-008779,2,bank_transfer,2019-10-26,740.54
WO-008780,1,purchase_order,2019-09-03,325.79
WO-008781,1,bank_transfer,2019-10-18,1382.25
WO-008782,1,corporate_card,2019-10-10,1093.17
WO-008783,1,purchase_order,2019-09-15,1572.08
WO-008784,1,bank_transfer,2019-09-21,514.67
WO-008785,1,corporate_card,2019-10-14,1242.49
WO-008786,1,bank_transfer,2019-09-28,557.24
WO-008786,2,corporate_card,2019-10-22,601.89
WO-008787,1,bank_transfer,2019-10-23,1197.7
WO-008788,1,purchase_order,2019-10-07,945.63
WO-008789,1,bank_transfer,2019-10-29,284.5
WO-008790,1,corporate_card,2019-09-30,3103.75
WO-008791,1,purchase_order,2019-11-09,330.65
WO-008792,1,corporate_card,2019-10-05,1980.62
WO-008792,2,corporate_card,2019-10-26,466.84
WO-008793,1,bank_transfer,2019-11-02,1842.64
WO-008794,1,bank_transfer,2019-09-16,1127.51
WO-008795,1,bank_transfer,2019-10-06,4608.01
WO-008796,1,purchase_order,2019-10-01,386.37
WO-008797,1,bank_transfer,2019-11-11,1027.61
WO-008798,1,corporate_card,2019-10-10,779.4
WO-008800,1,bank_transfer,2019-10-04,1997.16
WO-008801,1,purchase_order,2019-09-07,784.68
WO-008801,2,purchase_order,2019-10-19,359.4
WO-008803,1,bank_transfer,2019-10-07,1756.26
WO-008804,1,corporate_card,2019-10-09,1600.68
WO-008805,1,bank_transfer,2019-09-29,452.08
WO-008806,1,bank_transfer,2019-11-27,2728.26
WO-008807,1,bank_transfer,2019-10-29,1753.22
WO-008808,1,purchase_order,2019-09-06,799.32
WO-008809,1,purchase_order,2019-10-14,718.48
WO-008810,1,bank_transfer,2019-10-09,344.84
WO-008810,2,bank_transfer,2019-11-04,393.86
WO-008811,1,purchase_order,2019-10-03,981.96
WO-008811,2,purchase_order,2019-10-27,832.62
WO-008812,1,bank_transfer,2019-09-17,1065.28
WO-008813,1,purchase_order,2019-10-15,1066.71
WO-008813,2,bank_transfer,2019-11-18,864.04
WO-008814,1,bank_transfer,2019-10-02,460.52
WO-008815,1,bank_transfer,2019-09-03,802.3
WO-008816,1,corporate_card,2019-09-24,1948.6
WO-008817,1,bank_transfer,2019-10-14,281.71
WO-008818,1,purchase_order,2019-11-07,3051.34
WO-008819,1,bank_transfer,2019-09-28,1029.18
WO-008820,1,bank_transfer,2019-10-13,218.2
WO-008820,2,bank_transfer,2019-11-09,342.27
WO-008821,1,corporate_card,2019-09-11,790.4
WO-008822,1,purchase_order,2019-10-28,846.04
WO-008823,1,corporate_card,2019-10-15,794.91
WO-008824,1,bank_transfer,2019-09-08,1833.32
WO-008825,1,bank_transfer,2019-10-19,984.29
WO-008826,1,purchase_order,2019-10-13,1995.77
WO-008827,1,bank_transfer,2019-10-10,1292.03
WO-008828,1,bank_transfer,2019-10-31,113.24
WO-008828,2,bank_transfer,2019-11-27,194.77
WO-008829,1,bank_transfer,2019-10-24,1808.35
WO-008830,1,purchase_order,2019-10-14,2632.54
WO-008831,1,purchase_order,2019-11-19,1287.26
WO-008832,1,purchase_order,2019-10-13,860.25
WO-008833,1,bank_transfer,2019-10-05,505.24
WO-008833,2,bank_transfer,2019-10-30,351.78
WO-008834,1,bank_transfer,2019-10-25,351.97
WO-008834,2,corporate_card,2019-11-10,386.45
WO-008834,3,purchase_order,2019-12-14,289.76
WO-008835,1,bank_transfer,2019-10-26,1348.3
WO-008836,1,purchase_order,2019-10-12,939.73
WO-008837,1,bank_transfer,2019-11-02,544.18
WO-008837,2,bank_transfer,2019-11-20,671.67
WO-008838,1,bank_transfer,2019-09-25,423.51
WO-008838,2,bank_transfer,2019-11-08,641.45
WO-008839,1,bank_transfer,2019-09-23,1242.51
WO-008840,1,bank_transfer,2019-09-20,2621.83
WO-008841,1,bank_transfer,2019-09-10,796.36
WO-008842,1,corporate_card,2019-10-14,347.47
WO-008842,2,bank_transfer,2019-11-09,938.55
WO-008843,1,bank_transfer,2019-09-12,464.37
WO-008844,1,corporate_card,2019-10-16,1375.18
WO-008845,1,purchase_order,2019-09-20,1763.77
WO-008847,1,corporate_card,2019-09-16,779.45
WO-008848,1,bank_transfer,2019-09-15,558.2
WO-008848,2,purchase_order,2019-10-06,529.95
WO-008848,3,bank_transfer,2019-11-10,493.77
WO-008850,1,corporate_card,2019-10-31,974.46
WO-008851,1,bank_transfer,2019-10-10,542.52
WO-008852,1,bank_transfer,2019-10-03,94.01
WO-008852,2,bank_transfer,2019-11-11,82.78
WO-008852,3,corporate_card,2019-12-06,123.28
WO-008854,1,bank_transfer,2019-11-02,1161.33
WO-008855,1,bank_transfer,2019-10-03,1278.33
WO-008856,1,purchase_order,2019-11-22,1676.46
WO-008857,1,bank_transfer,2019-09-22,231.64
WO-008857,2,bank_transfer,2019-10-16,236.12
WO-008857,3,bank_transfer,2019-11-06,335.85
WO-008858,1,bank_transfer,2019-10-01,2310.41
WO-008859,1,corporate_card,2019-10-24,364.47
WO-008860,1,bank_transfer,2019-11-10,278.24
WO-008861,1,corporate_card,2019-10-11,2540.43
WO-008863,1,bank_transfer,2019-09-29,983.68
WO-008863,2,bank_transfer,2019-11-12,1040.47
WO-008864,1,bank_transfer,2019-09-22,928.83
WO-008865,1,bank_transfer,2019-09-27,1680.82
WO-008865,2,bank_transfer,2019-10-12,113.24
WO-008865,3,purchase_order,2019-11-06,419.0
WO-008866,1,purchase_order,2019-10-31,2774.46
WO-008867,1,purchase_order,2019-09-12,621.58
WO-008868,1,corporate_card,2019-10-14,987.67
WO-008869,1,bank_transfer,2019-10-03,963.68
WO-008870,1,bank_transfer,2019-10-06,723.56
WO-008871,1,corporate_card,2019-10-14,2185.06
WO-008872,1,corporate_card,2019-10-23,1485.77
WO-008873,1,purchase_order,2019-09-17,354.14
WO-008874,1,purchase_order,2019-10-20,930.62
WO-008874,2,purchase_order,2019-11-29,188.45
WO-008875,1,purchase_order,2019-10-14,3855.12
WO-008876,1,corporate_card,2019-10-30,617.77
WO-008877,1,purchase_order,2019-10-26,649.13
WO-008878,1,bank_transfer,2019-10-24,831.95
WO-008879,1,purchase_order,2019-10-12,1064.71
WO-008880,1,purchase_order,2019-10-05,1565.39
WO-008881,1,bank_transfer,2019-10-28,748.02
WO-008881,2,purchase_order,2019-12-05,785.89
WO-008882,1,bank_transfer,2019-09-13,320.7
WO-008882,2,corporate_card,2019-10-26,363.42
WO-008883,1,bank_transfer,2019-10-25,747.47
WO-008883,2,corporate_card,2019-11-28,268.58
WO-008884,1,bank_transfer,2019-10-24,1261.58
WO-008885,1,purchase_order,2019-09-20,3599.12
WO-008886,1,bank_transfer,2019-10-11,1504.41
WO-008887,1,corporate_card,2019-10-14,2282.2
WO-008888,1,bank_transfer,2019-10-22,1005.95
WO-008889,1,purchase_order,2019-09-29,546.83
WO-008889,2,purchase_order,2019-10-15,262.12
WO-008890,1,bank_transfer,2019-10-23,885.41
WO-008891,1,bank_transfer,2019-10-13,502.15
WO-008892,1,bank_transfer,2019-09-13,498.83
WO-008892,2,purchase_order,2019-10-09,441.64
WO-008893,1,corporate_card,2019-09-27,451.19
WO-008894,1,purchase_order,2019-10-18,2559.76
WO-008895,1,purchase_order,2019-10-30,850.13
WO-008896,1,bank_transfer,2019-10-08,195.52
WO-008897,1,bank_transfer,2019-11-13,1673.4
WO-008899,1,purchase_order,2019-10-02,4656.76
WO-008900,1,corporate_card,2019-10-20,1540.16
WO-008901,1,purchase_order,2019-10-15,4766.37
WO-008902,1,bank_transfer,2019-10-11,303.09
WO-008903,1,purchase_order,2019-12-09,2120.29
WO-008904,1,purchase_order,2019-09-08,2101.66
WO-008905,1,purchase_order,2019-10-08,746.48
WO-008905,2,purchase_order,2019-10-30,392.33
WO-008906,1,corporate_card,2019-10-30,1842.01
WO-008907,1,bank_transfer,2019-10-03,4040.76
WO-008908,1,bank_transfer,2019-11-04,862.35
WO-008909,1,bank_transfer,2019-10-16,710.93
WO-008910,1,bank_transfer,2019-09-10,1154.93
WO-008911,1,bank_transfer,2019-11-07,879.24
WO-008912,1,bank_transfer,2019-11-09,1663.05
WO-008913,1,bank_transfer,2019-10-14,293.29
WO-008913,2,bank_transfer,2019-11-19,190.94
WO-008914,1,corporate_card,2019-10-30,1055.51
WO-008915,1,corporate_card,2019-10-17,2205.65
WO-008916,1,bank_transfer,2019-11-03,609.4
WO-008916,2,bank_transfer,2019-12-14,592.88
WO-008917,1,bank_transfer,2019-10-23,1911.98
WO-008918,1,bank_transfer,2019-10-06,770.78
WO-008919,1,bank_transfer,2019-10-20,593.86
WO-008920,1,bank_transfer,2019-10-19,225.02
WO-008921,1,bank_transfer,2019-10-08,1079.58
WO-008922,1,bank_transfer,2019-09-13,251.86
WO-008922,2,corporate_card,2019-10-25,559.38
WO-008923,1,bank_transfer,2019-11-09,914.67
WO-008924,1,corporate_card,2019-09-27,877.49
WO-008925,1,purchase_order,2019-10-25,1562.63
WO-008926,1,bank_transfer,2019-10-20,1172.03
WO-008927,1,bank_transfer,2019-09-26,1502.41
WO-008928,1,purchase_order,2019-10-02,883.74
WO-008929,1,corporate_card,2019-11-02,1768.98
WO-008931,1,bank_transfer,2019-10-25,1011.8
WO-008931,2,bank_transfer,2019-11-13,3011.79
WO-008932,1,purchase_order,2019-10-11,582.84
WO-008933,1,purchase_order,2019-10-27,657.73
WO-008934,1,bank_transfer,2019-10-01,964.66
WO-008934,2,bank_transfer,2019-10-27,398.82
WO-008935,1,bank_transfer,2019-10-01,1655.52
WO-008936,1,corporate_card,2019-11-09,3354.5
WO-008937,1,bank_transfer,2019-10-22,1075.75
WO-008938,1,bank_transfer,2019-10-11,1877.54
WO-008940,1,bank_transfer,2019-11-04,3915.36
WO-008941,1,purchase_order,2019-10-18,476.02
WO-008942,1,bank_transfer,2019-09-23,633.14
WO-008942,2,bank_transfer,2019-11-06,864.35
WO-008943,1,bank_transfer,2019-11-04,374.25
WO-008944,1,bank_transfer,2019-10-16,3545.28
WO-008945,1,bank_transfer,2019-11-04,1046.04
WO-008945,2,bank_transfer,2019-12-17,628.9
WO-008946,1,bank_transfer,2019-11-25,464.11
WO-008947,1,purchase_order,2019-11-15,1345.7
WO-008948,1,purchase_order,2019-10-29,970.27
WO-008949,1,corporate_card,2019-10-31,1060.36
WO-008950,1,purchase_order,2019-10-24,1074.52
WO-008950,2,bank_transfer,2019-11-25,3349.76
WO-008950,3,corporate_card,2019-12-24,1618.73
WO-008951,1,corporate_card,2019-11-06,916.78
WO-008952,1,bank_transfer,2019-10-11,1009.9
WO-008953,1,bank_transfer,2019-10-08,1372.98
WO-008953,2,bank_transfer,2019-10-29,471.06
WO-008954,1,bank_transfer,2019-09-23,1957.86
WO-008955,1,bank_transfer,2019-10-30,1750.39
WO-008956,1,purchase_order,2019-10-18,965.09
WO-008956,2,purchase_order,2019-11-04,682.94
WO-008957,1,bank_transfer,2019-11-18,591.17
WO-008958,1,bank_transfer,2019-09-21,3872.54
WO-008959,1,purchase_order,2019-11-15,1574.48
WO-008960,1,bank_transfer,2019-10-18,3613.38
WO-008961,1,bank_transfer,2019-10-22,469.09
WO-008961,2,purchase_order,2019-11-09,883.55
WO-008962,1,bank_transfer,2019-11-24,2828.11
WO-008963,1,bank_transfer,2019-09-23,179.37
WO-008963,2,bank_transfer,2019-11-02,108.51
WO-008964,1,bank_transfer,2019-10-24,351.22
WO-008964,2,corporate_card,2019-11-11,469.29
WO-008964,3,purchase_order,2019-12-24,157.08
WO-008965,1,purchase_order,2019-10-05,555.8
WO-008966,1,bank_transfer,2019-10-16,297.86
WO-008966,2,purchase_order,2019-11-04,910.92
WO-008967,1,purchase_order,2019-09-23,565.35
WO-008968,1,purchase_order,2019-10-21,562.16
WO-008969,1,purchase_order,2019-11-26,1097.98
WO-008969,2,bank_transfer,2019-12-17,246.21
WO-008970,1,purchase_order,2019-10-06,450.92
WO-008970,2,purchase_order,2019-10-29,663.71
WO-008970,3,bank_transfer,2019-12-05,379.11
WO-008971,1,bank_transfer,2019-10-08,1146.67
WO-008972,1,bank_transfer,2019-09-29,262.67
WO-008972,2,purchase_order,2019-10-29,371.93
WO-008973,1,purchase_order,2019-10-20,1328.98
WO-008974,1,purchase_order,2019-09-22,394.13
WO-008974,2,bank_transfer,2019-10-07,180.69
WO-008975,1,bank_transfer,2019-12-02,1793.77
WO-008976,1,bank_transfer,2019-10-11,3398.4
WO-008977,1,bank_transfer,2019-11-02,1623.87
WO-008978,1,bank_transfer,2019-10-10,910.68
WO-008979,1,bank_transfer,2019-10-14,368.39
WO-008979,2,purchase_order,2019-11-07,222.29
WO-008980,1,bank_transfer,2019-10-19,1216.28
WO-008981,1,purchase_order,2019-11-11,1382.47
WO-008982,1,bank_transfer,2019-09-27,1598.5
WO-008983,1,purchase_order,2019-10-18,1843.45
WO-008984,1,purchase_order,2019-11-04,931.2
WO-008985,1,bank_transfer,2019-11-17,531.51
WO-008985,2,corporate_card,2019-12-12,990.01
WO-008986,1,bank_transfer,2019-11-11,847.37
WO-008987,1,purchase_order,2019-11-07,765.43
WO-008987,2,bank_transfer,2019-11-24,530.54
WO-008988,1,purchase_order,2019-10-15,931.69
WO-008989,1,purchase_order,2019-10-31,497.2
WO-008990,1,corporate_card,2019-11-11,417.42
WO-008990,2,bank_transfer,2019-12-03,170.09
WO-008990,3,purchase_order,2019-12-22,87.67
WO-008991,1,purchase_order,2019-10-23,503.65
WO-008992,1,purchase_order,2019-11-10,92.67
WO-008992,2,corporate_card,2019-12-15,300.58
WO-008993,1,bank_transfer,2019-10-17,217.89
WO-008993,2,bank_transfer,2019-11-14,549.31
WO-008993,3,bank_transfer,2019-12-14,1222.07
WO-008994,1,purchase_order,2019-09-19,708.57
WO-008996,1,bank_transfer,2019-09-23,1357.78
WO-008996,2,bank_transfer,2019-10-17,1767.66
WO-008997,1,bank_transfer,2019-10-25,2536.66
WO-008998,1,bank_transfer,2019-10-21,1122.92
WO-008999,1,bank_transfer,2019-10-25,768.86
WO-009000,1,corporate_card,2019-10-22,1446.89
WO-009001,1,bank_transfer,2019-12-06,1493.32
WO-009002,1,corporate_card,2019-11-25,2291.73
WO-009003,1,purchase_order,2019-11-24,438.7
WO-009004,1,bank_transfer,2019-10-12,504.31
WO-009005,1,bank_transfer,2019-10-18,326.59
WO-009005,2,bank_transfer,2019-11-04,514.69
WO-009006,1,corporate_card,2019-11-16,751.03
WO-009006,2,bank_transfer,2019-12-25,685.9
WO-009007,1,purchase_order,2019-10-29,488.89
WO-009008,1,bank_transfer,2019-10-24,746.46
WO-009009,1,corporate_card,2019-11-07,1441.38
WO-009010,1,purchase_order,2019-10-11,2796.22
WO-009011,1,purchase_order,2019-11-02,585.65
WO-009011,2,bank_transfer,2019-11-27,607.56
WO-009012,1,bank_transfer,2019-10-24,1229.38
WO-009013,1,purchase_order,2019-11-08,170.63
WO-009013,2,bank_transfer,2019-12-01,148.47
WO-009014,1,purchase_order,2019-10-19,1027.97
WO-009015,1,bank_transfer,2019-11-16,204.58
WO-009015,2,purchase_order,2019-12-17,237.17
WO-009016,1,corporate_card,2019-10-23,1650.48
WO-009017,1,bank_transfer,2019-11-20,1432.04
WO-009018,1,bank_transfer,2019-10-17,1073.63
WO-009019,1,purchase_order,2019-11-01,787.43
WO-009020,1,purchase_order,2019-11-06,891.51
WO-009021,1,corporate_card,2019-10-16,3403.51
WO-009022,1,purchase_order,2019-10-27,2775.12
WO-009023,1,bank_transfer,2019-11-30,3064.36
WO-009024,1,bank_transfer,2019-10-18,870.95
WO-009025,1,purchase_order,2019-10-30,538.88
WO-009026,1,purchase_order,2019-11-03,1469.22
WO-009027,1,bank_transfer,2019-11-14,506.61
WO-009027,2,bank_transfer,2019-12-10,782.05
WO-009028,1,bank_transfer,2019-10-28,1194.61
WO-009029,1,purchase_order,2019-10-26,552.69
WO-009029,2,bank_transfer,2019-12-09,674.52
WO-009030,1,bank_transfer,2019-10-25,182.1
WO-009030,2,bank_transfer,2019-11-22,379.03
WO-009031,1,purchase_order,2019-11-15,1340.51
WO-009032,1,purchase_order,2019-11-04,276.1
WO-009033,1,bank_transfer,2019-09-22,606.25
WO-009033,2,purchase_order,2019-10-18,107.85
WO-009033,3,bank_transfer,2019-11-16,315.77
WO-009034,1,bank_transfer,2019-10-22,373.19
WO-009035,1,corporate_card,2019-10-21,243.49
WO-009035,2,bank_transfer,2019-11-22,236.91
WO-009036,1,purchase_order,2019-11-21,826.47
WO-009036,2,purchase_order,2019-12-27,455.96
WO-009037,1,corporate_card,2019-11-01,1760.7
WO-009038,1,bank_transfer,2019-11-05,1326.04
WO-009039,1,purchase_order,2019-11-11,508.15
WO-009040,1,bank_transfer,2019-11-05,465.89
WO-009041,1,corporate_card,2019-09-28,357.95
WO-009042,1,bank_transfer,2019-10-01,2367.94
WO-009043,1,bank_transfer,2019-11-18,520.97
WO-009043,2,bank_transfer,2019-12-30,1190.18
WO-009044,1,bank_transfer,2019-11-02,472.83
WO-009045,1,bank_transfer,2019-10-27,983.11
WO-009046,1,corporate_card,2019-11-05,778.31
WO-009047,1,bank_transfer,2019-12-07,1394.27
WO-009048,1,bank_transfer,2019-10-05,2363.33
WO-009048,2,bank_transfer,2019-10-24,1212.01
WO-009049,1,purchase_order,2019-11-19,198.91
WO-009050,1,corporate_card,2019-12-04,1510.51
WO-009051,1,bank_transfer,2019-10-29,1277.58
WO-009052,1,bank_transfer,2019-11-09,1304.38
WO-009053,1,bank_transfer,2019-11-25,402.45
WO-009054,1,corporate_card,2019-11-20,1203.76
WO-009055,1,purchase_order,2019-10-05,1829.39
WO-009056,1,corporate_card,2019-10-21,393.99
WO-009057,1,purchase_order,2019-11-14,1041.01
WO-009058,1,purchase_order,2019-10-29,287.11
WO-009058,2,bank_transfer,2019-11-19,462.92
WO-009059,1,corporate_card,2019-11-16,585.18
WO-009059,2,bank_transfer,2019-12-09,539.08
WO-009060,1,bank_transfer,2019-10-31,1557.99
WO-009061,1,bank_transfer,2019-10-06,71.03
WO-009061,2,purchase_order,2019-10-26,276.1
WO-009062,1,bank_transfer,2019-09-27,285.31
WO-009062,2,bank_transfer,2019-10-18,145.37
WO-009063,1,purchase_order,2019-11-05,455.28
WO-009064,1,purchase_order,2019-10-29,1622.63
WO-009065,1,purchase_order,2019-10-24,1590.25
WO-009066,1,purchase_order,2019-11-24,223.13
WO-009066,2,bank_transfer,2019-12-25,260.85
WO-009067,1,bank_transfer,2019-10-09,802.04
WO-009068,1,corporate_card,2019-11-05,1091.62
WO-009070,1,corporate_card,2019-10-21,802.88
WO-009071,1,bank_transfer,2019-11-06,1473.92
WO-009072,1,purchase_order,2019-11-23,442.67
WO-009072,2,bank_transfer,2019-12-26,220.54
WO-009074,1,bank_transfer,2019-11-11,523.21
WO-009075,1,bank_transfer,2019-10-22,412.79
WO-009075,2,bank_transfer,2019-11-13,163.12
WO-009076,1,bank_transfer,2019-11-16,261.93
WO-009076,2,bank_transfer,2019-12-09,311.13
WO-009077,1,purchase_order,2019-12-28,1240.05
WO-009078,1,purchase_order,2019-10-03,391.96
WO-009079,1,bank_transfer,2019-10-19,594.64
WO-009080,1,bank_transfer,2019-11-15,1528.32
WO-009081,1,bank_transfer,2019-10-22,187.07
WO-009082,1,bank_transfer,2019-10-17,357.48
WO-009082,2,bank_transfer,2019-11-11,198.84
WO-009083,1,corporate_card,2019-10-27,457.52
WO-009083,2,bank_transfer,2019-11-18,516.38
WO-009084,1,corporate_card,2019-11-07,741.04
WO-009085,1,purchase_order,2019-10-24,282.56
WO-009085,2,purchase_order,2019-11-23,193.36
WO-009086,1,purchase_order,2019-12-05,466.34
WO-009087,1,corporate_card,2019-11-02,548.59
WO-009087,2,bank_transfer,2019-12-10,1316.59
WO-009088,1,bank_transfer,2019-11-30,738.89
WO-009090,1,purchase_order,2019-10-13,2683.67
WO-009091,1,bank_transfer,2019-11-18,356.98
WO-009091,2,purchase_order,2019-12-07,186.78
WO-009092,1,bank_transfer,2019-11-20,1103.45
WO-009093,1,bank_transfer,2019-10-30,3552.02
WO-009094,1,purchase_order,2019-10-21,1086.83
WO-009095,1,purchase_order,2019-09-28,3038.6
WO-009096,1,bank_transfer,2019-10-23,745.98
WO-009097,1,purchase_order,2019-11-03,1401.57
WO-009098,1,bank_transfer,2019-11-04,648.57
WO-009099,1,corporate_card,2019-11-11,2147.06
WO-009100,1,purchase_order,2019-11-24,1081.34
WO-009101,1,bank_transfer,2019-10-10,287.83
WO-009102,1,purchase_order,2019-10-13,825.08
WO-009102,2,purchase_order,2019-11-17,504.56
WO-009103,1,purchase_order,2019-10-16,150.09
WO-009103,2,bank_transfer,2019-11-03,351.7
WO-009104,1,bank_transfer,2019-10-25,524.63
WO-009105,1,purchase_order,2019-11-04,639.76
WO-009107,1,bank_transfer,2019-11-12,492.0
WO-009108,1,purchase_order,2019-10-09,497.92
WO-009109,1,corporate_card,2019-11-25,305.61
WO-009109,2,bank_transfer,2019-12-18,141.03
WO-009110,1,bank_transfer,2019-10-11,1106.35
WO-009111,1,bank_transfer,2019-11-13,903.0
WO-009112,1,bank_transfer,2019-11-08,636.92
WO-009113,1,bank_transfer,2019-11-04,787.65
WO-009114,1,bank_transfer,2019-10-23,1109.13
WO-009115,1,bank_transfer,2019-10-02,1554.02
WO-009115,2,bank_transfer,2019-11-07,947.77
WO-009116,1,bank_transfer,2019-11-09,851.97
WO-009117,1,purchase_order,2019-10-30,914.77
WO-009117,2,bank_transfer,2019-11-27,1190.48
WO-009118,1,bank_transfer,2019-12-03,1689.19
WO-009119,1,purchase_order,2019-12-04,1334.19
WO-009120,1,corporate_card,2019-11-26,221.02
WO-009121,1,purchase_order,2019-11-13,1421.9
WO-009122,1,bank_transfer,2019-10-28,449.5
WO-009122,2,bank_transfer,2019-12-04,170.78
WO-009123,1,purchase_order,2019-11-11,627.5
WO-009124,1,bank_transfer,2019-11-07,354.59
WO-009124,2,purchase_order,2019-11-22,504.15
WO-009125,1,purchase_order,2019-11-03,861.73
WO-009126,1,bank_transfer,2019-10-14,865.37
WO-009127,1,purchase_order,2019-11-16,643.37
WO-009129,1,bank_transfer,2019-12-04,1039.9
WO-009130,1,corporate_card,2019-12-19,1444.82
WO-009131,1,purchase_order,2019-11-16,2149.82
WO-009132,1,bank_transfer,2019-11-18,1401.02
WO-009133,1,bank_transfer,2019-11-01,901.44
WO-009134,1,bank_transfer,2019-10-25,2127.42
WO-009135,1,purchase_order,2019-12-05,1118.47
WO-009136,1,bank_transfer,2019-11-09,2392.35
WO-009137,1,bank_transfer,2019-11-07,3592.34
WO-009138,1,bank_transfer,2019-10-15,655.1
WO-009139,1,purchase_order,2019-12-18,257.0
WO-009140,1,bank_transfer,2019-10-25,1420.28
WO-009141,1,bank_transfer,2019-11-22,658.13
WO-009141,2,purchase_order,2019-12-14,496.03
WO-009142,1,purchase_order,2019-11-06,31.01
WO-009142,2,purchase_order,2019-12-03,382.53
WO-009143,1,corporate_card,2019-10-30,576.47
WO-009144,1,corporate_card,2019-10-29,192.7
WO-009144,2,purchase_order,2019-12-03,237.52
WO-009145,1,bank_transfer,2019-11-13,812.87
WO-009147,1,bank_transfer,2019-11-04,1731.7
WO-009148,1,purchase_order,2019-12-03,992.92
WO-009149,1,bank_transfer,2019-10-29,1734.51
WO-009150,1,corporate_card,2019-10-05,1187.42
WO-009151,1,corporate_card,2019-11-18,442.16
WO-009152,1,bank_transfer,2019-11-27,448.93
WO-009152,2,bank_transfer,2019-12-31,985.57
WO-009153,1,corporate_card,2019-11-09,1418.74
WO-009154,1,purchase_order,2019-10-22,853.55
WO-009155,1,purchase_order,2019-11-04,870.26
WO-009155,2,corporate_card,2019-12-04,329.08
WO-009156,1,purchase_order,2019-11-16,669.59
WO-009157,1,purchase_order,2019-10-17,74.76
WO-009157,2,bank_transfer,2019-11-24,505.75
WO-009158,1,purchase_order,2019-10-28,918.59
WO-009159,1,purchase_order,2019-11-05,940.4
WO-009160,1,bank_transfer,2019-10-13,118.59
WO-009160,2,bank_transfer,2019-10-29,654.35
WO-009161,1,purchase_order,2019-12-16,737.34
WO-009162,1,corporate_card,2019-11-09,513.75
WO-009163,1,purchase_order,2019-11-23,1240.55
WO-009164,1,bank_transfer,2019-10-29,870.68
WO-009166,1,purchase_order,2019-11-19,1740.3
WO-009167,1,purchase_order,2019-11-06,1076.78
WO-009168,1,bank_transfer,2019-12-06,990.57
WO-009169,1,bank_transfer,2019-10-16,397.57
WO-009170,1,purchase_order,2019-11-29,1962.28
WO-009171,1,corporate_card,2019-10-28,807.86
WO-009172,1,bank_transfer,2019-11-09,3385.18
WO-009173,1,bank_transfer,2019-11-28,995.22
WO-009174,1,purchase_order,2019-10-31,1624.41
WO-009175,1,bank_transfer,2019-10-20,844.74
WO-009176,1,purchase_order,2019-11-11,19.22
WO-009176,2,bank_transfer,2019-11-30,167.99
WO-009177,1,bank_transfer,2019-11-14,404.32
WO-009177,2,purchase_order,2019-12-16,799.7
WO-009178,1,purchase_order,2019-11-21,382.62
WO-009178,2,purchase_order,2019-12-27,466.23
WO-009179,1,bank_transfer,2019-11-19,1359.18
WO-009180,1,bank_transfer,2019-10-30,1648.47
WO-009181,1,purchase_order,2019-10-28,711.0
WO-009182,1,bank_transfer,2019-11-14,305.23
WO-009183,1,bank_transfer,2019-12-06,2109.34
WO-009184,1,bank_transfer,2019-11-30,1799.99
WO-009185,1,bank_transfer,2019-12-01,420.17
WO-009186,1,bank_transfer,2019-11-07,3110.93
WO-009187,1,purchase_order,2019-11-19,2406.08
WO-009188,1,purchase_order,2019-11-24,3224.13
WO-009189,1,bank_transfer,2019-11-19,1936.13
WO-009190,1,purchase_order,2019-11-19,415.59
WO-009190,2,bank_transfer,2019-12-11,351.79
WO-009191,1,purchase_order,2019-11-07,1077.48
WO-009192,1,bank_transfer,2019-11-16,998.99
WO-009194,1,purchase_order,2019-11-15,1669.47
WO-009195,1,purchase_order,2019-12-12,406.8
WO-009196,1,bank_transfer,2019-12-04,867.75
WO-009196,2,bank_transfer,2019-12-24,498.57
WO-009197,1,bank_transfer,2019-10-19,339.76
WO-009198,1,bank_transfer,2019-12-01,553.58
WO-009199,1,purchase_order,2019-11-04,1069.78
WO-009200,1,bank_transfer,2019-11-25,1017.34
WO-009201,1,corporate_card,2019-11-11,677.62
WO-009201,2,bank_transfer,2019-12-04,139.81
WO-009202,1,bank_transfer,2019-11-18,1213.13
WO-009203,1,purchase_order,2019-11-27,155.76
WO-009204,1,bank_transfer,2019-12-03,2283.07
WO-009205,1,bank_transfer,2019-10-30,892.52
WO-009206,1,bank_transfer,2019-11-27,3084.4
WO-009207,1,bank_transfer,2019-10-22,893.02
WO-009208,1,bank_transfer,2019-11-11,726.46
WO-009209,1,bank_transfer,2019-11-29,1148.44
WO-009210,1,bank_transfer,2019-10-19,496.36
WO-009211,1,purchase_order,2019-12-14,1307.6
WO-009212,1,corporate_card,2019-11-16,1415.56
WO-009213,1,purchase_order,2019-11-20,456.5
WO-009214,1,bank_transfer,2019-11-08,461.57
WO-009215,1,bank_transfer,2019-11-29,235.46
WO-009216,1,corporate_card,2019-11-17,135.4
WO-009216,2,bank_transfer,2019-12-09,243.71
WO-009217,1,purchase_order,2019-12-05,2024.29
WO-009218,1,bank_transfer,2019-11-04,301.22
WO-009218,2,purchase_order,2019-11-21,115.18
WO-009219,1,bank_transfer,2019-11-13,760.57
WO-009220,1,bank_transfer,2019-11-02,1519.0
WO-009221,1,purchase_order,2019-11-07,1004.62
WO-009221,2,purchase_order,2019-12-21,764.64
WO-009223,1,bank_transfer,2019-11-07,644.45
WO-009223,2,bank_transfer,2019-12-10,649.12
WO-009224,1,purchase_order,2019-11-13,1014.34
WO-009225,1,bank_transfer,2019-11-27,781.24
WO-009226,1,purchase_order,2019-12-05,955.87
WO-009227,1,bank_transfer,2019-12-29,362.08
WO-009228,1,bank_transfer,2019-11-09,333.41
WO-009229,1,corporate_card,2019-12-07,373.4
WO-009229,2,bank_transfer,2019-12-23,234.97
WO-009231,1,corporate_card,2019-12-03,527.8
WO-009232,1,bank_transfer,2019-11-12,2481.91
WO-009233,1,purchase_order,2019-11-19,756.32
WO-009234,1,purchase_order,2019-11-17,1623.68
WO-009235,1,purchase_order,2019-11-20,1505.7
WO-009236,1,bank_transfer,2019-11-06,406.66
WO-009236,2,corporate_card,2019-12-06,907.17
WO-009237,1,bank_transfer,2019-12-18,692.01
WO-009238,1,bank_transfer,2019-12-07,2060.17
WO-009239,1,purchase_order,2019-12-07,907.97
WO-009240,1,purchase_order,2019-11-27,108.38
WO-009240,2,corporate_card,2019-12-18,231.52
WO-009241,1,bank_transfer,2019-11-04,4174.28
WO-009242,1,bank_transfer,2019-10-26,1579.08
WO-009243,1,purchase_order,2019-12-03,515.63
WO-009245,1,corporate_card,2019-10-19,1450.39
WO-009246,1,bank_transfer,2019-11-07,306.21
WO-009247,1,purchase_order,2019-11-10,1812.4
WO-009248,1,corporate_card,2019-11-30,1100.82
WO-009249,1,purchase_order,2019-11-13,1639.49
WO-009250,1,bank_transfer,2019-11-12,143.56
WO-009250,2,purchase_order,2019-11-28,301.97
WO-009250,3,purchase_order,2019-12-29,88.95
WO-009251,1,purchase_order,2019-12-23,1136.21
WO-009252,1,bank_transfer,2019-11-12,424.5
WO-009253,1,bank_transfer,2019-11-08,3925.73
WO-009254,1,purchase_order,2019-11-08,571.83
WO-009255,1,bank_transfer,2019-11-01,891.82
WO-009256,1,purchase_order,2019-12-12,569.29
WO-009257,1,bank_transfer,2019-11-19,835.97
WO-009258,1,bank_transfer,2019-12-13,1110.64
WO-009259,1,purchase_order,2019-12-24,380.81
WO-009260,1,bank_transfer,2019-12-13,1108.89
WO-009261,1,bank_transfer,2019-10-17,1036.79
WO-009262,1,bank_transfer,2019-12-17,2229.85
WO-009263,1,purchase_order,2019-10-18,666.25
WO-009264,1,purchase_order,2019-11-01,767.79
WO-009265,1,bank_transfer,2019-11-18,465.65
WO-009266,1,purchase_order,2019-12-13,722.71
WO-009266,2,bank_transfer,2019-12-30,933.97
WO-009267,1,bank_transfer,2019-10-29,3328.97
WO-009268,1,purchase_order,2019-11-17,897.2
WO-009269,1,bank_transfer,2019-11-17,1870.94
WO-009270,1,bank_transfer,2019-12-04,855.37
WO-009271,1,purchase_order,2019-11-04,3429.25
WO-009272,1,purchase_order,2019-11-10,978.04
WO-009273,1,bank_transfer,2019-11-15,709.36
WO-009273,2,corporate_card,2019-12-22,609.64
WO-009274,1,bank_transfer,2019-11-27,1333.49
WO-009275,1,bank_transfer,2019-12-02,2556.43
WO-009276,1,purchase_order,2019-12-28,293.18
WO-009277,1,purchase_order,2019-12-22,1627.66
WO-009278,1,bank_transfer,2019-12-03,1109.01
WO-009280,1,bank_transfer,2019-12-05,514.95
WO-009281,1,bank_transfer,2019-12-13,479.54
WO-009282,1,bank_transfer,2019-11-26,440.35
WO-009283,1,bank_transfer,2019-12-09,925.67
WO-009284,1,corporate_card,2019-11-26,564.43
WO-009285,1,purchase_order,2019-11-24,2773.57
WO-009286,1,bank_transfer,2019-12-01,242.11
WO-009287,1,bank_transfer,2019-12-23,340.32
WO-009288,1,bank_transfer,2019-12-12,2837.6
WO-009289,1,bank_transfer,2019-10-18,219.45
WO-009289,2,bank_transfer,2019-11-05,670.78
WO-009290,1,bank_transfer,2019-11-16,458.21
WO-009290,2,bank_transfer,2019-12-20,390.26
WO-009291,1,bank_transfer,2019-12-09,1618.98
WO-009292,1,purchase_order,2019-12-02,1143.84
WO-009293,1,bank_transfer,2019-12-09,1397.26
WO-009294,1,bank_transfer,2019-11-29,421.1
WO-009294,2,corporate_card,2019-12-30,136.4
WO-009295,1,bank_transfer,2019-11-22,1266.87
WO-009296,1,corporate_card,2019-12-06,243.54
WO-009297,1,bank_transfer,2019-11-11,2438.64
WO-009298,1,purchase_order,2019-11-27,467.69
WO-009300,1,bank_transfer,2019-12-01,3020.5
WO-009301,1,bank_transfer,2019-11-06,1351.01
WO-009302,1,corporate_card,2019-11-27,276.85
WO-009303,1,bank_transfer,2019-11-03,664.51
WO-009304,1,corporate_card,2019-11-28,1075.39
WO-009304,2,purchase_order,2019-12-14,817.49
WO-009306,1,purchase_order,2019-11-01,432.29
WO-009306,2,bank_transfer,2019-12-05,296.88
WO-009307,1,bank_transfer,2019-11-27,1958.18
WO-009308,1,purchase_order,2019-11-05,446.81
WO-009309,1,purchase_order,2019-12-14,903.1
WO-009310,1,bank_transfer,2019-11-15,1596.97
WO-009311,1,bank_transfer,2019-10-28,887.24
WO-009311,2,bank_transfer,2019-12-05,683.49
WO-009312,1,bank_transfer,2019-12-04,2063.53
WO-009313,1,purchase_order,2019-12-05,2040.22
WO-009314,1,bank_transfer,2019-12-07,744.69
WO-009315,1,purchase_order,2019-11-15,669.0
WO-009316,1,corporate_card,2019-12-09,993.05
WO-009317,1,bank_transfer,2019-12-13,721.23
WO-009318,1,corporate_card,2019-12-21,498.55
WO-009319,1,bank_transfer,2019-12-15,1576.18
WO-009320,1,purchase_order,2019-11-15,887.87
WO-009321,1,bank_transfer,2019-12-14,1001.11
WO-009322,1,bank_transfer,2019-12-14,1712.96
WO-009323,1,bank_transfer,2019-12-23,1973.69
WO-009324,1,bank_transfer,2019-12-02,2833.82
WO-009325,1,bank_transfer,2019-11-11,544.62
WO-009325,2,bank_transfer,2019-12-01,387.28
WO-009326,1,bank_transfer,2019-12-08,2205.08
WO-009327,1,purchase_order,2019-11-11,766.24
WO-009329,1,bank_transfer,2019-11-24,1099.89
WO-009330,1,bank_transfer,2019-12-16,298.5
WO-009331,1,purchase_order,2019-11-23,249.0
WO-009331,2,bank_transfer,2019-12-28,138.68
WO-009332,1,bank_transfer,2019-12-27,1162.1
WO-009333,1,bank_transfer,2019-12-09,469.78
WO-009334,1,purchase_order,2019-12-05,63.38
WO-009334,2,corporate_card,2019-12-31,114.15
WO-009335,1,bank_transfer,2019-12-20,473.65
WO-009336,1,purchase_order,2019-11-02,466.99
WO-009336,2,bank_transfer,2019-12-03,276.65
WO-009337,1,bank_transfer,2019-11-30,839.01
WO-009338,1,bank_transfer,2019-11-06,429.54
WO-009338,2,purchase_order,2019-12-15,274.44
WO-009339,1,bank_transfer,2019-11-08,445.0
WO-009340,1,bank_transfer,2019-11-11,777.91
WO-009341,1,corporate_card,2019-12-12,2218.79
WO-009342,1,bank_transfer,2019-11-23,2416.18
WO-009343,1,bank_transfer,2019-11-26,760.49
WO-009344,1,corporate_card,2019-12-16,1311.94
WO-009345,1,corporate_card,2019-11-14,686.79
WO-009346,1,bank_transfer,2019-12-06,1299.71
WO-009347,1,corporate_card,2019-12-24,670.88
WO-009348,1,corporate_card,2019-11-05,386.11
WO-009349,1,purchase_order,2019-12-13,530.15
WO-009350,1,bank_transfer,2019-12-19,981.2
WO-009351,1,bank_transfer,2019-12-11,2477.46
WO-009352,1,bank_transfer,2019-12-09,1268.01
WO-009353,1,bank_transfer,2019-12-20,2282.3
WO-009354,1,bank_transfer,2019-11-19,1522.68
WO-009355,1,purchase_order,2019-12-14,1291.42
WO-009357,1,purchase_order,2019-11-01,757.17
WO-009357,2,purchase_order,2019-12-14,173.78
WO-009358,1,bank_transfer,2019-11-14,2311.84
WO-009360,1,bank_transfer,2019-11-02,1408.76
WO-009361,1,corporate_card,2019-12-07,340.6
WO-009363,1,corporate_card,2019-12-02,991.65
WO-009364,1,bank_transfer,2019-12-07,961.21
WO-009365,1,purchase_order,2019-11-16,1331.67
WO-009365,2,purchase_order,2019-12-08,2077.69
WO-009366,1,bank_transfer,2019-12-10,931.91
WO-009367,1,bank_transfer,2019-12-24,437.17
WO-009368,1,bank_transfer,2019-11-25,3781.73
WO-009369,1,bank_transfer,2019-12-14,529.45
WO-009370,1,corporate_card,2019-12-12,3405.23
WO-009371,1,bank_transfer,2019-12-01,462.05
WO-009371,2,bank_transfer,2019-12-22,416.93
WO-009372,1,bank_transfer,2019-12-01,250.35
WO-009373,1,bank_transfer,2019-12-07,1160.5
WO-009374,1,bank_transfer,2019-12-07,1381.19
WO-009376,1,bank_transfer,2019-12-09,1580.06
WO-009377,1,bank_transfer,2019-12-15,2030.5
WO-009378,1,corporate_card,2019-11-11,832.59
WO-009379,1,bank_transfer,2019-11-18,335.5
WO-009379,2,bank_transfer,2019-12-16,352.73
WO-009380,1,corporate_card,2019-11-13,1889.46
WO-009381,1,bank_transfer,2019-11-27,2205.49
WO-009383,1,purchase_order,2019-12-13,2527.83
WO-009384,1,bank_transfer,2019-12-05,911.44
WO-009385,1,bank_transfer,2019-12-19,2079.37
WO-009386,1,bank_transfer,2019-12-01,1571.58
WO-009387,1,bank_transfer,2019-12-05,762.53
WO-009388,1,purchase_order,2019-12-15,317.63
WO-009389,1,bank_transfer,2019-11-04,426.04
WO-009389,2,bank_transfer,2019-12-09,250.65
WO-009390,1,bank_transfer,2019-11-19,262.0
WO-009391,1,bank_transfer,2019-11-23,631.85
WO-009392,1,bank_transfer,2019-12-04,1132.43
WO-009393,1,bank_transfer,2019-12-25,1138.3
WO-009394,1,purchase_order,2019-12-16,805.62
WO-009395,1,bank_transfer,2019-12-07,1262.21
WO-009396,1,bank_transfer,2019-12-26,461.46
WO-009397,1,bank_transfer,2019-11-07,1829.26
WO-009398,1,bank_transfer,2019-12-14,1024.18
WO-009399,1,corporate_card,2019-12-15,2311.55
WO-009400,1,purchase_order,2019-12-01,413.5
WO-009401,1,corporate_card,2019-11-27,643.25
WO-009402,1,corporate_card,2019-12-01,450.77
WO-009403,1,bank_transfer,2019-12-23,1090.42
WO-009405,1,bank_transfer,2019-11-29,1343.54
WO-009405,2,corporate_card,2019-12-29,550.56
WO-009406,1,bank_transfer,2019-12-12,4748.82
WO-009408,1,bank_transfer,2019-12-08,707.97
WO-009409,1,corporate_card,2019-12-05,1644.52
WO-009410,1,purchase_order,2019-11-11,280.65
WO-009410,2,corporate_card,2019-12-12,212.15
WO-009410,3,bank_transfer,2019-12-29,226.36
WO-009411,1,bank_transfer,2019-12-06,372.74
WO-009412,1,bank_transfer,2019-11-27,1349.62
WO-009413,1,bank_transfer,2019-12-24,1212.46
WO-009415,1,bank_transfer,2019-12-26,1501.69
WO-009416,1,bank_transfer,2019-11-24,1715.19
WO-009416,2,corporate_card,2019-12-26,501.07
WO-009417,1,bank_transfer,2019-12-04,549.09
WO-009419,1,purchase_order,2019-12-05,1206.29
WO-009422,1,bank_transfer,2019-12-17,1201.05
WO-009424,1,purchase_order,2019-12-26,434.17
WO-009425,1,purchase_order,2019-12-13,407.23
WO-009426,1,purchase_order,2019-12-16,418.21
WO-009427,1,corporate_card,2019-12-01,467.03
WO-009428,1,corporate_card,2019-11-04,2108.93
WO-009429,1,purchase_order,2019-12-22,796.1
WO-009430,1,bank_transfer,2019-12-09,320.5
WO-009431,1,bank_transfer,2019-12-17,1080.63
WO-009432,1,purchase_order,2019-12-02,400.58
WO-009433,1,corporate_card,2019-12-08,548.15
WO-009434,1,corporate_card,2019-11-06,1168.83
WO-009435,1,corporate_card,2019-11-03,325.45
WO-009436,1,purchase_order,2019-12-16,1819.32
WO-009437,1,corporate_card,2019-12-28,1705.16
WO-009439,1,purchase_order,2019-12-14,989.32
WO-009440,1,purchase_order,2019-12-21,1264.71
WO-009442,1,bank_transfer,2019-12-20,2136.96
WO-009443,1,corporate_card,2019-12-07,1512.48
WO-009444,1,bank_transfer,2019-11-21,2619.18
WO-009446,1,purchase_order,2019-11-09,237.08
WO-009446,2,purchase_order,2019-12-18,788.25
WO-009447,1,purchase_order,2019-12-27,587.73
WO-009448,1,bank_transfer,2019-12-19,480.3
WO-009449,1,bank_transfer,2019-12-16,1508.22
WO-009451,1,bank_transfer,2019-11-19,1258.17
WO-009453,1,bank_transfer,2019-12-18,1441.91
WO-009454,1,bank_transfer,2019-12-15,1448.59
WO-009455,1,bank_transfer,2019-12-11,4525.69
WO-009456,1,bank_transfer,2019-12-15,411.84
WO-009458,1,corporate_card,2019-12-13,2876.52
WO-009459,1,purchase_order,2019-12-14,811.56
WO-009461,1,purchase_order,2019-11-16,4370.0
WO-009462,1,bank_transfer,2019-12-25,114.76
WO-009463,1,purchase_order,2019-12-30,346.95
WO-009466,1,corporate_card,2019-12-17,2920.09
WO-009468,1,corporate_card,2019-12-21,813.78
WO-009470,1,purchase_order,2019-12-04,1145.74
WO-009471,1,corporate_card,2019-11-11,1373.99
WO-009473,1,bank_transfer,2019-12-20,2776.71
WO-009474,1,bank_transfer,2019-12-14,1744.39
WO-009475,1,bank_transfer,2019-11-18,2540.79
WO-009477,1,bank_transfer,2019-12-24,911.1
WO-009482,1,bank_transfer,2019-12-28,1142.88
WO-009483,1,bank_transfer,2019-12-06,894.56
WO-009485,1,bank_transfer,2019-12-26,199.29
WO-009486,1,bank_transfer,2019-12-14,1522.14
WO-009487,1,purchase_order,2019-12-11,1142.08
WO-009488,1,bank_transfer,2019-12-24,1571.85
WO-009489,1,purchase_order,2019-12-27,1349.93
WO-009491,1,bank_transfer,2019-11-11,292.75
WO-009491,2,bank_transfer,2019-12-01,467.52
WO-009492,1,corporate_card,2019-12-23,944.4
WO-009493,1,bank_transfer,2019-11-27,1385.22
WO-009496,1,purchase_order,2019-12-28,495.88
WO-009511,1,purchase_order,2019-12-27,1515.33
WO-009524,1,purchase_order,2019-12-18,551.45
WO-009526,1,bank_transfer,2019-12-31,758.89
WO-009529,1,purchase_order,2019-12-27,399.46
WO-009530,1,purchase_order,2019-12-21,4005.25
WO-009531,1,bank_transfer,2019-12-05,778.27
WO-009533,1,bank_transfer,2019-11-16,782.1
WO-009548,1,bank_transfer,2019-12-21,728.67
WO-009559,1,purchase_order,2019-11-19,879.3
WO-009559,2,bank_transfer,2019-12-26,586.31
WO-009561,1,bank_transfer,2019-12-30,639.29
WO-009563,1,corporate_card,2019-12-13,3173.27
WO-009571,1,purchase_order,2019-12-10,765.08
WO-009573,1,bank_transfer,2019-12-26,1988.23
WO-009596,1,corporate_card,2019-12-24,1882.57
WO-009599,1,purchase_order,2019-12-14,894.22
WO-009600,1,purchase_order,2019-12-11,766.33
WO-009611,1,bank_transfer,2019-11-24,564.3
WO-009617,1,bank_transfer,2019-12-21,941.14
WO-009618,1,bank_transfer,2019-12-26,1323.18
WO-009620,1,bank_transfer,2019-12-14,852.39
WO-009623,1,purchase_order,2019-12-24,551.71
WO-009624,1,bank_transfer,2019-12-31,2421.29
WO-009632,1,purchase_order,2019-12-08,564.24
WO-009642,1,bank_transfer,2019-11-29,673.43
WO-009645,1,corporate_card,2019-12-30,921.1
WO-009678,1,bank_transfer,2019-12-25,3060.23
WO-009686,1,corporate_card,2019-12-07,388.64
WO-009714,1,bank_transfer,2019-12-25,2762.83
WO-009718,1,corporate_card,2019-12-19,1156.25
WO-009725,1,purchase_order,2019-12-12,377.37
WO-009730,1,bank_transfer,2019-12-28,1079.52
WO-009737,1,purchase_order,2019-12-27,1010.9
WO-009761,1,purchase_order,2019-12-20,604.75
WO-009884,1,purchase_order,2019-12-28,1621.11
WO-009909,1,purchase_order,2019-12-30,774.94
