work_order_id,response_sequence,responded_date,satisfaction_score
WO-000002,1,2017-01-12,8
WO-000003,1,2017-01-09,9
WO-000004,1,2017-01-22,9
WO-000005,1,2017-02-18,6
WO-000006,1,2017-01-25,4
WO-000006,2,2017-02-13,7
WO-000008,1,2017-01-30,9
WO-000011,1,2017-01-29,7
WO-000012,1,2017-01-25,9
WO-000013,1,2017-01-18,9
WO-000014,1,2017-01-31,9
WO-000014,2,2017-02-11,8
WO-000016,1,2017-02-09,5
WO-000018,1,2017-02-01,5
WO-000018,2,2017-02-26,9
WO-000020,1,2017-01-24,7
WO-000021,1,2017-01-18,8
WO-000023,1,2017-01-21,6
WO-000024,1,2017-01-27,10
WO-000029,1,2017-01-15,7
WO-000031,1,2017-01-30,9
WO-000032,1,2017-01-24,7
WO-000033,1,2017-01-21,6
WO-000037,1,2017-01-30,10
WO-000040,1,2017-01-26,10
WO-000042,1,2017-01-12,8
WO-000042,2,2017-02-09,9
WO-000047,1,2017-01-26,7
WO-000048,1,2017-02-18,5
WO-000048,2,2017-03-02,9
WO-000049,1,2017-01-24,8
WO-000050,1,2017-01-27,6
WO-000051,1,2017-01-26,8
WO-000053,1,2017-01-13,9
WO-000055,1,2017-02-04,10
WO-000056,1,2017-02-06,5
WO-000058,1,2017-01-21,6
WO-000059,1,2017-02-02,7
WO-000060,1,2017-02-09,4
WO-000060,2,2017-03-01,8
WO-000062,1,2017-01-30,8
WO-000062,2,2017-02-25,6
WO-000064,1,2017-01-22,9
WO-000066,1,2017-01-21,10
WO-000067,1,2017-01-29,9
WO-000070,1,2017-01-22,10
WO-000072,1,2017-01-22,6
WO-000074,1,2017-01-30,6
WO-000080,1,2017-01-24,10
WO-000081,1,2017-01-30,6
WO-000083,1,2017-02-06,7
WO-000084,1,2017-02-07,5
WO-000084,2,2017-03-03,9
WO-000086,1,2017-02-08,10
WO-000088,1,2017-01-29,8
WO-000089,1,2017-01-17,8
WO-000089,2,2017-02-05,8
WO-000091,1,2017-01-30,6
WO-000096,1,2017-01-20,7
WO-000097,1,2017-01-24,7
WO-000097,2,2017-02-08,7
WO-000098,1,2017-01-23,10
WO-000102,1,2017-02-07,6
WO-000103,1,2017-02-10,5
WO-000103,2,2017-02-27,6
WO-000106,1,2017-01-26,8
WO-000107,1,2017-01-24,6
WO-000108,1,2017-02-12,8
WO-000108,2,2017-03-10,8
WO-000114,1,2017-01-23,7
WO-000115,1,2017-02-07,10
WO-000117,1,2017-01-29,9
WO-000119,1,2017-02-09,2
WO-000119,2,2017-03-03,6
WO-000120,1,2017-02-07,7
WO-000123,1,2017-02-02,7
WO-000126,1,2017-01-30,9
WO-000126,2,2017-02-09,9
WO-000128,1,2017-02-08,6
WO-000129,1,2017-02-12,8
WO-000130,1,2017-02-01,5
WO-000130,2,2017-02-20,10
WO-000134,1,2017-02-11,10
WO-000137,1,2017-02-03,8
WO-000139,1,2017-02-10,8
WO-000139,2,2017-03-03,7
WO-000140,1,2017-02-13,8
WO-000140,2,2017-03-03,9
WO-000148,1,2017-02-07,2
WO-000148,2,2017-03-03,6
WO-000149,1,2017-02-07,8
WO-000150,1,2017-02-02,8
WO-000150,2,2017-02-14,8
WO-000152,1,2017-02-07,8
WO-000153,1,2017-01-30,10
WO-000159,1,2017-01-29,8
WO-000163,1,2017-02-06,8
WO-000164,1,2017-02-03,10
WO-000165,1,2017-02-07,8
WO-000167,1,2017-02-09,8
WO-000168,1,2017-02-09,5
WO-000168,2,2017-02-25,8
WO-000170,1,2017-02-04,6
WO-000171,1,2017-02-16,9
WO-000174,1,2017-02-08,7
WO-000175,1,2017-02-13,4
WO-000177,1,2017-02-05,9
WO-000178,1,2017-02-16,10
WO-000181,1,2017-02-12,9
WO-000183,1,2017-02-06,6
WO-000185,1,2017-02-10,8
WO-000187,1,2017-02-04,9
WO-000189,1,2017-02-08,6
WO-000190,1,2017-02-09,10
WO-000192,1,2017-02-11,8
WO-000193,1,2017-02-10,8
WO-000194,1,2017-02-12,9
WO-000195,1,2017-02-25,10
WO-000197,1,2017-02-08,9
WO-000198,1,2017-02-03,9
WO-000201,1,2017-02-19,7
WO-000204,1,2017-02-13,8
WO-000205,1,2017-02-13,7
WO-000207,1,2017-02-20,10
WO-000209,1,2017-02-20,8
WO-000210,1,2017-02-09,10
WO-000211,1,2017-02-16,7
WO-000213,1,2017-02-27,8
WO-000215,1,2017-02-05,6
WO-000217,1,2017-02-11,6
WO-000218,1,2017-02-22,5
WO-000218,2,2017-03-10,7
WO-000221,1,2017-02-11,8
WO-000222,1,2017-02-18,5
WO-000222,2,2017-03-13,9
WO-000223,1,2017-02-22,9
WO-000224,1,2017-02-19,6
WO-000225,1,2017-02-23,7
WO-000228,1,2017-02-24,8
WO-000229,1,2017-02-14,9
WO-000231,1,2017-02-16,8
WO-000233,1,2017-02-25,7
WO-000237,1,2017-02-10,9
WO-000238,1,2017-03-07,2
WO-000238,2,2017-03-31,6
WO-000239,1,2017-03-05,7
WO-000239,2,2017-03-16,6
WO-000240,1,2017-02-19,8
WO-000240,2,2017-03-03,10
WO-000241,1,2017-02-26,7
WO-000243,1,2017-03-05,10
WO-000244,1,2017-02-22,5
WO-000244,2,2017-03-11,10
WO-000245,1,2017-02-14,9
WO-000247,1,2017-02-26,6
WO-000250,1,2017-02-25,7
WO-000251,1,2017-02-21,5
WO-000251,2,2017-03-11,9
WO-000252,1,2017-03-02,7
WO-000254,1,2017-03-10,7
WO-000255,1,2017-02-22,5
WO-000255,2,2017-03-19,7
WO-000257,1,2017-02-26,8
WO-000258,1,2017-02-27,8
WO-000259,1,2017-02-27,6
WO-000260,1,2017-02-17,8
WO-000262,1,2017-02-15,9
WO-000264,1,2017-02-15,7
WO-000265,1,2017-03-05,7
WO-000267,1,2017-02-21,7
WO-000269,1,2017-02-15,6
WO-000270,1,2017-02-22,6
WO-000271,1,2017-03-06,9
WO-000273,1,2017-02-27,9
WO-000274,1,2017-03-11,10
WO-000274,2,2017-03-29,9
WO-000277,1,2017-02-17,8
WO-000277,2,2017-03-13,8
WO-000278,1,2017-02-18,6
WO-000279,1,2017-03-08,9
WO-000281,1,2017-02-17,7
WO-000282,1,2017-03-07,7
WO-000283,1,2017-03-03,7
WO-000284,1,2017-02-26,5
WO-000284,2,2017-03-05,8
WO-000285,1,2017-02-18,7
WO-000286,1,2017-02-23,10
WO-000289,1,2017-02-19,8
WO-000291,1,2017-03-10,7
WO-000296,1,2017-02-26,7
WO-000297,1,2017-03-18,5
WO-000297,2,2017-04-09,7
WO-000298,1,2017-03-07,9
WO-000298,2,2017-03-25,10
WO-000300,1,2017-03-03,8
WO-000302,1,2017-03-04,8
WO-000304,1,2017-03-04,7
WO-000306,1,2017-02-26,9
WO-000307,1,2017-03-01,10
WO-000309,1,2017-02-27,10
WO-000310,1,2017-03-07,10
WO-000311,1,2017-02-24,9
WO-000312,1,2017-02-23,3
WO-000312,2,2017-03-13,6
WO-000314,1,2017-03-12,7
WO-000316,1,2017-02-26,5
WO-000316,2,2017-03-22,5
WO-000318,1,2017-03-03,8
WO-000320,1,2017-03-10,7
WO-000323,1,2017-03-01,8
WO-000326,1,2017-03-02,9
WO-000328,1,2017-02-25,8
WO-000330,1,2017-02-23,7
WO-000331,1,2017-03-05,10
WO-000331,2,2017-03-13,10
WO-000332,1,2017-03-05,7
WO-000334,1,2017-02-27,6
WO-000335,1,2017-03-08,6
WO-000338,1,2017-03-03,7
WO-000344,1,2017-03-01,6
WO-000345,1,2017-03-02,10
WO-000346,1,2017-03-11,6
WO-000347,1,2017-03-06,8
WO-000348,1,2017-03-07,7
WO-000350,1,2017-02-23,6
WO-000360,1,2017-03-15,8
WO-000361,1,2017-03-22,6
WO-000362,1,2017-03-18,10
WO-000367,1,2017-03-21,7
WO-000368,1,2017-03-05,8
WO-000369,1,2017-03-09,9
WO-000373,1,2017-03-19,8
WO-000374,1,2017-02-24,9
WO-000375,1,2017-03-01,9
WO-000379,1,2017-03-12,8
WO-000380,1,2017-03-08,7
WO-000383,1,2017-03-27,8
WO-000386,1,2017-03-21,5
WO-000386,2,2017-04-17,7
WO-000387,1,2017-03-17,8
WO-000390,1,2017-03-11,10
WO-000391,1,2017-03-02,6
WO-000393,1,2017-03-10,4
WO-000393,2,2017-04-02,7
WO-000395,1,2017-03-25,8
WO-000396,1,2017-03-30,9
WO-000399,1,2017-03-15,9
WO-000401,1,2017-03-14,10
WO-000403,1,2017-03-08,9
WO-000407,1,2017-03-15,7
WO-000407,2,2017-03-30,8
WO-000409,1,2017-02-28,8
WO-000410,1,2017-03-27,5
WO-000410,2,2017-04-19,7
WO-000411,1,2017-03-19,9
WO-000412,1,2017-02-28,8
WO-000414,1,2017-03-27,7
WO-000415,1,2017-03-12,7
WO-000416,1,2017-03-23,9
WO-000417,1,2017-03-16,8
WO-000419,1,2017-03-28,8
WO-000421,1,2017-03-20,9
WO-000424,1,2017-03-11,9
WO-000426,1,2017-03-09,8
WO-000426,2,2017-03-17,7
WO-000427,1,2017-03-11,10
WO-000429,1,2017-03-29,9
WO-000430,1,2017-03-24,8
WO-000431,1,2017-03-24,8
WO-000432,1,2017-03-20,8
WO-000438,1,2017-03-20,8
WO-000439,1,2017-03-25,9
WO-000440,1,2017-03-25,9
WO-000445,1,2017-03-22,8
WO-000446,1,2017-03-26,9
WO-000447,1,2017-03-07,9
WO-000449,1,2017-03-14,6
WO-000451,1,2017-03-21,8
WO-000455,1,2017-03-22,6
WO-000457,1,2017-03-12,9
WO-000457,2,2017-03-21,8
WO-000459,1,2017-03-18,8
WO-000460,1,2017-03-27,9
WO-000461,1,2017-03-19,5
WO-000461,2,2017-03-30,8
WO-000463,1,2017-03-19,8
WO-000465,1,2017-03-11,10
WO-000467,1,2017-03-24,9
WO-000467,2,2017-04-05,9
WO-000468,1,2017-03-14,7
WO-000471,1,2017-03-24,5
WO-000471,2,2017-04-21,9
WO-000472,1,2017-03-10,8
WO-000474,1,2017-04-04,10
WO-000476,1,2017-03-21,7
WO-000478,1,2017-04-04,9
WO-000478,2,2017-04-14,8
WO-000480,1,2017-03-31,9
WO-000481,1,2017-03-13,7
WO-000482,1,2017-03-16,9
WO-000482,2,2017-04-04,9
WO-000483,1,2017-04-06,2
WO-000483,2,2017-04-13,8
WO-000485,1,2017-03-28,10
WO-000488,1,2017-04-04,9
WO-000490,1,2017-03-22,8
WO-000492,1,2017-03-24,6
WO-000495,1,2017-03-21,9
WO-000496,1,2017-03-21,8
WO-000497,1,2017-03-20,7
WO-000498,1,2017-03-29,8
WO-000500,1,2017-04-12,3
WO-000500,2,2017-04-23,7
WO-000501,1,2017-04-19,6
WO-000503,1,2017-04-05,8
WO-000504,1,2017-03-26,10
WO-000505,1,2017-03-12,10
WO-000506,1,2017-04-08,3
WO-000506,2,2017-04-30,6
WO-000507,1,2017-03-29,9
WO-000508,1,2017-04-01,9
WO-000510,1,2017-03-22,9
WO-000511,1,2017-04-11,6
WO-000514,1,2017-04-01,8
WO-000516,1,2017-03-21,7
WO-000519,1,2017-03-21,6
WO-000523,1,2017-04-07,6
WO-000525,1,2017-04-03,7
WO-000527,1,2017-04-02,8
WO-000529,1,2017-03-29,10
WO-000538,1,2017-03-30,9
WO-000542,1,2017-03-30,6
WO-000543,1,2017-04-07,8
WO-000545,1,2017-04-10,7
WO-000547,1,2017-04-05,7
WO-000549,1,2017-03-26,10
WO-000553,1,2017-04-07,9
WO-000554,1,2017-04-04,8
WO-000555,1,2017-04-15,8
WO-000556,1,2017-03-22,8
WO-000557,1,2017-03-28,8
WO-000559,1,2017-03-21,9
WO-000561,1,2017-04-05,7
WO-000568,1,2017-04-01,4
WO-000568,2,2017-04-27,8
WO-000569,1,2017-03-30,6
WO-000572,1,2017-03-27,8
WO-000574,1,2017-03-30,9
WO-000576,1,2017-04-15,7
WO-000579,1,2017-04-04,5
WO-000580,1,2017-04-03,7
WO-000581,1,2017-04-06,8
WO-000584,1,2017-04-01,7
WO-000585,1,2017-04-13,8
WO-000587,1,2017-03-23,6
WO-000588,1,2017-04-04,8
WO-000589,1,2017-04-11,9
WO-000590,1,2017-03-26,7
WO-000591,1,2017-04-13,9
WO-000592,1,2017-04-27,4
WO-000598,1,2017-04-14,7
WO-000599,1,2017-04-14,9
WO-000607,1,2017-04-03,6
WO-000608,1,2017-04-11,10
WO-000614,1,2017-04-04,8
WO-000615,1,2017-04-17,9
WO-000619,1,2017-04-13,7
WO-000620,1,2017-04-10,9
WO-000621,1,2017-04-01,9
WO-000622,1,2017-04-13,6
WO-000625,1,2017-04-20,6
WO-000628,1,2017-04-09,9
WO-000629,1,2017-04-20,4
WO-000629,2,2017-05-06,6
WO-000630,1,2017-04-07,10
WO-000631,1,2017-04-26,1
WO-000631,2,2017-05-17,3
WO-000637,1,2017-04-19,6
WO-000638,1,2017-04-15,8
WO-000639,1,2017-04-09,5
WO-000639,2,2017-04-24,8
WO-000640,1,2017-04-05,9
WO-000642,1,2017-04-12,10
WO-000643,1,2017-04-15,6
WO-000644,1,2017-04-12,7
WO-000646,1,2017-04-03,5
WO-000646,2,2017-04-17,9
WO-000648,1,2017-04-18,10
WO-000650,1,2017-04-10,1
WO-000650,2,2017-05-01,6
WO-000651,1,2017-04-11,7
WO-000653,1,2017-04-21,9
WO-000654,1,2017-04-15,7
WO-000655,1,2017-04-22,3
WO-000655,2,2017-05-01,4
WO-000656,1,2017-04-21,7
WO-000658,1,2017-04-18,9
WO-000659,1,2017-04-22,4
WO-000659,2,2017-05-18,9
WO-000660,1,2017-04-23,8
WO-000661,1,2017-04-25,5
WO-000661,2,2017-05-16,10
WO-000662,1,2017-04-22,8
WO-000663,1,2017-04-20,10
WO-000664,1,2017-04-21,9
WO-000666,1,2017-04-08,10
WO-000669,1,2017-04-18,5
WO-000669,2,2017-05-13,10
WO-000670,1,2017-05-03,5
WO-000670,2,2017-05-23,10
WO-000672,1,2017-05-03,8
WO-000674,1,2017-04-27,10
WO-000675,1,2017-04-17,2
WO-000675,2,2017-05-14,4
WO-000678,1,2017-04-14,7
WO-000679,1,2017-04-30,4
WO-000679,2,2017-05-28,6
WO-000686,1,2017-04-23,10
WO-000687,1,2017-04-20,7
WO-000693,1,2017-04-22,9
WO-000694,1,2017-04-24,7
WO-000695,1,2017-04-21,8
WO-000696,1,2017-05-06,6
WO-000701,1,2017-04-25,6
WO-000702,1,2017-04-09,9
WO-000708,1,2017-05-05,4
WO-000708,2,2017-05-19,8
WO-000709,1,2017-04-18,6
WO-000711,1,2017-04-29,5
WO-000711,2,2017-05-27,8
WO-000713,1,2017-04-19,6
WO-000717,1,2017-04-19,9
WO-000718,1,2017-04-10,9
WO-000720,1,2017-04-13,7
WO-000721,1,2017-05-06,9
WO-000722,1,2017-04-18,9
WO-000723,1,2017-04-22,9
WO-000724,1,2017-05-04,6
WO-000725,1,2017-04-13,7
WO-000727,1,2017-05-04,8
WO-000728,1,2017-04-18,9
WO-000729,1,2017-04-25,8
WO-000731,1,2017-04-28,7
WO-000732,1,2017-04-24,6
WO-000735,1,2017-04-17,8
WO-000736,1,2017-05-09,8
WO-000740,1,2017-04-22,8
WO-000741,1,2017-05-06,5
WO-000741,2,2017-06-02,8
WO-000744,1,2017-04-24,6
WO-000745,1,2017-04-23,8
WO-000747,1,2017-04-15,8
WO-000754,1,2017-04-29,10
WO-000757,1,2017-05-01,8
WO-000759,1,2017-05-05,9
WO-000761,1,2017-05-02,10
WO-000762,1,2017-05-04,5
WO-000762,2,2017-05-16,8
WO-000764,1,2017-05-01,5
WO-000764,2,2017-05-28,8
WO-000765,1,2017-05-06,8
WO-000766,1,2017-04-21,9
WO-000768,1,2017-05-08,7
WO-000771,1,2017-05-11,7
WO-000773,1,2017-04-15,5
WO-000773,2,2017-05-09,10
WO-000777,1,2017-05-08,9
WO-000780,1,2017-05-08,8
WO-000783,1,2017-04-23,8
WO-000786,1,2017-04-24,8
WO-000787,1,2017-04-27,6
WO-000791,1,2017-04-23,6
WO-000794,1,2017-05-10,10
WO-000794,2,2017-06-01,9
WO-000795,1,2017-05-08,8
WO-000796,1,2017-05-04,7
WO-000797,1,2017-04-29,7
WO-000798,1,2017-04-28,8
WO-000799,1,2017-05-06,6
WO-000801,1,2017-04-25,9
WO-000802,1,2017-04-24,6
WO-000803,1,2017-05-05,7
WO-000805,1,2017-04-24,9
WO-000809,1,2017-04-27,6
WO-000812,1,2017-05-02,10
WO-000812,2,2017-05-19,10
WO-000817,1,2017-05-09,5
WO-000818,1,2017-05-03,5
WO-000820,1,2017-05-10,7
WO-000821,1,2017-05-06,9
WO-000824,1,2017-05-07,7
WO-000826,1,2017-05-21,3
WO-000826,2,2017-06-03,6
WO-000828,1,2017-05-02,6
WO-000829,1,2017-04-22,6
WO-000830,1,2017-05-12,5
WO-000830,2,2017-06-01,8
WO-000832,1,2017-05-07,8
WO-000834,1,2017-05-13,10
WO-000836,1,2017-04-28,7
WO-000840,1,2017-05-12,8
WO-000841,1,2017-05-03,6
WO-000846,1,2017-05-07,6
WO-000847,1,2017-05-10,9
WO-000851,1,2017-05-04,10
WO-000852,1,2017-05-17,7
WO-000853,1,2017-05-19,8
WO-000854,1,2017-05-20,7
WO-000855,1,2017-05-14,10
WO-000857,1,2017-05-12,7
WO-000860,1,2017-04-27,8
WO-000861,1,2017-04-28,5
WO-000861,2,2017-05-23,7
WO-000862,1,2017-05-27,8
WO-000863,1,2017-04-28,7
WO-000864,1,2017-04-29,6
WO-000865,1,2017-05-06,10
WO-000868,1,2017-05-04,6
WO-000869,1,2017-05-17,8
WO-000870,1,2017-05-15,5
WO-000870,2,2017-05-28,10
WO-000871,1,2017-05-10,10
WO-000872,1,2017-05-02,9
WO-000876,1,2017-05-21,8
WO-000877,1,2017-05-11,9
WO-000885,1,2017-05-24,4
WO-000885,2,2017-06-18,8
WO-000886,1,2017-05-27,10
WO-000887,1,2017-05-26,7
WO-000889,1,2017-05-18,5
WO-000889,2,2017-06-16,10
WO-000890,1,2017-05-20,6
WO-000891,1,2017-05-17,7
WO-000895,1,2017-05-09,8
WO-000899,1,2017-05-27,9
WO-000901,1,2017-05-30,8
WO-000902,1,2017-05-12,7
WO-000906,1,2017-05-05,8
WO-000907,1,2017-05-13,10
WO-000908,1,2017-05-15,7
WO-000909,1,2017-05-11,7
WO-000911,1,2017-05-15,6
WO-000914,1,2017-05-16,7
WO-000918,1,2017-05-15,10
WO-000923,1,2017-05-12,8
WO-000924,1,2017-05-25,9
WO-000926,1,2017-05-22,8
WO-000932,1,2017-05-13,7
WO-000933,1,2017-05-25,4
WO-000936,1,2017-06-03,5
WO-000936,2,2017-06-14,10
WO-000940,1,2017-05-27,8
WO-000941,1,2017-05-14,9
WO-000942,1,2017-05-13,8
WO-000943,1,2017-05-17,7
WO-000943,2,2017-05-27,8
WO-000945,1,2017-05-23,6
WO-000947,1,2017-05-14,8
WO-000949,1,2017-05-06,8
WO-000950,1,2017-05-14,4
WO-000950,2,2017-05-30,9
WO-000951,1,2017-05-23,6
WO-000952,1,2017-05-16,7
WO-000953,1,2017-05-09,5
WO-000953,2,2017-06-04,8
WO-000954,1,2017-05-25,7
WO-000955,1,2017-05-15,7
WO-000956,1,2017-05-16,5
WO-000956,2,2017-06-06,9
WO-000957,1,2017-05-25,9
WO-000960,1,2017-05-26,8
WO-000961,1,2017-06-16,2
WO-000961,2,2017-07-11,5
WO-000962,1,2017-05-24,9
WO-000963,1,2017-05-31,8
WO-000964,1,2017-05-26,8
WO-000965,1,2017-05-28,5
WO-000966,1,2017-05-29,3
WO-000966,2,2017-06-18,7
WO-000969,1,2017-05-28,9
WO-000972,1,2017-05-28,7
WO-000973,1,2017-05-24,6
WO-000976,1,2017-05-11,5
WO-000976,2,2017-06-08,8
WO-000980,1,2017-05-19,10
WO-000982,1,2017-05-22,8
WO-000982,2,2017-06-04,7
WO-000983,1,2017-05-12,7
WO-000984,1,2017-05-21,8
WO-000984,2,2017-06-16,8
WO-000986,1,2017-05-29,8
WO-000988,1,2017-06-15,7
WO-000989,1,2017-05-16,7
WO-000990,1,2017-05-24,6
WO-000991,1,2017-05-28,6
WO-000992,1,2017-05-13,8
WO-000996,1,2017-05-17,10
WO-000997,1,2017-06-06,6
WO-000998,1,2017-06-01,7
WO-001003,1,2017-05-17,10
WO-001004,1,2017-05-24,9
WO-001005,1,2017-05-15,7
WO-001006,1,2017-05-31,3
WO-001006,2,2017-06-12,7
WO-001007,1,2017-06-15,3
WO-001008,1,2017-05-17,7
WO-001010,1,2017-05-14,7
WO-001011,1,2017-06-06,6
WO-001013,1,2017-05-22,8
WO-001014,1,2017-05-21,8
WO-001016,1,2017-06-09,6
WO-001020,1,2017-05-17,9
WO-001023,1,2017-05-16,8
WO-001024,1,2017-05-16,8
WO-001025,1,2017-06-09,8
WO-001026,1,2017-05-16,8
WO-001028,1,2017-05-30,5
WO-001028,2,2017-06-23,8
WO-001029,1,2017-05-29,7
WO-001033,1,2017-05-24,8
WO-001034,1,2017-05-23,6
WO-001035,1,2017-06-06,7
WO-001037,1,2017-05-28,6
WO-001038,1,2017-05-28,7
WO-001039,1,2017-05-25,4
WO-001039,2,2017-06-06,6
WO-001042,1,2017-06-20,4
WO-001043,1,2017-05-31,3
WO-001043,2,2017-06-22,6
WO-001044,1,2017-05-27,8
WO-001045,1,2017-05-25,6
WO-001046,1,2017-05-29,9
WO-001047,1,2017-06-02,5
WO-001047,2,2017-06-23,9
WO-001049,1,2017-05-27,6
WO-001053,1,2017-05-23,7
WO-001058,1,2017-06-11,6
WO-001061,1,2017-06-04,10
WO-001064,1,2017-05-18,10
WO-001068,1,2017-06-09,9
WO-001069,1,2017-05-27,6
WO-001070,1,2017-05-19,9
WO-001073,1,2017-06-02,8
WO-001074,1,2017-05-29,5
WO-001074,2,2017-06-24,10
WO-001075,1,2017-06-03,7
WO-001076,1,2017-05-31,6
WO-001079,1,2017-06-06,9
WO-001081,1,2017-05-24,7
WO-001081,2,2017-06-07,8
WO-001084,1,2017-05-23,8
WO-001085,1,2017-06-16,7
WO-001086,1,2017-06-16,6
WO-001086,2,2017-07-14,6
WO-001087,1,2017-05-23,9
WO-001089,1,2017-05-26,8
WO-001093,1,2017-06-04,6
WO-001094,1,2017-06-07,6
WO-001095,1,2017-05-30,8
WO-001097,1,2017-06-10,8
WO-001098,1,2017-06-09,6
WO-001099,1,2017-05-29,6
WO-001102,1,2017-06-07,7
WO-001103,1,2017-05-27,9
WO-001110,1,2017-06-04,7
WO-001112,1,2017-06-01,10
WO-001114,1,2017-06-11,10
WO-001118,1,2017-06-16,7
WO-001120,1,2017-05-28,6
WO-001122,1,2017-06-09,9
WO-001124,1,2017-06-20,5
WO-001126,1,2017-06-09,8
WO-001127,1,2017-06-12,5
WO-001127,2,2017-07-01,9
WO-001128,1,2017-06-19,8
WO-001129,1,2017-05-27,9
WO-001131,1,2017-06-05,8
WO-001131,2,2017-06-13,9
WO-001132,1,2017-06-14,7
WO-001133,1,2017-06-04,8
WO-001136,1,2017-06-16,5
WO-001136,2,2017-07-15,8
WO-001137,1,2017-06-07,10
WO-001138,1,2017-05-25,4
WO-001138,2,2017-06-10,8
WO-001139,1,2017-06-09,9
WO-001140,1,2017-05-29,7
WO-001144,1,2017-06-18,8
WO-001146,1,2017-06-19,7
WO-001147,1,2017-06-09,6
WO-001148,1,2017-06-14,7
WO-001148,2,2017-07-05,7
WO-001151,1,2017-06-09,6
WO-001152,1,2017-06-11,6
WO-001152,2,2017-07-06,5
WO-001156,1,2017-06-12,6
WO-001157,1,2017-06-13,8
WO-001159,1,2017-06-12,9
WO-001161,1,2017-06-12,10
WO-001162,1,2017-06-13,7
WO-001163,1,2017-06-15,10
WO-001164,1,2017-06-15,8
WO-001165,1,2017-06-07,9
WO-001166,1,2017-06-07,7
WO-001167,1,2017-06-08,7
WO-001168,1,2017-06-07,8
WO-001172,1,2017-06-19,7
WO-001173,1,2017-06-24,4
WO-001173,2,2017-07-13,5
WO-001174,1,2017-06-11,8
WO-001175,1,2017-06-16,7
WO-001176,1,2017-06-04,7
WO-001178,1,2017-06-22,7
WO-001178,2,2017-07-02,8
WO-001180,1,2017-06-05,6
WO-001181,1,2017-06-18,3
WO-001181,2,2017-07-07,7
WO-001183,1,2017-06-27,5
WO-001183,2,2017-07-12,8
WO-001186,1,2017-06-20,4
WO-001186,2,2017-07-18,7
WO-001187,1,2017-06-07,9
WO-001188,1,2017-06-26,3
WO-001194,1,2017-06-11,6
WO-001196,1,2017-06-28,10
WO-001197,1,2017-06-12,9
WO-001201,1,2017-06-06,9
WO-001204,1,2017-06-18,9
WO-001205,1,2017-06-06,8
WO-001206,1,2017-06-20,7
WO-001207,1,2017-05-31,10
WO-001209,1,2017-06-11,9
WO-001211,1,2017-06-24,7
WO-001212,1,2017-06-06,10
WO-001214,1,2017-06-18,8
WO-001215,1,2017-06-29,2
WO-001215,2,2017-07-22,5
WO-001216,1,2017-07-03,6
WO-001218,1,2017-06-29,7
WO-001220,1,2017-06-12,8
WO-001221,1,2017-06-16,3
WO-001223,1,2017-06-22,7
WO-001225,1,2017-06-16,10
WO-001226,1,2017-06-04,7
WO-001228,1,2017-06-23,8
WO-001230,1,2017-06-11,7
WO-001231,1,2017-06-16,9
WO-001232,1,2017-06-21,9
WO-001233,1,2017-06-21,8
WO-001238,1,2017-06-16,7
WO-001239,1,2017-06-22,7
WO-001240,1,2017-06-18,6
WO-001241,1,2017-06-26,6
WO-001242,1,2017-06-18,6
WO-001243,1,2017-06-16,6
WO-001244,1,2017-06-22,10
WO-001246,1,2017-06-14,9
WO-001247,1,2017-06-22,9
WO-001250,1,2017-06-19,8
WO-001251,1,2017-06-28,7
WO-001252,1,2017-07-05,4
WO-001252,2,2017-07-14,9
WO-001256,1,2017-07-10,5
WO-001256,2,2017-08-05,5
WO-001258,1,2017-06-15,7
WO-001259,1,2017-06-19,8
WO-001260,1,2017-06-19,9
WO-001262,1,2017-06-14,6
WO-001264,1,2017-06-15,8
WO-001265,1,2017-06-23,8
WO-001267,1,2017-06-20,8
WO-001269,1,2017-06-12,7
WO-001270,1,2017-06-16,9
WO-001271,1,2017-06-21,5
WO-001271,2,2017-07-18,9
WO-001272,1,2017-06-19,7
WO-001273,1,2017-06-25,10
WO-001274,1,2017-06-20,10
WO-001274,2,2017-07-13,9
WO-001276,1,2017-06-14,6
WO-001278,1,2017-07-02,7
WO-001279,1,2017-06-13,8
WO-001280,1,2017-06-28,8
WO-001281,1,2017-06-18,8
WO-001282,1,2017-06-20,8
WO-001283,1,2017-06-23,4
WO-001285,1,2017-06-20,9
WO-001286,1,2017-06-27,8
WO-001287,1,2017-06-24,7
WO-001288,1,2017-07-04,2
WO-001288,2,2017-07-28,6
WO-001289,1,2017-06-23,9
WO-001293,1,2017-06-25,8
WO-001295,1,2017-06-30,6
WO-001298,1,2017-07-01,7
WO-001300,1,2017-07-04,6
WO-001301,1,2017-06-29,8
WO-001302,1,2017-06-29,9
WO-001306,1,2017-06-28,8
WO-001308,1,2017-06-29,8
WO-001309,1,2017-06-17,9
WO-001311,1,2017-06-25,6
WO-001312,1,2017-06-25,10
WO-001313,1,2017-06-28,9
WO-001315,1,2017-06-26,7
WO-001317,1,2017-07-02,7
WO-001319,1,2017-06-18,6
WO-001319,2,2017-07-10,7
WO-001321,1,2017-06-26,10
WO-001322,1,2017-06-21,5
WO-001322,2,2017-07-05,8
WO-001326,1,2017-06-17,6
WO-001327,1,2017-07-04,10
WO-001328,1,2017-06-15,10
WO-001329,1,2017-06-15,8
WO-001330,1,2017-06-28,10
WO-001331,1,2017-06-28,4
WO-001331,2,2017-07-09,5
WO-001337,1,2017-06-21,7
WO-001337,2,2017-07-14,4
WO-001339,1,2017-06-27,6
WO-001341,1,2017-06-24,5
WO-001341,2,2017-07-05,7
WO-001342,1,2017-06-27,7
WO-001343,1,2017-06-30,10
WO-001344,1,2017-06-26,7
WO-001345,1,2017-06-21,7
WO-001346,1,2017-07-06,6
WO-001348,1,2017-06-25,9
WO-001351,1,2017-07-01,8
WO-001358,1,2017-07-05,8
WO-001365,1,2017-06-29,5
WO-001369,1,2017-06-26,9
WO-001370,1,2017-07-02,7
WO-001371,1,2017-06-21,7
WO-001374,1,2017-07-04,8
WO-001375,1,2017-07-10,9
WO-001376,1,2017-07-09,5
WO-001377,1,2017-07-03,6
WO-001378,1,2017-07-10,5
WO-001378,2,2017-07-24,9
WO-001379,1,2017-06-18,9
WO-001381,1,2017-07-04,8
WO-001383,1,2017-06-28,8
WO-001384,1,2017-07-06,8
WO-001385,1,2017-07-02,10
WO-001389,1,2017-07-04,10
WO-001394,1,2017-07-14,5
WO-001396,1,2017-07-21,2
WO-001396,2,2017-07-28,6
WO-001398,1,2017-07-20,7
WO-001398,2,2017-08-17,5
WO-001401,1,2017-07-25,5
WO-001401,2,2017-08-16,9
WO-001405,1,2017-06-27,6
WO-001405,2,2017-07-16,6
WO-001407,1,2017-06-20,8
WO-001408,1,2017-07-12,7
WO-001409,1,2017-07-11,8
WO-001410,1,2017-07-01,7
WO-001411,1,2017-06-27,10
WO-001414,1,2017-06-27,6
WO-001415,1,2017-06-27,7
WO-001417,1,2017-06-23,9
WO-001418,1,2017-07-02,10
WO-001419,1,2017-07-02,9
WO-001421,1,2017-06-30,7
WO-001423,1,2017-07-07,8
WO-001424,1,2017-07-05,8
WO-001425,1,2017-07-03,8
WO-001426,1,2017-06-29,9
WO-001427,1,2017-06-27,6
WO-001429,1,2017-07-06,4
WO-001430,1,2017-06-27,6
WO-001430,2,2017-07-14,6
WO-001431,1,2017-06-28,6
WO-001432,1,2017-07-05,7
WO-001434,1,2017-06-28,8
WO-001435,1,2017-07-29,2
WO-001435,2,2017-08-19,3
WO-001437,1,2017-07-07,7
WO-001438,1,2017-07-16,8
WO-001439,1,2017-07-02,7
WO-001441,1,2017-07-01,10
WO-001442,1,2017-07-09,8
WO-001443,1,2017-07-15,6
WO-001447,1,2017-07-03,8
WO-001450,1,2017-07-07,7
WO-001452,1,2017-07-10,6
WO-001455,1,2017-06-27,7
WO-001456,1,2017-07-20,6
WO-001457,1,2017-07-07,6
WO-001460,1,2017-07-14,8
WO-001462,1,2017-07-16,8
WO-001463,1,2017-07-03,9
WO-001468,1,2017-07-15,7
WO-001469,1,2017-07-09,6
WO-001470,1,2017-07-18,7
WO-001473,1,2017-07-16,8
WO-001473,2,2017-07-31,7
WO-001478,1,2017-07-01,7
WO-001479,1,2017-07-15,7
WO-001481,1,2017-07-08,4
WO-001481,2,2017-08-05,7
WO-001483,1,2017-07-11,9
WO-001484,1,2017-07-15,6
WO-001487,1,2017-07-08,8
WO-001488,1,2017-07-28,10
WO-001489,1,2017-07-02,7
WO-001490,1,2017-07-01,7
WO-001494,1,2017-07-17,7
WO-001497,1,2017-07-03,9
WO-001497,2,2017-07-12,8
WO-001498,1,2017-07-18,6
WO-001500,1,2017-07-04,7
WO-001501,1,2017-07-18,8
WO-001501,2,2017-08-16,8
WO-001502,1,2017-07-21,4
WO-001502,2,2017-08-15,8
WO-001503,1,2017-08-08,6
WO-001504,1,2017-07-19,8
WO-001505,1,2017-07-22,7
WO-001506,1,2017-07-18,5
WO-001506,2,2017-07-25,9
WO-001507,1,2017-07-09,7
WO-001510,1,2017-07-11,6
WO-001511,1,2017-07-18,9
WO-001511,2,2017-08-13,10
WO-001512,1,2017-07-06,7
WO-001514,1,2017-07-08,6
WO-001516,1,2017-07-19,10
WO-001516,2,2017-08-11,9
WO-001517,1,2017-07-17,8
WO-001521,1,2017-07-08,8
WO-001522,1,2017-07-21,7
WO-001523,1,2017-07-12,5
WO-001523,2,2017-07-30,10
WO-001524,1,2017-07-06,7
WO-001525,1,2017-07-26,9
WO-001526,1,2017-07-31,6
WO-001527,1,2017-07-18,6
WO-001529,1,2017-07-13,7
WO-001533,1,2017-07-19,10
WO-001534,1,2017-07-18,8
WO-001534,2,2017-08-07,9
WO-001535,1,2017-07-09,6
WO-001536,1,2017-07-26,3
WO-001536,2,2017-08-20,7
WO-001538,1,2017-07-13,4
WO-001538,2,2017-08-08,10
WO-001539,1,2017-07-21,8
WO-001540,1,2017-07-20,7
WO-001542,1,2017-07-18,7
WO-001546,1,2017-07-14,10
WO-001546,2,2017-08-12,10
WO-001549,1,2017-07-16,10
WO-001550,1,2017-07-16,7
WO-001551,1,2017-07-28,8
WO-001552,1,2017-07-21,8
WO-001553,1,2017-07-26,5
WO-001553,2,2017-08-16,7
WO-001555,1,2017-07-20,9
WO-001556,1,2017-07-25,9
WO-001559,1,2017-08-01,8
WO-001560,1,2017-07-25,8
WO-001563,1,2017-07-30,7
WO-001566,1,2017-07-15,8
WO-001568,1,2017-07-24,7
WO-001569,1,2017-07-21,9
WO-001570,1,2017-07-31,7
WO-001572,1,2017-07-20,7
WO-001573,1,2017-07-27,10
WO-001577,1,2017-07-22,6
WO-001578,1,2017-07-24,7
WO-001584,1,2017-08-01,9
WO-001586,1,2017-07-26,8
WO-001588,1,2017-08-02,7
WO-001589,1,2017-08-10,4
WO-001589,2,2017-08-18,5
WO-001590,1,2017-07-16,6
WO-001591,1,2017-08-01,9
WO-001592,1,2017-07-30,7
WO-001594,1,2017-07-20,7
WO-001597,1,2017-08-06,6
WO-001598,1,2017-07-17,7
WO-001601,1,2017-07-18,8
WO-001605,1,2017-07-18,7
WO-001606,1,2017-07-25,10
WO-001607,1,2017-07-19,7
WO-001609,1,2017-08-10,6
WO-001610,1,2017-07-24,7
WO-001612,1,2017-07-27,7
WO-001618,1,2017-07-10,7
WO-001619,1,2017-07-13,9
WO-001621,1,2017-07-26,9
WO-001624,1,2017-07-30,8
WO-001625,1,2017-07-31,10
WO-001627,1,2017-08-02,7
WO-001629,1,2017-07-27,9
WO-001630,1,2017-07-29,7
WO-001632,1,2017-07-24,5
WO-001632,2,2017-08-10,7
WO-001633,1,2017-07-28,10
WO-001634,1,2017-07-28,9
WO-001635,1,2017-07-29,10
WO-001636,1,2017-07-18,7
WO-001636,2,2017-08-05,6
WO-001637,1,2017-08-16,4
WO-001637,2,2017-09-07,10
WO-001639,1,2017-07-19,6
WO-001640,1,2017-08-06,10
WO-001641,1,2017-08-02,10
WO-001643,1,2017-07-19,8
WO-001644,1,2017-07-31,7
WO-001645,1,2017-08-07,4
WO-001645,2,2017-08-31,8
WO-001647,1,2017-07-16,8
WO-001650,1,2017-07-24,10
WO-001651,1,2017-08-10,5
WO-001651,2,2017-09-06,9
WO-001652,1,2017-08-05,6
WO-001654,1,2017-07-12,9
WO-001655,1,2017-08-05,7
WO-001656,1,2017-07-23,8
WO-001658,1,2017-07-27,8
WO-001659,1,2017-08-02,6
WO-001660,1,2017-07-25,9
WO-001663,1,2017-07-30,7
WO-001664,1,2017-08-03,9
WO-001666,1,2017-07-26,6
WO-001668,1,2017-07-31,8
WO-001670,1,2017-08-06,10
WO-001671,1,2017-07-25,7
WO-001672,1,2017-08-14,8
WO-001673,1,2017-07-28,7
WO-001674,1,2017-08-17,5
WO-001674,2,2017-09-07,9
WO-001675,1,2017-08-29,6
WO-001678,1,2017-08-23,3
WO-001678,2,2017-09-20,5
WO-001679,1,2017-08-08,8
WO-001681,1,2017-07-30,9
WO-001684,1,2017-07-27,6
WO-001685,1,2017-07-27,8
WO-001687,1,2017-08-09,9
WO-001688,1,2017-08-06,3
WO-001688,2,2017-08-19,7
WO-001689,1,2017-08-09,5
WO-001692,1,2017-07-18,9
WO-001694,1,2017-07-24,7
WO-001695,1,2017-07-23,9
WO-001701,1,2017-08-03,8
WO-001702,1,2017-07-24,6
WO-001704,1,2017-07-19,8
WO-001706,1,2017-07-25,6
WO-001717,1,2017-07-29,8
WO-001719,1,2017-07-30,6
WO-001721,1,2017-08-09,9
WO-001724,1,2017-07-28,10
WO-001725,1,2017-08-05,6
WO-001726,1,2017-07-30,8
WO-001727,1,2017-07-27,9
WO-001728,1,2017-08-08,7
WO-001729,1,2017-08-08,10
WO-001730,1,2017-07-30,10
WO-001731,1,2017-08-08,8
WO-001732,1,2017-08-11,8
WO-001732,2,2017-09-01,7
WO-001733,1,2017-08-03,8
WO-001734,1,2017-08-09,10
WO-001736,1,2017-08-15,10
WO-001737,1,2017-07-29,7
WO-001739,1,2017-08-09,5
WO-001739,2,2017-09-01,8
WO-001744,1,2017-07-28,9
WO-001745,1,2017-08-03,9
WO-001746,1,2017-08-06,9
WO-001751,1,2017-08-03,9
WO-001752,1,2017-08-16,5
WO-001752,2,2017-09-06,7
WO-001754,1,2017-07-24,8
WO-001756,1,2017-08-07,8
WO-001758,1,2017-08-03,7
WO-001759,1,2017-08-20,5
WO-001759,2,2017-09-05,8
WO-001760,1,2017-08-05,5
WO-001760,2,2017-08-29,10
WO-001761,1,2017-07-26,7
WO-001764,1,2017-08-09,6
WO-001768,1,2017-08-07,6
WO-001769,1,2017-08-06,7
WO-001770,1,2017-08-16,9
WO-001771,1,2017-08-04,6
WO-001773,1,2017-07-29,8
WO-001774,1,2017-08-09,9
WO-001776,1,2017-08-08,8
WO-001777,1,2017-08-13,7
WO-001778,1,2017-08-10,9
WO-001779,1,2017-08-19,8
WO-001781,1,2017-08-18,8
WO-001782,1,2017-07-27,7
WO-001788,1,2017-07-29,9
WO-001789,1,2017-08-22,2
WO-001789,2,2017-09-13,5
WO-001790,1,2017-08-04,8
WO-001792,1,2017-08-03,7
WO-001796,1,2017-07-27,8
WO-001797,1,2017-07-31,9
WO-001799,1,2017-08-18,9
WO-001800,1,2017-08-16,4
WO-001800,2,2017-09-03,7
WO-001801,1,2017-07-30,7
WO-001802,1,2017-08-15,8
WO-001803,1,2017-08-16,6
WO-001804,1,2017-08-05,8
WO-001806,1,2017-08-12,3
WO-001806,2,2017-09-02,9
WO-001807,1,2017-08-09,7
WO-001808,1,2017-07-27,9
WO-001810,1,2017-08-22,6
WO-001811,1,2017-08-01,7
WO-001812,1,2017-08-09,10
WO-001814,1,2017-08-03,7
WO-001815,1,2017-08-16,9
WO-001816,1,2017-08-04,10
WO-001818,1,2017-08-15,8
WO-001819,1,2017-08-24,7
WO-001822,1,2017-08-19,6
WO-001825,1,2017-08-20,9
WO-001826,1,2017-08-15,8
WO-001828,1,2017-08-13,10
WO-001830,1,2017-07-29,8
WO-001833,1,2017-08-15,10
WO-001834,1,2017-08-03,6
WO-001837,1,2017-08-13,8
WO-001839,1,2017-08-18,7
WO-001840,1,2017-08-03,7
WO-001845,1,2017-08-21,9
WO-001847,1,2017-08-19,7
WO-001850,1,2017-08-04,10
WO-001851,1,2017-08-10,6
WO-001857,1,2017-08-12,10
WO-001858,1,2017-08-13,6
WO-001858,2,2017-08-31,6
WO-001859,1,2017-08-19,7
WO-001860,1,2017-08-04,7
WO-001861,1,2017-08-09,8
WO-001862,1,2017-08-02,7
WO-001864,1,2017-08-11,8
WO-001865,1,2017-08-21,7
WO-001866,1,2017-08-10,7
WO-001866,2,2017-08-25,10
WO-001867,1,2017-08-28,5
WO-001871,1,2017-08-21,5
WO-001871,2,2017-09-14,7
WO-001872,1,2017-08-04,8
WO-001879,1,2017-08-08,10
WO-001883,1,2017-08-21,8
WO-001885,1,2017-08-22,10
WO-001888,1,2017-08-25,10
WO-001889,1,2017-08-20,8
WO-001893,1,2017-08-28,10
WO-001896,1,2017-09-10,4
WO-001896,2,2017-09-18,8
WO-001898,1,2017-08-25,7
WO-001899,1,2017-08-18,6
WO-001901,1,2017-08-18,9
WO-001903,1,2017-08-09,9
WO-001906,1,2017-08-25,10
WO-001910,1,2017-09-12,8
WO-001912,1,2017-09-01,3
WO-001912,2,2017-09-22,10
WO-001913,1,2017-08-08,7
WO-001917,1,2017-08-15,8
WO-001918,1,2017-08-25,8
WO-001919,1,2017-08-11,9
WO-001922,1,2017-08-24,10
WO-001924,1,2017-09-01,4
WO-001924,2,2017-09-10,8
WO-001925,1,2017-08-12,7
WO-001926,1,2017-08-22,6
WO-001928,1,2017-08-14,8
WO-001929,1,2017-08-18,10
WO-001929,2,2017-09-14,10
WO-001931,1,2017-08-10,8
WO-001932,1,2017-09-23,5
WO-001935,1,2017-08-08,8
WO-001937,1,2017-08-23,6
WO-001943,1,2017-08-08,8
WO-001945,1,2017-08-30,8
WO-001946,1,2017-08-31,8
WO-001947,1,2017-08-14,7
WO-001949,1,2017-08-21,7
WO-001950,1,2017-08-26,9
WO-001951,1,2017-08-17,7
WO-001952,1,2017-08-19,7
WO-001955,1,2017-08-26,6
WO-001956,1,2017-08-25,8
WO-001958,1,2017-08-10,7
WO-001959,1,2017-08-28,5
WO-001959,2,2017-09-25,7
WO-001961,1,2017-08-09,10
WO-001961,2,2017-08-26,10
WO-001963,1,2017-09-06,6
WO-001964,1,2017-08-24,9
WO-001967,1,2017-08-13,8
WO-001968,1,2017-08-22,8
WO-001973,1,2017-08-29,7
WO-001974,1,2017-08-09,9
WO-001975,1,2017-08-26,8
WO-001977,1,2017-08-19,5
WO-001981,1,2017-08-16,9
WO-001982,1,2017-08-18,10
WO-001983,1,2017-08-26,5
WO-001983,2,2017-09-12,9
WO-001984,1,2017-08-25,9
WO-001985,1,2017-08-23,8
WO-001986,1,2017-08-23,7
WO-001987,1,2017-08-29,7
WO-001987,2,2017-09-06,9
WO-001988,1,2017-08-23,6
WO-001989,1,2017-09-07,7
WO-001990,1,2017-08-21,10
WO-001991,1,2017-08-31,10
WO-001992,1,2017-08-20,10
WO-001995,1,2017-08-29,7
WO-001996,1,2017-08-27,7
WO-001998,1,2017-08-27,9
WO-002002,1,2017-08-29,10
WO-002003,1,2017-09-11,4
WO-002003,2,2017-10-04,9
WO-002008,1,2017-08-25,4
WO-002011,1,2017-08-27,10
WO-002013,1,2017-08-19,9
WO-002018,1,2017-09-05,10
WO-002019,1,2017-09-06,4
WO-002019,2,2017-09-25,6
WO-002020,1,2017-08-24,7
WO-002021,1,2017-08-31,7
WO-002023,1,2017-09-02,8
WO-002030,1,2017-09-18,4
WO-002030,2,2017-10-09,7
WO-002031,1,2017-09-03,9
WO-002033,1,2017-09-02,5
WO-002034,1,2017-08-31,10
WO-002035,1,2017-08-25,7
WO-002036,1,2017-09-04,5
WO-002036,2,2017-09-12,9
WO-002037,1,2017-09-03,9
WO-002038,1,2017-08-28,9
WO-002039,1,2017-09-04,9
WO-002040,1,2017-08-22,7
WO-002044,1,2017-08-29,7
WO-002045,1,2017-09-03,10
WO-002048,1,2017-09-06,5
WO-002048,2,2017-09-20,8
WO-002050,1,2017-09-01,8
WO-002051,1,2017-09-02,8
WO-002054,1,2017-09-05,5
WO-002054,2,2017-09-20,8
WO-002055,1,2017-08-20,7
WO-002057,1,2017-09-04,7
WO-002062,1,2017-09-06,8
WO-002063,1,2017-08-24,6
WO-002065,1,2017-09-17,4
WO-002065,2,2017-10-02,8
WO-002067,1,2017-08-23,8
WO-002069,1,2017-09-13,7
WO-002070,1,2017-09-02,9
WO-002071,1,2017-08-28,8
WO-002072,1,2017-09-05,6
WO-002073,1,2017-09-09,7
WO-002074,1,2017-08-30,8
WO-002074,2,2017-09-06,8
WO-002075,1,2017-09-08,8
WO-002078,1,2017-09-29,4
WO-002079,1,2017-08-30,7
WO-002081,1,2017-09-15,1
WO-002081,2,2017-09-28,3
WO-002083,1,2017-09-13,6
WO-002084,1,2017-09-06,7
WO-002087,1,2017-08-28,9
WO-002088,1,2017-09-09,8
WO-002089,1,2017-09-06,5
WO-002089,2,2017-09-23,7
WO-002091,1,2017-09-05,7
WO-002093,1,2017-09-08,9
WO-002094,1,2017-09-26,4
WO-002094,2,2017-10-09,6
WO-002095,1,2017-08-27,8
WO-002096,1,2017-08-30,7
WO-002097,1,2017-08-30,5
WO-002097,2,2017-09-13,8
WO-002098,1,2017-09-13,6
WO-002100,1,2017-09-06,9
WO-002100,2,2017-09-27,8
WO-002102,1,2017-09-10,10
WO-002103,1,2017-09-06,9
WO-002109,1,2017-08-27,8
WO-002111,1,2017-08-28,5
WO-002111,2,2017-09-07,6
WO-002112,1,2017-09-12,5
WO-002112,2,2017-09-24,10
WO-002114,1,2017-09-08,7
WO-002115,1,2017-08-31,8
WO-002118,1,2017-09-03,10
WO-002121,1,2017-09-06,9
WO-002123,1,2017-08-28,10
WO-002125,1,2017-09-29,6
WO-002128,1,2017-09-06,8
WO-002132,1,2017-09-03,6
WO-002134,1,2017-09-01,6
WO-002135,1,2017-09-07,8
WO-002140,1,2017-09-03,8
WO-002140,2,2017-09-16,6
WO-002141,1,2017-09-06,6
WO-002141,2,2017-09-29,7
WO-002144,1,2017-09-10,8
WO-002145,1,2017-09-04,8
WO-002146,1,2017-09-03,7
WO-002147,1,2017-09-21,6
WO-002147,2,2017-10-05,6
WO-002148,1,2017-09-19,6
WO-002153,1,2017-09-06,8
WO-002156,1,2017-09-13,7
WO-002159,1,2017-09-09,9
WO-002162,1,2017-09-07,7
WO-002163,1,2017-09-13,7
WO-002165,1,2017-09-20,7
WO-002166,1,2017-09-08,10
WO-002166,2,2017-09-30,9
WO-002167,1,2017-08-30,6
WO-002169,1,2017-09-10,8
WO-002173,1,2017-09-09,8
WO-002175,1,2017-09-07,8
WO-002176,1,2017-09-11,5
WO-002176,2,2017-10-04,6
WO-002179,1,2017-09-16,6
WO-002180,1,2017-09-17,4
WO-002180,2,2017-10-15,7
WO-002182,1,2017-09-10,10
WO-002183,1,2017-09-06,8
WO-002184,1,2017-09-16,9
WO-002186,1,2017-09-13,6
WO-002189,1,2017-09-08,9
WO-002192,1,2017-09-10,10
WO-002194,1,2017-09-24,3
WO-002194,2,2017-10-07,6
WO-002196,1,2017-09-02,8
WO-002199,1,2017-09-16,9
WO-002201,1,2017-09-23,6
WO-002204,1,2017-09-18,6
WO-002207,1,2017-09-14,8
WO-002212,1,2017-09-04,8
WO-002214,1,2017-09-17,7
WO-002216,1,2017-09-27,8
WO-002217,1,2017-09-28,7
WO-002219,1,2017-09-22,6
WO-002220,1,2017-09-09,10
WO-002221,1,2017-09-06,4
WO-002221,2,2017-09-29,6
WO-002222,1,2017-09-24,8
WO-002224,1,2017-09-10,10
WO-002226,1,2017-09-07,8
WO-002230,1,2017-09-26,10
WO-002231,1,2017-09-21,10
WO-002231,2,2017-10-03,10
WO-002232,1,2017-09-11,10
WO-002233,1,2017-09-19,7
WO-002234,1,2017-09-25,9
WO-002235,1,2017-09-19,7
WO-002236,1,2017-09-26,8
WO-002237,1,2017-09-17,7
WO-002242,1,2017-09-28,7
WO-002243,1,2017-09-21,8
WO-002247,1,2017-10-10,6
WO-002248,1,2017-09-13,7
WO-002249,1,2017-09-22,9
WO-002255,1,2017-09-10,7
WO-002259,1,2017-09-29,7
WO-002260,1,2017-09-08,7
WO-002262,1,2017-09-20,8
WO-002264,1,2017-09-27,2
WO-002266,1,2017-09-13,4
WO-002266,2,2017-09-28,8
WO-002267,1,2017-10-01,8
WO-002268,1,2017-09-23,9
WO-002270,1,2017-10-01,8
WO-002271,1,2017-09-14,7
WO-002272,1,2017-09-27,7
WO-002273,1,2017-09-14,9
WO-002274,1,2017-10-18,5
WO-002274,2,2017-11-04,8
WO-002277,1,2017-09-23,8
WO-002279,1,2017-09-19,7
WO-002281,1,2017-09-11,5
WO-002283,1,2017-09-20,5
WO-002283,2,2017-10-12,8
WO-002284,1,2017-09-19,8
WO-002285,1,2017-09-26,6
WO-002286,1,2017-09-28,9
WO-002289,1,2017-10-16,5
WO-002289,2,2017-11-13,9
WO-002290,1,2017-09-29,7
WO-002291,1,2017-09-29,10
WO-002293,1,2017-09-26,10
WO-002295,1,2017-09-19,8
WO-002296,1,2017-09-15,6
WO-002297,1,2017-10-01,10
WO-002298,1,2017-10-04,7
WO-002298,2,2017-10-11,8
WO-002301,1,2017-09-15,7
WO-002302,1,2017-09-25,8
WO-002304,1,2017-10-22,8
WO-002307,1,2017-10-05,8
WO-002311,1,2017-10-01,8
WO-002314,1,2017-09-18,6
WO-002316,1,2017-09-27,7
WO-002318,1,2017-10-02,7
WO-002319,1,2017-10-05,7
WO-002322,1,2017-09-23,10
WO-002326,1,2017-10-20,9
WO-002327,1,2017-09-20,7
WO-002328,1,2017-09-19,8
WO-002330,1,2017-09-21,9
WO-002331,1,2017-10-05,10
WO-002332,1,2017-10-10,8
WO-002333,1,2017-10-02,8
WO-002334,1,2017-09-29,8
WO-002335,1,2017-10-05,8
WO-002336,1,2017-10-05,8
WO-002338,1,2017-10-24,5
WO-002338,2,2017-11-02,7
WO-002341,1,2017-09-30,9
WO-002342,1,2017-10-09,9
WO-002343,1,2017-10-02,5
WO-002343,2,2017-10-25,9
WO-002346,1,2017-10-08,10
WO-002347,1,2017-10-06,8
WO-002349,1,2017-10-04,10
WO-002351,1,2017-10-07,5
WO-002351,2,2017-11-01,10
WO-002352,1,2017-10-03,7
WO-002353,1,2017-10-15,5
WO-002355,1,2017-09-21,9
WO-002356,1,2017-09-26,7
WO-002357,1,2017-10-07,6
WO-002359,1,2017-10-05,9
WO-002360,1,2017-10-11,6
WO-002361,1,2017-10-14,9
WO-002362,1,2017-10-25,5
WO-002362,2,2017-11-16,8
WO-002364,1,2017-10-17,5
WO-002364,2,2017-11-04,8
WO-002366,1,2017-10-19,5
WO-002367,1,2017-09-22,10
WO-002368,1,2017-10-14,6
WO-002369,1,2017-10-17,5
WO-002369,2,2017-10-30,10
WO-002372,1,2017-09-25,6
WO-002374,1,2017-09-23,7
WO-002375,1,2017-10-05,10
WO-002376,1,2017-10-08,6
WO-002378,1,2017-10-18,3
WO-002387,1,2017-10-14,8
WO-002391,1,2017-10-09,8
WO-002392,1,2017-10-02,8
WO-002394,1,2017-09-27,9
WO-002395,1,2017-10-01,7
WO-002397,1,2017-10-01,7
WO-002401,1,2017-10-09,7
WO-002402,1,2017-10-28,6
WO-002402,2,2017-11-12,6
WO-002403,1,2017-09-30,9
WO-002405,1,2017-10-17,10
WO-002407,1,2017-09-27,4
WO-002407,2,2017-10-14,8
WO-002408,1,2017-10-09,9
WO-002411,1,2017-10-03,8
WO-002413,1,2017-10-10,7
WO-002414,1,2017-10-18,9
WO-002417,1,2017-10-15,10
WO-002418,1,2017-09-25,10
WO-002418,2,2017-10-18,10
WO-002419,1,2017-10-18,5
WO-002419,2,2017-11-13,8
WO-002421,1,2017-10-17,9
WO-002422,1,2017-10-01,9
WO-002423,1,2017-10-08,9
WO-002424,1,2017-09-30,10
WO-002425,1,2017-10-01,5
WO-002426,1,2017-10-16,7
WO-002427,1,2017-10-12,7
WO-002431,1,2017-10-08,8
WO-002434,1,2017-10-15,7
WO-002435,1,2017-09-30,7
WO-002437,1,2017-10-14,9
WO-002438,1,2017-09-30,9
WO-002440,1,2017-11-03,4
WO-002440,2,2017-11-29,7
WO-002441,1,2017-10-01,9
WO-002447,1,2017-10-18,6
WO-002451,1,2017-10-05,6
WO-002452,1,2017-10-08,9
WO-002458,1,2017-10-14,7
WO-002462,1,2017-10-17,9
WO-002466,1,2017-10-23,8
WO-002471,1,2017-10-11,5
WO-002471,2,2017-10-26,8
WO-002475,1,2017-10-11,7
WO-002476,1,2017-11-03,4
WO-002479,1,2017-10-26,9
WO-002480,1,2017-10-12,9
WO-002481,1,2017-10-07,7
WO-002486,1,2017-11-14,5
WO-002486,2,2017-12-10,9
WO-002487,1,2017-10-31,8
WO-002489,1,2017-10-13,7
WO-002490,1,2017-10-13,8
WO-002490,2,2017-11-06,8
WO-002491,1,2017-10-21,7
WO-002493,1,2017-10-22,5
WO-002494,1,2017-10-20,8
WO-002495,1,2017-10-25,6
WO-002496,1,2017-10-24,7
WO-002497,1,2017-10-15,10
WO-002497,2,2017-11-01,9
WO-002498,1,2017-10-24,9
WO-002499,1,2017-10-14,8
WO-002499,2,2017-11-10,8
WO-002500,1,2017-10-08,9
WO-002503,1,2017-10-24,6
WO-002504,1,2017-10-15,7
WO-002505,1,2017-10-29,6
WO-002506,1,2017-10-28,3
WO-002506,2,2017-11-11,7
WO-002507,1,2017-10-22,9
WO-002508,1,2017-10-07,6
WO-002511,1,2017-10-10,8
WO-002512,1,2017-11-04,2
WO-002512,2,2017-11-24,4
WO-002513,1,2017-10-23,9
WO-002514,1,2017-10-07,6
WO-002515,1,2017-10-24,6
WO-002516,1,2017-10-29,4
WO-002516,2,2017-11-27,5
WO-002519,1,2017-11-02,9
WO-002520,1,2017-10-10,7
WO-002521,1,2017-10-23,10
WO-002523,1,2017-10-22,6
WO-002525,1,2017-10-27,8
WO-002526,1,2017-10-14,8
WO-002530,1,2017-10-09,5
WO-002533,1,2017-10-13,7
WO-002535,1,2017-10-30,4
WO-002535,2,2017-11-09,10
WO-002536,1,2017-10-24,6
WO-002537,1,2017-10-15,7
WO-002538,1,2017-11-01,10
WO-002539,1,2017-10-25,5
WO-002539,2,2017-11-03,8
WO-002547,1,2017-10-25,6
WO-002549,1,2017-11-03,7
WO-002550,1,2017-11-03,3
WO-002550,2,2017-11-27,6
WO-002551,1,2017-10-27,8
WO-002559,1,2017-10-14,6
WO-002562,1,2017-11-03,7
WO-002565,1,2017-10-31,7
WO-002567,1,2017-10-27,6
WO-002568,1,2017-10-31,9
WO-002570,1,2017-10-26,7
WO-002571,1,2017-10-29,8
WO-002572,1,2017-10-25,7
WO-002573,1,2017-10-14,10
WO-002576,1,2017-10-29,4
WO-002576,2,2017-11-18,7
WO-002577,1,2017-10-27,7
WO-002577,2,2017-11-09,8
WO-002579,1,2017-10-28,6
WO-002580,1,2017-10-26,6
WO-002581,1,2017-10-12,7
WO-002584,1,2017-10-20,8
WO-002586,1,2017-11-05,8
WO-002592,1,2017-10-18,7
WO-002593,1,2017-10-23,7
WO-002594,1,2017-10-26,10
WO-002595,1,2017-10-28,8
WO-002597,1,2017-10-22,7
WO-002599,1,2017-10-20,10
WO-002599,2,2017-11-03,10
WO-002600,1,2017-11-07,3
WO-002600,2,2017-11-19,6
WO-002601,1,2017-11-07,10
WO-002602,1,2017-11-06,8
WO-002602,2,2017-11-27,10
WO-002603,1,2017-10-21,4
WO-002604,1,2017-11-05,9
WO-002605,1,2017-10-18,5
WO-002608,1,2017-11-02,6
WO-002609,1,2017-11-03,9
WO-002610,1,2017-11-17,6
WO-002611,1,2017-11-08,9
WO-002612,1,2017-10-24,9
WO-002614,1,2017-10-23,7
WO-002615,1,2017-10-16,8
WO-002617,1,2017-11-06,9
WO-002618,1,2017-11-03,9
WO-002619,1,2017-11-09,7
WO-002620,1,2017-10-29,9
WO-002622,1,2017-11-04,6
WO-002622,2,2017-11-19,7
WO-002623,1,2017-10-31,9
WO-002624,1,2017-10-21,6
WO-002625,1,2017-11-04,2
WO-002625,2,2017-12-01,5
WO-002627,1,2017-11-04,8
WO-002628,1,2017-11-13,4
WO-002628,2,2017-11-28,9
WO-002630,1,2017-11-03,10
WO-002633,1,2017-11-11,4
WO-002633,2,2017-11-24,7
WO-002639,1,2017-11-03,7
WO-002643,1,2017-10-24,8
WO-002644,1,2017-11-13,9
WO-002645,1,2017-11-02,9
WO-002646,1,2017-11-12,7
WO-002647,1,2017-10-29,6
WO-002649,1,2017-11-07,3
WO-002649,2,2017-11-16,5
WO-002653,1,2017-10-28,10
WO-002655,1,2017-11-02,10
WO-002657,1,2017-10-29,6
WO-002658,1,2017-11-07,4
WO-002658,2,2017-11-20,6
WO-002659,1,2017-10-26,10
WO-002660,1,2017-10-31,9
WO-002661,1,2017-11-07,8
WO-002662,1,2017-11-19,6
WO-002663,1,2017-10-22,7
WO-002664,1,2017-10-26,8
WO-002665,1,2017-10-26,8
WO-002666,1,2017-10-26,5
WO-002666,2,2017-11-02,8
WO-002669,1,2017-10-30,6
WO-002670,1,2017-10-27,9
WO-002671,1,2017-10-31,9
WO-002672,1,2017-11-03,8
WO-002672,2,2017-11-19,10
WO-002673,1,2017-11-01,9
WO-002676,1,2017-11-18,8
WO-002680,1,2017-11-07,10
WO-002682,1,2017-11-08,9
WO-002684,1,2017-10-28,10
WO-002686,1,2017-10-29,7
WO-002687,1,2017-11-13,7
WO-002689,1,2017-11-03,9
WO-002690,1,2017-10-29,9
WO-002692,1,2017-11-13,9
WO-002695,1,2017-11-11,7
WO-002698,1,2017-11-01,8
WO-002699,1,2017-11-10,7
WO-002700,1,2017-11-07,7
WO-002701,1,2017-10-29,7
WO-002702,1,2017-11-09,10
WO-002704,1,2017-11-09,6
WO-002711,1,2017-11-09,6
WO-002713,1,2017-10-28,7
WO-002715,1,2017-10-31,9
WO-002716,1,2017-11-26,8
WO-002718,1,2017-11-10,9
WO-002719,1,2017-11-01,8
WO-002721,1,2017-11-16,5
WO-002722,1,2017-11-16,10
WO-002723,1,2017-11-08,7
WO-002725,1,2017-11-12,7
WO-002728,1,2017-11-25,9
WO-002732,1,2017-11-28,7
WO-002733,1,2017-11-24,7
WO-002735,1,2017-11-11,7
WO-002737,1,2017-12-04,4
WO-002737,2,2017-12-21,6
WO-002739,1,2017-11-16,6
WO-002747,1,2017-11-26,8
WO-002749,1,2017-11-07,6
WO-002750,1,2017-11-08,8
WO-002751,1,2017-11-09,8
WO-002753,1,2017-11-22,7
WO-002755,1,2017-11-19,8
WO-002757,1,2017-11-05,9
WO-002759,1,2017-11-11,9
WO-002760,1,2017-11-28,8
WO-002765,1,2017-12-01,10
WO-002770,1,2017-11-24,7
WO-002771,1,2017-11-25,9
WO-002773,1,2017-12-03,4
WO-002773,2,2017-12-30,8
WO-002776,1,2017-11-18,10
WO-002779,1,2017-12-09,3
WO-002779,2,2018-01-02,7
WO-002780,1,2017-11-14,6
WO-002784,1,2017-11-10,7
WO-002785,1,2017-11-25,7
WO-002787,1,2017-11-16,9
WO-002790,1,2017-11-18,10
WO-002791,1,2017-11-20,8
WO-002792,1,2017-11-19,10
WO-002793,1,2017-11-28,9
WO-002794,1,2017-11-17,10
WO-002797,1,2017-11-28,7
WO-002798,1,2017-11-25,6
WO-002799,1,2017-11-26,7
WO-002800,1,2017-11-14,8
WO-002802,1,2017-12-14,9
WO-002803,1,2017-12-02,9
WO-002808,1,2017-11-17,8
WO-002809,1,2017-11-15,8
WO-002810,1,2017-11-22,9
WO-002813,1,2017-12-04,4
WO-002813,2,2017-12-25,6
WO-002814,1,2017-11-30,9
WO-002815,1,2017-11-25,6
WO-002816,1,2017-11-18,10
WO-002820,1,2017-12-03,9
WO-002821,1,2017-11-17,7
WO-002822,1,2017-11-17,8
WO-002823,1,2017-12-08,5
WO-002826,1,2017-11-23,7
WO-002827,1,2017-11-13,7
WO-002828,1,2017-12-03,7
WO-002829,1,2017-11-13,6
WO-002830,1,2017-11-24,9
WO-002831,1,2017-12-05,10
WO-002831,2,2017-12-24,9
WO-002832,1,2017-12-04,9
WO-002834,1,2017-11-23,8
WO-002841,1,2017-11-24,9
WO-002844,1,2017-12-20,4
WO-002844,2,2018-01-02,6
WO-002848,1,2017-11-27,5
WO-002848,2,2017-12-06,9
WO-002849,1,2017-11-24,6
WO-002850,1,2017-11-26,9
WO-002854,1,2017-11-25,10
WO-002854,2,2017-12-14,10
WO-002855,1,2017-12-07,10
WO-002856,1,2017-12-11,7
WO-002857,1,2017-12-01,8
WO-002858,1,2017-11-19,10
WO-002862,1,2017-12-04,6
WO-002863,1,2017-11-26,7
WO-002864,1,2017-11-17,7
WO-002865,1,2017-11-22,5
WO-002870,1,2017-12-11,7
WO-002871,1,2017-12-20,6
WO-002873,1,2017-11-28,9
WO-002874,1,2017-12-04,7
WO-002875,1,2017-11-24,7
WO-002875,2,2017-12-02,7
WO-002877,1,2017-12-10,6
WO-002879,1,2017-12-07,5
WO-002879,2,2017-12-15,9
WO-002880,1,2017-12-10,6
WO-002884,1,2017-11-28,8
WO-002885,1,2017-12-12,6
WO-002886,1,2017-11-29,7
WO-002888,1,2017-11-22,10
WO-002889,1,2017-11-25,7
WO-002890,1,2017-12-18,5
WO-002890,2,2018-01-09,8
WO-002891,1,2017-12-23,7
WO-002893,1,2017-12-13,10
WO-002894,1,2017-12-01,10
WO-002898,1,2017-12-10,9
WO-002899,1,2017-12-01,7
WO-002899,2,2017-12-21,8
WO-002901,1,2017-12-15,7
WO-002902,1,2017-12-01,9
WO-002903,1,2017-11-28,9
WO-002904,1,2017-12-09,4
WO-002904,2,2018-01-06,8
WO-002905,1,2017-12-14,9
WO-002907,1,2017-11-22,7
WO-002908,1,2017-12-05,7
WO-002910,1,2017-12-25,7
WO-002911,1,2017-12-10,8
WO-002912,1,2017-12-11,6
WO-002915,1,2017-12-14,7
WO-002919,1,2017-12-09,9
WO-002922,1,2017-12-26,6
WO-002923,1,2017-12-15,7
WO-002924,1,2017-12-18,9
WO-002926,1,2017-12-14,4
WO-002926,2,2018-01-05,9
WO-002929,1,2017-12-16,6
WO-002931,1,2017-12-15,4
WO-002931,2,2018-01-01,9
WO-002932,1,2017-12-11,10
WO-002933,1,2017-11-25,8
WO-002935,1,2017-12-15,6
WO-002936,1,2017-12-11,7
WO-002940,1,2017-12-16,6
WO-002941,1,2017-11-30,8
WO-002942,1,2017-12-12,9
WO-002942,2,2017-12-24,10
WO-002943,1,2017-12-19,6
WO-002945,1,2017-12-21,9
WO-002947,1,2018-01-02,7
WO-002948,1,2018-01-03,3
WO-002948,2,2018-01-28,6
WO-002950,1,2017-12-27,7
WO-002951,1,2017-12-05,9
WO-002953,1,2017-12-16,4
WO-002953,2,2018-01-12,9
WO-002956,1,2017-12-22,9
WO-002960,1,2017-12-16,7
WO-002962,1,2017-12-16,9
WO-002964,1,2017-12-21,7
WO-002967,1,2017-12-11,7
WO-002967,2,2018-01-02,6
WO-002969,1,2017-12-13,9
WO-002970,1,2017-12-10,6
WO-002971,1,2017-12-13,10
WO-002972,1,2017-12-12,9
WO-002973,1,2017-12-20,9
WO-002974,1,2017-12-14,8
WO-002980,1,2017-12-18,9
WO-002983,1,2017-12-05,6
WO-002985,1,2017-12-05,7
WO-002987,1,2017-12-17,6
WO-002988,1,2017-12-27,6
WO-002989,1,2017-12-08,7
WO-002991,1,2017-12-14,8
WO-002993,1,2017-12-24,4
WO-002993,2,2018-01-04,5
WO-002995,1,2017-12-03,9
WO-002996,1,2017-12-20,7
WO-002997,1,2017-12-12,10
WO-002998,1,2017-12-22,5
WO-002999,1,2018-01-01,5
WO-002999,2,2018-01-17,7
WO-003001,1,2017-12-06,9
WO-003002,1,2017-12-12,10
WO-003004,1,2017-12-10,9
WO-003007,1,2017-12-22,6
WO-003009,1,2017-12-07,8
WO-003010,1,2017-12-13,8
WO-003012,1,2017-12-10,9
WO-003015,1,2017-12-22,8
WO-003017,1,2017-12-13,7
WO-003018,1,2017-12-26,7
WO-003019,1,2018-01-02,10
WO-003021,1,2017-12-11,6
WO-003022,1,2017-12-12,8
WO-003026,1,2018-01-02,9
WO-003027,1,2018-01-01,5
WO-003028,1,2017-12-26,9
WO-003029,1,2017-12-08,8
WO-003030,1,2017-12-10,8
WO-003031,1,2017-12-16,5
WO-003031,2,2017-12-24,8
WO-003032,1,2017-12-17,6
WO-003033,1,2017-12-14,6
WO-003035,1,2017-12-11,9
WO-003037,1,2017-12-14,7
WO-003037,2,2017-12-25,6
WO-003040,1,2018-01-04,10
WO-003041,1,2017-12-25,9
WO-003044,1,2018-01-01,10
WO-003045,1,2017-12-15,9
WO-003046,1,2017-12-14,7
WO-003047,1,2017-12-10,9
WO-003048,1,2017-12-12,5
WO-003048,2,2017-12-31,8
WO-003050,1,2017-12-28,10
WO-003051,1,2017-12-30,5
WO-003051,2,2018-01-13,7
WO-003053,1,2018-01-01,2
WO-003053,2,2018-01-27,4
WO-003056,1,2017-12-25,8
WO-003057,1,2017-12-14,9
WO-003060,1,2018-01-01,9
WO-003064,1,2017-12-22,6
WO-003066,1,2017-12-21,6
WO-003068,1,2017-12-26,7
WO-003068,2,2018-01-19,6
WO-003069,1,2018-01-09,6
WO-003070,1,2017-12-20,8
WO-003071,1,2017-12-16,7
WO-003072,1,2018-01-04,7
WO-003073,1,2017-12-29,9
WO-003074,1,2018-01-06,6
WO-003076,1,2018-01-04,4
WO-003082,1,2018-01-05,7
WO-003084,1,2017-12-30,10
WO-003085,1,2017-12-23,6
WO-003086,1,2017-12-25,7
WO-003087,1,2017-12-15,8
WO-003088,1,2017-12-27,6
WO-003089,1,2017-12-21,6
WO-003090,1,2017-12-29,7
WO-003092,1,2018-01-01,9
WO-003093,1,2017-12-23,6
WO-003094,1,2018-01-02,6
WO-003095,1,2017-12-30,10
WO-003099,1,2017-12-19,9
WO-003100,1,2018-01-04,5
WO-003103,1,2017-12-20,7
WO-003104,1,2017-12-26,8
WO-003106,1,2017-12-26,8
WO-003109,1,2017-12-19,7
WO-003111,1,2018-01-01,7
WO-003114,1,2017-12-28,10
WO-003115,1,2017-12-23,8
WO-003116,1,2017-12-16,10
WO-003118,1,2017-12-26,10
WO-003121,1,2018-01-04,6
WO-003122,1,2018-01-02,10
WO-003123,1,2018-01-02,9
WO-003126,1,2017-12-14,6
WO-003127,1,2017-12-21,8
WO-003128,1,2018-01-02,8
WO-003129,1,2017-12-27,8
WO-003134,1,2017-12-30,9
WO-003136,1,2017-12-19,5
WO-003137,1,2018-01-05,7
WO-003137,2,2018-01-18,7
WO-003138,1,2017-12-16,9
WO-003138,2,2017-12-28,7
WO-003139,1,2018-01-01,2
WO-003139,2,2018-01-11,5
WO-003141,1,2018-01-08,10
WO-003143,1,2018-01-26,4
WO-003146,1,2018-01-03,9
WO-003148,1,2018-01-08,10
WO-003150,1,2017-12-24,8
WO-003153,1,2018-01-20,5
WO-003153,2,2018-01-30,8
WO-003154,1,2017-12-26,7
WO-003155,1,2018-01-05,8
WO-003156,1,2017-12-29,9
WO-003157,1,2018-01-19,5
WO-003157,2,2018-02-02,9
WO-003158,1,2018-01-05,8
WO-003160,1,2018-01-06,9
WO-003161,1,2018-01-11,9
WO-003167,1,2017-12-17,9
WO-003169,1,2017-12-29,10
WO-003172,1,2017-12-27,9
WO-003175,1,2018-01-22,7
WO-003176,1,2017-12-23,5
WO-003176,2,2018-01-10,9
WO-003177,1,2018-01-04,5
WO-003177,2,2018-01-30,9
WO-003181,1,2017-12-21,8
WO-003184,1,2017-12-28,7
WO-003187,1,2018-01-05,7
WO-003189,1,2018-01-04,7
WO-003190,1,2018-01-04,7
WO-003195,1,2018-01-04,8
WO-003196,1,2018-01-19,5
WO-003196,2,2018-02-02,8
WO-003197,1,2018-01-03,10
WO-003198,1,2018-01-06,7
WO-003200,1,2018-01-16,10
WO-003201,1,2018-01-10,9
WO-003202,1,2018-01-09,7
WO-003203,1,2018-01-05,8
WO-003205,1,2018-01-16,9
WO-003206,1,2018-01-15,8
WO-003206,2,2018-02-10,10
WO-003208,1,2017-12-26,10
WO-003209,1,2017-12-26,10
WO-003212,1,2018-01-09,7
WO-003214,1,2018-01-11,6
WO-003216,1,2017-12-29,7
WO-003219,1,2017-12-29,7
WO-003220,1,2018-01-10,8
WO-003221,1,2018-01-11,7
WO-003225,1,2018-01-16,8
WO-003227,1,2018-01-17,7
WO-003229,1,2018-01-16,9
WO-003230,1,2018-01-12,7
WO-003231,1,2018-01-26,3
WO-003231,2,2018-02-14,7
WO-003232,1,2018-01-20,10
WO-003233,1,2018-01-22,6
WO-003234,1,2018-01-17,8
WO-003235,1,2018-01-01,8
WO-003236,1,2017-12-29,8
WO-003241,1,2018-01-05,9
WO-003242,1,2018-01-11,9
WO-003243,1,2018-01-15,4
WO-003244,1,2018-01-06,6
WO-003246,1,2018-01-11,9
WO-003246,2,2018-01-31,10
WO-003248,1,2018-01-17,6
WO-003249,1,2018-01-16,6
WO-003250,1,2018-01-16,10
WO-003251,1,2017-12-31,7
WO-003253,1,2018-01-22,4
WO-003253,2,2018-02-14,8
WO-003257,1,2018-01-02,6
WO-003259,1,2018-01-16,6
WO-003259,2,2018-01-30,3
WO-003260,1,2018-01-12,7
WO-003261,1,2018-01-15,8
WO-003262,1,2018-01-07,8
WO-003263,1,2018-01-12,8
WO-003264,1,2018-01-10,8
WO-003265,1,2018-01-28,10
WO-003266,1,2018-01-14,8
WO-003268,1,2018-01-17,8
WO-003269,1,2018-01-05,6
WO-003274,1,2018-01-17,3
WO-003274,2,2018-02-05,4
WO-003276,1,2018-01-24,6
WO-003280,1,2018-01-29,6
WO-003281,1,2018-01-08,10
WO-003285,1,2018-01-12,8
WO-003288,1,2018-01-05,10
WO-003289,1,2018-01-13,9
WO-003291,1,2018-01-17,7
WO-003292,1,2018-01-11,8
WO-003293,1,2018-01-04,9
WO-003296,1,2018-01-13,9
WO-003297,1,2018-01-25,9
WO-003299,1,2018-01-03,6
WO-003307,1,2018-01-20,6
WO-003309,1,2018-01-12,9
WO-003310,1,2018-01-25,8
WO-003311,1,2018-01-18,8
WO-003314,1,2018-01-24,5
WO-003314,2,2018-02-21,9
WO-003317,1,2018-01-28,7
WO-003318,1,2018-01-24,7
WO-003319,1,2018-02-09,4
WO-003319,2,2018-02-25,8
WO-003320,1,2018-01-27,7
WO-003328,1,2018-01-28,8
WO-003329,1,2018-01-31,10
WO-003330,1,2018-01-24,6
WO-003331,1,2018-01-21,7
WO-003335,1,2018-01-13,7
WO-003336,1,2018-02-09,1
WO-003336,2,2018-02-17,3
WO-003337,1,2018-01-18,9
WO-003340,1,2018-01-27,9
WO-003340,2,2018-02-12,8
WO-003341,1,2018-02-07,7
WO-003344,1,2018-01-26,8
WO-003346,1,2018-01-29,8
WO-003349,1,2018-01-23,10
WO-003352,1,2018-01-24,8
WO-003353,1,2018-01-28,8
WO-003356,1,2018-01-29,9
WO-003359,1,2018-01-16,9
WO-003361,1,2018-01-28,7
WO-003364,1,2018-02-14,2
WO-003364,2,2018-03-07,5
WO-003365,1,2018-01-15,9
WO-003369,1,2018-01-12,10
WO-003371,1,2018-01-24,10
WO-003373,1,2018-01-24,10
WO-003375,1,2018-01-25,8
WO-003376,1,2018-02-05,4
WO-003376,2,2018-02-14,7
WO-003377,1,2018-01-21,6
WO-003378,1,2018-02-01,10
WO-003381,1,2018-02-05,6
WO-003382,1,2018-01-10,9
WO-003383,1,2018-02-08,2
WO-003383,2,2018-02-17,5
WO-003386,1,2018-01-27,8
WO-003389,1,2018-01-30,8
WO-003394,1,2018-01-25,7
WO-003395,1,2018-01-29,8
WO-003396,1,2018-02-12,10
WO-003397,1,2018-01-28,8
WO-003398,1,2018-02-11,3
WO-003398,2,2018-02-18,7
WO-003402,1,2018-01-31,6
WO-003403,1,2018-01-29,8
WO-003404,1,2018-02-05,7
WO-003406,1,2018-02-07,6
WO-003410,1,2018-01-19,8
WO-003412,1,2018-01-21,8
WO-003413,1,2018-01-27,8
WO-003414,1,2018-02-01,10
WO-003415,1,2018-02-08,7
WO-003418,1,2018-01-28,7
WO-003419,1,2018-01-20,9
WO-003421,1,2018-02-02,10
WO-003422,1,2018-01-31,10
WO-003423,1,2018-01-30,8
WO-003425,1,2018-01-16,7
WO-003426,1,2018-02-02,9
WO-003427,1,2018-01-27,7
WO-003433,1,2018-02-16,10
WO-003435,1,2018-01-28,8
WO-003435,2,2018-02-24,8
WO-003436,1,2018-02-04,8
WO-003437,1,2018-02-05,3
WO-003437,2,2018-03-04,6
WO-003438,1,2018-02-16,8
WO-003439,1,2018-02-01,7
WO-003439,2,2018-02-09,6
WO-003440,1,2018-02-16,4
WO-003440,2,2018-02-28,8
WO-003442,1,2018-02-12,9
WO-003443,1,2018-02-02,6
WO-003446,1,2018-01-22,8
WO-003449,1,2018-01-25,7
WO-003451,1,2018-02-03,8
WO-003452,1,2018-02-02,8
WO-003454,1,2018-01-29,9
WO-003456,1,2018-02-28,4
WO-003456,2,2018-03-14,7
WO-003458,1,2018-02-02,7
WO-003462,1,2018-02-07,9
WO-003464,1,2018-02-07,8
WO-003467,1,2018-02-20,4
WO-003467,2,2018-02-28,7
WO-003468,1,2018-01-28,7
WO-003469,1,2018-01-28,8
WO-003470,1,2018-02-02,8
WO-003470,2,2018-02-27,7
WO-003472,1,2018-02-02,4
WO-003472,2,2018-02-15,9
WO-003473,1,2018-01-25,9
WO-003474,1,2018-02-07,9
WO-003475,1,2018-02-17,10
WO-003477,1,2018-02-01,7
WO-003478,1,2018-02-21,9
WO-003479,1,2018-02-14,10
WO-003481,1,2018-01-23,8
WO-003482,1,2018-02-21,9
WO-003483,1,2018-01-29,6
WO-003484,1,2018-02-11,7
WO-003486,1,2018-02-15,4
WO-003486,2,2018-03-06,7
WO-003487,1,2018-02-15,9
WO-003488,1,2018-01-31,8
WO-003491,1,2018-02-12,5
WO-003491,2,2018-02-25,10
WO-003492,1,2018-02-16,7
WO-003494,1,2018-02-01,5
WO-003494,2,2018-02-28,8
WO-003498,1,2018-01-24,6
WO-003499,1,2018-02-03,10
WO-003500,1,2018-01-29,6
WO-003501,1,2018-02-03,6
WO-003505,1,2018-02-02,7
WO-003506,1,2018-01-30,8
WO-003508,1,2018-02-11,8
WO-003509,1,2018-02-02,10
WO-003514,1,2018-02-23,10
WO-003517,1,2018-02-11,9
WO-003517,2,2018-02-18,9
WO-003520,1,2018-02-14,8
WO-003522,1,2018-02-17,7
WO-003523,1,2018-02-02,9
WO-003525,1,2018-02-18,8
WO-003526,1,2018-02-05,8
WO-003529,1,2018-02-11,10
WO-003532,1,2018-02-18,5
WO-003532,2,2018-03-14,9
WO-003533,1,2018-02-25,5
WO-003533,2,2018-03-22,6
WO-003534,1,2018-02-11,9
WO-003535,1,2018-02-05,6
WO-003537,1,2018-02-23,7
WO-003538,1,2018-03-02,8
WO-003540,1,2018-03-02,8
WO-003541,1,2018-02-23,8
WO-003543,1,2018-02-21,9
WO-003544,1,2018-02-27,5
WO-003544,2,2018-03-23,9
WO-003547,1,2018-02-12,6
WO-003548,1,2018-02-09,8
WO-003552,1,2018-02-20,8
WO-003554,1,2018-02-21,8
WO-003555,1,2018-02-25,7
WO-003557,1,2018-02-21,10
WO-003559,1,2018-02-14,7
WO-003560,1,2018-03-04,4
WO-003560,2,2018-03-17,5
WO-003561,1,2018-03-05,8
WO-003562,1,2018-02-09,9
WO-003565,1,2018-03-05,2
WO-003565,2,2018-03-29,4
WO-003566,1,2018-03-02,2
WO-003566,2,2018-03-18,6
WO-003567,1,2018-02-08,5
WO-003567,2,2018-03-06,9
WO-003568,1,2018-02-13,7
WO-003569,1,2018-02-10,8
WO-003571,1,2018-02-22,9
WO-003572,1,2018-02-20,6
WO-003573,1,2018-02-23,8
WO-003574,1,2018-03-02,6
WO-003577,1,2018-02-28,6
WO-003578,1,2018-02-14,7
WO-003580,1,2018-02-21,6
WO-003582,1,2018-02-26,7
WO-003584,1,2018-02-20,8
WO-003585,1,2018-02-13,7
WO-003586,1,2018-02-15,7
WO-003587,1,2018-02-15,7
WO-003588,1,2018-02-26,8
WO-003592,1,2018-03-07,5
WO-003596,1,2018-03-09,5
WO-003597,1,2018-02-09,5
WO-003597,2,2018-03-02,8
WO-003598,1,2018-02-28,7
WO-003602,1,2018-03-05,8
WO-003604,1,2018-03-03,7
WO-003606,1,2018-02-18,6
WO-003606,2,2018-03-01,5
WO-003613,1,2018-02-18,9
WO-003615,1,2018-03-11,8
WO-003620,1,2018-02-21,8
WO-003622,1,2018-02-28,7
WO-003624,1,2018-03-11,2
WO-003624,2,2018-03-20,5
WO-003625,1,2018-02-21,6
WO-003626,1,2018-03-06,8
WO-003627,1,2018-03-05,8
WO-003629,1,2018-02-24,9
WO-003631,1,2018-03-07,8
WO-003632,1,2018-02-22,7
WO-003633,1,2018-03-01,7
WO-003634,1,2018-03-14,5
WO-003634,2,2018-03-22,8
WO-003637,1,2018-02-20,9
WO-003638,1,2018-03-20,5
WO-003638,2,2018-04-13,7
WO-003640,1,2018-02-28,8
WO-003642,1,2018-02-28,7
WO-003643,1,2018-03-01,9
WO-003645,1,2018-03-05,7
WO-003646,1,2018-03-15,4
WO-003646,2,2018-03-26,8
WO-003647,1,2018-03-13,5
WO-003647,2,2018-03-23,7
WO-003648,1,2018-02-24,5
WO-003648,2,2018-03-14,10
WO-003651,1,2018-03-16,8
WO-003653,1,2018-03-05,6
WO-003655,1,2018-02-24,9
WO-003655,2,2018-03-04,7
WO-003662,1,2018-04-02,7
WO-003662,2,2018-04-21,6
WO-003664,1,2018-03-29,7
WO-003665,1,2018-02-22,9
WO-003666,1,2018-03-08,7
WO-003669,1,2018-03-10,6
WO-003673,1,2018-03-12,8
WO-003675,1,2018-03-02,9
WO-003676,1,2018-03-08,9
WO-003677,1,2018-02-23,10
WO-003679,1,2018-03-02,7
WO-003680,1,2018-02-27,7
WO-003683,1,2018-02-21,6
WO-003683,2,2018-03-03,8
WO-003684,1,2018-03-07,6
WO-003685,1,2018-03-11,10
WO-003687,1,2018-03-09,8
WO-003689,1,2018-03-02,9
WO-003692,1,2018-03-21,7
WO-003695,1,2018-03-07,7
WO-003696,1,2018-03-22,8
WO-003698,1,2018-03-23,4
WO-003698,2,2018-04-07,4
WO-003702,1,2018-03-07,10
WO-003703,1,2018-03-18,7
WO-003704,1,2018-03-06,10
WO-003705,1,2018-03-03,7
WO-003708,1,2018-03-21,7
WO-003709,1,2018-04-03,4
WO-003709,2,2018-04-18,8
WO-003711,1,2018-03-23,8
WO-003712,1,2018-03-10,7
WO-003713,1,2018-02-26,8
WO-003716,1,2018-03-02,10
WO-003718,1,2018-03-16,10
WO-003720,1,2018-03-13,7
WO-003726,1,2018-03-18,8
WO-003732,1,2018-03-11,6
WO-003733,1,2018-03-13,4
WO-003733,2,2018-03-27,7
WO-003735,1,2018-03-04,9
WO-003736,1,2018-03-15,8
WO-003737,1,2018-03-14,7
WO-003738,1,2018-03-10,8
WO-003739,1,2018-03-30,5
WO-003739,2,2018-04-11,9
WO-003740,1,2018-03-29,6
WO-003741,1,2018-03-14,8
WO-003742,1,2018-03-13,8
WO-003745,1,2018-03-20,8
WO-003746,1,2018-03-20,9
WO-003747,1,2018-03-20,10
WO-003749,1,2018-03-14,5
WO-003749,2,2018-04-01,9
WO-003750,1,2018-03-19,6
WO-003753,1,2018-03-16,7
WO-003757,1,2018-03-23,9
WO-003758,1,2018-03-20,10
WO-003760,1,2018-03-29,8
WO-003761,1,2018-03-27,9
WO-003762,1,2018-03-30,10
WO-003763,1,2018-03-18,7
WO-003764,1,2018-03-15,9
WO-003767,1,2018-03-15,8
WO-003768,1,2018-03-21,8
WO-003769,1,2018-03-24,7
WO-003770,1,2018-04-03,3
WO-003770,2,2018-04-18,5
WO-003771,1,2018-03-23,8
WO-003772,1,2018-03-08,7
WO-003776,1,2018-03-17,7
WO-003778,1,2018-03-31,8
WO-003779,1,2018-03-30,8
WO-003781,1,2018-03-21,9
WO-003782,1,2018-03-29,9
WO-003786,1,2018-03-20,5
WO-003787,1,2018-03-25,6
WO-003789,1,2018-03-29,7
WO-003790,1,2018-03-27,9
WO-003791,1,2018-03-29,6
WO-003795,1,2018-03-25,9
WO-003796,1,2018-04-03,8
WO-003797,1,2018-03-29,7
WO-003798,1,2018-03-28,7
WO-003799,1,2018-03-23,4
WO-003800,1,2018-04-04,8
WO-003801,1,2018-03-31,4
WO-003801,2,2018-04-29,8
WO-003803,1,2018-03-20,5
WO-003803,2,2018-04-15,9
WO-003804,1,2018-03-30,6
WO-003806,1,2018-03-30,8
WO-003809,1,2018-03-27,9
WO-003810,1,2018-03-26,9
WO-003810,2,2018-04-06,8
WO-003812,1,2018-03-28,10
WO-003813,1,2018-03-21,8
WO-003816,1,2018-03-27,8
WO-003817,1,2018-03-25,6
WO-003818,1,2018-04-01,8
WO-003825,1,2018-03-26,9
WO-003826,1,2018-04-11,5
WO-003826,2,2018-04-25,9
WO-003828,1,2018-03-31,7
WO-003829,1,2018-03-28,5
WO-003829,2,2018-04-21,8
WO-003831,1,2018-04-02,8
WO-003832,1,2018-03-27,6
WO-003834,1,2018-03-23,10
WO-003835,1,2018-03-16,9
WO-003836,1,2018-04-09,8
WO-003839,1,2018-03-21,8
WO-003840,1,2018-03-14,8
WO-003841,1,2018-03-22,7
WO-003842,1,2018-04-11,5
WO-003843,1,2018-03-26,7
WO-003844,1,2018-03-26,3
WO-003844,2,2018-04-24,7
WO-003845,1,2018-03-29,6
WO-003846,1,2018-04-12,7
WO-003848,1,2018-03-23,9
WO-003849,1,2018-03-30,5
WO-003849,2,2018-04-15,9
WO-003850,1,2018-04-02,9
WO-003851,1,2018-04-19,5
WO-003851,2,2018-05-08,8
WO-003855,1,2018-04-09,7
WO-003857,1,2018-04-10,10
WO-003858,1,2018-04-08,7
WO-003859,1,2018-04-08,10
WO-003860,1,2018-03-25,7
WO-003861,1,2018-04-02,6
WO-003862,1,2018-03-30,6
WO-003863,1,2018-03-29,8
WO-003864,1,2018-03-30,8
WO-003865,1,2018-04-01,7
WO-003866,1,2018-03-26,7
WO-003869,1,2018-04-12,7
WO-003870,1,2018-04-05,9
WO-003870,2,2018-04-19,10
WO-003871,1,2018-03-29,5
WO-003871,2,2018-04-10,8
WO-003877,1,2018-04-15,8
WO-003878,1,2018-04-09,9
WO-003880,1,2018-03-24,5
WO-003880,2,2018-04-21,9
WO-003881,1,2018-04-01,8
WO-003884,1,2018-04-05,10
WO-003884,2,2018-04-30,10
WO-003885,1,2018-04-04,7
WO-003886,1,2018-03-28,8
WO-003886,2,2018-04-26,8
WO-003887,1,2018-04-12,8
WO-003891,1,2018-04-09,7
WO-003893,1,2018-04-01,8
WO-003894,1,2018-04-01,8
WO-003895,1,2018-04-03,9
WO-003902,1,2018-04-10,6
WO-003902,2,2018-04-17,6
WO-003903,1,2018-04-04,5
WO-003903,2,2018-04-26,5
WO-003906,1,2018-04-07,10
WO-003907,1,2018-04-06,7
WO-003912,1,2018-04-09,8
WO-003915,1,2018-04-05,5
WO-003915,2,2018-04-22,9
WO-003921,1,2018-04-06,4
WO-003921,2,2018-04-17,6
WO-003922,1,2018-04-13,6
WO-003922,2,2018-04-26,7
WO-003923,1,2018-04-07,8
WO-003924,1,2018-04-03,7
WO-003925,1,2018-03-27,7
WO-003925,2,2018-04-04,8
WO-003926,1,2018-04-11,8
WO-003929,1,2018-04-11,10
WO-003930,1,2018-04-16,6
WO-003931,1,2018-03-30,5
WO-003931,2,2018-04-19,9
WO-003932,1,2018-04-20,8
WO-003933,1,2018-04-20,7
WO-003934,1,2018-04-04,5
WO-003934,2,2018-04-30,10
WO-003935,1,2018-03-28,6
WO-003941,1,2018-04-04,6
WO-003942,1,2018-04-06,10
WO-003944,1,2018-05-04,5
WO-003944,2,2018-05-16,8
WO-003948,1,2018-04-04,8
WO-003950,1,2018-04-19,9
WO-003951,1,2018-04-15,5
WO-003953,1,2018-04-22,7
WO-003955,1,2018-04-08,9
WO-003959,1,2018-04-27,10
WO-003962,1,2018-04-13,7
WO-003964,1,2018-04-14,7
WO-003965,1,2018-04-17,7
WO-003966,1,2018-04-24,8
WO-003967,1,2018-04-28,8
WO-003968,1,2018-04-28,4
WO-003968,2,2018-05-10,7
WO-003970,1,2018-04-09,6
WO-003976,1,2018-04-03,7
WO-003988,1,2018-04-21,10
WO-003990,1,2018-04-15,7
WO-003991,1,2018-04-11,7
WO-003993,1,2018-04-08,6
WO-003994,1,2018-04-13,7
WO-003995,1,2018-05-05,7
WO-003997,1,2018-04-20,8
WO-003998,1,2018-04-28,9
WO-003999,1,2018-04-04,10
WO-004000,1,2018-04-26,3
WO-004000,2,2018-05-15,6
WO-004004,1,2018-04-14,6
WO-004005,1,2018-04-05,6
WO-004007,1,2018-04-28,8
WO-004008,1,2018-04-16,10
WO-004010,1,2018-04-29,4
WO-004010,2,2018-05-15,5
WO-004011,1,2018-04-25,10
WO-004014,1,2018-04-22,6
WO-004016,1,2018-04-30,10
WO-004017,1,2018-04-17,8
WO-004018,1,2018-04-21,8
WO-004019,1,2018-04-25,8
WO-004021,1,2018-04-15,8
WO-004022,1,2018-04-25,10
WO-004024,1,2018-04-22,10
WO-004025,1,2018-04-20,10
WO-004026,1,2018-04-21,9
WO-004030,1,2018-04-20,7
WO-004031,1,2018-04-23,8
WO-004032,1,2018-04-26,9
WO-004033,1,2018-05-04,7
WO-004035,1,2018-04-17,10
WO-004045,1,2018-04-23,7
WO-004048,1,2018-05-03,2
WO-004048,2,2018-05-29,4
WO-004049,1,2018-04-27,10
WO-004055,1,2018-04-28,10
WO-004057,1,2018-05-01,7
WO-004058,1,2018-05-02,4
WO-004058,2,2018-05-14,7
WO-004061,1,2018-04-11,10
WO-004062,1,2018-05-04,6
WO-004063,1,2018-05-01,8
WO-004064,1,2018-05-02,9
WO-004066,1,2018-04-22,9
WO-004068,1,2018-05-03,10
WO-004069,1,2018-04-11,8
WO-004071,1,2018-05-03,9
WO-004072,1,2018-04-22,7
WO-004073,1,2018-04-17,8
WO-004074,1,2018-05-07,10
WO-004078,1,2018-04-25,7
WO-004079,1,2018-05-06,3
WO-004079,2,2018-05-17,8
WO-004081,1,2018-05-06,4
WO-004081,2,2018-05-28,8
WO-004082,1,2018-05-01,10
WO-004086,1,2018-04-28,8
WO-004086,2,2018-05-17,9
WO-004087,1,2018-05-05,4
WO-004087,2,2018-05-23,7
WO-004088,1,2018-04-25,6
WO-004090,1,2018-05-04,9
WO-004097,1,2018-04-19,7
WO-004104,1,2018-04-23,9
WO-004105,1,2018-05-01,10
WO-004106,1,2018-05-02,8
WO-004107,1,2018-04-18,7
WO-004108,1,2018-04-24,5
WO-004108,2,2018-05-02,8
WO-004110,1,2018-04-20,7
WO-004112,1,2018-04-28,7
WO-004114,1,2018-05-06,4
WO-004115,1,2018-05-11,4
WO-004116,1,2018-05-06,8
WO-004118,1,2018-04-17,10
WO-004119,1,2018-04-30,7
WO-004120,1,2018-04-21,8
WO-004121,1,2018-05-02,10
WO-004122,1,2018-04-24,8
WO-004124,1,2018-04-23,6
WO-004125,1,2018-04-22,8
WO-004127,1,2018-04-21,8
WO-004128,1,2018-05-06,7
WO-004132,1,2018-05-04,8
WO-004136,1,2018-05-02,9
WO-004138,1,2018-04-24,8
WO-004141,1,2018-05-22,6
WO-004145,1,2018-05-03,8
WO-004147,1,2018-05-23,6
WO-004148,1,2018-04-28,10
WO-004148,2,2018-05-13,10
WO-004149,1,2018-04-25,10
WO-004150,1,2018-05-02,6
WO-004151,1,2018-05-22,3
WO-004151,2,2018-06-01,5
WO-004153,1,2018-05-08,9
WO-004154,1,2018-05-06,4
WO-004154,2,2018-05-21,8
WO-004157,1,2018-04-30,5
WO-004158,1,2018-04-25,7
WO-004158,2,2018-05-07,6
WO-004160,1,2018-05-09,9
WO-004161,1,2018-04-25,9
WO-004162,1,2018-05-10,6
WO-004164,1,2018-05-08,4
WO-004165,1,2018-05-09,7
WO-004166,1,2018-05-08,9
WO-004169,1,2018-05-11,10
WO-004170,1,2018-05-07,5
WO-004170,2,2018-05-28,8
WO-004173,1,2018-05-07,8
WO-004174,1,2018-05-11,5
WO-004175,1,2018-05-25,3
WO-004175,2,2018-06-14,6
WO-004176,1,2018-05-19,8
WO-004177,1,2018-05-19,8
WO-004178,1,2018-04-27,7
WO-004179,1,2018-05-30,7
WO-004180,1,2018-04-30,7
WO-004180,2,2018-05-19,6
WO-004183,1,2018-05-14,10
WO-004185,1,2018-05-08,7
WO-004187,1,2018-05-03,10
WO-004189,1,2018-05-09,7
WO-004190,1,2018-05-18,5
WO-004190,2,2018-05-26,7
WO-004191,1,2018-04-29,8
WO-004195,1,2018-05-21,7
WO-004197,1,2018-04-26,6
WO-004199,1,2018-05-09,6
WO-004200,1,2018-05-11,8
WO-004208,1,2018-05-12,8
WO-004209,1,2018-05-09,5
WO-004209,2,2018-06-03,7
WO-004210,1,2018-05-16,8
WO-004210,2,2018-06-06,7
WO-004212,1,2018-05-14,7
WO-004215,1,2018-05-15,8
WO-004218,1,2018-05-10,7
WO-004219,1,2018-04-29,10
WO-004219,2,2018-05-22,10
WO-004221,1,2018-05-08,8
WO-004222,1,2018-06-03,6
WO-004228,1,2018-05-22,4
WO-004228,2,2018-06-05,8
WO-004229,1,2018-05-18,4
WO-004230,1,2018-05-08,7
WO-004231,1,2018-04-27,8
WO-004231,2,2018-05-18,8
WO-004234,1,2018-05-09,8
WO-004235,1,2018-05-15,8
WO-004236,1,2018-04-29,6
WO-004236,2,2018-05-15,6
WO-004239,1,2018-05-14,7
WO-004240,1,2018-05-17,4
WO-004240,2,2018-06-06,7
WO-004241,1,2018-05-10,9
WO-004242,1,2018-05-18,8
WO-004243,1,2018-05-15,8
WO-004245,1,2018-05-04,7
WO-004246,1,2018-05-09,6
WO-004249,1,2018-05-06,10
WO-004250,1,2018-05-31,7
WO-004251,1,2018-05-10,7
WO-004252,1,2018-05-16,6
WO-004253,1,2018-05-27,7
WO-004256,1,2018-05-20,9
WO-004259,1,2018-05-18,4
WO-004259,2,2018-06-06,6
WO-004260,1,2018-05-05,8
WO-004266,1,2018-05-20,6
WO-004268,1,2018-05-18,7
WO-004269,1,2018-05-18,8
WO-004271,1,2018-05-13,8
WO-004276,1,2018-05-15,10
WO-004278,1,2018-05-29,5
WO-004278,2,2018-06-22,8
WO-004280,1,2018-05-18,6
WO-004282,1,2018-05-23,8
WO-004284,1,2018-05-30,5
WO-004284,2,2018-06-15,7
WO-004288,1,2018-05-27,10
WO-004294,1,2018-05-20,8
WO-004295,1,2018-06-03,4
WO-004295,2,2018-06-30,8
WO-004296,1,2018-05-12,4
WO-004298,1,2018-05-28,7
WO-004301,1,2018-05-05,8
WO-004303,1,2018-05-24,10
WO-004305,1,2018-05-22,9
WO-004306,1,2018-05-06,8
WO-004307,1,2018-05-07,9
WO-004308,1,2018-05-12,7
WO-004309,1,2018-05-25,8
WO-004311,1,2018-05-20,6
WO-004313,1,2018-05-22,9
WO-004315,1,2018-05-26,6
WO-004317,1,2018-05-06,7
WO-004319,1,2018-05-23,8
WO-004320,1,2018-05-19,9
WO-004322,1,2018-06-05,8
WO-004326,1,2018-05-07,4
WO-004326,2,2018-05-26,10
WO-004328,1,2018-05-17,10
WO-004329,1,2018-06-16,5
WO-004329,2,2018-06-26,6
WO-004330,1,2018-05-27,3
WO-004330,2,2018-06-25,4
WO-004331,1,2018-05-30,7
WO-004332,1,2018-05-18,6
WO-004336,1,2018-05-22,8
WO-004338,1,2018-05-31,7
WO-004342,1,2018-05-22,6
WO-004343,1,2018-05-19,8
WO-004343,2,2018-06-07,10
WO-004344,1,2018-05-19,10
WO-004346,1,2018-05-24,4
WO-004346,2,2018-06-18,8
WO-004349,1,2018-05-21,6
WO-004353,1,2018-05-15,9
WO-004354,1,2018-05-22,7
WO-004355,1,2018-05-22,7
WO-004356,1,2018-06-03,8
WO-004357,1,2018-05-29,10
WO-004359,1,2018-05-20,10
WO-004360,1,2018-06-11,6
WO-004361,1,2018-05-26,6
WO-004362,1,2018-05-21,6
WO-004363,1,2018-06-04,9
WO-004364,1,2018-05-21,5
WO-004364,2,2018-06-08,9
WO-004365,1,2018-06-04,9
WO-004366,1,2018-05-28,8
WO-004367,1,2018-05-13,9
WO-004368,1,2018-05-19,7
WO-004370,1,2018-06-02,10
WO-004370,2,2018-07-01,10
WO-004372,1,2018-06-04,6
WO-004372,2,2018-06-27,5
WO-004375,1,2018-05-12,8
WO-004376,1,2018-06-02,9
WO-004377,1,2018-05-28,8
WO-004378,1,2018-06-02,5
WO-004378,2,2018-06-20,6
WO-004381,1,2018-06-10,6
WO-004383,1,2018-05-28,10
WO-004384,1,2018-06-04,10
WO-004385,1,2018-05-23,7
WO-004386,1,2018-05-29,7
WO-004391,1,2018-05-20,6
WO-004393,1,2018-05-26,6
WO-004397,1,2018-05-20,9
WO-004398,1,2018-05-26,8
WO-004400,1,2018-05-20,7
WO-004401,1,2018-05-30,7
WO-004403,1,2018-06-03,7
WO-004405,1,2018-06-07,10
WO-004409,1,2018-06-13,7
WO-004411,1,2018-06-11,9
WO-004412,1,2018-06-01,7
WO-004413,1,2018-05-16,6
WO-004413,2,2018-05-30,7
WO-004414,1,2018-06-04,7
WO-004416,1,2018-06-14,2
WO-004416,2,2018-07-11,7
WO-004417,1,2018-05-20,6
WO-004418,1,2018-05-31,6
WO-004419,1,2018-05-20,7
WO-004423,1,2018-06-01,8
WO-004424,1,2018-06-08,9
WO-004429,1,2018-05-31,8
WO-004431,1,2018-05-28,8
WO-004432,1,2018-06-04,9
WO-004437,1,2018-05-18,6
WO-004440,1,2018-05-22,9
WO-004442,1,2018-05-26,10
WO-004443,1,2018-06-17,6
WO-004444,1,2018-05-22,8
WO-004445,1,2018-05-27,4
WO-004445,2,2018-06-23,8
WO-004449,1,2018-06-05,8
WO-004450,1,2018-05-26,8
WO-004451,1,2018-06-08,3
WO-004451,2,2018-07-04,6
WO-004453,1,2018-06-07,10
WO-004455,1,2018-06-11,9
WO-004459,1,2018-06-02,9
WO-004461,1,2018-06-07,9
WO-004462,1,2018-06-07,9
WO-004465,1,2018-06-13,4
WO-004465,2,2018-07-05,9
WO-004466,1,2018-05-25,6
WO-004468,1,2018-05-28,9
WO-004469,1,2018-06-06,7
WO-004470,1,2018-05-30,8
WO-004471,1,2018-06-05,8
WO-004474,1,2018-05-24,7
WO-004475,1,2018-06-17,3
WO-004475,2,2018-07-02,7
WO-004479,1,2018-06-08,9
WO-004480,1,2018-06-02,5
WO-004480,2,2018-06-29,8
WO-004481,1,2018-05-28,9
WO-004483,1,2018-06-03,8
WO-004485,1,2018-06-02,3
WO-004486,1,2018-06-13,8
WO-004486,2,2018-06-20,9
WO-004489,1,2018-06-15,8
WO-004490,1,2018-06-10,6
WO-004491,1,2018-05-27,9
WO-004499,1,2018-06-06,7
WO-004501,1,2018-06-16,7
WO-004503,1,2018-05-27,9
WO-004510,1,2018-06-11,10
WO-004512,1,2018-06-11,6
WO-004518,1,2018-06-10,8
WO-004519,1,2018-05-31,8
WO-004521,1,2018-06-22,8
WO-004523,1,2018-06-01,10
WO-004524,1,2018-06-12,6
WO-004525,1,2018-06-19,2
WO-004525,2,2018-06-30,5
WO-004526,1,2018-06-09,7
WO-004528,1,2018-06-04,4
WO-004528,2,2018-07-02,9
WO-004529,1,2018-06-01,8
WO-004531,1,2018-06-02,8
WO-004532,1,2018-06-29,8
WO-004533,1,2018-05-30,10
WO-004535,1,2018-06-21,6
WO-004536,1,2018-06-09,7
WO-004544,1,2018-06-06,7
WO-004546,1,2018-06-18,7
WO-004547,1,2018-06-14,9
WO-004548,1,2018-06-17,8
WO-004549,1,2018-06-03,8
WO-004550,1,2018-06-14,9
WO-004552,1,2018-05-27,10
WO-004553,1,2018-06-14,9
WO-004554,1,2018-05-29,6
WO-004555,1,2018-06-03,7
WO-004557,1,2018-06-27,10
WO-004559,1,2018-06-24,9
WO-004561,1,2018-06-07,8
WO-004563,1,2018-06-15,8
WO-004564,1,2018-06-19,9
WO-004564,2,2018-07-12,10
WO-004566,1,2018-06-17,8
WO-004567,1,2018-06-06,7
WO-004569,1,2018-06-07,8
WO-004575,1,2018-06-21,9
WO-004578,1,2018-06-19,10
WO-004579,1,2018-07-02,8
WO-004580,1,2018-06-22,7
WO-004583,1,2018-06-08,8
WO-004584,1,2018-06-20,9
WO-004585,1,2018-06-20,7
WO-004585,2,2018-07-15,7
WO-004586,1,2018-06-14,8
WO-004587,1,2018-07-01,4
WO-004587,2,2018-07-26,8
WO-004588,1,2018-06-26,4
WO-004588,2,2018-07-04,8
WO-004590,1,2018-06-24,5
WO-004590,2,2018-07-21,7
WO-004591,1,2018-06-15,9
WO-004592,1,2018-06-14,7
WO-004596,1,2018-07-07,4
WO-004596,2,2018-07-28,7
WO-004597,1,2018-06-21,8
WO-004598,1,2018-06-29,9
WO-004598,2,2018-07-26,9
WO-004599,1,2018-06-12,7
WO-004601,1,2018-06-29,8
WO-004606,1,2018-06-10,6
WO-004606,2,2018-06-17,5
WO-004607,1,2018-06-15,9
WO-004611,1,2018-06-29,9
WO-004616,1,2018-06-14,8
WO-004617,1,2018-06-10,7
WO-004619,1,2018-06-23,7
WO-004622,1,2018-06-13,9
WO-004623,1,2018-06-28,9
WO-004624,1,2018-06-20,8
WO-004625,1,2018-06-19,7
WO-004626,1,2018-06-19,7
WO-004627,1,2018-06-21,8
WO-004628,1,2018-06-13,10
WO-004630,1,2018-06-25,9
WO-004633,1,2018-07-02,7
WO-004635,1,2018-06-29,4
WO-004635,2,2018-07-18,7
WO-004638,1,2018-06-12,9
WO-004639,1,2018-06-11,8
WO-004641,1,2018-06-26,9
WO-004642,1,2018-06-24,5
WO-004642,2,2018-07-09,10
WO-004643,1,2018-07-04,6
WO-004643,2,2018-07-18,6
WO-004644,1,2018-06-18,8
WO-004645,1,2018-06-24,7
WO-004646,1,2018-07-14,5
WO-004647,1,2018-06-20,7
WO-004648,1,2018-06-24,10
WO-004648,2,2018-07-05,10
WO-004650,1,2018-07-12,5
WO-004650,2,2018-07-22,9
WO-004653,1,2018-06-09,6
WO-004654,1,2018-06-19,9
WO-004657,1,2018-06-30,8
WO-004658,1,2018-06-23,5
WO-004658,2,2018-07-10,9
WO-004660,1,2018-06-08,8
WO-004661,1,2018-06-29,8
WO-004662,1,2018-06-30,9
WO-004663,1,2018-07-11,6
WO-004665,1,2018-06-12,10
WO-004666,1,2018-06-29,6
WO-004667,1,2018-06-27,5
WO-004667,2,2018-07-09,8
WO-004668,1,2018-06-20,8
WO-004672,1,2018-06-22,6
WO-004679,1,2018-06-21,7
WO-004685,1,2018-07-12,7
WO-004687,1,2018-07-04,8
WO-004690,1,2018-07-10,10
WO-004691,1,2018-06-30,5
WO-004691,2,2018-07-14,10
WO-004696,1,2018-06-30,6
WO-004697,1,2018-06-25,8
WO-004700,1,2018-07-06,8
WO-004701,1,2018-06-28,7
WO-004701,2,2018-07-07,7
WO-004704,1,2018-07-03,9
WO-004708,1,2018-06-27,9
WO-004709,1,2018-07-17,5
WO-004709,2,2018-08-03,8
WO-004710,1,2018-06-27,8
WO-004712,1,2018-07-05,9
WO-004713,1,2018-06-27,5
WO-004713,2,2018-07-15,7
WO-004716,1,2018-06-24,10
WO-004717,1,2018-06-19,10
WO-004722,1,2018-07-18,6
WO-004724,1,2018-07-11,9
WO-004725,1,2018-07-16,7
WO-004729,1,2018-07-03,10
WO-004730,1,2018-07-08,7
WO-004731,1,2018-07-07,5
WO-004731,2,2018-07-27,8
WO-004736,1,2018-07-10,8
WO-004736,2,2018-07-18,8
WO-004737,1,2018-07-01,6
WO-004737,2,2018-07-24,6
WO-004738,1,2018-06-28,9
WO-004742,1,2018-07-05,8
WO-004744,1,2018-06-22,7
WO-004747,1,2018-07-06,9
WO-004748,1,2018-07-16,6
WO-004748,2,2018-07-26,6
WO-004753,1,2018-06-25,7
WO-004755,1,2018-06-27,8
WO-004757,1,2018-07-05,6
WO-004759,1,2018-06-26,6
WO-004762,1,2018-07-03,8
WO-004764,1,2018-07-07,6
WO-004764,2,2018-08-04,7
WO-004765,1,2018-07-02,8
WO-004768,1,2018-07-18,5
WO-004768,2,2018-08-15,8
WO-004770,1,2018-06-24,8
WO-004775,1,2018-07-12,7
WO-004778,1,2018-07-05,8
WO-004782,1,2018-07-05,8
WO-004783,1,2018-07-13,6
WO-004784,1,2018-07-13,6
WO-004785,1,2018-07-06,8
WO-004787,1,2018-06-29,9
WO-004788,1,2018-07-10,8
WO-004790,1,2018-07-03,8
WO-004791,1,2018-07-08,9
WO-004794,1,2018-07-04,6
WO-004795,1,2018-07-05,8
WO-004796,1,2018-07-09,9
WO-004797,1,2018-07-10,6
WO-004799,1,2018-07-06,7
WO-004802,1,2018-07-07,8
WO-004805,1,2018-06-28,8
WO-004807,1,2018-07-14,8
WO-004808,1,2018-07-14,8
WO-004813,1,2018-07-15,8
WO-004814,1,2018-07-08,8
WO-004816,1,2018-07-09,7
WO-004820,1,2018-07-05,10
WO-004825,1,2018-07-25,5
WO-004825,2,2018-08-21,10
WO-004828,1,2018-07-04,10
WO-004834,1,2018-07-05,8
WO-004835,1,2018-07-08,9
WO-004838,1,2018-07-08,7
WO-004839,1,2018-07-22,8
WO-004840,1,2018-07-08,7
WO-004841,1,2018-07-07,9
WO-004844,1,2018-07-16,8
WO-004846,1,2018-07-12,7
WO-004848,1,2018-06-29,9
WO-004850,1,2018-07-13,8
WO-004852,1,2018-07-09,7
WO-004853,1,2018-07-18,8
WO-004856,1,2018-07-03,7
WO-004857,1,2018-07-22,5
WO-004857,2,2018-08-15,9
WO-004858,1,2018-07-09,9
WO-004858,2,2018-08-01,9
WO-004859,1,2018-07-26,10
WO-004863,1,2018-07-21,8
WO-004864,1,2018-07-18,3
WO-004864,2,2018-08-02,7
WO-004867,1,2018-07-16,9
WO-004869,1,2018-07-11,7
WO-004870,1,2018-07-01,6
WO-004872,1,2018-07-03,8
WO-004875,1,2018-07-21,6
WO-004876,1,2018-07-11,7
WO-004877,1,2018-07-22,8
WO-004878,1,2018-07-18,5
WO-004878,2,2018-08-04,5
WO-004881,1,2018-07-18,7
WO-004884,1,2018-07-20,10
WO-004885,1,2018-07-16,10
WO-004888,1,2018-07-18,10
WO-004893,1,2018-07-26,5
WO-004897,1,2018-07-03,9
WO-004898,1,2018-07-25,8
WO-004901,1,2018-07-08,7
WO-004903,1,2018-07-21,7
WO-004904,1,2018-07-09,7
WO-004910,1,2018-07-11,9
WO-004911,1,2018-07-15,8
WO-004913,1,2018-07-31,7
WO-004914,1,2018-07-10,6
WO-004916,1,2018-07-17,5
WO-004917,1,2018-07-24,8
WO-004917,2,2018-08-14,7
WO-004918,1,2018-07-11,5
WO-004918,2,2018-07-21,8
WO-004919,1,2018-08-10,5
WO-004920,1,2018-07-20,7
WO-004920,2,2018-08-04,6
WO-004921,1,2018-07-30,6
WO-004922,1,2018-07-19,6
WO-004925,1,2018-07-23,10
WO-004926,1,2018-07-30,8
WO-004928,1,2018-07-06,8
WO-004928,2,2018-07-30,8
WO-004929,1,2018-08-07,5
WO-004929,2,2018-09-02,10
WO-004930,1,2018-07-21,7
WO-004933,1,2018-07-31,6
WO-004936,1,2018-07-14,10
WO-004937,1,2018-07-22,10
WO-004939,1,2018-07-23,7
WO-004939,2,2018-08-16,6
WO-004940,1,2018-07-09,8
WO-004941,1,2018-07-24,6
WO-004942,1,2018-07-09,8
WO-004943,1,2018-07-26,7
WO-004944,1,2018-07-27,8
WO-004944,2,2018-08-07,7
WO-004946,1,2018-07-14,7
WO-004947,1,2018-07-22,6
WO-004951,1,2018-07-26,4
WO-004951,2,2018-08-09,7
WO-004953,1,2018-08-13,5
WO-004954,1,2018-07-28,5
WO-004954,2,2018-08-22,10
WO-004955,1,2018-07-30,7
WO-004963,1,2018-08-03,6
WO-004966,1,2018-07-15,7
WO-004970,1,2018-07-18,8
WO-004971,1,2018-08-02,7
WO-004972,1,2018-08-02,5
WO-004972,2,2018-08-13,8
WO-004977,1,2018-07-10,7
WO-004979,1,2018-07-25,8
WO-004982,1,2018-07-22,6
WO-004983,1,2018-07-30,7
WO-004986,1,2018-07-09,8
WO-004988,1,2018-07-12,7
WO-004991,1,2018-07-18,10
WO-004991,2,2018-08-14,9
WO-004993,1,2018-07-19,10
WO-004994,1,2018-07-23,9
WO-004997,1,2018-07-12,6
WO-004998,1,2018-07-31,7
WO-005001,1,2018-07-25,7
WO-005002,1,2018-07-27,8
WO-005004,1,2018-07-27,10
WO-005008,1,2018-07-24,7
WO-005009,1,2018-07-13,6
WO-005010,1,2018-07-27,10
WO-005012,1,2018-08-01,9
WO-005015,1,2018-07-18,6
WO-005019,1,2018-07-30,7
WO-005020,1,2018-08-11,4
WO-005020,2,2018-08-23,7
WO-005022,1,2018-08-02,8
WO-005024,1,2018-07-27,10
WO-005027,1,2018-07-31,7
WO-005029,1,2018-07-29,8
WO-005032,1,2018-08-08,8
WO-005033,1,2018-08-08,8
WO-005035,1,2018-08-02,6
WO-005036,1,2018-08-08,9
WO-005041,1,2018-07-30,8
WO-005042,1,2018-08-03,8
WO-005043,1,2018-08-01,8
WO-005048,1,2018-07-22,10
WO-005052,1,2018-07-23,9
WO-005053,1,2018-08-04,4
WO-005053,2,2018-08-20,9
WO-005055,1,2018-07-19,10
WO-005056,1,2018-08-05,6
WO-005058,1,2018-08-05,6
WO-005062,1,2018-07-28,8
WO-005063,1,2018-08-05,5
WO-005066,1,2018-08-12,8
WO-005067,1,2018-08-06,7
WO-005069,1,2018-08-21,6
WO-005070,1,2018-08-17,5
WO-005070,2,2018-08-25,9
WO-005071,1,2018-07-24,9
WO-005072,1,2018-08-14,10
WO-005075,1,2018-07-31,8
WO-005076,1,2018-07-23,7
WO-005077,1,2018-07-26,8
WO-005078,1,2018-08-02,9
WO-005079,1,2018-08-11,8
WO-005082,1,2018-08-04,8
WO-005086,1,2018-08-07,9
WO-005087,1,2018-08-06,8
WO-005088,1,2018-07-21,7
WO-005089,1,2018-08-06,8
WO-005092,1,2018-08-07,8
WO-005093,1,2018-08-11,9
WO-005094,1,2018-08-13,8
WO-005095,1,2018-08-04,10
WO-005096,1,2018-07-28,7
WO-005097,1,2018-08-13,8
WO-005100,1,2018-08-07,10
WO-005104,1,2018-08-11,7
WO-005105,1,2018-07-25,7
WO-005106,1,2018-07-27,8
WO-005107,1,2018-07-25,8
WO-005110,1,2018-07-26,7
WO-005111,1,2018-07-22,7
WO-005112,1,2018-07-27,7
WO-005113,1,2018-08-12,9
WO-005113,2,2018-08-21,9
WO-005116,1,2018-08-11,10
WO-005117,1,2018-08-04,8
WO-005118,1,2018-08-06,7
WO-005122,1,2018-07-28,10
WO-005123,1,2018-08-27,3
WO-005123,2,2018-09-17,6
WO-005124,1,2018-08-17,6
WO-005126,1,2018-07-28,7
WO-005126,2,2018-08-18,7
WO-005128,1,2018-07-28,9
WO-005129,1,2018-08-15,9
WO-005130,1,2018-08-17,7
WO-005133,1,2018-08-12,9
WO-005135,1,2018-08-16,7
WO-005140,1,2018-08-18,7
WO-005141,1,2018-08-29,7
WO-005146,1,2018-08-13,9
WO-005149,1,2018-08-25,4
WO-005149,2,2018-09-02,6
WO-005153,1,2018-08-06,8
WO-005155,1,2018-08-08,6
WO-005156,1,2018-07-31,8
WO-005158,1,2018-08-02,9
WO-005164,1,2018-08-06,7
WO-005165,1,2018-08-13,8
WO-005166,1,2018-08-04,8
WO-005166,2,2018-09-02,10
WO-005170,1,2018-08-13,9
WO-005172,1,2018-08-24,3
WO-005174,1,2018-08-16,7
WO-005178,1,2018-08-04,9
WO-005181,1,2018-08-21,8
WO-005182,1,2018-08-12,9
WO-005183,1,2018-08-09,9
WO-005187,1,2018-08-25,9
WO-005188,1,2018-08-18,6
WO-005189,1,2018-08-09,8
WO-005189,2,2018-08-21,7
WO-005190,1,2018-08-06,7
WO-005190,2,2018-08-31,6
WO-005191,1,2018-07-31,7
WO-005192,1,2018-08-17,6
WO-005193,1,2018-08-23,2
WO-005193,2,2018-09-07,3
WO-005194,1,2018-08-19,9
WO-005196,1,2018-08-16,8
WO-005198,1,2018-08-13,9
WO-005199,1,2018-08-09,6
WO-005201,1,2018-07-30,8
WO-005203,1,2018-08-03,8
WO-005204,1,2018-08-16,5
WO-005204,2,2018-08-24,8
WO-005205,1,2018-08-07,9
WO-005207,1,2018-08-24,1
WO-005207,2,2018-09-07,3
WO-005209,1,2018-08-15,9
WO-005211,1,2018-08-09,8
WO-005214,1,2018-08-11,8
WO-005216,1,2018-08-27,7
WO-005217,1,2018-08-06,8
WO-005219,1,2018-08-11,8
WO-005219,2,2018-09-08,8
WO-005221,1,2018-08-05,6
WO-005222,1,2018-08-18,9
WO-005224,1,2018-08-12,5
WO-005224,2,2018-09-08,9
WO-005227,1,2018-08-13,5
WO-005227,2,2018-09-10,10
WO-005229,1,2018-08-16,6
WO-005231,1,2018-08-18,10
WO-005233,1,2018-08-13,8
WO-005234,1,2018-08-15,7
WO-005235,1,2018-08-24,6
WO-005236,1,2018-08-07,10
WO-005237,1,2018-08-13,8
WO-005237,2,2018-08-28,8
WO-005240,1,2018-08-24,8
WO-005243,1,2018-08-27,5
WO-005243,2,2018-09-14,7
WO-005245,1,2018-08-26,6
WO-005246,1,2018-08-06,7
WO-005247,1,2018-08-22,6
WO-005248,1,2018-08-15,10
WO-005252,1,2018-08-19,9
WO-005254,1,2018-08-29,7
WO-005256,1,2018-08-11,9
WO-005257,1,2018-08-24,7
WO-005257,2,2018-09-10,8
WO-005258,1,2018-08-13,7
WO-005259,1,2018-08-09,9
WO-005263,1,2018-08-07,9
WO-005264,1,2018-08-15,5
WO-005264,2,2018-08-28,8
WO-005265,1,2018-08-18,5
WO-005265,2,2018-09-14,9
WO-005270,1,2018-08-28,9
WO-005271,1,2018-08-24,9
WO-005273,1,2018-08-06,9
WO-005278,1,2018-08-12,8
WO-005279,1,2018-08-10,9
WO-005282,1,2018-08-17,5
WO-005282,2,2018-08-25,10
WO-005284,1,2018-08-15,6
WO-005287,1,2018-08-11,10
WO-005288,1,2018-08-20,6
WO-005289,1,2018-08-07,10
WO-005292,1,2018-08-19,7
WO-005294,1,2018-08-17,9
WO-005296,1,2018-08-26,5
WO-005296,2,2018-09-23,10
WO-005299,1,2018-08-28,7
WO-005300,1,2018-08-21,6
WO-005301,1,2018-09-07,4
WO-005301,2,2018-09-17,6
WO-005303,1,2018-08-25,10
WO-005305,1,2018-08-25,5
WO-005305,2,2018-09-04,8
WO-005307,1,2018-08-21,8
WO-005307,2,2018-09-16,9
WO-005308,1,2018-08-16,7
WO-005309,1,2018-08-20,8
WO-005311,1,2018-08-30,6
WO-005312,1,2018-08-30,8
WO-005314,1,2018-08-31,5
WO-005314,2,2018-09-14,9
WO-005316,1,2018-08-25,8
WO-005317,1,2018-08-30,6
WO-005318,1,2018-09-03,6
WO-005320,1,2018-09-08,5
WO-005320,2,2018-10-05,9
WO-005326,1,2018-08-28,7
WO-005327,1,2018-08-19,7
WO-005328,1,2018-08-20,10
WO-005330,1,2018-08-21,8
WO-005331,1,2018-08-30,5
WO-005331,2,2018-09-19,8
WO-005335,1,2018-08-20,6
WO-005338,1,2018-09-09,6
WO-005339,1,2018-08-25,9
WO-005340,1,2018-09-04,6
WO-005344,1,2018-08-24,8
WO-005346,1,2018-09-04,7
WO-005348,1,2018-09-13,8
WO-005349,1,2018-09-04,7
WO-005350,1,2018-09-05,10
WO-005350,2,2018-09-26,10
WO-005352,1,2018-08-23,7
WO-005353,1,2018-08-29,6
WO-005355,1,2018-09-03,8
WO-005356,1,2018-08-23,7
WO-005358,1,2018-09-04,7
WO-005362,1,2018-08-27,7
WO-005365,1,2018-08-31,10
WO-005366,1,2018-09-07,7
WO-005368,1,2018-08-21,10
WO-005370,1,2018-09-04,7
WO-005371,1,2018-08-26,9
WO-005376,1,2018-09-13,7
WO-005377,1,2018-08-29,10
WO-005378,1,2018-09-11,4
WO-005380,1,2018-08-28,8
WO-005381,1,2018-08-29,5
WO-005381,2,2018-09-07,7
WO-005385,1,2018-08-25,9
WO-005389,1,2018-08-25,9
WO-005390,1,2018-09-02,10
WO-005392,1,2018-09-01,8
WO-005394,1,2018-09-18,6
WO-005395,1,2018-08-26,6
WO-005395,2,2018-09-18,7
WO-005396,1,2018-09-01,6
WO-005397,1,2018-09-02,10
WO-005398,1,2018-09-21,4
WO-005398,2,2018-10-05,6
WO-005400,1,2018-09-09,9
WO-005403,1,2018-09-05,7
WO-005403,2,2018-09-20,5
WO-005404,1,2018-08-29,9
WO-005405,1,2018-09-02,9
WO-005405,2,2018-09-26,7
WO-005406,1,2018-08-27,5
WO-005406,2,2018-09-10,8
WO-005407,1,2018-09-11,10
WO-005409,1,2018-08-29,7
WO-005410,1,2018-09-28,4
WO-005411,1,2018-08-29,7
WO-005414,1,2018-08-31,10
WO-005415,1,2018-09-10,8
WO-005417,1,2018-08-27,9
WO-005418,1,2018-09-03,8
WO-005419,1,2018-09-02,6
WO-005424,1,2018-09-03,8
WO-005426,1,2018-08-30,7
WO-005429,1,2018-09-04,9
WO-005430,1,2018-08-23,5
WO-005430,2,2018-08-30,8
WO-005431,1,2018-09-06,9
WO-005432,1,2018-09-18,7
WO-005436,1,2018-09-05,8
WO-005438,1,2018-09-26,3
WO-005438,2,2018-10-17,5
WO-005440,1,2018-08-29,8
WO-005441,1,2018-09-18,6
WO-005442,1,2018-09-04,8
WO-005442,2,2018-09-26,7
WO-005443,1,2018-08-27,9
WO-005448,1,2018-09-13,5
WO-005448,2,2018-10-08,8
WO-005449,1,2018-08-26,6
WO-005449,2,2018-09-16,5
WO-005453,1,2018-08-22,6
WO-005455,1,2018-09-10,6
WO-005456,1,2018-08-31,10
WO-005458,1,2018-09-03,4
WO-005458,2,2018-09-24,8
WO-005459,1,2018-09-10,8
WO-005460,1,2018-08-27,6
WO-005461,1,2018-09-29,4
WO-005465,1,2018-09-29,1
WO-005465,2,2018-10-06,5
WO-005466,1,2018-09-23,5
WO-005469,1,2018-09-11,7
WO-005470,1,2018-09-03,8
WO-005472,1,2018-09-06,9
WO-005474,1,2018-09-19,10
WO-005476,1,2018-08-31,7
WO-005482,1,2018-09-27,6
WO-005484,1,2018-09-17,8
WO-005484,2,2018-10-08,8
WO-005486,1,2018-08-31,10
WO-005487,1,2018-09-14,3
WO-005487,2,2018-10-12,7
WO-005493,1,2018-09-20,7
WO-005494,1,2018-09-09,8
WO-005496,1,2018-09-14,7
WO-005499,1,2018-09-09,8
WO-005500,1,2018-09-08,8
WO-005501,1,2018-09-13,9
WO-005502,1,2018-09-09,9
WO-005505,1,2018-09-02,8
WO-005506,1,2018-09-07,8
WO-005508,1,2018-08-27,8
WO-005509,1,2018-09-05,9
WO-005512,1,2018-09-11,10
WO-005514,1,2018-09-04,10
WO-005517,1,2018-09-13,9
WO-005518,1,2018-09-02,9
WO-005520,1,2018-09-13,9
WO-005522,1,2018-09-08,9
WO-005524,1,2018-09-10,7
WO-005525,1,2018-09-14,7
WO-005526,1,2018-09-02,9
WO-005528,1,2018-09-21,8
WO-005528,2,2018-10-02,8
WO-005529,1,2018-09-06,8
WO-005530,1,2018-09-12,5
WO-005530,2,2018-10-08,6
WO-005532,1,2018-09-07,10
WO-005534,1,2018-09-06,7
WO-005535,1,2018-09-11,7
WO-005539,1,2018-09-15,7
WO-005541,1,2018-09-16,1
WO-005541,2,2018-09-30,4
WO-005542,1,2018-09-21,9
WO-005546,1,2018-09-28,6
WO-005547,1,2018-09-23,10
WO-005548,1,2018-09-07,8
WO-005550,1,2018-09-10,10
WO-005551,1,2018-09-09,10
WO-005552,1,2018-09-28,4
WO-005552,2,2018-10-16,7
WO-005557,1,2018-09-20,9
WO-005558,1,2018-09-07,6
WO-005559,1,2018-09-19,3
WO-005559,2,2018-10-09,6
WO-005564,1,2018-09-17,8
WO-005565,1,2018-09-07,10
WO-005566,1,2018-09-22,7
WO-005567,1,2018-09-24,10
WO-005568,1,2018-09-07,6
WO-005569,1,2018-09-23,7
WO-005571,1,2018-09-30,3
WO-005571,2,2018-10-20,6
WO-005573,1,2018-09-09,8
WO-005574,1,2018-09-10,8
WO-005575,1,2018-09-13,8
WO-005576,1,2018-09-27,8
WO-005578,1,2018-09-14,8
WO-005580,1,2018-09-14,10
WO-005581,1,2018-09-11,6
WO-005582,1,2018-09-25,7
WO-005583,1,2018-09-21,10
WO-005586,1,2018-09-16,10
WO-005587,1,2018-09-15,9
WO-005588,1,2018-09-17,7
WO-005590,1,2018-09-17,8
WO-005591,1,2018-09-19,7
WO-005592,1,2018-09-12,7
WO-005592,2,2018-10-11,6
WO-005596,1,2018-09-22,8
WO-005599,1,2018-09-05,7
WO-005600,1,2018-09-26,9
WO-005603,1,2018-09-23,10
WO-005604,1,2018-09-16,10
WO-005606,1,2018-09-08,4
WO-005606,2,2018-09-21,7
WO-005607,1,2018-09-21,5
WO-005609,1,2018-09-24,8
WO-005610,1,2018-09-29,4
WO-005610,2,2018-10-06,7
WO-005611,1,2018-09-15,8
WO-005612,1,2018-09-15,10
WO-005613,1,2018-10-01,10
WO-005614,1,2018-09-10,9
WO-005616,1,2018-09-11,5
WO-005616,2,2018-09-28,8
WO-005618,1,2018-09-11,9
WO-005619,1,2018-09-14,9
WO-005621,1,2018-09-26,6
WO-005623,1,2018-09-28,7
WO-005630,1,2018-09-18,9
WO-005632,1,2018-10-20,4
WO-005632,2,2018-11-08,6
WO-005635,1,2018-10-01,8
WO-005636,1,2018-10-01,8
WO-005637,1,2018-10-06,9
WO-005639,1,2018-09-24,9
WO-005641,1,2018-09-20,10
WO-005642,1,2018-10-09,2
WO-005642,2,2018-10-26,7
WO-005645,1,2018-09-12,9
WO-005646,1,2018-09-23,2
WO-005646,2,2018-10-10,5
WO-005647,1,2018-09-15,6
WO-005648,1,2018-09-26,10
WO-005654,1,2018-09-24,6
WO-005655,1,2018-09-25,9
WO-005657,1,2018-09-25,8
WO-005657,2,2018-10-12,9
WO-005658,1,2018-10-09,5
WO-005658,2,2018-11-07,10
WO-005659,1,2018-09-27,9
WO-005662,1,2018-09-22,8
WO-005663,1,2018-09-17,5
WO-005663,2,2018-10-12,10
WO-005664,1,2018-09-18,7
WO-005668,1,2018-09-23,8
WO-005671,1,2018-09-23,10
WO-005672,1,2018-10-06,10
WO-005673,1,2018-09-28,10
WO-005674,1,2018-09-23,4
WO-005674,2,2018-10-10,5
WO-005676,1,2018-10-02,8
WO-005677,1,2018-09-25,7
WO-005678,1,2018-09-15,9
WO-005679,1,2018-09-30,8
WO-005681,1,2018-10-03,6
WO-005682,1,2018-09-12,8
WO-005683,1,2018-09-27,10
WO-005686,1,2018-09-14,8
WO-005687,1,2018-10-02,7
WO-005690,1,2018-10-06,10
WO-005690,2,2018-10-27,10
WO-005691,1,2018-10-05,8
WO-005693,1,2018-09-26,7
WO-005696,1,2018-09-24,7
WO-005697,1,2018-10-02,7
WO-005702,1,2018-10-03,7
WO-005703,1,2018-10-09,9
WO-005704,1,2018-09-21,6
WO-005705,1,2018-09-30,9
WO-005706,1,2018-09-20,9
WO-005707,1,2018-09-28,7
WO-005708,1,2018-10-02,7
WO-005710,1,2018-09-26,10
WO-005711,1,2018-10-01,6
WO-005712,1,2018-10-07,6
WO-005717,1,2018-10-07,8
WO-005719,1,2018-09-27,8
WO-005720,1,2018-09-20,8
WO-005722,1,2018-09-23,7
WO-005723,1,2018-09-28,7
WO-005725,1,2018-10-13,6
WO-005727,1,2018-09-22,7
WO-005728,1,2018-10-06,9
WO-005729,1,2018-09-30,8
WO-005732,1,2018-09-27,5
WO-005732,2,2018-10-10,7
WO-005734,1,2018-10-07,7
WO-005738,1,2018-10-09,8
WO-005741,1,2018-09-30,10
WO-005743,1,2018-10-08,9
WO-005747,1,2018-09-29,9
WO-005749,1,2018-09-27,8
WO-005750,1,2018-10-07,9
WO-005752,1,2018-10-09,9
WO-005754,1,2018-10-05,6
WO-005755,1,2018-09-26,10
WO-005756,1,2018-10-25,5
WO-005756,2,2018-11-19,6
WO-005757,1,2018-10-10,10
WO-005758,1,2018-10-01,9
WO-005759,1,2018-10-04,8
WO-005761,1,2018-10-02,8
WO-005762,1,2018-10-07,10
WO-005764,1,2018-10-02,10
WO-005766,1,2018-10-11,7
WO-005768,1,2018-10-03,10
WO-005769,1,2018-10-26,6
WO-005770,1,2018-10-13,8
WO-005771,1,2018-10-02,9
WO-005774,1,2018-10-24,7
WO-005774,2,2018-11-03,6
WO-005775,1,2018-10-11,9
WO-005776,1,2018-09-29,8
WO-005777,1,2018-10-07,6
WO-005778,1,2018-10-12,9
WO-005781,1,2018-10-10,7
WO-005784,1,2018-09-23,8
WO-005785,1,2018-10-06,8
WO-005786,1,2018-10-08,8
WO-005789,1,2018-10-04,9
WO-005790,1,2018-10-31,4
WO-005791,1,2018-10-31,4
WO-005791,2,2018-11-16,8
WO-005793,1,2018-09-27,8
WO-005794,1,2018-10-09,7
WO-005796,1,2018-10-13,7
WO-005798,1,2018-09-28,9
WO-005799,1,2018-10-03,5
WO-005799,2,2018-10-11,8
WO-005801,1,2018-10-13,10
WO-005802,1,2018-10-14,10
WO-005805,1,2018-10-12,10
WO-005806,1,2018-10-08,6
WO-005808,1,2018-10-02,8
WO-005810,1,2018-10-05,8
WO-005812,1,2018-10-03,7
WO-005815,1,2018-10-13,7
WO-005816,1,2018-10-11,8
WO-005817,1,2018-10-21,4
WO-005817,2,2018-11-08,5
WO-005818,1,2018-10-15,6
WO-005818,2,2018-11-05,5
WO-005820,1,2018-10-14,9
WO-005821,1,2018-10-12,9
WO-005826,1,2018-10-05,2
WO-005826,2,2018-11-02,7
WO-005827,1,2018-10-08,6
WO-005830,1,2018-11-04,9
WO-005831,1,2018-10-04,8
WO-005833,1,2018-10-08,9
WO-005835,1,2018-10-17,3
WO-005835,2,2018-11-02,6
WO-005837,1,2018-10-19,8
WO-005838,1,2018-10-25,9
WO-005839,1,2018-10-24,8
WO-005841,1,2018-10-09,7
WO-005841,2,2018-10-24,8
WO-005846,1,2018-10-06,8
WO-005847,1,2018-10-20,6
WO-005848,1,2018-10-12,8
WO-005849,1,2018-10-11,10
WO-005851,1,2018-10-18,8
WO-005852,1,2018-10-12,6
WO-005853,1,2018-10-17,6
WO-005856,1,2018-10-19,10
WO-005858,1,2018-10-09,4
WO-005858,2,2018-11-03,7
WO-005859,1,2018-10-25,8
WO-005860,1,2018-10-20,4
WO-005860,2,2018-11-06,6
WO-005862,1,2018-10-23,7
WO-005865,1,2018-10-18,7
WO-005866,1,2018-10-20,6
WO-005867,1,2018-10-22,9
WO-005870,1,2018-10-22,6
WO-005871,1,2018-10-25,7
WO-005875,1,2018-10-31,4
WO-005878,1,2018-10-29,7
WO-005878,2,2018-11-22,9
WO-005879,1,2018-10-30,10
WO-005880,1,2018-10-10,9
WO-005882,1,2018-10-06,7
WO-005884,1,2018-10-19,8
WO-005885,1,2018-10-06,7
WO-005886,1,2018-11-04,7
WO-005887,1,2018-11-01,7
WO-005888,1,2018-10-21,8
WO-005889,1,2018-10-16,7
WO-005892,1,2018-10-14,10
WO-005893,1,2018-10-15,10
WO-005895,1,2018-10-16,9
WO-005896,1,2018-10-22,7
WO-005898,1,2018-11-14,7
WO-005899,1,2018-10-19,8
WO-005899,2,2018-11-08,8
WO-005904,1,2018-10-27,7
WO-005906,1,2018-10-24,6
WO-005908,1,2018-10-20,7
WO-005909,1,2018-10-31,9
WO-005910,1,2018-10-14,6
WO-005913,1,2018-10-24,9
WO-005921,1,2018-11-01,8
WO-005922,1,2018-11-04,8
WO-005923,1,2018-10-21,8
WO-005924,1,2018-10-26,8
WO-005925,1,2018-10-12,3
WO-005925,2,2018-10-29,5
WO-005927,1,2018-10-28,6
WO-005929,1,2018-10-22,6
WO-005930,1,2018-11-10,9
WO-005931,1,2018-10-25,8
WO-005932,1,2018-11-12,1
WO-005932,2,2018-11-24,6
WO-005933,1,2018-10-16,5
WO-005933,2,2018-10-27,10
WO-005934,1,2018-11-02,6
WO-005937,1,2018-11-05,5
WO-005937,2,2018-11-16,8
WO-005938,1,2018-10-24,8
WO-005939,1,2018-11-02,9
WO-005940,1,2018-10-24,7
WO-005941,1,2018-10-23,8
WO-005944,1,2018-10-27,5
WO-005945,1,2018-10-20,6
WO-005945,2,2018-11-08,5
WO-005946,1,2018-10-27,9
WO-005949,1,2018-11-06,9
WO-005952,1,2018-11-06,9
WO-005953,1,2018-10-16,10
WO-005955,1,2018-11-03,8
WO-005957,1,2018-11-06,4
WO-005957,2,2018-11-25,6
WO-005958,1,2018-11-03,10
WO-005959,1,2018-11-03,7
WO-005960,1,2018-10-28,9
WO-005961,1,2018-10-31,8
WO-005962,1,2018-11-15,3
WO-005962,2,2018-11-26,7
WO-005966,1,2018-10-27,7
WO-005967,1,2018-11-18,3
WO-005967,2,2018-11-29,7
WO-005968,1,2018-11-18,7
WO-005971,1,2018-11-14,8
WO-005973,1,2018-10-29,7
WO-005975,1,2018-11-04,8
WO-005978,1,2018-10-24,10
WO-005981,1,2018-11-11,6
WO-005983,1,2018-10-21,8
WO-005985,1,2018-11-12,7
WO-005988,1,2018-11-04,3
WO-005988,2,2018-11-25,5
WO-005991,1,2018-11-07,9
WO-005995,1,2018-10-31,8
WO-005996,1,2018-11-21,5
WO-005997,1,2018-11-16,7
WO-005997,2,2018-11-23,7
WO-005998,1,2018-11-01,8
WO-005999,1,2018-11-10,10
WO-006000,1,2018-10-30,8
WO-006004,1,2018-11-19,8
WO-006007,1,2018-11-13,8
WO-006011,1,2018-10-26,9
WO-006012,1,2018-11-19,9
WO-006013,1,2018-11-02,9
WO-006016,1,2018-11-26,10
WO-006017,1,2018-11-17,8
WO-006018,1,2018-11-11,10
WO-006020,1,2018-11-03,7
WO-006021,1,2018-11-08,4
WO-006021,2,2018-11-24,9
WO-006023,1,2018-11-09,7
WO-006026,1,2018-10-23,8
WO-006027,1,2018-10-31,9
WO-006028,1,2018-11-03,7
WO-006029,1,2018-11-23,7
WO-006031,1,2018-11-04,7
WO-006032,1,2018-11-13,7
WO-006034,1,2018-11-06,10
WO-006037,1,2018-10-28,8
WO-006038,1,2018-10-29,8
WO-006039,1,2018-11-01,8
WO-006042,1,2018-11-21,7
WO-006043,1,2018-11-09,8
WO-006045,1,2018-11-22,8
WO-006049,1,2018-11-11,10
WO-006053,1,2018-11-17,6
WO-006056,1,2018-11-19,5
WO-006056,2,2018-12-18,7
WO-006057,1,2018-11-12,8
WO-006060,1,2018-11-27,3
WO-006060,2,2018-12-22,5
WO-006061,1,2018-11-25,8
WO-006062,1,2018-11-14,10
WO-006064,1,2018-11-04,8
WO-006064,2,2018-12-03,9
WO-006067,1,2018-11-04,8
WO-006068,1,2018-11-25,8
WO-006075,1,2018-12-05,4
WO-006075,2,2018-12-29,8
WO-006077,1,2018-11-01,9
WO-006078,1,2018-11-14,10
WO-006079,1,2018-11-10,9
WO-006081,1,2018-11-18,8
WO-006085,1,2018-11-28,7
WO-006087,1,2018-11-15,5
WO-006089,1,2018-11-13,7
WO-006092,1,2018-11-16,8
WO-006096,1,2018-11-23,7
WO-006097,1,2018-11-13,7
WO-006098,1,2018-11-14,7
WO-006099,1,2018-11-17,5
WO-006099,2,2018-12-06,7
WO-006100,1,2018-11-29,6
WO-006101,1,2018-11-16,8
WO-006102,1,2018-11-28,6
WO-006103,1,2018-11-20,8
WO-006106,1,2018-11-23,7
WO-006106,2,2018-12-22,7
WO-006107,1,2018-11-12,9
WO-006109,1,2018-11-17,8
WO-006111,1,2018-11-24,8
WO-006114,1,2018-11-21,7
WO-006115,1,2018-11-10,10
WO-006116,1,2018-11-24,8
WO-006119,1,2018-11-12,6
WO-006120,1,2018-11-17,8
WO-006121,1,2018-11-25,8
WO-006121,2,2018-12-11,8
WO-006127,1,2018-11-19,7
WO-006128,1,2018-11-22,8
WO-006129,1,2018-12-06,5
WO-006129,2,2019-01-04,7
WO-006131,1,2018-12-03,2
WO-006131,2,2018-12-18,5
WO-006133,1,2018-11-10,6
WO-006135,1,2018-11-22,5
WO-006141,1,2018-11-12,7
WO-006146,1,2018-11-25,8
WO-006147,1,2018-11-23,6
WO-006150,1,2018-11-21,7
WO-006152,1,2018-11-19,7
WO-006154,1,2018-11-16,8
WO-006155,1,2018-11-23,6
WO-006157,1,2018-11-23,8
WO-006159,1,2018-11-28,3
WO-006159,2,2018-12-23,7
WO-006160,1,2018-11-29,5
WO-006160,2,2018-12-06,9
WO-006162,1,2018-12-02,8
WO-006165,1,2018-11-14,8
WO-006167,1,2018-11-22,7
WO-006170,1,2018-12-01,7
WO-006174,1,2018-11-19,6
WO-006175,1,2018-11-28,6
WO-006175,2,2018-12-12,5
WO-006176,1,2018-11-29,7
WO-006177,1,2018-12-05,6
WO-006179,1,2018-11-22,9
WO-006181,1,2018-11-23,7
WO-006182,1,2018-12-02,8
WO-006184,1,2018-11-22,10
WO-006185,1,2018-11-26,8
WO-006186,1,2018-11-22,8
WO-006187,1,2018-11-24,8
WO-006190,1,2018-11-26,10
WO-006191,1,2018-11-25,10
WO-006192,1,2018-11-27,10
WO-006193,1,2018-11-22,8
WO-006196,1,2018-12-10,7
WO-006199,1,2018-11-26,7
WO-006203,1,2018-12-01,7
WO-006206,1,2018-11-23,8
WO-006207,1,2018-11-25,8
WO-006209,1,2018-11-23,9
WO-006210,1,2018-12-06,8
WO-006211,1,2018-11-27,7
WO-006215,1,2018-12-09,8
WO-006224,1,2018-11-30,5
WO-006224,2,2018-12-10,7
WO-006232,1,2018-12-04,9
WO-006233,1,2018-12-01,6
WO-006235,1,2018-12-08,7
WO-006236,1,2018-12-03,6
WO-006237,1,2018-12-06,9
WO-006238,1,2018-11-27,7
WO-006239,1,2018-12-02,8
WO-006240,1,2018-12-09,10
WO-006241,1,2018-12-12,8
WO-006242,1,2018-12-19,4
WO-006242,2,2019-01-17,4
WO-006244,1,2018-12-08,10
WO-006245,1,2018-11-27,7
WO-006249,1,2018-11-28,8
WO-006250,1,2018-12-06,8
WO-006254,1,2018-11-30,7
WO-006255,1,2018-12-04,4
WO-006255,2,2018-12-30,8
WO-006260,1,2018-12-07,8
WO-006261,1,2018-12-11,8
WO-006261,2,2018-12-24,10
WO-006262,1,2018-12-08,7
WO-006263,1,2018-12-17,8
WO-006264,1,2018-12-07,5
WO-006264,2,2018-12-25,7
WO-006265,1,2018-12-10,6
WO-006266,1,2018-12-15,10
WO-006267,1,2018-12-11,6
WO-006270,1,2018-11-26,8
WO-006271,1,2018-12-25,7
WO-006274,1,2018-11-26,10
WO-006275,1,2018-12-10,4
WO-006275,2,2019-01-06,9
WO-006280,1,2018-12-01,8
WO-006280,2,2018-12-24,8
WO-006284,1,2018-12-17,9
WO-006285,1,2018-12-03,7
WO-006289,1,2018-12-03,10
WO-006290,1,2018-12-09,9
WO-006295,1,2018-12-12,9
WO-006298,1,2018-12-12,5
WO-006298,2,2019-01-09,8
WO-006300,1,2018-12-06,9
WO-006301,1,2018-12-06,9
WO-006302,1,2018-12-09,8
WO-006306,1,2018-12-16,6
WO-006307,1,2018-12-16,9
WO-006309,1,2018-12-20,5
WO-006309,2,2019-01-03,8
WO-006310,1,2018-12-14,6
WO-006311,1,2018-12-15,7
WO-006312,1,2018-11-26,8
WO-006313,1,2018-12-07,6
WO-006314,1,2018-12-03,10
WO-006316,1,2018-12-10,6
WO-006318,1,2018-12-14,6
WO-006319,1,2018-12-14,6
WO-006320,1,2018-12-22,7
WO-006321,1,2018-12-17,6
WO-006322,1,2018-12-14,6
WO-006323,1,2018-12-09,7
WO-006325,1,2018-12-11,6
WO-006327,1,2018-12-11,8
WO-006329,1,2018-12-14,7
WO-006331,1,2018-11-30,7
WO-006332,1,2018-12-25,6
WO-006333,1,2018-12-11,8
WO-006334,1,2018-12-14,9
WO-006338,1,2018-12-18,10
WO-006340,1,2018-12-22,7
WO-006341,1,2018-12-20,6
WO-006342,1,2018-12-16,8
WO-006345,1,2018-12-16,9
WO-006346,1,2018-12-31,6
WO-006347,1,2018-12-05,10
WO-006349,1,2018-12-02,8
WO-006350,1,2018-12-13,9
WO-006351,1,2018-12-01,10
WO-006352,1,2018-12-09,10
WO-006355,1,2018-12-21,9
WO-006356,1,2018-12-23,5
WO-006356,2,2019-01-08,7
WO-006357,1,2018-12-30,8
WO-006358,1,2018-12-18,6
WO-006362,1,2018-12-17,7
WO-006363,1,2018-12-23,8
WO-006364,1,2019-01-12,5
WO-006365,1,2018-12-22,7
WO-006365,2,2019-01-07,7
WO-006366,1,2018-12-05,9
WO-006369,1,2018-12-25,8
WO-006370,1,2018-12-19,7
WO-006372,1,2018-12-06,6
WO-006373,1,2019-01-13,6
WO-006375,1,2018-12-21,8
WO-006377,1,2018-12-27,7
WO-006378,1,2018-12-10,5
WO-006379,1,2018-12-22,8
WO-006381,1,2019-01-04,4
WO-006381,2,2019-02-02,8
WO-006384,1,2018-12-20,10
WO-006385,1,2018-12-21,7
WO-006387,1,2018-12-22,7
WO-006392,1,2018-12-18,10
WO-006392,2,2018-12-26,10
WO-006393,1,2018-12-25,6
WO-006397,1,2018-12-22,8
WO-006398,1,2018-12-06,7
WO-006399,1,2018-12-19,8
WO-006401,1,2018-12-30,8
WO-006403,1,2018-12-22,6
WO-006404,1,2018-12-25,8
WO-006405,1,2018-12-30,4
WO-006405,2,2019-01-24,5
WO-006409,1,2018-12-26,9
WO-006411,1,2018-12-11,7
WO-006413,1,2018-12-26,9
WO-006415,1,2018-12-25,7
WO-006416,1,2018-12-22,3
WO-006416,2,2018-12-30,7
WO-006417,1,2018-12-09,6
WO-006418,1,2018-12-29,6
WO-006419,1,2018-12-11,8
WO-006420,1,2018-12-21,9
WO-006421,1,2019-01-03,8
WO-006426,1,2019-01-04,10
WO-006428,1,2018-12-14,8
WO-006429,1,2018-12-26,7
WO-006432,1,2018-12-20,7
WO-006434,1,2018-12-23,4
WO-006435,1,2018-12-26,5
WO-006436,1,2018-12-31,10
WO-006438,1,2018-12-23,8
WO-006440,1,2019-01-06,5
WO-006440,2,2019-01-24,9
WO-006441,1,2018-12-29,8
WO-006442,1,2018-12-13,8
WO-006444,1,2018-12-22,6
WO-006446,1,2018-12-17,7
WO-006446,2,2018-12-27,6
WO-006447,1,2019-01-05,10
WO-006448,1,2018-12-18,9
WO-006449,1,2019-01-14,5
WO-006449,2,2019-01-31,8
WO-006452,1,2018-12-25,6
WO-006453,1,2018-12-22,10
WO-006455,1,2019-01-01,3
WO-006455,2,2019-01-09,4
WO-006458,1,2018-12-25,9
WO-006460,1,2018-12-28,7
WO-006461,1,2018-12-30,7
WO-006462,1,2019-01-01,5
WO-006463,1,2018-12-26,8
WO-006464,1,2019-01-10,5
WO-006466,1,2019-01-15,7
WO-006467,1,2019-01-15,4
WO-006467,2,2019-01-28,6
WO-006468,1,2019-01-02,10
WO-006473,1,2018-12-22,8
WO-006474,1,2019-01-10,7
WO-006475,1,2018-12-18,9
WO-006476,1,2019-01-06,6
WO-006477,1,2019-01-03,7
WO-006483,1,2019-01-04,6
WO-006484,1,2018-12-27,7
WO-006485,1,2019-01-09,8
WO-006486,1,2018-12-24,9
WO-006488,1,2018-12-19,8
WO-006489,1,2018-12-26,9
WO-006490,1,2019-01-10,5
WO-006492,1,2019-01-15,7
WO-006493,1,2018-12-22,7
WO-006494,1,2018-12-30,6
WO-006495,1,2019-01-03,9
WO-006496,1,2018-12-28,10
WO-006497,1,2019-01-07,7
WO-006498,1,2019-01-05,6
WO-006501,1,2019-01-15,9
WO-006502,1,2018-12-30,10
WO-006503,1,2019-01-08,7
WO-006508,1,2019-01-01,7
WO-006509,1,2019-01-10,8
WO-006510,1,2018-12-26,9
WO-006511,1,2018-12-24,9
WO-006515,1,2019-01-14,8
WO-006517,1,2019-01-08,8
WO-006518,1,2019-01-16,7
WO-006519,1,2019-01-12,7
WO-006520,1,2019-01-06,6
WO-006521,1,2019-01-09,8
WO-006523,1,2019-01-06,8
WO-006526,1,2019-01-04,7
WO-006526,2,2019-01-29,6
WO-006527,1,2019-01-05,7
WO-006528,1,2019-01-03,8
WO-006530,1,2019-01-13,8
WO-006531,1,2018-12-27,6
WO-006532,1,2018-12-22,10
WO-006533,1,2019-01-03,10
WO-006534,1,2019-01-18,8
WO-006536,1,2019-01-09,10
WO-006537,1,2019-01-09,8
WO-006540,1,2019-01-05,8
WO-006543,1,2019-01-14,10
WO-006544,1,2019-01-03,7
WO-006545,1,2018-12-31,9
WO-006546,1,2018-12-31,7
WO-006547,1,2018-12-28,8
WO-006550,1,2019-01-09,8
WO-006551,1,2019-01-10,10
WO-006551,2,2019-01-26,10
WO-006552,1,2019-01-09,6
WO-006553,1,2018-12-25,6
WO-006555,1,2018-12-28,6
WO-006556,1,2019-01-05,10
WO-006557,1,2019-01-06,9
WO-006559,1,2019-01-15,10
WO-006561,1,2019-01-03,9
WO-006564,1,2019-01-03,8
WO-006571,1,2019-01-04,8
WO-006575,1,2019-01-04,1
WO-006575,2,2019-01-16,3
WO-006576,1,2019-01-20,7
WO-006577,1,2019-01-12,4
WO-006577,2,2019-01-19,6
WO-006578,1,2019-01-02,7
WO-006580,1,2019-01-07,7
WO-006582,1,2019-01-10,6
WO-006585,1,2019-01-21,9
WO-006586,1,2018-12-27,8
WO-006586,2,2019-01-03,9
WO-006590,1,2019-01-12,6
WO-006592,1,2019-01-27,6
WO-006594,1,2019-01-22,8
WO-006595,1,2019-01-09,8
WO-006596,1,2018-12-31,7
WO-006600,1,2019-01-21,7
WO-006601,1,2019-01-10,8
WO-006602,1,2019-01-21,7
WO-006603,1,2019-01-04,9
WO-006604,1,2019-01-12,9
WO-006606,1,2019-01-18,10
WO-006607,1,2018-12-31,8
WO-006608,1,2019-01-08,8
WO-006610,1,2019-01-11,8
WO-006611,1,2019-01-27,5
WO-006611,2,2019-02-25,9
WO-006614,1,2019-01-10,8
WO-006615,1,2019-01-19,7
WO-006616,1,2019-01-08,7
WO-006617,1,2019-01-23,7
WO-006618,1,2019-01-11,7
WO-006620,1,2019-01-15,7
WO-006621,1,2019-01-14,9
WO-006622,1,2019-02-06,6
WO-006623,1,2019-01-12,9
WO-006626,1,2019-01-21,10
WO-006626,2,2019-02-05,10
WO-006630,1,2019-01-17,7
WO-006631,1,2019-01-17,8
WO-006633,1,2019-01-03,7
WO-006634,1,2019-01-17,9
WO-006635,1,2019-02-04,4
WO-006635,2,2019-02-20,7
WO-006636,1,2019-01-03,6
WO-006637,1,2019-01-21,8
WO-006638,1,2019-02-06,7
WO-006640,1,2019-01-22,10
WO-006641,1,2019-01-08,7
WO-006643,1,2019-01-15,8
WO-006644,1,2019-01-26,10
WO-006645,1,2019-01-13,7
WO-006646,1,2019-01-15,5
WO-006646,2,2019-02-07,8
WO-006652,1,2019-02-12,4
WO-006652,2,2019-03-11,7
WO-006653,1,2019-01-25,7
WO-006654,1,2019-01-09,7
WO-006656,1,2019-01-23,8
WO-006659,1,2019-01-28,7
WO-006660,1,2019-01-23,9
WO-006661,1,2019-01-16,7
WO-006662,1,2019-01-13,10
WO-006664,1,2019-01-21,7
WO-006665,1,2019-01-21,8
WO-006669,1,2019-01-21,7
WO-006671,1,2019-01-13,7
WO-006672,1,2019-01-27,3
WO-006672,2,2019-02-17,5
WO-006674,1,2019-01-14,8
WO-006675,1,2019-01-31,8
WO-006677,1,2019-01-15,10
WO-006678,1,2019-02-05,9
WO-006680,1,2019-01-17,7
WO-006682,1,2019-01-21,7
WO-006683,1,2019-01-22,8
WO-006684,1,2019-01-20,8
WO-006688,1,2019-01-27,8
WO-006689,1,2019-02-04,8
WO-006690,1,2019-01-24,7
WO-006693,1,2019-01-18,7
WO-006696,1,2019-02-07,10
WO-006698,1,2019-02-03,7
WO-006704,1,2019-01-18,8
WO-006706,1,2019-02-02,8
WO-006709,1,2019-01-22,7
WO-006710,1,2019-01-24,9
WO-006711,1,2019-02-14,3
WO-006711,2,2019-02-27,6
WO-006712,1,2019-01-19,7
WO-006713,1,2019-02-16,6
WO-006714,1,2019-01-19,8
WO-006715,1,2019-01-16,8
WO-006716,1,2019-02-02,4
WO-006716,2,2019-02-18,7
WO-006717,1,2019-02-01,6
WO-006718,1,2019-02-05,10
WO-006720,1,2019-02-02,7
WO-006723,1,2019-02-03,7
WO-006724,1,2019-01-28,5
WO-006725,1,2019-01-26,5
WO-006725,2,2019-02-03,10
WO-006726,1,2019-01-30,8
WO-006728,1,2019-02-13,6
WO-006730,1,2019-02-02,6
WO-006735,1,2019-01-29,8
WO-006737,1,2019-01-28,6
WO-006739,1,2019-02-08,9
WO-006740,1,2019-01-18,8
WO-006744,1,2019-02-19,6
WO-006744,2,2019-03-06,5
WO-006745,1,2019-01-30,8
WO-006747,1,2019-01-31,6
WO-006748,1,2019-01-24,9
WO-006749,1,2019-01-30,8
WO-006752,1,2019-02-02,5
WO-006752,2,2019-02-18,8
WO-006754,1,2019-01-16,7
WO-006756,1,2019-02-08,7
WO-006757,1,2019-02-02,8
WO-006759,1,2019-01-19,10
WO-006760,1,2019-02-06,8
WO-006761,1,2019-02-08,3
WO-006761,2,2019-02-27,6
WO-006764,1,2019-02-05,5
WO-006764,2,2019-02-15,10
WO-006766,1,2019-01-24,10
WO-006768,1,2019-02-10,6
WO-006769,1,2019-02-11,6
WO-006769,2,2019-02-26,6
WO-006773,1,2019-01-25,9
WO-006773,2,2019-02-03,10
WO-006774,1,2019-01-28,9
WO-006775,1,2019-02-07,8
WO-006777,1,2019-02-02,8
WO-006778,1,2019-02-08,8
WO-006780,1,2019-02-03,7
WO-006781,1,2019-02-12,8
WO-006782,1,2019-02-05,6
WO-006783,1,2019-02-15,6
WO-006785,1,2019-02-08,8
WO-006785,2,2019-02-28,9
WO-006786,1,2019-02-11,7
WO-006787,1,2019-02-03,5
WO-006787,2,2019-03-02,10
WO-006788,1,2019-01-28,8
WO-006793,1,2019-02-07,8
WO-006795,1,2019-02-01,9
WO-006796,1,2019-02-12,8
WO-006802,1,2019-02-12,8
WO-006805,1,2019-02-07,9
WO-006806,1,2019-01-26,9
WO-006807,1,2019-02-04,8
WO-006808,1,2019-02-15,8
WO-006809,1,2019-02-06,8
WO-006810,1,2019-02-11,7
WO-006812,1,2019-02-10,8
WO-006813,1,2019-01-28,8
WO-006814,1,2019-02-10,8
WO-006815,1,2019-02-06,7
WO-006818,1,2019-01-28,8
WO-006819,1,2019-01-31,9
WO-006820,1,2019-02-12,9
WO-006821,1,2019-02-13,7
WO-006821,2,2019-02-20,7
WO-006822,1,2019-02-07,9
WO-006823,1,2019-01-27,8
WO-006824,1,2019-02-12,8
WO-006826,1,2019-02-04,7
WO-006832,1,2019-02-03,6
WO-006834,1,2019-02-11,9
WO-006835,1,2019-02-12,6
WO-006836,1,2019-02-04,7
WO-006837,1,2019-02-10,5
WO-006841,1,2019-02-19,7
WO-006842,1,2019-02-06,8
WO-006844,1,2019-02-09,6
WO-006847,1,2019-03-02,7
WO-006848,1,2019-02-11,9
WO-006850,1,2019-02-14,7
WO-006851,1,2019-02-16,8
WO-006856,1,2019-02-14,8
WO-006857,1,2019-02-23,6
WO-006860,1,2019-02-08,7
WO-006862,1,2019-02-12,6
WO-006865,1,2019-02-24,8
WO-006866,1,2019-02-06,7
WO-006868,1,2019-02-28,7
WO-006870,1,2019-02-11,7
WO-006871,1,2019-02-11,8
WO-006874,1,2019-02-03,7
WO-006877,1,2019-02-26,7
WO-006881,1,2019-02-06,9
WO-006885,1,2019-02-28,10
WO-006886,1,2019-02-17,10
WO-006888,1,2019-02-22,9
WO-006890,1,2019-02-23,7
WO-006891,1,2019-03-04,10
WO-006892,1,2019-02-03,8
WO-006896,1,2019-02-23,7
WO-006900,1,2019-02-04,8
WO-006909,1,2019-02-16,9
WO-006911,1,2019-03-14,5
WO-006911,2,2019-03-22,6
WO-006913,1,2019-02-17,6
WO-006914,1,2019-02-13,8
WO-006919,1,2019-02-21,8
WO-006922,1,2019-02-11,10
WO-006923,1,2019-03-07,5
WO-006924,1,2019-02-15,8
WO-006924,2,2019-03-15,7
WO-006925,1,2019-02-19,8
WO-006927,1,2019-03-08,5
WO-006927,2,2019-03-21,9
WO-006932,1,2019-02-19,6
WO-006933,1,2019-02-26,10
WO-006933,2,2019-03-27,10
WO-006934,1,2019-02-16,4
WO-006934,2,2019-03-11,5
WO-006937,1,2019-02-10,8
WO-006938,1,2019-02-12,8
WO-006939,1,2019-02-18,10
WO-006940,1,2019-03-01,10
WO-006943,1,2019-02-21,10
WO-006943,2,2019-03-01,9
WO-006945,1,2019-02-12,7
WO-006946,1,2019-03-02,4
WO-006946,2,2019-03-25,8
WO-006947,1,2019-02-21,8
WO-006949,1,2019-02-23,7
WO-006955,1,2019-03-08,4
WO-006955,2,2019-04-01,6
WO-006957,1,2019-03-08,9
WO-006958,1,2019-03-03,8
WO-006960,1,2019-03-05,8
WO-006961,1,2019-02-23,6
WO-006962,1,2019-03-07,9
WO-006965,1,2019-02-26,7
WO-006965,2,2019-03-22,6
WO-006967,1,2019-03-13,5
WO-006967,2,2019-03-21,9
WO-006968,1,2019-03-07,4
WO-006968,2,2019-03-23,9
WO-006971,1,2019-03-03,9
WO-006975,1,2019-02-17,9
WO-006976,1,2019-03-16,3
WO-006976,2,2019-04-07,4
WO-006977,1,2019-02-25,8
WO-006978,1,2019-02-21,9
WO-006979,1,2019-02-22,7
WO-006987,1,2019-03-01,8
WO-006988,1,2019-03-02,2
WO-006988,2,2019-03-29,7
WO-006989,1,2019-02-25,10
WO-006990,1,2019-03-02,3
WO-006990,2,2019-03-30,6
WO-006991,1,2019-03-05,4
WO-006992,1,2019-03-14,3
WO-006992,2,2019-03-27,7
WO-006993,1,2019-02-28,8
WO-006994,1,2019-03-19,4
WO-006994,2,2019-04-15,7
WO-006995,1,2019-03-04,4
WO-007000,1,2019-03-09,8
WO-007005,1,2019-03-02,8
WO-007006,1,2019-03-06,5
WO-007006,2,2019-03-16,7
WO-007008,1,2019-03-26,2
WO-007008,2,2019-04-07,5
WO-007009,1,2019-03-06,8
WO-007010,1,2019-03-09,8
WO-007011,1,2019-03-08,6
WO-007013,1,2019-02-20,7
WO-007014,1,2019-02-27,10
WO-007015,1,2019-03-09,6
WO-007016,1,2019-02-20,8
WO-007017,1,2019-03-05,7
WO-007018,1,2019-02-26,8
WO-007019,1,2019-02-22,10
WO-007021,1,2019-03-02,10
WO-007022,1,2019-03-06,5
WO-007022,2,2019-04-04,6
WO-007025,1,2019-03-01,8
WO-007026,1,2019-03-08,9
WO-007027,1,2019-03-04,6
WO-007028,1,2019-03-13,7
WO-007030,1,2019-03-13,4
WO-007030,2,2019-03-26,7
WO-007033,1,2019-02-28,7
WO-007034,1,2019-03-01,7
WO-007036,1,2019-03-11,7
WO-007036,2,2019-04-02,6
WO-007039,1,2019-03-03,8
WO-007042,1,2019-03-25,3
WO-007042,2,2019-04-04,7
WO-007051,1,2019-03-14,10
WO-007052,1,2019-03-02,8
WO-007053,1,2019-03-20,8
WO-007054,1,2019-03-03,7
WO-007055,1,2019-02-24,4
WO-007055,2,2019-03-21,7
WO-007057,1,2019-02-28,9
WO-007058,1,2019-03-09,9
WO-007059,1,2019-03-06,9
WO-007061,1,2019-02-26,8
WO-007063,1,2019-03-17,8
WO-007064,1,2019-03-04,8
WO-007065,1,2019-03-24,6
WO-007066,1,2019-02-24,7
WO-007067,1,2019-03-16,9
WO-007067,2,2019-04-03,9
WO-007068,1,2019-03-09,10
WO-007071,1,2019-03-11,7
WO-007072,1,2019-03-17,9
WO-007073,1,2019-03-05,10
WO-007079,1,2019-03-09,8
WO-007080,1,2019-03-05,7
WO-007083,1,2019-03-08,8
WO-007087,1,2019-02-27,7
WO-007088,1,2019-03-02,7
WO-007088,2,2019-03-16,8
WO-007092,1,2019-03-08,7
WO-007096,1,2019-03-20,6
WO-007097,1,2019-03-24,8
WO-007101,1,2019-03-13,10
WO-007105,1,2019-03-30,8
WO-007107,1,2019-03-08,8
WO-007108,1,2019-03-27,8
WO-007109,1,2019-03-16,5
WO-007109,2,2019-04-11,7
WO-007110,1,2019-03-10,7
WO-007111,1,2019-03-22,7
WO-007112,1,2019-03-28,8
WO-007113,1,2019-03-07,9
WO-007114,1,2019-03-27,6
WO-007117,1,2019-03-20,9
WO-007117,2,2019-04-16,9
WO-007119,1,2019-03-02,9
WO-007120,1,2019-03-16,5
WO-007120,2,2019-04-12,8
WO-007121,1,2019-03-27,6
WO-007122,1,2019-03-08,10
WO-007125,1,2019-03-13,10
WO-007126,1,2019-04-01,8
WO-007129,1,2019-03-17,8
WO-007131,1,2019-03-24,9
WO-007133,1,2019-03-14,8
WO-007134,1,2019-03-12,7
WO-007135,1,2019-03-17,7
WO-007137,1,2019-03-18,8
WO-007138,1,2019-03-08,8
WO-007141,1,2019-03-19,7
WO-007147,1,2019-03-19,7
WO-007149,1,2019-03-09,7
WO-007150,1,2019-03-23,8
WO-007151,1,2019-03-20,7
WO-007153,1,2019-03-23,5
WO-007154,1,2019-03-10,9
WO-007155,1,2019-03-20,9
WO-007156,1,2019-03-19,7
WO-007157,1,2019-03-25,7
WO-007159,1,2019-04-01,7
WO-007165,1,2019-03-26,9
WO-007166,1,2019-03-19,8
WO-007167,1,2019-03-26,9
WO-007170,1,2019-03-27,7
WO-007171,1,2019-03-24,7
WO-007173,1,2019-03-28,9
WO-007175,1,2019-03-27,8
WO-007177,1,2019-04-08,6
WO-007178,1,2019-03-13,7
WO-007179,1,2019-04-02,5
WO-007180,1,2019-04-05,6
WO-007183,1,2019-03-23,10
WO-007185,1,2019-03-25,7
WO-007186,1,2019-03-19,10
WO-007187,1,2019-03-30,8
WO-007189,1,2019-03-26,8
WO-007192,1,2019-03-16,10
WO-007193,1,2019-03-23,8
WO-007194,1,2019-03-28,9
WO-007196,1,2019-04-05,9
WO-007198,1,2019-04-11,9
WO-007199,1,2019-04-01,9
WO-007200,1,2019-04-03,9
WO-007202,1,2019-03-22,8
WO-007204,1,2019-03-24,9
WO-007205,1,2019-03-14,8
WO-007207,1,2019-03-22,10
WO-007209,1,2019-03-31,9
WO-007210,1,2019-03-27,10
WO-007211,1,2019-03-31,6
WO-007212,1,2019-03-27,9
WO-007216,1,2019-04-11,2
WO-007216,2,2019-05-01,5
WO-007217,1,2019-04-02,5
WO-007217,2,2019-04-22,9
WO-007218,1,2019-04-09,9
WO-007219,1,2019-04-02,6
WO-007222,1,2019-03-27,6
WO-007222,2,2019-04-24,4
WO-007224,1,2019-04-01,6
WO-007225,1,2019-04-02,5
WO-007225,2,2019-04-09,7
WO-007228,1,2019-03-15,7
WO-007231,1,2019-03-26,9
WO-007232,1,2019-04-08,6
WO-007233,1,2019-04-12,3
WO-007233,2,2019-05-09,7
WO-007234,1,2019-04-11,9
WO-007236,1,2019-04-06,4
WO-007236,2,2019-04-17,7
WO-007238,1,2019-04-07,7
WO-007239,1,2019-03-22,8
WO-007240,1,2019-04-21,7
WO-007247,1,2019-04-11,5
WO-007247,2,2019-04-30,7
WO-007252,1,2019-04-05,5
WO-007252,2,2019-04-13,8
WO-007256,1,2019-04-09,7
WO-007257,1,2019-04-13,8
WO-007259,1,2019-03-27,7
WO-007260,1,2019-04-04,10
WO-007261,1,2019-03-27,7
WO-007261,2,2019-04-21,7
WO-007262,1,2019-04-06,6
WO-007263,1,2019-04-08,8
WO-007266,1,2019-04-09,7
WO-007268,1,2019-04-14,10
WO-007269,1,2019-03-22,6
WO-007270,1,2019-04-05,7
WO-007271,1,2019-04-21,7
WO-007272,1,2019-04-17,7
WO-007273,1,2019-04-09,6
WO-007274,1,2019-04-03,8
WO-007276,1,2019-03-26,7
WO-007277,1,2019-04-18,4
WO-007277,2,2019-05-02,6
WO-007279,1,2019-04-06,8
WO-007285,1,2019-04-09,6
WO-007285,2,2019-05-06,5
WO-007287,1,2019-04-13,6
WO-007289,1,2019-04-15,8
WO-007292,1,2019-04-12,7
WO-007293,1,2019-04-10,8
WO-007295,1,2019-04-08,8
WO-007299,1,2019-04-09,8
WO-007300,1,2019-04-20,9
WO-007304,1,2019-04-14,6
WO-007305,1,2019-04-10,10
WO-007306,1,2019-03-27,7
WO-007307,1,2019-03-30,9
WO-007309,1,2019-03-30,7
WO-007310,1,2019-04-10,10
WO-007311,1,2019-04-02,9
WO-007313,1,2019-04-03,8
WO-007315,1,2019-04-09,7
WO-007321,1,2019-04-13,6
WO-007323,1,2019-04-16,9
WO-007325,1,2019-04-24,4
WO-007325,2,2019-05-05,7
WO-007326,1,2019-04-14,8
WO-007327,1,2019-04-15,7
WO-007328,1,2019-05-04,6
WO-007329,1,2019-04-05,8
WO-007335,1,2019-04-03,7
WO-007339,1,2019-04-06,8
WO-007343,1,2019-04-25,7
WO-007344,1,2019-04-22,8
WO-007346,1,2019-04-26,5
WO-007346,2,2019-05-15,8
WO-007347,1,2019-04-23,9
WO-007348,1,2019-04-08,10
WO-007349,1,2019-04-01,4
WO-007349,2,2019-04-22,7
WO-007350,1,2019-04-14,7
WO-007351,1,2019-04-03,6
WO-007352,1,2019-04-08,8
WO-007353,1,2019-04-17,7
WO-007355,1,2019-04-12,7
WO-007356,1,2019-04-21,6
WO-007357,1,2019-04-02,7
WO-007359,1,2019-04-23,9
WO-007362,1,2019-04-29,8
WO-007364,1,2019-04-15,8
WO-007368,1,2019-04-16,8
WO-007369,1,2019-04-20,10
WO-007370,1,2019-04-11,10
WO-007372,1,2019-04-25,9
WO-007373,1,2019-04-07,5
WO-007373,2,2019-04-29,9
WO-007375,1,2019-04-15,10
WO-007376,1,2019-04-24,9
WO-007378,1,2019-04-20,6
WO-007379,1,2019-04-13,6
WO-007380,1,2019-05-06,4
WO-007380,2,2019-05-31,7
WO-007381,1,2019-04-18,8
WO-007382,1,2019-04-14,10
WO-007383,1,2019-05-01,7
WO-007384,1,2019-04-07,8
WO-007385,1,2019-04-18,9
WO-007389,1,2019-04-26,8
WO-007390,1,2019-04-16,6
WO-007392,1,2019-04-26,8
WO-007393,1,2019-04-20,10
WO-007394,1,2019-04-13,8
WO-007395,1,2019-04-21,6
WO-007397,1,2019-04-23,6
WO-007398,1,2019-04-23,3
WO-007400,1,2019-04-28,6
WO-007401,1,2019-05-15,5
WO-007403,1,2019-04-26,7
WO-007404,1,2019-05-04,5
WO-007404,2,2019-05-29,10
WO-007405,1,2019-04-23,9
WO-007406,1,2019-04-29,10
WO-007408,1,2019-04-25,5
WO-007408,2,2019-05-15,9
WO-007409,1,2019-04-29,9
WO-007410,1,2019-04-10,6
WO-007413,1,2019-04-23,8
WO-007417,1,2019-04-12,9
WO-007419,1,2019-05-03,7
WO-007420,1,2019-04-17,6
WO-007421,1,2019-04-17,5
WO-007426,1,2019-04-16,10
WO-007427,1,2019-05-03,5
WO-007427,2,2019-05-24,7
WO-007429,1,2019-04-27,7
WO-007430,1,2019-05-03,8
WO-007431,1,2019-04-25,8
WO-007432,1,2019-04-18,10
WO-007434,1,2019-05-13,4
WO-007434,2,2019-06-02,9
WO-007437,1,2019-04-14,10
WO-007439,1,2019-04-16,6
WO-007440,1,2019-04-25,4
WO-007440,2,2019-05-11,7
WO-007442,1,2019-04-28,5
WO-007442,2,2019-05-10,8
WO-007444,1,2019-04-26,10
WO-007446,1,2019-04-30,7
WO-007447,1,2019-04-30,6
WO-007450,1,2019-04-22,9
WO-007452,1,2019-04-22,7
WO-007453,1,2019-04-28,10
WO-007454,1,2019-04-29,5
WO-007455,1,2019-04-25,8
WO-007456,1,2019-05-06,10
WO-007458,1,2019-05-06,9
WO-007459,1,2019-04-28,9
WO-007460,1,2019-04-21,9
WO-007462,1,2019-04-19,9
WO-007463,1,2019-04-29,6
WO-007465,1,2019-04-29,8
WO-007467,1,2019-04-25,10
WO-007469,1,2019-05-08,3
WO-007469,2,2019-05-19,5
WO-007473,1,2019-04-16,8
WO-007475,1,2019-04-26,9
WO-007477,1,2019-04-13,6
WO-007478,1,2019-04-20,8
WO-007480,1,2019-05-01,9
WO-007481,1,2019-05-06,6
WO-007482,1,2019-05-08,4
WO-007485,1,2019-04-17,10
WO-007485,2,2019-05-16,10
WO-007486,1,2019-05-07,9
WO-007488,1,2019-05-15,7
WO-007489,1,2019-05-19,6
WO-007490,1,2019-04-27,6
WO-007493,1,2019-05-06,8
WO-007494,1,2019-05-03,7
WO-007495,1,2019-05-06,7
WO-007498,1,2019-04-28,7
WO-007499,1,2019-05-05,10
WO-007500,1,2019-04-27,9
WO-007501,1,2019-05-02,8
WO-007502,1,2019-04-30,7
WO-007504,1,2019-05-04,9
WO-007506,1,2019-05-05,8
WO-007508,1,2019-05-02,3
WO-007508,2,2019-05-20,7
WO-007510,1,2019-05-21,6
WO-007511,1,2019-05-04,5
WO-007511,2,2019-05-14,9
WO-007512,1,2019-05-02,6
WO-007513,1,2019-05-05,9
WO-007516,1,2019-04-27,9
WO-007518,1,2019-05-11,7
WO-007519,1,2019-05-09,4
WO-007519,2,2019-05-29,7
WO-007525,1,2019-05-04,9
WO-007528,1,2019-05-08,7
WO-007531,1,2019-05-01,8
WO-007531,2,2019-05-24,8
WO-007533,1,2019-04-29,10
WO-007534,1,2019-05-30,3
WO-007534,2,2019-06-26,7
WO-007535,1,2019-05-03,10
WO-007536,1,2019-05-19,4
WO-007536,2,2019-06-17,8
WO-007537,1,2019-05-05,9
WO-007538,1,2019-05-14,9
WO-007539,1,2019-04-29,8
WO-007540,1,2019-05-11,9
WO-007541,1,2019-05-08,9
WO-007543,1,2019-05-14,7
WO-007547,1,2019-04-30,9
WO-007548,1,2019-05-11,9
WO-007552,1,2019-04-23,8
WO-007554,1,2019-04-30,7
WO-007556,1,2019-05-15,6
WO-007557,1,2019-05-16,2
WO-007557,2,2019-06-14,5
WO-007561,1,2019-05-15,6
WO-007562,1,2019-04-28,7
WO-007562,2,2019-05-24,6
WO-007565,1,2019-05-25,10
WO-007566,1,2019-05-13,8
WO-007567,1,2019-04-24,10
WO-007568,1,2019-05-14,6
WO-007569,1,2019-05-22,7
WO-007573,1,2019-05-14,9
WO-007574,1,2019-05-07,8
WO-007576,1,2019-05-02,6
WO-007579,1,2019-05-07,9
WO-007580,1,2019-05-14,7
WO-007581,1,2019-05-08,9
WO-007584,1,2019-05-03,9
WO-007587,1,2019-05-15,9
WO-007590,1,2019-05-14,7
WO-007592,1,2019-05-08,8
WO-007593,1,2019-06-01,7
WO-007595,1,2019-05-17,6
WO-007595,2,2019-06-09,6
WO-007596,1,2019-05-07,9
WO-007596,2,2019-05-26,10
WO-007601,1,2019-05-14,10
WO-007605,1,2019-05-01,8
WO-007606,1,2019-05-24,3
WO-007606,2,2019-06-16,6
WO-007607,1,2019-05-12,8
WO-007610,1,2019-05-05,5
WO-007610,2,2019-05-12,10
WO-007611,1,2019-05-21,7
WO-007613,1,2019-05-09,6
WO-007614,1,2019-05-20,8
WO-007615,1,2019-05-22,4
WO-007615,2,2019-05-31,7
WO-007617,1,2019-05-13,9
WO-007618,1,2019-05-11,8
WO-007619,1,2019-05-19,4
WO-007619,2,2019-05-30,7
WO-007622,1,2019-05-08,4
WO-007622,2,2019-05-22,8
WO-007628,1,2019-05-20,9
WO-007630,1,2019-05-22,8
WO-007631,1,2019-05-18,7
WO-007631,2,2019-06-04,7
WO-007632,1,2019-05-17,10
WO-007634,1,2019-05-19,6
WO-007635,1,2019-05-13,8
WO-007636,1,2019-05-07,7
WO-007639,1,2019-05-14,9
WO-007641,1,2019-05-27,6
WO-007644,1,2019-05-22,6
WO-007645,1,2019-05-17,9
WO-007646,1,2019-05-16,5
WO-007647,1,2019-05-15,10
WO-007648,1,2019-05-18,4
WO-007648,2,2019-06-13,7
WO-007652,1,2019-05-29,8
WO-007653,1,2019-05-13,7
WO-007654,1,2019-05-17,8
WO-007655,1,2019-05-15,8
WO-007657,1,2019-05-28,10
WO-007659,1,2019-05-16,8
WO-007661,1,2019-05-26,7
WO-007662,1,2019-05-23,9
WO-007663,1,2019-05-12,9
WO-007665,1,2019-05-10,8
WO-007668,1,2019-05-30,9
WO-007669,1,2019-05-11,9
WO-007670,1,2019-05-08,10
WO-007673,1,2019-05-30,9
WO-007674,1,2019-05-12,8
WO-007675,1,2019-05-16,9
WO-007676,1,2019-05-22,6
WO-007678,1,2019-05-25,9
WO-007681,1,2019-05-21,10
WO-007681,2,2019-06-14,10
WO-007682,1,2019-05-29,7
WO-007683,1,2019-05-23,9
WO-007684,1,2019-05-20,8
WO-007687,1,2019-05-22,9
WO-007688,1,2019-05-30,5
WO-007689,1,2019-05-13,10
WO-007690,1,2019-05-18,5
WO-007690,2,2019-05-27,5
WO-007692,1,2019-05-28,8
WO-007693,1,2019-05-25,7
WO-007694,1,2019-05-31,9
WO-007695,1,2019-05-19,10
WO-007699,1,2019-06-01,5
WO-007699,2,2019-06-30,7
WO-007704,1,2019-05-28,10
WO-007705,1,2019-05-28,8
WO-007706,1,2019-05-29,5
WO-007706,2,2019-06-13,10
WO-007707,1,2019-05-14,6
WO-007710,1,2019-06-14,5
WO-007710,2,2019-06-23,9
WO-007712,1,2019-05-20,7
WO-007717,1,2019-05-22,9
WO-007718,1,2019-05-23,9
WO-007719,1,2019-05-17,10
WO-007723,1,2019-06-12,5
WO-007725,1,2019-06-05,8
WO-007726,1,2019-05-13,10
WO-007728,1,2019-06-01,8
WO-007729,1,2019-05-28,8
WO-007730,1,2019-06-01,7
WO-007732,1,2019-05-28,9
WO-007733,1,2019-06-03,6
WO-007734,1,2019-05-30,9
WO-007735,1,2019-06-04,10
WO-007735,2,2019-06-27,10
WO-007736,1,2019-05-26,9
WO-007737,1,2019-06-13,8
WO-007738,1,2019-06-15,6
WO-007739,1,2019-06-01,8
WO-007741,1,2019-05-24,7
WO-007744,1,2019-06-01,10
WO-007747,1,2019-05-19,7
WO-007749,1,2019-06-06,8
WO-007749,2,2019-06-30,8
WO-007750,1,2019-05-25,7
WO-007753,1,2019-06-07,6
WO-007754,1,2019-06-21,4
WO-007754,2,2019-07-07,5
WO-007755,1,2019-05-23,8
WO-007756,1,2019-06-18,3
WO-007756,2,2019-06-30,5
WO-007758,1,2019-05-14,7
WO-007759,1,2019-06-03,8
WO-007760,1,2019-05-23,8
WO-007762,1,2019-06-02,9
WO-007763,1,2019-06-16,5
WO-007764,1,2019-05-19,10
WO-007765,1,2019-05-26,6
WO-007769,1,2019-06-12,6
WO-007771,1,2019-06-10,6
WO-007773,1,2019-06-05,9
WO-007774,1,2019-06-01,7
WO-007776,1,2019-06-19,5
WO-007776,2,2019-06-29,9
WO-007777,1,2019-06-08,6
WO-007780,1,2019-06-05,10
WO-007783,1,2019-05-22,8
WO-007784,1,2019-06-08,5
WO-007785,1,2019-05-30,7
WO-007789,1,2019-06-04,9
WO-007790,1,2019-05-31,9
WO-007791,1,2019-06-20,6
WO-007793,1,2019-06-25,7
WO-007794,1,2019-05-22,8
WO-007796,1,2019-05-26,9
WO-007798,1,2019-06-07,8
WO-007805,1,2019-05-24,10
WO-007807,1,2019-06-04,8
WO-007808,1,2019-06-10,9
WO-007809,1,2019-05-28,7
WO-007812,1,2019-05-24,9
WO-007813,1,2019-06-03,6
WO-007814,1,2019-05-30,9
WO-007826,1,2019-06-17,10
WO-007827,1,2019-06-11,8
WO-007828,1,2019-06-11,5
WO-007828,2,2019-06-30,10
WO-007833,1,2019-05-28,9
WO-007836,1,2019-06-12,10
WO-007837,1,2019-06-17,5
WO-007839,1,2019-05-30,7
WO-007840,1,2019-06-13,6
WO-007841,1,2019-06-09,6
WO-007842,1,2019-06-13,9
WO-007843,1,2019-06-10,8
WO-007843,2,2019-07-07,7
WO-007844,1,2019-06-11,8
WO-007845,1,2019-06-08,10
WO-007849,1,2019-06-20,6
WO-007850,1,2019-06-13,10
WO-007850,2,2019-07-02,10
WO-007851,1,2019-06-16,8
WO-007852,1,2019-06-08,7
WO-007853,1,2019-06-03,9
WO-007854,1,2019-06-04,4
WO-007854,2,2019-06-12,5
WO-007858,1,2019-06-10,10
WO-007860,1,2019-06-04,7
WO-007861,1,2019-06-20,9
WO-007862,1,2019-06-15,9
WO-007863,1,2019-06-09,7
WO-007864,1,2019-06-01,6
WO-007871,1,2019-06-17,9
WO-007872,1,2019-06-02,9
WO-007873,1,2019-06-25,5
WO-007873,2,2019-07-13,7
WO-007874,1,2019-06-26,5
WO-007874,2,2019-07-22,6
WO-007875,1,2019-06-25,5
WO-007877,1,2019-06-25,3
WO-007877,2,2019-07-19,7
WO-007878,1,2019-06-03,4
WO-007882,1,2019-06-12,7
WO-007888,1,2019-06-04,7
WO-007889,1,2019-06-12,6
WO-007890,1,2019-06-19,1
WO-007892,1,2019-06-04,9
WO-007894,1,2019-06-08,6
WO-007895,1,2019-06-03,4
WO-007896,1,2019-06-16,9
WO-007899,1,2019-06-10,8
WO-007901,1,2019-06-28,3
WO-007901,2,2019-07-18,6
WO-007902,1,2019-06-21,7
WO-007904,1,2019-06-18,8
WO-007905,1,2019-06-19,8
WO-007908,1,2019-06-17,7
WO-007909,1,2019-06-29,6
WO-007910,1,2019-06-11,7
WO-007911,1,2019-06-19,8
WO-007912,1,2019-06-15,6
WO-007913,1,2019-06-19,9
WO-007915,1,2019-06-25,8
WO-007916,1,2019-06-19,7
WO-007920,1,2019-06-08,7
WO-007924,1,2019-06-20,8
WO-007930,1,2019-06-23,10
WO-007931,1,2019-06-28,5
WO-007931,2,2019-07-08,7
WO-007932,1,2019-06-09,8
WO-007934,1,2019-06-21,9
WO-007935,1,2019-07-02,5
WO-007935,2,2019-07-26,9
WO-007936,1,2019-06-13,8
WO-007937,1,2019-06-11,8
WO-007938,1,2019-07-04,4
WO-007938,2,2019-07-14,7
WO-007939,1,2019-07-01,10
WO-007941,1,2019-06-27,10
WO-007944,1,2019-06-19,7
WO-007946,1,2019-06-22,7
WO-007949,1,2019-06-17,9
WO-007950,1,2019-06-22,9
WO-007952,1,2019-06-22,9
WO-007955,1,2019-06-27,3
WO-007955,2,2019-07-05,4
WO-007956,1,2019-06-07,7
WO-007958,1,2019-06-23,7
WO-007960,1,2019-06-18,10
WO-007960,2,2019-07-11,10
WO-007961,1,2019-06-21,8
WO-007962,1,2019-06-17,8
WO-007963,1,2019-06-19,8
WO-007964,1,2019-06-17,8
WO-007968,1,2019-06-15,8
WO-007970,1,2019-06-29,7
WO-007971,1,2019-06-12,9
WO-007972,1,2019-07-02,6
WO-007976,1,2019-06-19,9
WO-007978,1,2019-06-13,8
WO-007980,1,2019-06-16,7
WO-007981,1,2019-06-29,7
WO-007984,1,2019-07-01,9
WO-007985,1,2019-07-09,4
WO-007985,2,2019-07-27,7
WO-007988,1,2019-06-27,9
WO-007988,2,2019-07-18,10
WO-007989,1,2019-06-11,7
WO-007990,1,2019-06-30,9
WO-007994,1,2019-06-21,5
WO-007996,1,2019-07-20,7
WO-007998,1,2019-06-14,9
WO-007999,1,2019-06-16,7
WO-008000,1,2019-06-30,8
WO-008001,1,2019-06-22,10
WO-008002,1,2019-06-14,6
WO-008005,1,2019-06-18,8
WO-008008,1,2019-06-24,5
WO-008008,2,2019-07-19,9
WO-008010,1,2019-06-18,8
WO-008011,1,2019-06-30,6
WO-008012,1,2019-06-28,5
WO-008012,2,2019-07-16,9
WO-008013,1,2019-06-26,5
WO-008013,2,2019-07-25,9
WO-008014,1,2019-06-21,5
WO-008014,2,2019-07-10,8
WO-008015,1,2019-07-01,7
WO-008018,1,2019-06-18,9
WO-008021,1,2019-07-03,7
WO-008025,1,2019-06-18,5
WO-008025,2,2019-07-02,8
WO-008028,1,2019-07-10,6
WO-008030,1,2019-07-02,7
WO-008031,1,2019-06-26,8
WO-008032,1,2019-07-07,4
WO-008032,2,2019-07-30,10
WO-008033,1,2019-06-24,8
WO-008034,1,2019-07-12,7
WO-008035,1,2019-06-30,7
WO-008038,1,2019-06-27,9
WO-008039,1,2019-07-14,5
WO-008039,2,2019-08-12,9
WO-008040,1,2019-06-27,8
WO-008041,1,2019-07-02,7
WO-008043,1,2019-07-01,9
WO-008044,1,2019-07-03,10
WO-008046,1,2019-06-22,6
WO-008047,1,2019-06-22,10
WO-008049,1,2019-06-23,7
WO-008050,1,2019-07-02,5
WO-008052,1,2019-06-27,7
WO-008054,1,2019-06-24,6
WO-008056,1,2019-07-05,7
WO-008057,1,2019-06-20,9
WO-008062,1,2019-06-27,7
WO-008063,1,2019-07-26,3
WO-008064,1,2019-07-06,7
WO-008066,1,2019-07-06,10
WO-008067,1,2019-07-10,9
WO-008071,1,2019-07-08,9
WO-008074,1,2019-07-03,8
WO-008075,1,2019-06-29,7
WO-008076,1,2019-07-13,9
WO-008077,1,2019-06-30,6
WO-008078,1,2019-07-01,10
WO-008080,1,2019-06-28,7
WO-008082,1,2019-06-27,6
WO-008084,1,2019-06-28,9
WO-008085,1,2019-06-28,7
WO-008091,1,2019-07-02,9
WO-008093,1,2019-07-02,9
WO-008094,1,2019-06-22,6
WO-008096,1,2019-06-22,7
WO-008097,1,2019-07-08,6
WO-008099,1,2019-07-30,6
WO-008101,1,2019-07-05,10
WO-008103,1,2019-07-10,4
WO-008103,2,2019-08-06,6
WO-008104,1,2019-07-15,5
WO-008107,1,2019-07-08,10
WO-008108,1,2019-07-08,8
WO-008110,1,2019-06-26,8
WO-008111,1,2019-07-18,6
WO-008114,1,2019-07-15,8
WO-008117,1,2019-06-22,9
WO-008119,1,2019-06-27,6
WO-008120,1,2019-07-20,7
WO-008122,1,2019-07-17,8
WO-008123,1,2019-07-16,8
WO-008125,1,2019-07-15,8
WO-008127,1,2019-07-08,6
WO-008128,1,2019-06-29,9
WO-008130,1,2019-07-13,9
WO-008131,1,2019-07-17,7
WO-008131,2,2019-08-03,6
WO-008132,1,2019-06-30,10
WO-008141,1,2019-07-09,7
WO-008145,1,2019-07-13,9
WO-008147,1,2019-07-01,9
WO-008149,1,2019-06-28,7
WO-008150,1,2019-06-29,9
WO-008152,1,2019-07-09,8
WO-008154,1,2019-06-29,5
WO-008154,2,2019-07-18,8
WO-008155,1,2019-07-26,6
WO-008155,2,2019-08-02,6
WO-008157,1,2019-07-07,9
WO-008157,2,2019-08-02,9
WO-008158,1,2019-06-30,6
WO-008159,1,2019-06-28,8
WO-008161,1,2019-07-09,7
WO-008162,1,2019-07-01,9
WO-008164,1,2019-07-15,5
WO-008164,2,2019-08-09,8
WO-008166,1,2019-07-15,10
WO-008168,1,2019-07-25,9
WO-008170,1,2019-08-05,6
WO-008170,2,2019-08-22,6
WO-008171,1,2019-07-18,6
WO-008171,2,2019-08-11,6
WO-008172,1,2019-07-07,6
WO-008173,1,2019-07-19,5
WO-008174,1,2019-07-20,9
WO-008177,1,2019-07-04,9
WO-008179,1,2019-07-16,10
WO-008180,1,2019-07-18,9
WO-008182,1,2019-07-21,10
WO-008183,1,2019-07-11,10
WO-008184,1,2019-07-14,7
WO-008185,1,2019-07-24,7
WO-008188,1,2019-07-17,5
WO-008189,1,2019-07-21,9
WO-008191,1,2019-07-11,10
WO-008199,1,2019-07-15,9
WO-008202,1,2019-07-14,8
WO-008207,1,2019-07-17,9
WO-008210,1,2019-07-05,7
WO-008212,1,2019-07-17,8
WO-008213,1,2019-07-13,8
WO-008214,1,2019-07-10,9
WO-008216,1,2019-07-17,2
WO-008216,2,2019-08-14,6
WO-008217,1,2019-07-29,6
WO-008219,1,2019-07-13,8
WO-008223,1,2019-07-13,9
WO-008224,1,2019-07-09,10
WO-008225,1,2019-07-22,9
WO-008227,1,2019-07-14,10
WO-008231,1,2019-07-19,8
WO-008240,1,2019-07-16,9
WO-008241,1,2019-07-20,5
WO-008241,2,2019-08-08,7
WO-008244,1,2019-07-21,6
WO-008245,1,2019-08-04,10
WO-008247,1,2019-08-03,7
WO-008248,1,2019-07-30,7
WO-008249,1,2019-07-07,7
WO-008250,1,2019-07-14,10
WO-008252,1,2019-08-03,7
WO-008257,1,2019-07-26,8
WO-008259,1,2019-07-20,6
WO-008262,1,2019-07-12,9
WO-008262,2,2019-08-07,8
WO-008264,1,2019-07-17,6
WO-008265,1,2019-07-31,7
WO-008269,1,2019-07-18,8
WO-008270,1,2019-08-07,6
WO-008271,1,2019-07-15,6
WO-008272,1,2019-08-02,7
WO-008273,1,2019-07-18,8
WO-008274,1,2019-07-26,9
WO-008276,1,2019-07-27,8
WO-008278,1,2019-07-23,10
WO-008283,1,2019-07-17,10
WO-008283,2,2019-08-09,10
WO-008284,1,2019-07-18,10
WO-008286,1,2019-07-31,5
WO-008286,2,2019-08-10,8
WO-008287,1,2019-07-18,9
WO-008289,1,2019-07-28,9
WO-008293,1,2019-07-21,10
WO-008294,1,2019-07-18,9
WO-008297,1,2019-07-25,6
WO-008299,1,2019-08-02,9
WO-008303,1,2019-07-23,6
WO-008305,1,2019-07-19,9
WO-008306,1,2019-07-20,7
WO-008307,1,2019-07-25,7
WO-008308,1,2019-07-31,5
WO-008308,2,2019-08-16,9
WO-008309,1,2019-07-20,9
WO-008310,1,2019-07-21,7
WO-008311,1,2019-07-10,6
WO-008313,1,2019-07-24,7
WO-008314,1,2019-08-25,6
WO-008316,1,2019-07-27,9
WO-008319,1,2019-07-18,8
WO-008322,1,2019-08-08,9
WO-008328,1,2019-08-15,4
WO-008328,2,2019-08-26,9
WO-008329,1,2019-08-09,7
WO-008331,1,2019-07-15,10
WO-008332,1,2019-07-24,4
WO-008333,1,2019-07-22,6
WO-008335,1,2019-07-31,4
WO-008338,1,2019-08-09,6
WO-008340,1,2019-07-31,7
WO-008341,1,2019-08-10,4
WO-008342,1,2019-07-27,8
WO-008344,1,2019-07-21,6
WO-008346,1,2019-08-06,8
WO-008348,1,2019-07-23,7
WO-008348,2,2019-08-10,7
WO-008351,1,2019-07-17,10
WO-008353,1,2019-08-04,9
WO-008355,1,2019-07-18,8
WO-008363,1,2019-07-26,7
WO-008363,2,2019-08-04,8
WO-008364,1,2019-08-02,8
WO-008365,1,2019-07-18,7
WO-008366,1,2019-08-17,4
WO-008366,2,2019-09-13,8
WO-008367,1,2019-08-02,8
WO-008368,1,2019-08-10,8
WO-008370,1,2019-07-14,5
WO-008372,1,2019-07-31,8
WO-008373,1,2019-07-20,10
WO-008374,1,2019-08-13,5
WO-008374,2,2019-08-23,9
WO-008376,1,2019-07-21,8
WO-008378,1,2019-08-07,5
WO-008378,2,2019-08-26,9
WO-008380,1,2019-07-29,7
WO-008383,1,2019-08-04,10
WO-008384,1,2019-08-02,9
WO-008385,1,2019-07-16,10
WO-008387,1,2019-07-30,8
WO-008388,1,2019-08-16,5
WO-008388,2,2019-08-29,8
WO-008389,1,2019-07-25,8
WO-008390,1,2019-08-14,8
WO-008400,1,2019-08-12,8
WO-008402,1,2019-08-25,4
WO-008403,1,2019-08-11,8
WO-008405,1,2019-08-03,9
WO-008406,1,2019-08-05,10
WO-008410,1,2019-07-28,9
WO-008415,1,2019-08-08,8
WO-008417,1,2019-07-22,7
WO-008419,1,2019-08-02,9
WO-008420,1,2019-07-31,10
WO-008421,1,2019-08-04,8
WO-008425,1,2019-08-03,9
WO-008428,1,2019-08-16,6
WO-008430,1,2019-08-01,8
WO-008432,1,2019-08-06,6
WO-008435,1,2019-08-17,4
WO-008435,2,2019-09-10,7
WO-008439,1,2019-07-30,7
WO-008441,1,2019-07-28,8
WO-008442,1,2019-07-31,7
WO-008445,1,2019-08-19,8
WO-008448,1,2019-08-16,8
WO-008450,1,2019-08-16,10
WO-008454,1,2019-07-29,8
WO-008455,1,2019-08-17,7
WO-008456,1,2019-08-14,2
WO-008457,1,2019-08-06,10
WO-008458,1,2019-08-08,9
WO-008461,1,2019-08-16,9
WO-008462,1,2019-08-10,10
WO-008463,1,2019-08-03,6
WO-008465,1,2019-07-30,5
WO-008465,2,2019-08-13,8
WO-008466,1,2019-08-09,5
WO-008466,2,2019-08-27,6
WO-008467,1,2019-08-12,9
WO-008469,1,2019-08-04,5
WO-008469,2,2019-08-14,8
WO-008471,1,2019-08-10,9
WO-008472,1,2019-08-18,6
WO-008476,1,2019-08-15,8
WO-008479,1,2019-08-16,8
WO-008483,1,2019-08-20,9
WO-008486,1,2019-08-20,10
WO-008488,1,2019-07-31,8
WO-008490,1,2019-08-07,9
WO-008490,2,2019-08-25,8
WO-008492,1,2019-08-09,10
WO-008493,1,2019-08-22,7
WO-008496,1,2019-08-12,6
WO-008497,1,2019-08-10,10
WO-008498,1,2019-08-22,7
WO-008499,1,2019-08-21,9
WO-008502,1,2019-08-20,7
WO-008503,1,2019-08-05,8
WO-008504,1,2019-08-13,8
WO-008505,1,2019-08-21,8
WO-008506,1,2019-08-17,9
WO-008509,1,2019-08-14,10
WO-008512,1,2019-08-18,7
WO-008513,1,2019-08-19,9
WO-008515,1,2019-08-10,9
WO-008515,2,2019-08-26,8
WO-008517,1,2019-08-31,4
WO-008517,2,2019-09-20,7
WO-008518,1,2019-08-19,9
WO-008519,1,2019-08-01,10
WO-008520,1,2019-08-09,6
WO-008522,1,2019-08-18,5
WO-008522,2,2019-09-15,9
WO-008524,1,2019-08-12,10
WO-008527,1,2019-08-20,10
WO-008529,1,2019-08-08,9
WO-008530,1,2019-08-08,8
WO-008531,1,2019-08-13,7
WO-008534,1,2019-08-04,8
WO-008535,1,2019-08-11,6
WO-008537,1,2019-08-21,3
WO-008539,1,2019-08-22,8
WO-008540,1,2019-08-26,8
WO-008542,1,2019-08-27,5
WO-008542,2,2019-09-18,10
WO-008544,1,2019-09-05,6
WO-008545,1,2019-08-17,7
WO-008546,1,2019-08-27,7
WO-008548,1,2019-09-05,9
WO-008549,1,2019-08-12,6
WO-008550,1,2019-08-16,8
WO-008555,1,2019-08-12,9
WO-008556,1,2019-09-04,3
WO-008556,2,2019-09-24,7
WO-008557,1,2019-08-11,5
WO-008557,2,2019-08-28,8
WO-008562,1,2019-08-19,7
WO-008565,1,2019-08-23,8
WO-008565,2,2019-09-11,8
WO-008567,1,2019-08-24,7
WO-008569,1,2019-08-15,10
WO-008570,1,2019-08-23,5
WO-008570,2,2019-09-01,10
WO-008571,1,2019-08-25,7
WO-008573,1,2019-09-01,6
WO-008577,1,2019-08-08,9
WO-008579,1,2019-08-14,6
WO-008580,1,2019-08-09,8
WO-008582,1,2019-08-18,7
WO-008582,2,2019-09-09,8
WO-008583,1,2019-08-26,7
WO-008584,1,2019-08-13,8
WO-008587,1,2019-08-26,8
WO-008588,1,2019-08-10,6
WO-008592,1,2019-08-23,9
WO-008593,1,2019-08-19,5
WO-008593,2,2019-09-10,7
WO-008594,1,2019-08-18,7
WO-008595,1,2019-08-25,9
WO-008596,1,2019-08-27,8
WO-008598,1,2019-08-21,10
WO-008599,1,2019-08-28,8
WO-008604,1,2019-08-29,8
WO-008605,1,2019-08-29,9
WO-008605,2,2019-09-22,9
WO-008611,1,2019-08-26,5
WO-008611,2,2019-09-06,9
WO-008613,1,2019-09-01,6
WO-008614,1,2019-09-10,3
WO-008614,2,2019-10-06,6
WO-008615,1,2019-08-24,6
WO-008617,1,2019-08-25,9
WO-008618,1,2019-08-29,7
WO-008619,1,2019-08-23,7
WO-008620,1,2019-08-15,8
WO-008621,1,2019-09-08,5
WO-008621,2,2019-09-18,9
WO-008622,1,2019-09-01,9
WO-008623,1,2019-08-26,7
WO-008631,1,2019-09-06,10
WO-008632,1,2019-08-24,8
WO-008633,1,2019-08-30,5
WO-008635,1,2019-08-31,10
WO-008636,1,2019-08-22,10
WO-008637,1,2019-09-02,9
WO-008641,1,2019-08-29,10
WO-008642,1,2019-08-26,10
WO-008645,1,2019-08-26,10
WO-008645,2,2019-09-08,9
WO-008647,1,2019-08-24,8
WO-008650,1,2019-08-21,6
WO-008652,1,2019-09-04,10
WO-008653,1,2019-08-28,8
WO-008657,1,2019-09-04,10
WO-008660,1,2019-08-26,7
WO-008661,1,2019-08-20,9
WO-008664,1,2019-08-14,6
WO-008666,1,2019-08-27,7
WO-008668,1,2019-09-03,8
WO-008669,1,2019-08-22,9
WO-008669,2,2019-09-07,8
WO-008670,1,2019-08-31,9
WO-008670,2,2019-09-13,8
WO-008672,1,2019-08-26,9
WO-008673,1,2019-08-13,8
WO-008677,1,2019-09-11,3
WO-008679,1,2019-08-16,9
WO-008681,1,2019-09-15,10
WO-008685,1,2019-08-22,9
WO-008689,1,2019-09-01,8
WO-008690,1,2019-09-06,8
WO-008691,1,2019-09-18,5
WO-008691,2,2019-10-13,8
WO-008694,1,2019-08-25,7
WO-008694,2,2019-09-19,7
WO-008695,1,2019-08-20,7
WO-008698,1,2019-08-19,9
WO-008700,1,2019-09-01,8
WO-008703,1,2019-09-14,8
WO-008705,1,2019-08-23,9
WO-008708,1,2019-08-24,8
WO-008710,1,2019-08-31,6
WO-008712,1,2019-08-28,7
WO-008713,1,2019-08-19,10
WO-008716,1,2019-09-03,8
WO-008717,1,2019-09-09,8
WO-008721,1,2019-09-07,6
WO-008722,1,2019-08-29,9
WO-008723,1,2019-08-24,8
WO-008726,1,2019-09-09,7
WO-008727,1,2019-08-29,8
WO-008730,1,2019-09-02,10
WO-008731,1,2019-09-09,10
WO-008732,1,2019-08-19,7
WO-008735,1,2019-09-06,7
WO-008739,1,2019-09-21,5
WO-008741,1,2019-09-09,9
WO-008746,1,2019-08-22,10
WO-008747,1,2019-08-20,6
WO-008747,2,2019-09-17,6
WO-008755,1,2019-08-27,8
WO-008756,1,2019-09-02,8
WO-008758,1,2019-09-01,6
WO-008759,1,2019-09-12,9
WO-008760,1,2019-08-25,7
WO-008763,1,2019-09-03,8
WO-008767,1,2019-08-30,9
WO-008770,1,2019-09-07,8
WO-008771,1,2019-09-07,7
WO-008774,1,2019-09-03,6
WO-008776,1,2019-08-25,8
WO-008777,1,2019-09-09,8
WO-008778,1,2019-09-12,6
WO-008780,1,2019-09-06,10
WO-008785,1,2019-09-21,6
WO-008786,1,2019-09-18,8
WO-008789,1,2019-09-19,7
WO-008790,1,2019-09-18,10
WO-008792,1,2019-09-10,6
WO-008794,1,2019-09-14,8
WO-008798,1,2019-09-20,3
WO-008798,2,2019-10-08,6
WO-008800,1,2019-09-03,9
WO-008801,1,2019-09-11,6
WO-008803,1,2019-09-06,10
WO-008804,1,2019-09-25,2
WO-008804,2,2019-10-07,6
WO-008805,1,2019-09-12,5
WO-008805,2,2019-09-22,9
WO-008806,1,2019-10-06,5
WO-008809,1,2019-09-09,5
WO-008812,1,2019-09-09,9
WO-008812,2,2019-10-04,9
WO-008814,1,2019-09-20,5
WO-008814,2,2019-10-14,9
WO-008815,1,2019-09-16,9
WO-008816,1,2019-09-09,6
WO-008818,1,2019-09-20,2
WO-008818,2,2019-10-01,8
WO-008820,1,2019-09-09,7
WO-008822,1,2019-09-12,8
WO-008824,1,2019-09-23,8
WO-008828,1,2019-08-27,9
WO-008829,1,2019-09-13,8
WO-008830,1,2019-09-13,6
WO-008831,1,2019-09-12,2
WO-008831,2,2019-09-28,5
WO-008833,1,2019-09-17,8
WO-008834,1,2019-09-18,9
WO-008836,1,2019-09-12,6
WO-008837,1,2019-09-05,10
WO-008839,1,2019-09-08,7
WO-008840,1,2019-09-13,9
WO-008841,1,2019-09-02,8
WO-008842,1,2019-09-08,10
WO-008843,1,2019-09-09,7
WO-008844,1,2019-09-27,9
WO-008850,1,2019-09-14,8
WO-008851,1,2019-09-17,6
WO-008854,1,2019-10-02,4
WO-008854,2,2019-10-15,7
WO-008855,1,2019-09-19,9
WO-008856,1,2019-09-30,6
WO-008858,1,2019-09-18,8
WO-008863,1,2019-09-08,8
WO-008864,1,2019-09-30,6
WO-008866,1,2019-09-24,6
WO-008868,1,2019-09-24,6
WO-008870,1,2019-09-03,8
WO-008871,1,2019-09-28,8
WO-008871,2,2019-10-06,8
WO-008872,1,2019-09-14,9
WO-008874,1,2019-09-18,4
WO-008874,2,2019-09-25,8
WO-008876,1,2019-09-23,9
WO-008877,1,2019-09-22,10
WO-008878,1,2019-09-11,5
WO-008878,2,2019-10-09,7
WO-008879,1,2019-09-07,7
WO-008881,1,2019-09-26,5
WO-008881,2,2019-10-04,10
WO-008882,1,2019-09-02,10
WO-008883,1,2019-09-17,9
WO-008885,1,2019-09-10,7
WO-008886,1,2019-09-19,7
WO-008888,1,2019-09-16,7
WO-008888,2,2019-10-03,7
WO-008895,1,2019-10-07,6
WO-008897,1,2019-09-18,9
WO-008900,1,2019-09-15,7
WO-008901,1,2019-09-05,6
WO-008902,1,2019-09-22,9
WO-008904,1,2019-09-10,8
WO-008905,1,2019-09-12,8
WO-008906,1,2019-10-02,5
WO-008906,2,2019-10-22,9
WO-008907,1,2019-09-18,6
WO-008908,1,2019-09-11,9
WO-008912,1,2019-09-30,7
WO-008915,1,2019-09-19,10
WO-008916,1,2019-09-21,7
WO-008919,1,2019-09-16,9
WO-008922,1,2019-09-25,8
WO-008924,1,2019-09-10,8
WO-008925,1,2019-09-25,6
WO-008926,1,2019-09-17,7
WO-008928,1,2019-09-26,6
WO-008931,1,2019-09-12,9
WO-008932,1,2019-09-24,6
WO-008935,1,2019-09-10,8
WO-008937,1,2019-10-01,8
WO-008938,1,2019-09-14,8
WO-008941,1,2019-09-11,6
WO-008946,1,2019-10-09,5
WO-008946,2,2019-11-03,8
WO-008950,1,2019-09-08,7
WO-008951,1,2019-09-25,9
WO-008952,1,2019-09-27,7
WO-008953,1,2019-09-28,7
WO-008955,1,2019-09-29,8
WO-008956,1,2019-09-17,9
WO-008956,2,2019-10-16,9
WO-008958,1,2019-09-23,8
WO-008964,1,2019-10-17,5
WO-008964,2,2019-11-07,7
WO-008967,1,2019-09-28,9
WO-008973,1,2019-09-14,9
WO-008974,1,2019-10-04,6
WO-008976,1,2019-09-27,10
WO-008977,1,2019-09-26,6
WO-008979,1,2019-09-21,8
WO-008980,1,2019-09-17,10
WO-008981,1,2019-09-15,6
WO-008983,1,2019-09-18,8
WO-008985,1,2019-09-17,10
WO-008986,1,2019-09-17,8
WO-008987,1,2019-09-16,9
WO-008989,1,2019-09-13,7
WO-008990,1,2019-09-23,7
WO-008992,1,2019-09-22,7
WO-008993,1,2019-09-20,10
WO-008997,1,2019-10-08,9
WO-008998,1,2019-09-30,6
WO-009000,1,2019-10-07,10
WO-009001,1,2019-09-28,10
WO-009002,1,2019-09-30,7
WO-009004,1,2019-09-14,7
WO-009005,1,2019-10-14,2
WO-009008,1,2019-09-24,3
WO-009009,1,2019-09-19,9
WO-009010,1,2019-09-25,7
WO-009011,1,2019-09-29,8
WO-009013,1,2019-10-04,2
WO-009013,2,2019-10-19,7
WO-009014,1,2019-09-26,10
WO-009015,1,2019-09-19,9
WO-009016,1,2019-09-24,9
WO-009017,1,2019-10-20,4
WO-009018,1,2019-09-27,8
WO-009019,1,2019-10-14,5
WO-009019,2,2019-11-01,6
WO-009024,1,2019-09-24,10
WO-009026,1,2019-09-20,10
WO-009027,1,2019-09-24,7
WO-009028,1,2019-09-29,7
WO-009029,1,2019-10-01,9
WO-009029,2,2019-10-21,8
WO-009030,1,2019-10-18,9
WO-009032,1,2019-10-03,7
WO-009034,1,2019-10-15,5
WO-009034,2,2019-11-06,9
WO-009037,1,2019-09-26,8
WO-009038,1,2019-10-01,10
WO-009039,1,2019-10-04,4
WO-009039,2,2019-10-24,6
WO-009042,1,2019-10-06,7
WO-009043,1,2019-09-25,9
WO-009044,1,2019-09-25,7
WO-009046,1,2019-10-05,8
WO-009048,1,2019-09-29,7
WO-009050,1,2019-09-23,10
WO-009052,1,2019-09-27,8
WO-009055,1,2019-09-16,8
WO-009056,1,2019-09-26,8
WO-009057,1,2019-10-02,8
WO-009059,1,2019-10-06,9
WO-009062,1,2019-09-24,7
WO-009064,1,2019-09-30,7
WO-009068,1,2019-10-03,6
WO-009072,1,2019-10-01,7
WO-009074,1,2019-10-09,7
WO-009076,1,2019-10-17,8
WO-009080,1,2019-10-24,10
WO-009081,1,2019-10-06,7
WO-009083,1,2019-10-08,3
WO-009083,2,2019-11-03,8
WO-009085,1,2019-10-04,5
WO-009090,1,2019-09-24,7
WO-009091,1,2019-10-12,5
WO-009091,2,2019-10-25,7
WO-009095,1,2019-10-09,9
WO-009096,1,2019-09-26,8
WO-009099,1,2019-10-05,9
WO-009100,1,2019-10-08,8
WO-009102,1,2019-10-10,8
WO-009103,1,2019-10-16,8
WO-009105,1,2019-10-13,8
WO-009110,1,2019-10-09,10
WO-009112,1,2019-10-06,7
WO-009113,1,2019-09-30,5
WO-009113,2,2019-10-24,8
WO-009115,1,2019-10-14,7
WO-009116,1,2019-09-27,10
WO-009117,1,2019-10-10,6
WO-009118,1,2019-10-10,9
WO-009119,1,2019-09-29,9
WO-009121,1,2019-10-09,7
WO-009125,1,2019-10-03,8
WO-009130,1,2019-10-04,10
WO-009131,1,2019-10-10,7
WO-009134,1,2019-10-17,9
WO-009135,1,2019-10-19,6
WO-009136,1,2019-10-23,10
WO-009137,1,2019-09-30,10
WO-009138,1,2019-10-19,6
WO-009139,1,2019-10-30,6
WO-009140,1,2019-09-29,8
WO-009143,1,2019-10-08,9
WO-009144,1,2019-10-24,8
WO-009145,1,2019-10-08,8
WO-009149,1,2019-10-04,7
WO-009150,1,2019-10-16,5
WO-009151,1,2019-10-19,8
WO-009157,1,2019-10-07,7
WO-009160,1,2019-10-13,8
WO-009163,1,2019-10-05,9
WO-009167,1,2019-10-11,8
WO-009168,1,2019-10-18,9
WO-009169,1,2019-10-22,10
WO-009170,1,2019-10-24,4
WO-009171,1,2019-10-04,8
WO-009172,1,2019-10-09,10
WO-009173,1,2019-10-28,7
WO-009174,1,2019-10-26,8
WO-009176,1,2019-10-22,9
WO-009179,1,2019-10-14,7
WO-009183,1,2019-10-22,8
WO-009184,1,2019-10-25,5
WO-009184,2,2019-11-19,7
WO-009187,1,2019-10-15,8
WO-009188,1,2019-10-29,6
WO-009189,1,2019-10-15,7
WO-009191,1,2019-10-25,6
WO-009192,1,2019-10-08,10
WO-009196,1,2019-10-15,9
WO-009199,1,2019-10-11,5
WO-009200,1,2019-10-14,6
WO-009201,1,2019-11-06,2
WO-009201,2,2019-12-02,4
WO-009202,1,2019-10-15,8
WO-009203,1,2019-10-27,6
WO-009204,1,2019-10-13,5
WO-009204,2,2019-11-03,9
WO-009205,1,2019-10-05,9
WO-009209,1,2019-10-11,8
WO-009212,1,2019-10-22,9
WO-009214,1,2019-11-03,8
WO-009215,1,2019-11-01,10
WO-009216,1,2019-10-29,10
WO-009218,1,2019-10-13,10
WO-009220,1,2019-10-14,8
WO-009221,1,2019-10-18,7
WO-009224,1,2019-10-12,10
WO-009225,1,2019-10-20,10
WO-009226,1,2019-10-21,7
WO-009227,1,2019-10-29,8
WO-009228,1,2019-10-16,10
WO-009229,1,2019-10-23,10
WO-009230,1,2019-11-12,6
WO-009231,1,2019-10-25,9
WO-009232,1,2019-10-16,7
WO-009235,1,2019-10-24,8
WO-009236,1,2019-10-15,8
WO-009237,1,2019-10-28,9
WO-009238,1,2019-10-19,8
WO-009243,1,2019-10-27,7
WO-009245,1,2019-10-20,8
WO-009246,1,2019-10-20,8
WO-009248,1,2019-10-18,6
WO-009250,1,2019-10-25,7
WO-009253,1,2019-11-12,4
WO-009253,2,2019-11-27,6
WO-009254,1,2019-11-06,9
WO-009255,1,2019-10-31,9
WO-009256,1,2019-11-24,5
WO-009256,2,2019-12-20,7
WO-009258,1,2019-10-26,7
WO-009260,1,2019-10-23,8
WO-009263,1,2019-10-23,8
WO-009266,1,2019-11-06,4
WO-009266,2,2019-11-23,6
WO-009267,1,2019-10-28,7
WO-009269,1,2019-10-29,8
WO-009271,1,2019-11-01,5
WO-009271,2,2019-11-17,9
WO-009276,1,2019-10-31,9
WO-009278,1,2019-10-14,8
WO-009284,1,2019-10-28,7
WO-009287,1,2019-11-23,6
WO-009287,2,2019-12-18,7
WO-009289,1,2019-10-16,9
WO-009289,2,2019-11-12,8
WO-009290,1,2019-11-04,6
WO-009291,1,2019-10-30,10
WO-009294,1,2019-11-02,6
WO-009295,1,2019-10-20,9
WO-009296,1,2019-10-20,9
WO-009297,1,2019-11-01,6
WO-009300,1,2019-10-17,6
WO-009302,1,2019-10-16,8
WO-009305,1,2019-11-01,8
WO-009306,1,2019-11-16,8
WO-009307,1,2019-11-04,9
WO-009310,1,2019-11-04,10
WO-009313,1,2019-11-10,9
WO-009314,1,2019-10-27,2
WO-009316,1,2019-11-08,7
WO-009318,1,2019-11-19,2
WO-009318,2,2019-11-27,6
WO-009322,1,2019-11-02,7
WO-009330,1,2019-11-08,7
WO-009333,1,2019-10-17,7
WO-009334,1,2019-10-26,7
WO-009339,1,2019-10-26,7
WO-009340,1,2019-10-25,8
WO-009341,1,2019-10-22,8
WO-009344,1,2019-11-11,7
WO-009346,1,2019-11-22,3
WO-009346,2,2019-12-15,6
WO-009347,1,2019-11-05,6
WO-009348,1,2019-11-12,10
WO-009351,1,2019-11-14,7
WO-009352,1,2019-11-05,7
WO-009353,1,2019-11-09,7
WO-009355,1,2019-10-28,10
WO-009357,1,2019-11-12,10
WO-009358,1,2019-10-28,9
WO-009361,1,2019-11-12,8
WO-009364,1,2019-11-23,1
WO-009364,2,2019-12-14,4
WO-009365,1,2019-11-19,7
WO-009373,1,2019-10-31,5
WO-009374,1,2019-11-08,10
WO-009378,1,2019-11-06,10
WO-009381,1,2019-11-02,8
WO-009384,1,2019-11-19,3
WO-009384,2,2019-11-29,5
WO-009385,1,2019-11-02,7
WO-009386,1,2019-11-11,7
WO-009389,1,2019-11-08,9
WO-009390,1,2019-11-23,6
WO-009391,1,2019-11-08,9
WO-009394,1,2019-11-03,9
WO-009395,1,2019-11-15,9
WO-009399,1,2019-11-12,10
WO-009402,1,2019-10-27,8
WO-009403,1,2019-10-27,9
WO-009406,1,2019-11-12,10
WO-009408,1,2019-11-01,7
WO-009410,1,2019-11-15,7
WO-009414,1,2019-12-02,4
WO-009414,2,2019-12-30,7
WO-009417,1,2019-10-31,8
WO-009418,1,2019-11-19,7
WO-009420,1,2019-11-11,8
WO-009421,1,2019-11-23,4
WO-009421,2,2019-12-10,9
WO-009424,1,2019-11-10,10
WO-009425,1,2019-11-04,7
WO-009426,1,2019-11-21,4
WO-009426,2,2019-12-20,7
WO-009427,1,2019-11-22,6
WO-009430,1,2019-11-16,8
WO-009432,1,2019-11-23,6
WO-009433,1,2019-11-13,9
WO-009437,1,2019-11-13,5
WO-009437,2,2019-12-07,8
WO-009439,1,2019-11-16,9
WO-009440,1,2019-11-26,7
WO-009442,1,2019-11-17,9
WO-009447,1,2019-11-20,9
WO-009451,1,2019-11-09,8
WO-009453,1,2019-11-11,7
WO-009454,1,2019-11-22,6
WO-009456,1,2019-11-09,9
WO-009459,1,2019-11-15,9
WO-009461,1,2019-11-14,6
WO-009465,1,2019-11-28,3
WO-009466,1,2019-11-25,7
WO-009468,1,2019-11-21,7
WO-009471,1,2019-11-01,7
WO-009472,1,2019-11-25,6
WO-009472,2,2019-12-23,5
WO-009473,1,2019-11-13,7
WO-009475,1,2019-11-14,7
WO-009479,1,2019-11-21,7
WO-009480,1,2019-11-13,6
WO-009482,1,2019-11-16,9
WO-009485,1,2019-12-04,9
WO-009487,1,2019-11-21,8
WO-009488,1,2019-11-22,10
WO-009490,1,2019-11-06,7
WO-009503,1,2019-11-27,8
WO-009503,2,2019-12-10,6
WO-009511,1,2019-12-13,2
WO-009526,1,2019-11-25,7
WO-009527,1,2019-12-05,8
WO-009530,1,2019-11-23,5
WO-009530,2,2019-12-07,8
WO-009533,1,2019-11-23,7
WO-009540,1,2019-12-02,7
WO-009540,2,2019-12-19,8
WO-009559,1,2019-11-21,7
WO-009561,1,2019-11-29,9
WO-009563,1,2019-11-23,7
WO-009569,1,2019-11-23,7
WO-009598,1,2019-12-05,8
WO-009599,1,2019-12-02,9
WO-009609,1,2019-12-07,9
WO-009620,1,2019-12-09,5
WO-009620,2,2019-12-30,8
WO-009623,1,2019-11-28,9
WO-009624,1,2019-12-13,7
WO-009632,1,2019-12-05,8
WO-009633,1,2019-12-02,8
WO-009636,1,2019-12-09,9
WO-009642,1,2019-11-26,6
WO-009645,1,2019-12-03,8
WO-009646,1,2019-12-14,9
WO-009653,1,2019-12-06,5
WO-009653,2,2019-12-21,9
WO-009654,1,2019-12-21,5
WO-009654,2,2019-12-29,5
WO-009660,1,2019-12-11,10
WO-009661,1,2019-12-19,6
WO-009661,2,2019-12-27,5
WO-009663,1,2019-12-11,9
WO-009671,1,2019-12-08,7
WO-009672,1,2019-12-17,3
WO-009674,1,2019-12-13,9
WO-009682,1,2019-12-14,6
WO-009686,1,2019-12-13,7
WO-009692,1,2019-12-08,10
WO-009706,1,2019-12-14,9
WO-009708,1,2019-12-11,7
WO-009714,1,2019-12-19,9
WO-009717,1,2019-12-21,7
WO-009718,1,2019-12-25,8
WO-009725,1,2019-12-13,8
WO-009730,1,2019-12-24,9
WO-009731,1,2019-12-10,8
WO-009735,1,2019-12-26,7
WO-009737,1,2019-12-18,5
WO-009748,1,2019-12-16,8
WO-009749,1,2019-12-21,7
WO-009758,1,2019-12-12,8
WO-009760,1,2019-12-22,7
WO-009765,1,2019-12-27,9
WO-009768,1,2019-12-22,9
WO-009774,1,2019-12-22,9
WO-009842,1,2019-12-26,5
WO-009850,1,2019-12-28,5
WO-009853,1,2019-12-29,8
WO-009884,1,2019-12-27,7
WO-009896,1,2019-12-31,9
