equipment_unit_id,site_id,equipment_category,serial_number,installed_date
EQ-00001,ST-0001,control_panel,SN-CON-98188,2012-12-04
EQ-00002,ST-0001,compressor,SN-COM-44185,2012-10-13
EQ-00003,ST-0001,chiller,SN-CHI-12494,2015-09-01
EQ-00004,ST-0001,compressor,SN-COM-90607,2007-09-07
EQ-00005,ST-0001,hvac_unit,SN-HVA-10836,2007-07-25
EQ-00006,ST-0001,switchgear,SN-SWI-81415,2013-04-26
EQ-00007,ST-0001,industrial_pump,SN-IND-15231,2007-10-16
EQ-00008,ST-0001,furnace,SN-FUR-46773,2014-02-06
EQ-00009,ST-0001,conveyor_system,SN-CON-33773,2009-11-02
EQ-00010,ST-0001,switchgear,SN-SWI-24165,2007-05-16
EQ-00011,ST-0002,conveyor_system,SN-CON-78959,2018-03-12
EQ-00012,ST-0002,storage_tank,SN-STO-64656,2010-05-17
EQ-00013,ST-0003,boiler,SN-BOI-86874,2011-03-03
EQ-00014,ST-0003,industrial_pump,SN-IND-61668,2006-11-16
EQ-00015,ST-0003,control_panel,SN-CON-18784,2015-12-09
EQ-00016,ST-0003,hvac_unit,SN-HVA-20265,2014-01-27
EQ-00017,ST-0003,hvac_unit,SN-HVA-23409,2013-05-18
EQ-00018,ST-0003,hvac_unit,SN-HVA-14535,2005-10-16
EQ-00019,ST-0003,boiler,SN-BOI-25965,2006-08-17
EQ-00020,ST-0003,conveyor_system,SN-CON-49577,2015-09-11
EQ-00021,ST-0003,conveyor_system,SN-CON-80980,2008-04-07
EQ-00022,ST-0004,storage_tank,SN-STO-58001,2012-03-26
EQ-00023,ST-0004,industrial_pump,SN-IND-66518,2014-10-10
EQ-00024,ST-0004,conveyor_system,SN-CON-64072,2013-08-14
EQ-00025,ST-0004,control_panel,SN-CON-14346,2009-12-08
EQ-00026,ST-0004,control_panel,SN-CON-88133,2014-10-23
EQ-00027,ST-0004,compressor,SN-COM-10502,2015-10-20
EQ-00028,ST-0004,compressor,SN-COM-61434,2016-08-15
EQ-00029,ST-0004,conveyor_system,SN-CON-45670,2016-09-20
EQ-00030,ST-0004,hvac_unit,SN-HVA-59604,2018-01-06
EQ-00031,ST-0004,conveyor_system,SN-CON-59994,2012-11-03
EQ-00032,ST-0004,switchgear,SN-SWI-96208,2012-01-01
EQ-00033,ST-0005,compressor,SN-COM-57692,2017-11-10
EQ-00034,ST-0005,hvac_unit,SN-HVA-36598,2015-11-16
EQ-00035,ST-0005,switchgear,SN-SWI-96969,2011-01-14
EQ-00036,ST-0005,furnace,SN-FUR-83566,2018-01-19
EQ-00037,ST-0005,conveyor_system,SN-CON-74259,2018-02-27
EQ-00038,ST-0005,conveyor_system,SN-CON-24356,2007-09-06
EQ-00039,ST-0005,chiller,SN-CHI-55477,2005-01-11
EQ-00040,ST-0005,furnace,SN-FUR-66156,2015-03-15
EQ-00041,ST-0005,storage_tank,SN-STO-90996,2005-09-15
EQ-00042,ST-0005,boiler,SN-BOI-19895,2005-01-19
EQ-00043,ST-0006,industrial_pump,SN-IND-92496,2009-09-19
EQ-00044,ST-0006,furnace,SN-FUR-99856,2008-01-28
EQ-00045,ST-0006,industrial_pump,SN-IND-60912,2017-07-20
EQ-00046,ST-0006,hvac_unit,SN-HVA-64393,2014-10-19
EQ-00047,ST-0006,chiller,SN-CHI-67917,2011-05-03
EQ-00048,ST-0006,conveyor_system,SN-CON-94660,2010-03-15
EQ-00049,ST-0006,compressor,SN-COM-15089,2009-12-23
EQ-00050,ST-0006,control_panel,SN-CON-92570,2011-08-09
EQ-00051,ST-0006,furnace,SN-FUR-20743,2013-12-22
EQ-00052,ST-0006,hvac_unit,SN-HVA-46564,2012-01-27
EQ-00053,ST-0006,hvac_unit,SN-HVA-45792,2007-10-11
EQ-00054,ST-0007,control_panel,SN-CON-93395,2013-08-03
EQ-00055,ST-0007,storage_tank,SN-STO-90594,2009-03-27
EQ-00056,ST-0008,chiller,SN-CHI-30330,2015-05-02
EQ-00057,ST-0008,compressor,SN-COM-67125,2005-12-26
EQ-00058,ST-0008,furnace,SN-FUR-50494,2012-10-08
EQ-00059,ST-0008,storage_tank,SN-STO-79161,2018-10-27
EQ-00060,ST-0009,storage_tank,SN-STO-97708,2011-05-10
EQ-00061,ST-0009,compressor,SN-COM-61042,2016-06-17
EQ-00062,ST-0009,switchgear,SN-SWI-28108,2014-07-28
EQ-00063,ST-0010,conveyor_system,SN-CON-43073,2011-02-25
EQ-00064,ST-0010,boiler,SN-BOI-80285,2005-07-22
EQ-00065,ST-0010,conveyor_system,SN-CON-15367,2006-08-16
EQ-00066,ST-0010,compressor,SN-COM-33301,2017-03-21
EQ-00067,ST-0010,compressor,SN-COM-72721,2007-07-18
EQ-00068,ST-0010,chiller,SN-CHI-60934,2015-11-18
EQ-00069,ST-0010,control_panel,SN-CON-34803,2016-11-21
EQ-00070,ST-0010,hvac_unit,SN-HVA-45934,2013-10-10
EQ-00071,ST-0011,industrial_pump,SN-IND-72996,2015-04-18
EQ-00072,ST-0011,chiller,SN-CHI-85699,2016-03-13
EQ-00073,ST-0011,conveyor_system,SN-CON-54175,2009-03-28
EQ-00074,ST-0011,switchgear,SN-SWI-88538,2005-01-15
EQ-00075,ST-0011,conveyor_system,SN-CON-96963,2010-07-21
EQ-00076,ST-0011,conveyor_system,SN-CON-98757,2012-06-16
EQ-00077,ST-0011,hvac_unit,SN-HVA-65962,2015-06-12
EQ-00078,ST-0011,hvac_unit,SN-HVA-90279,2006-08-07
EQ-00079,ST-0011,switchgear,SN-SWI-10835,2014-07-04
EQ-00080,ST-0011,industrial_pump,SN-IND-42303,2015-06-27
EQ-00081,ST-0011,compressor,SN-COM-51782,2006-12-21
EQ-00082,ST-0011,industrial_pump,SN-IND-75021,2017-03-15
EQ-00083,ST-0012,switchgear,SN-SWI-19783,2018-04-06
EQ-00084,ST-0012,conveyor_system,SN-CON-64384,2015-04-18
EQ-00085,ST-0012,chiller,SN-CHI-61997,2007-11-03
EQ-00086,ST-0012,compressor,SN-COM-76282,2010-11-01
EQ-00087,ST-0012,hvac_unit,SN-HVA-68442,2009-07-25
EQ-00088,ST-0012,conveyor_system,SN-CON-32008,2012-04-04
EQ-00089,ST-0012,hvac_unit,SN-HVA-85825,2013-08-18
EQ-00090,ST-0012,furnace,SN-FUR-67289,2013-03-20
EQ-00091,ST-0012,hvac_unit,SN-HVA-70407,2016-11-19
EQ-00092,ST-0013,industrial_pump,SN-IND-61695,2013-11-03
EQ-00093,ST-0013,chiller,SN-CHI-12053,2009-12-01
EQ-00094,ST-0013,compressor,SN-COM-42111,2017-12-26
EQ-00095,ST-0014,switchgear,SN-SWI-23487,2010-06-25
EQ-00096,ST-0014,boiler,SN-BOI-45488,2013-04-19
EQ-00097,ST-0014,control_panel,SN-CON-80979,2009-10-06
EQ-00098,ST-0014,hvac_unit,SN-HVA-74972,2014-09-26
EQ-00099,ST-0015,furnace,SN-FUR-93999,2018-08-28
EQ-00100,ST-0015,boiler,SN-BOI-65159,2005-04-26
EQ-00101,ST-0015,chiller,SN-CHI-66339,2012-05-20
EQ-00102,ST-0015,switchgear,SN-SWI-19002,2016-05-12
EQ-00103,ST-0015,hvac_unit,SN-HVA-81613,2013-02-03
EQ-00104,ST-0015,compressor,SN-COM-39093,2014-11-09
EQ-00105,ST-0016,industrial_pump,SN-IND-89750,2011-10-13
EQ-00106,ST-0016,industrial_pump,SN-IND-56410,2007-05-25
EQ-00107,ST-0016,industrial_pump,SN-IND-50935,2012-06-03
EQ-00108,ST-0016,compressor,SN-COM-90169,2010-01-09
EQ-00109,ST-0016,furnace,SN-FUR-80261,2008-05-19
EQ-00110,ST-0017,control_panel,SN-CON-63364,2008-04-13
EQ-00111,ST-0017,boiler,SN-BOI-56326,2007-07-09
EQ-00112,ST-0017,furnace,SN-FUR-97771,2005-01-15
EQ-00113,ST-0017,industrial_pump,SN-IND-75040,2011-02-15
EQ-00114,ST-0017,compressor,SN-COM-52999,2018-06-09
EQ-00115,ST-0018,storage_tank,SN-STO-30503,2011-06-06
EQ-00116,ST-0018,switchgear,SN-SWI-41934,2016-08-14
EQ-00117,ST-0018,control_panel,SN-CON-56511,2007-11-08
EQ-00118,ST-0018,hvac_unit,SN-HVA-43556,2011-07-03
EQ-00119,ST-0018,chiller,SN-CHI-47753,2018-12-25
EQ-00120,ST-0018,chiller,SN-CHI-32099,2010-02-11
EQ-00121,ST-0018,control_panel,SN-CON-87018,2011-11-25
EQ-00122,ST-0019,industrial_pump,SN-IND-14746,2014-05-28
EQ-00123,ST-0019,industrial_pump,SN-IND-85304,2008-12-07
EQ-00124,ST-0019,switchgear,SN-SWI-86578,2005-01-06
EQ-00125,ST-0019,control_panel,SN-CON-80546,2013-11-02
EQ-00126,ST-0019,switchgear,SN-SWI-49342,2005-05-11
EQ-00127,ST-0019,boiler,SN-BOI-28220,2015-07-13
EQ-00128,ST-0020,storage_tank,SN-STO-15756,2010-08-03
EQ-00129,ST-0020,boiler,SN-BOI-33128,2010-03-13
EQ-00130,ST-0020,switchgear,SN-SWI-20779,2018-12-01
EQ-00131,ST-0020,conveyor_system,SN-CON-98815,2014-08-24
EQ-00132,ST-0021,boiler,SN-BOI-91827,2010-06-07
EQ-00133,ST-0021,switchgear,SN-SWI-34129,2013-04-10
EQ-00134,ST-0021,furnace,SN-FUR-77729,2013-01-21
EQ-00135,ST-0022,switchgear,SN-SWI-76275,2014-03-07
EQ-00136,ST-0022,switchgear,SN-SWI-35403,2011-12-23
EQ-00137,ST-0022,furnace,SN-FUR-10875,2018-10-21
EQ-00138,ST-0022,boiler,SN-BOI-60013,2007-01-11
EQ-00139,ST-0022,chiller,SN-CHI-90660,2013-07-15
EQ-00140,ST-0022,hvac_unit,SN-HVA-80249,2006-05-22
EQ-00141,ST-0023,storage_tank,SN-STO-88044,2008-04-02
EQ-00142,ST-0023,compressor,SN-COM-12033,2016-08-06
EQ-00143,ST-0023,switchgear,SN-SWI-88067,2010-01-20
EQ-00144,ST-0023,switchgear,SN-SWI-21471,2008-04-18
EQ-00145,ST-0023,storage_tank,SN-STO-67759,2012-08-16
EQ-00146,ST-0023,storage_tank,SN-STO-22557,2013-09-22
EQ-00147,ST-0023,control_panel,SN-CON-78517,2018-09-03
EQ-00148,ST-0024,compressor,SN-COM-22652,2010-08-03
EQ-00149,ST-0024,storage_tank,SN-STO-29129,2017-02-08
EQ-00150,ST-0024,chiller,SN-CHI-10136,2011-09-28
EQ-00151,ST-0025,storage_tank,SN-STO-46990,2011-05-23
EQ-00152,ST-0025,switchgear,SN-SWI-22811,2015-06-07
EQ-00153,ST-0025,industrial_pump,SN-IND-29231,2016-03-21
EQ-00154,ST-0025,industrial_pump,SN-IND-51487,2013-11-03
EQ-00155,ST-0025,hvac_unit,SN-HVA-63290,2014-03-17
EQ-00156,ST-0025,hvac_unit,SN-HVA-28722,2017-06-26
EQ-00157,ST-0025,boiler,SN-BOI-20715,2010-07-19
EQ-00158,ST-0025,compressor,SN-COM-25131,2009-10-20
EQ-00159,ST-0025,storage_tank,SN-STO-77556,2012-12-20
EQ-00160,ST-0025,control_panel,SN-CON-73530,2014-06-01
EQ-00161,ST-0025,conveyor_system,SN-CON-25459,2009-11-01
EQ-00162,ST-0025,chiller,SN-CHI-13937,2009-05-07
EQ-00163,ST-0026,conveyor_system,SN-CON-32244,2012-01-27
EQ-00164,ST-0026,switchgear,SN-SWI-96979,2018-11-04
EQ-00165,ST-0026,control_panel,SN-CON-96616,2009-08-14
EQ-00166,ST-0026,chiller,SN-CHI-38771,2006-02-12
EQ-00167,ST-0026,compressor,SN-COM-62032,2015-04-25
EQ-00168,ST-0026,switchgear,SN-SWI-47538,2018-03-12
EQ-00169,ST-0026,chiller,SN-CHI-59338,2010-03-24
EQ-00170,ST-0026,boiler,SN-BOI-12649,2018-03-26
EQ-00171,ST-0026,compressor,SN-COM-54426,2012-03-23
EQ-00172,ST-0026,compressor,SN-COM-89544,2017-08-22
EQ-00173,ST-0027,storage_tank,SN-STO-39271,2015-04-04
EQ-00174,ST-0027,hvac_unit,SN-HVA-94933,2008-03-01
EQ-00175,ST-0027,storage_tank,SN-STO-71361,2006-02-13
EQ-00176,ST-0027,industrial_pump,SN-IND-36647,2013-05-05
EQ-00177,ST-0028,chiller,SN-CHI-82032,2018-08-23
EQ-00178,ST-0028,control_panel,SN-CON-13863,2011-11-14
EQ-00179,ST-0029,chiller,SN-CHI-28199,2018-01-05
EQ-00180,ST-0029,storage_tank,SN-STO-34492,2014-12-24
EQ-00181,ST-0029,industrial_pump,SN-IND-47071,2013-04-03
EQ-00182,ST-0029,furnace,SN-FUR-24992,2012-02-06
EQ-00183,ST-0029,switchgear,SN-SWI-68610,2017-02-18
EQ-00184,ST-0029,switchgear,SN-SWI-59515,2014-02-10
EQ-00185,ST-0029,boiler,SN-BOI-80241,2009-11-22
EQ-00186,ST-0029,industrial_pump,SN-IND-97700,2006-03-18
EQ-00187,ST-0029,furnace,SN-FUR-89410,2008-11-03
EQ-00188,ST-0030,boiler,SN-BOI-78278,2009-06-25
EQ-00189,ST-0030,storage_tank,SN-STO-76712,2017-05-17
EQ-00190,ST-0031,compressor,SN-COM-48274,2010-10-06
EQ-00191,ST-0031,control_panel,SN-CON-88295,2005-07-14
EQ-00192,ST-0031,switchgear,SN-SWI-42553,2018-04-06
EQ-00193,ST-0031,hvac_unit,SN-HVA-90842,2007-01-21
EQ-00194,ST-0031,boiler,SN-BOI-73632,2008-11-27
EQ-00195,ST-0031,conveyor_system,SN-CON-22096,2014-05-01
EQ-00196,ST-0031,hvac_unit,SN-HVA-87243,2017-12-12
EQ-00197,ST-0031,switchgear,SN-SWI-31031,2005-01-06
EQ-00198,ST-0031,hvac_unit,SN-HVA-90927,2010-09-20
EQ-00199,ST-0031,chiller,SN-CHI-87328,2008-02-19
EQ-00200,ST-0031,hvac_unit,SN-HVA-86949,2018-11-24
EQ-00201,ST-0032,hvac_unit,SN-HVA-89050,2016-02-18
EQ-00202,ST-0032,compressor,SN-COM-55633,2008-01-14
EQ-00203,ST-0032,boiler,SN-BOI-96890,2006-04-12
EQ-00204,ST-0033,control_panel,SN-CON-28111,2005-05-04
EQ-00205,ST-0033,boiler,SN-BOI-85947,2009-02-16
EQ-00206,ST-0033,conveyor_system,SN-CON-67841,2007-04-22
EQ-00207,ST-0033,storage_tank,SN-STO-62907,2009-05-28
EQ-00208,ST-0033,furnace,SN-FUR-26875,2011-08-23
EQ-00209,ST-0033,chiller,SN-CHI-80415,2018-08-22
EQ-00210,ST-0033,chiller,SN-CHI-60654,2018-10-09
EQ-00211,ST-0033,hvac_unit,SN-HVA-51283,2016-10-25
EQ-00212,ST-0033,boiler,SN-BOI-44032,2016-07-23
EQ-00213,ST-0034,conveyor_system,SN-CON-55141,2011-10-24
EQ-00214,ST-0034,compressor,SN-COM-83052,2010-01-03
EQ-00215,ST-0034,control_panel,SN-CON-25004,2016-11-12
EQ-00216,ST-0034,chiller,SN-CHI-13416,2011-02-12
EQ-00217,ST-0034,hvac_unit,SN-HVA-36350,2014-04-28
EQ-00218,ST-0034,furnace,SN-FUR-79763,2014-06-17
EQ-00219,ST-0034,control_panel,SN-CON-43111,2009-08-07
EQ-00220,ST-0034,industrial_pump,SN-IND-18693,2008-01-18
EQ-00221,ST-0034,furnace,SN-FUR-37646,2012-11-09
EQ-00222,ST-0034,conveyor_system,SN-CON-37399,2008-09-21
EQ-00223,ST-0034,boiler,SN-BOI-28096,2010-03-09
EQ-00224,ST-0035,hvac_unit,SN-HVA-71007,2007-09-10
EQ-00225,ST-0035,compressor,SN-COM-87438,2016-10-04
EQ-00226,ST-0035,switchgear,SN-SWI-87264,2017-02-10
EQ-00227,ST-0035,control_panel,SN-CON-92421,2017-01-26
EQ-00228,ST-0035,hvac_unit,SN-HVA-58576,2006-09-19
EQ-00229,ST-0036,switchgear,SN-SWI-95885,2016-08-13
EQ-00230,ST-0036,industrial_pump,SN-IND-16254,2018-10-10
EQ-00231,ST-0036,control_panel,SN-CON-39426,2011-05-20
EQ-00232,ST-0036,compressor,SN-COM-66114,2012-06-10
EQ-00233,ST-0036,conveyor_system,SN-CON-68048,2017-04-21
EQ-00234,ST-0037,control_panel,SN-CON-28230,2017-12-23
EQ-00235,ST-0037,conveyor_system,SN-CON-72214,2014-08-09
EQ-00236,ST-0037,control_panel,SN-CON-16373,2010-04-09
EQ-00237,ST-0037,chiller,SN-CHI-65858,2010-04-22
EQ-00238,ST-0037,industrial_pump,SN-IND-73228,2017-04-10
EQ-00239,ST-0037,storage_tank,SN-STO-82103,2009-08-14
EQ-00240,ST-0037,industrial_pump,SN-IND-94578,2014-06-07
EQ-00241,ST-0037,control_panel,SN-CON-79831,2007-04-17
EQ-00242,ST-0037,boiler,SN-BOI-80605,2016-01-09
EQ-00243,ST-0037,boiler,SN-BOI-25601,2013-06-06
EQ-00244,ST-0038,industrial_pump,SN-IND-95963,2012-06-12
EQ-00245,ST-0038,conveyor_system,SN-CON-96646,2017-01-05
EQ-00246,ST-0039,switchgear,SN-SWI-75787,2011-08-16
EQ-00247,ST-0039,boiler,SN-BOI-62090,2012-02-05
EQ-00248,ST-0039,storage_tank,SN-STO-74487,2013-11-25
EQ-00249,ST-0039,control_panel,SN-CON-27075,2007-06-12
EQ-00250,ST-0039,boiler,SN-BOI-24537,2018-03-14
EQ-00251,ST-0039,compressor,SN-COM-68756,2013-07-25
EQ-00252,ST-0039,industrial_pump,SN-IND-97337,2017-03-14
EQ-00253,ST-0039,industrial_pump,SN-IND-16923,2012-06-10
EQ-00254,ST-0039,storage_tank,SN-STO-32914,2012-02-07
EQ-00255,ST-0039,industrial_pump,SN-IND-42991,2016-10-11
EQ-00256,ST-0040,control_panel,SN-CON-16606,2005-01-02
EQ-00257,ST-0040,furnace,SN-FUR-79779,2009-04-09
EQ-00258,ST-0040,industrial_pump,SN-IND-97087,2013-08-20
EQ-00259,ST-0041,hvac_unit,SN-HVA-66280,2017-02-12
EQ-00260,ST-0041,boiler,SN-BOI-18540,2010-08-13
EQ-00261,ST-0041,furnace,SN-FUR-39797,2011-07-17
EQ-00262,ST-0041,industrial_pump,SN-IND-25882,2017-06-21
EQ-00263,ST-0041,hvac_unit,SN-HVA-55333,2008-01-28
EQ-00264,ST-0041,hvac_unit,SN-HVA-49027,2013-04-16
EQ-00265,ST-0041,chiller,SN-CHI-46012,2005-11-12
EQ-00266,ST-0041,control_panel,SN-CON-73367,2005-09-13
EQ-00267,ST-0042,furnace,SN-FUR-76438,2015-10-20
EQ-00268,ST-0042,conveyor_system,SN-CON-56130,2013-06-21
EQ-00269,ST-0042,chiller,SN-CHI-29923,2009-07-19
EQ-00270,ST-0042,boiler,SN-BOI-20939,2005-07-03
EQ-00271,ST-0042,switchgear,SN-SWI-76926,2008-06-19
EQ-00272,ST-0042,switchgear,SN-SWI-76743,2016-08-10
EQ-00273,ST-0042,control_panel,SN-CON-14522,2016-03-12
EQ-00274,ST-0042,compressor,SN-COM-95299,2006-08-17
EQ-00275,ST-0043,chiller,SN-CHI-58136,2005-11-28
EQ-00276,ST-0043,storage_tank,SN-STO-18596,2007-11-02
EQ-00277,ST-0043,conveyor_system,SN-CON-13701,2005-08-03
EQ-00278,ST-0043,furnace,SN-FUR-61669,2008-03-22
EQ-00279,ST-0044,compressor,SN-COM-58821,2017-04-05
EQ-00280,ST-0044,compressor,SN-COM-73646,2012-10-24
EQ-00281,ST-0044,boiler,SN-BOI-67975,2005-08-24
EQ-00282,ST-0045,chiller,SN-CHI-87318,2005-04-14
EQ-00283,ST-0045,industrial_pump,SN-IND-10331,2007-01-06
EQ-00284,ST-0045,hvac_unit,SN-HVA-76223,2007-07-28
EQ-00285,ST-0045,switchgear,SN-SWI-46964,2010-11-10
EQ-00286,ST-0045,compressor,SN-COM-63196,2015-07-05
EQ-00287,ST-0045,conveyor_system,SN-CON-30913,2011-11-10
EQ-00288,ST-0045,industrial_pump,SN-IND-23745,2014-04-17
EQ-00289,ST-0045,industrial_pump,SN-IND-68292,2012-05-23
EQ-00290,ST-0045,compressor,SN-COM-94623,2006-11-13
EQ-00291,ST-0045,conveyor_system,SN-CON-34065,2013-01-05
EQ-00292,ST-0045,compressor,SN-COM-47462,2017-06-14
EQ-00293,ST-0045,conveyor_system,SN-CON-52894,2017-12-05
EQ-00294,ST-0046,conveyor_system,SN-CON-67065,2014-01-05
EQ-00295,ST-0046,boiler,SN-BOI-63951,2012-12-03
EQ-00296,ST-0046,control_panel,SN-CON-98540,2007-06-28
EQ-00297,ST-0046,conveyor_system,SN-CON-16743,2013-07-11
EQ-00298,ST-0046,boiler,SN-BOI-14581,2016-07-03
EQ-00299,ST-0047,control_panel,SN-CON-98463,2013-08-24
EQ-00300,ST-0047,boiler,SN-BOI-90550,2018-03-01
EQ-00301,ST-0047,storage_tank,SN-STO-59920,2015-02-07
EQ-00302,ST-0047,hvac_unit,SN-HVA-62579,2010-10-20
EQ-00303,ST-0047,switchgear,SN-SWI-68604,2009-07-02
EQ-00304,ST-0047,hvac_unit,SN-HVA-83576,2015-06-16
EQ-00305,ST-0048,conveyor_system,SN-CON-41502,2015-07-24
EQ-00306,ST-0048,boiler,SN-BOI-46199,2007-05-21
EQ-00307,ST-0048,switchgear,SN-SWI-80472,2006-08-05
EQ-00308,ST-0048,storage_tank,SN-STO-83728,2008-05-13
EQ-00309,ST-0048,furnace,SN-FUR-67890,2016-05-19
EQ-00310,ST-0048,storage_tank,SN-STO-75342,2012-09-20
EQ-00311,ST-0048,industrial_pump,SN-IND-16122,2013-08-01
EQ-00312,ST-0048,hvac_unit,SN-HVA-26706,2006-06-11
EQ-00313,ST-0048,chiller,SN-CHI-75862,2011-10-19
EQ-00314,ST-0048,control_panel,SN-CON-53638,2018-08-02
EQ-00315,ST-0048,hvac_unit,SN-HVA-34346,2014-02-24
EQ-00316,ST-0048,industrial_pump,SN-IND-88688,2010-07-20
EQ-00317,ST-0049,control_panel,SN-CON-14566,2012-10-10
EQ-00318,ST-0049,boiler,SN-BOI-70152,2008-11-18
EQ-00319,ST-0049,conveyor_system,SN-CON-11705,2010-09-11
EQ-00320,ST-0049,storage_tank,SN-STO-84958,2014-06-22
EQ-00321,ST-0049,furnace,SN-FUR-59019,2006-06-01
EQ-00322,ST-0049,control_panel,SN-CON-11539,2015-11-17
EQ-00323,ST-0050,compressor,SN-COM-84550,2006-06-05
EQ-00324,ST-0050,furnace,SN-FUR-96656,2014-07-04
EQ-00325,ST-0050,control_panel,SN-CON-33789,2007-03-22
EQ-00326,ST-0050,compressor,SN-COM-28886,2016-05-21
EQ-00327,ST-0050,compressor,SN-COM-72158,2010-01-15
EQ-00328,ST-0051,chiller,SN-CHI-79313,2017-12-05
EQ-00329,ST-0051,switchgear,SN-SWI-70223,2013-12-14
EQ-00330,ST-0051,chiller,SN-CHI-96159,2014-04-21
EQ-00331,ST-0051,switchgear,SN-SWI-99604,2005-05-09
EQ-00332,ST-0051,control_panel,SN-CON-63942,2016-01-18
EQ-00333,ST-0051,furnace,SN-FUR-55707,2005-06-26
EQ-00334,ST-0052,hvac_unit,SN-HVA-87632,2007-11-25
EQ-00335,ST-0052,industrial_pump,SN-IND-88965,2013-01-04
EQ-00336,ST-0052,furnace,SN-FUR-34767,2006-02-27
EQ-00337,ST-0052,control_panel,SN-CON-30585,2015-05-26
EQ-00338,ST-0052,conveyor_system,SN-CON-71519,2006-12-28
EQ-00339,ST-0052,furnace,SN-FUR-26625,2005-04-06
EQ-00340,ST-0052,conveyor_system,SN-CON-21090,2015-10-06
EQ-00341,ST-0052,chiller,SN-CHI-93004,2013-04-16
EQ-00342,ST-0052,conveyor_system,SN-CON-58512,2005-11-07
EQ-00343,ST-0052,boiler,SN-BOI-11474,2006-11-04
EQ-00344,ST-0053,boiler,SN-BOI-66327,2012-11-03
EQ-00345,ST-0053,industrial_pump,SN-IND-31230,2011-11-21
EQ-00346,ST-0053,control_panel,SN-CON-72350,2010-01-16
EQ-00347,ST-0053,industrial_pump,SN-IND-57438,2010-03-17
EQ-00348,ST-0053,storage_tank,SN-STO-88977,2011-04-11
EQ-00349,ST-0053,hvac_unit,SN-HVA-29094,2008-01-28
EQ-00350,ST-0053,conveyor_system,SN-CON-82821,2017-12-04
EQ-00351,ST-0053,switchgear,SN-SWI-34644,2016-12-06
EQ-00352,ST-0053,boiler,SN-BOI-60216,2005-08-21
EQ-00353,ST-0053,switchgear,SN-SWI-45876,2010-11-25
EQ-00354,ST-0053,hvac_unit,SN-HVA-73505,2011-06-10
EQ-00355,ST-0053,hvac_unit,SN-HVA-65834,2014-07-25
EQ-00356,ST-0054,switchgear,SN-SWI-31410,2014-04-13
EQ-00357,ST-0054,boiler,SN-BOI-40088,2015-10-08
EQ-00358,ST-0054,compressor,SN-COM-47829,2009-04-05
EQ-00359,ST-0054,furnace,SN-FUR-37776,2014-09-27
EQ-00360,ST-0054,chiller,SN-CHI-14103,2018-10-10
EQ-00361,ST-0054,storage_tank,SN-STO-49934,2010-09-26
EQ-00362,ST-0054,hvac_unit,SN-HVA-54060,2013-08-18
EQ-00363,ST-0054,conveyor_system,SN-CON-66237,2014-06-19
EQ-00364,ST-0054,industrial_pump,SN-IND-17679,2010-07-07
EQ-00365,ST-0054,storage_tank,SN-STO-61980,2011-01-12
EQ-00366,ST-0054,boiler,SN-BOI-14243,2009-10-09
EQ-00367,ST-0054,control_panel,SN-CON-95385,2013-10-12
EQ-00368,ST-0055,switchgear,SN-SWI-46359,2017-05-01
EQ-00369,ST-0055,industrial_pump,SN-IND-51916,2010-08-06
EQ-00370,ST-0055,conveyor_system,SN-CON-85483,2008-05-05
EQ-00371,ST-0055,chiller,SN-CHI-42642,2006-12-26
EQ-00372,ST-0055,industrial_pump,SN-IND-46848,2009-08-02
EQ-00373,ST-0055,compressor,SN-COM-83439,2015-07-09
EQ-00374,ST-0055,compressor,SN-COM-55272,2018-08-18
EQ-00375,ST-0055,industrial_pump,SN-IND-73878,2007-08-07
EQ-00376,ST-0055,conveyor_system,SN-CON-75911,2018-03-06
EQ-00377,ST-0056,industrial_pump,SN-IND-39295,2010-09-12
EQ-00378,ST-0056,control_panel,SN-CON-79040,2009-09-16
EQ-00379,ST-0056,chiller,SN-CHI-77966,2010-10-18
EQ-00380,ST-0056,furnace,SN-FUR-32945,2018-09-18
EQ-00381,ST-0057,compressor,SN-COM-90622,2010-03-20
EQ-00382,ST-0057,industrial_pump,SN-IND-76188,2018-08-03
EQ-00383,ST-0057,furnace,SN-FUR-44142,2012-05-15
EQ-00384,ST-0057,furnace,SN-FUR-62667,2016-09-04
EQ-00385,ST-0057,hvac_unit,SN-HVA-35361,2008-08-26
EQ-00386,ST-0057,conveyor_system,SN-CON-11477,2016-06-16
EQ-00387,ST-0057,conveyor_system,SN-CON-38570,2013-02-14
EQ-00388,ST-0057,switchgear,SN-SWI-33026,2008-03-07
EQ-00389,ST-0057,industrial_pump,SN-IND-33871,2012-03-13
EQ-00390,ST-0058,switchgear,SN-SWI-19170,2015-07-03
EQ-00391,ST-0058,hvac_unit,SN-HVA-96670,2008-04-17
EQ-00392,ST-0058,storage_tank,SN-STO-10255,2009-10-18
EQ-00393,ST-0058,storage_tank,SN-STO-33314,2013-05-27
EQ-00394,ST-0059,hvac_unit,SN-HVA-61214,2012-06-28
EQ-00395,ST-0059,industrial_pump,SN-IND-18859,2011-10-26
EQ-00396,ST-0059,hvac_unit,SN-HVA-32227,2009-11-18
EQ-00397,ST-0059,industrial_pump,SN-IND-70471,2009-03-19
EQ-00398,ST-0059,switchgear,SN-SWI-61001,2015-09-11
EQ-00399,ST-0059,switchgear,SN-SWI-54376,2012-03-18
EQ-00400,ST-0059,industrial_pump,SN-IND-64362,2010-02-04
EQ-00401,ST-0059,chiller,SN-CHI-16468,2016-01-24
EQ-00402,ST-0060,chiller,SN-CHI-41025,2011-07-12
EQ-00403,ST-0060,furnace,SN-FUR-40137,2012-07-11
EQ-00404,ST-0060,compressor,SN-COM-56121,2013-06-10
EQ-00405,ST-0060,switchgear,SN-SWI-66521,2014-11-26
EQ-00406,ST-0060,compressor,SN-COM-49541,2013-04-20
EQ-00407,ST-0060,chiller,SN-CHI-78759,2013-09-08
EQ-00408,ST-0060,control_panel,SN-CON-33554,2013-11-06
EQ-00409,ST-0060,hvac_unit,SN-HVA-43341,2007-12-14
EQ-00410,ST-0060,industrial_pump,SN-IND-84262,2018-02-03
EQ-00411,ST-0060,storage_tank,SN-STO-36978,2005-05-08
EQ-00412,ST-0060,storage_tank,SN-STO-86602,2006-05-07
EQ-00413,ST-0060,industrial_pump,SN-IND-64536,2015-12-06
EQ-00414,ST-0061,compressor,SN-COM-29907,2005-08-17
EQ-00415,ST-0061,switchgear,SN-SWI-93447,2012-03-23
EQ-00416,ST-0061,compressor,SN-COM-96278,2011-10-04
EQ-00417,ST-0061,chiller,SN-CHI-59684,2015-09-26
EQ-00418,ST-0062,hvac_unit,SN-HVA-46661,2013-12-17
EQ-00419,ST-0062,hvac_unit,SN-HVA-88428,2009-09-06
EQ-00420,ST-0062,furnace,SN-FUR-43522,2010-04-22
EQ-00421,ST-0062,hvac_unit,SN-HVA-84822,2006-01-24
EQ-00422,ST-0063,conveyor_system,SN-CON-83137,2010-01-24
EQ-00423,ST-0063,conveyor_system,SN-CON-22920,2010-01-01
EQ-00424,ST-0063,industrial_pump,SN-IND-55371,2017-03-07
EQ-00425,ST-0063,industrial_pump,SN-IND-95800,2015-07-10
EQ-00426,ST-0063,compressor,SN-COM-44771,2011-05-27
EQ-00427,ST-0063,switchgear,SN-SWI-95632,2012-05-27
EQ-00428,ST-0063,compressor,SN-COM-18472,2012-03-18
EQ-00429,ST-0063,industrial_pump,SN-IND-74836,2013-12-08
EQ-00430,ST-0064,compressor,SN-COM-28290,2013-04-27
EQ-00431,ST-0064,storage_tank,SN-STO-94477,2008-11-27
EQ-00432,ST-0064,storage_tank,SN-STO-87756,2005-03-17
EQ-00433,ST-0064,switchgear,SN-SWI-20474,2007-03-22
EQ-00434,ST-0064,conveyor_system,SN-CON-40618,2008-06-06
EQ-00435,ST-0064,furnace,SN-FUR-79783,2011-10-26
EQ-00436,ST-0064,switchgear,SN-SWI-82899,2011-09-12
EQ-00437,ST-0064,compressor,SN-COM-44079,2011-11-04
EQ-00438,ST-0065,boiler,SN-BOI-15977,2010-05-22
EQ-00439,ST-0065,switchgear,SN-SWI-56722,2015-10-16
EQ-00440,ST-0065,control_panel,SN-CON-27850,2018-08-27
EQ-00441,ST-0065,conveyor_system,SN-CON-74841,2018-04-18
EQ-00442,ST-0065,control_panel,SN-CON-38320,2010-10-26
EQ-00443,ST-0066,furnace,SN-FUR-65420,2014-03-02
EQ-00444,ST-0066,hvac_unit,SN-HVA-71234,2007-04-05
EQ-00445,ST-0066,control_panel,SN-CON-40161,2018-09-13
EQ-00446,ST-0066,industrial_pump,SN-IND-60011,2008-04-05
EQ-00447,ST-0066,conveyor_system,SN-CON-18976,2013-08-05
EQ-00448,ST-0066,industrial_pump,SN-IND-86916,2016-11-23
EQ-00449,ST-0066,hvac_unit,SN-HVA-64708,2010-07-21
EQ-00450,ST-0066,industrial_pump,SN-IND-74453,2016-02-16
EQ-00451,ST-0066,industrial_pump,SN-IND-73723,2017-08-07
EQ-00452,ST-0066,control_panel,SN-CON-68244,2011-08-22
EQ-00453,ST-0066,control_panel,SN-CON-70282,2016-11-07
EQ-00454,ST-0066,hvac_unit,SN-HVA-89115,2008-08-11
EQ-00455,ST-0067,compressor,SN-COM-39681,2007-03-22
EQ-00456,ST-0067,hvac_unit,SN-HVA-34274,2012-12-19
EQ-00457,ST-0067,conveyor_system,SN-CON-55872,2009-03-12
EQ-00458,ST-0067,switchgear,SN-SWI-30871,2013-12-15
EQ-00459,ST-0068,control_panel,SN-CON-40801,2017-04-16
EQ-00460,ST-0068,conveyor_system,SN-CON-82925,2009-02-25
EQ-00461,ST-0068,switchgear,SN-SWI-38604,2012-12-28
EQ-00462,ST-0068,industrial_pump,SN-IND-34906,2006-10-24
EQ-00463,ST-0068,storage_tank,SN-STO-77408,2013-08-18
EQ-00464,ST-0068,industrial_pump,SN-IND-24180,2005-04-01
EQ-00465,ST-0068,chiller,SN-CHI-81466,2006-11-17
EQ-00466,ST-0068,compressor,SN-COM-19795,2011-08-25
EQ-00467,ST-0069,switchgear,SN-SWI-42681,2008-02-14
EQ-00468,ST-0069,conveyor_system,SN-CON-25684,2008-01-27
EQ-00469,ST-0069,switchgear,SN-SWI-28646,2015-06-06
EQ-00470,ST-0069,compressor,SN-COM-22675,2018-01-05
EQ-00471,ST-0069,chiller,SN-CHI-42345,2008-12-25
EQ-00472,ST-0069,conveyor_system,SN-CON-95146,2010-07-14
EQ-00473,ST-0069,industrial_pump,SN-IND-27724,2013-12-11
EQ-00474,ST-0070,hvac_unit,SN-HVA-10180,2006-03-13
EQ-00475,ST-0070,switchgear,SN-SWI-34210,2006-03-20
EQ-00476,ST-0070,control_panel,SN-CON-25676,2012-02-21
EQ-00477,ST-0070,conveyor_system,SN-CON-55321,2013-02-14
EQ-00478,ST-0070,chiller,SN-CHI-38115,2013-02-24
EQ-00479,ST-0071,hvac_unit,SN-HVA-78302,2009-10-18
EQ-00480,ST-0071,chiller,SN-CHI-41721,2006-03-24
EQ-00481,ST-0072,furnace,SN-FUR-12720,2016-10-07
EQ-00482,ST-0072,boiler,SN-BOI-81607,2018-09-02
EQ-00483,ST-0072,chiller,SN-CHI-33840,2008-05-02
EQ-00484,ST-0073,switchgear,SN-SWI-52955,2012-02-01
EQ-00485,ST-0073,boiler,SN-BOI-38461,2005-10-15
EQ-00486,ST-0073,furnace,SN-FUR-47376,2007-11-15
EQ-00487,ST-0073,storage_tank,SN-STO-17140,2011-04-15
EQ-00488,ST-0073,furnace,SN-FUR-20872,2017-07-24
EQ-00489,ST-0073,switchgear,SN-SWI-80419,2009-10-11
EQ-00490,ST-0073,boiler,SN-BOI-82502,2016-05-19
EQ-00491,ST-0073,chiller,SN-CHI-85523,2015-12-27
EQ-00492,ST-0074,conveyor_system,SN-CON-68525,2015-12-25
EQ-00493,ST-0074,switchgear,SN-SWI-72596,2007-03-02
EQ-00494,ST-0074,switchgear,SN-SWI-51387,2009-08-28
EQ-00495,ST-0074,conveyor_system,SN-CON-80955,2010-02-05
EQ-00496,ST-0074,control_panel,SN-CON-79718,2006-08-24
EQ-00497,ST-0074,industrial_pump,SN-IND-86640,2007-09-28
EQ-00498,ST-0075,industrial_pump,SN-IND-88041,2015-05-21
EQ-00499,ST-0075,compressor,SN-COM-70130,2016-06-04
EQ-00500,ST-0075,chiller,SN-CHI-51888,2008-04-08
EQ-00501,ST-0075,industrial_pump,SN-IND-27025,2013-05-05
EQ-00502,ST-0075,hvac_unit,SN-HVA-21428,2016-05-12
EQ-00503,ST-0076,hvac_unit,SN-HVA-38532,2010-05-04
EQ-00504,ST-0076,switchgear,SN-SWI-36362,2018-06-11
EQ-00505,ST-0076,compressor,SN-COM-43584,2011-10-11
EQ-00506,ST-0076,furnace,SN-FUR-47865,2005-06-25
EQ-00507,ST-0076,industrial_pump,SN-IND-63022,2017-08-09
EQ-00508,ST-0076,conveyor_system,SN-CON-95676,2014-10-08
EQ-00509,ST-0076,hvac_unit,SN-HVA-63952,2008-07-21
EQ-00510,ST-0076,hvac_unit,SN-HVA-83844,2018-11-26
EQ-00511,ST-0076,storage_tank,SN-STO-10141,2005-12-28
EQ-00512,ST-0076,conveyor_system,SN-CON-96189,2018-03-16
EQ-00513,ST-0077,control_panel,SN-CON-57295,2005-09-12
EQ-00514,ST-0077,compressor,SN-COM-68877,2018-04-21
EQ-00515,ST-0077,control_panel,SN-CON-58631,2018-12-06
EQ-00516,ST-0077,boiler,SN-BOI-68234,2006-02-24
EQ-00517,ST-0077,control_panel,SN-CON-40086,2016-01-27
EQ-00518,ST-0077,hvac_unit,SN-HVA-63981,2011-02-17
EQ-00519,ST-0077,furnace,SN-FUR-42652,2010-10-03
EQ-00520,ST-0077,hvac_unit,SN-HVA-86717,2011-05-26
EQ-00521,ST-0077,furnace,SN-FUR-92455,2016-11-10
EQ-00522,ST-0077,furnace,SN-FUR-49731,2018-08-14
EQ-00523,ST-0078,switchgear,SN-SWI-44206,2007-06-16
EQ-00524,ST-0078,conveyor_system,SN-CON-44871,2012-03-08
EQ-00525,ST-0078,conveyor_system,SN-CON-23140,2015-05-11
EQ-00526,ST-0078,switchgear,SN-SWI-43557,2009-08-10
EQ-00527,ST-0078,conveyor_system,SN-CON-68243,2006-09-08
EQ-00528,ST-0078,control_panel,SN-CON-86360,2010-02-09
EQ-00529,ST-0078,furnace,SN-FUR-41353,2013-04-21
EQ-00530,ST-0078,boiler,SN-BOI-73833,2018-08-15
EQ-00531,ST-0078,boiler,SN-BOI-75091,2011-01-28
EQ-00532,ST-0078,control_panel,SN-CON-90585,2016-12-21
EQ-00533,ST-0079,switchgear,SN-SWI-19227,2012-12-08
EQ-00534,ST-0079,compressor,SN-COM-73491,2011-05-18
EQ-00535,ST-0079,conveyor_system,SN-CON-27982,2008-07-26
EQ-00536,ST-0079,hvac_unit,SN-HVA-28454,2018-04-10
EQ-00537,ST-0079,boiler,SN-BOI-17037,2005-05-20
EQ-00538,ST-0079,switchgear,SN-SWI-57495,2014-03-10
EQ-00539,ST-0079,hvac_unit,SN-HVA-26429,2007-05-01
EQ-00540,ST-0079,boiler,SN-BOI-48397,2006-11-19
EQ-00541,ST-0080,switchgear,SN-SWI-24700,2016-01-13
EQ-00542,ST-0080,switchgear,SN-SWI-35635,2015-02-05
EQ-00543,ST-0080,furnace,SN-FUR-12609,2016-03-14
EQ-00544,ST-0080,compressor,SN-COM-56507,2013-08-08
EQ-00545,ST-0080,boiler,SN-BOI-13650,2009-08-26
EQ-00546,ST-0080,hvac_unit,SN-HVA-67879,2009-07-25
EQ-00547,ST-0080,industrial_pump,SN-IND-26359,2015-04-02
EQ-00548,ST-0080,conveyor_system,SN-CON-55187,2017-10-05
EQ-00549,ST-0080,industrial_pump,SN-IND-32147,2017-07-17
EQ-00550,ST-0080,industrial_pump,SN-IND-58771,2008-08-06
EQ-00551,ST-0081,hvac_unit,SN-HVA-27075,2006-08-01
EQ-00552,ST-0081,switchgear,SN-SWI-12599,2011-02-21
EQ-00553,ST-0081,hvac_unit,SN-HVA-56193,2016-12-28
EQ-00554,ST-0081,chiller,SN-CHI-17496,2012-12-14
EQ-00555,ST-0081,hvac_unit,SN-HVA-69923,2010-04-20
EQ-00556,ST-0081,hvac_unit,SN-HVA-66864,2011-05-14
EQ-00557,ST-0081,conveyor_system,SN-CON-97916,2017-02-03
EQ-00558,ST-0082,boiler,SN-BOI-31220,2012-05-22
EQ-00559,ST-0082,boiler,SN-BOI-57583,2013-01-21
EQ-00560,ST-0082,control_panel,SN-CON-39518,2011-01-03
EQ-00561,ST-0083,furnace,SN-FUR-58977,2005-11-27
EQ-00562,ST-0083,conveyor_system,SN-CON-72968,2005-01-21
EQ-00563,ST-0083,hvac_unit,SN-HVA-34011,2008-03-21
EQ-00564,ST-0083,hvac_unit,SN-HVA-75270,2011-01-27
EQ-00565,ST-0083,switchgear,SN-SWI-39916,2013-05-07
EQ-00566,ST-0083,industrial_pump,SN-IND-22417,2014-07-23
EQ-00567,ST-0083,industrial_pump,SN-IND-84759,2017-12-23
EQ-00568,ST-0083,storage_tank,SN-STO-99088,2005-05-12
EQ-00569,ST-0083,hvac_unit,SN-HVA-48249,2014-07-18
EQ-00570,ST-0084,storage_tank,SN-STO-77558,2005-02-15
EQ-00571,ST-0084,switchgear,SN-SWI-12443,2006-06-25
EQ-00572,ST-0084,control_panel,SN-CON-78367,2017-05-28
EQ-00573,ST-0084,hvac_unit,SN-HVA-49149,2005-10-18
EQ-00574,ST-0084,boiler,SN-BOI-81058,2009-09-04
EQ-00575,ST-0084,boiler,SN-BOI-35070,2006-01-23
EQ-00576,ST-0085,boiler,SN-BOI-30195,2005-03-21
EQ-00577,ST-0085,hvac_unit,SN-HVA-43292,2010-11-23
EQ-00578,ST-0085,furnace,SN-FUR-78307,2012-07-11
EQ-00579,ST-0085,industrial_pump,SN-IND-78770,2014-02-11
EQ-00580,ST-0085,chiller,SN-CHI-35448,2005-02-17
EQ-00581,ST-0085,conveyor_system,SN-CON-10571,2014-04-18
EQ-00582,ST-0085,furnace,SN-FUR-34179,2015-03-15
EQ-00583,ST-0085,boiler,SN-BOI-52098,2008-09-26
EQ-00584,ST-0085,hvac_unit,SN-HVA-93721,2017-11-06
EQ-00585,ST-0085,boiler,SN-BOI-29946,2009-11-23
EQ-00586,ST-0085,furnace,SN-FUR-16822,2015-06-04
EQ-00587,ST-0085,chiller,SN-CHI-63375,2013-03-12
EQ-00588,ST-0086,control_panel,SN-CON-38399,2014-06-12
EQ-00589,ST-0086,furnace,SN-FUR-39659,2018-03-13
EQ-00590,ST-0086,furnace,SN-FUR-23139,2010-08-16
EQ-00591,ST-0086,switchgear,SN-SWI-35160,2008-06-16
EQ-00592,ST-0086,boiler,SN-BOI-14911,2018-07-14
EQ-00593,ST-0086,boiler,SN-BOI-14238,2010-10-15
EQ-00594,ST-0086,chiller,SN-CHI-86568,2010-12-01
EQ-00595,ST-0086,hvac_unit,SN-HVA-24515,2005-04-20
EQ-00596,ST-0086,boiler,SN-BOI-44338,2018-11-11
EQ-00597,ST-0086,furnace,SN-FUR-23938,2016-12-14
EQ-00598,ST-0086,industrial_pump,SN-IND-59720,2017-01-12
EQ-00599,ST-0087,switchgear,SN-SWI-50950,2012-06-28
EQ-00600,ST-0087,compressor,SN-COM-47397,2013-11-28
EQ-00601,ST-0087,switchgear,SN-SWI-59171,2009-08-07
EQ-00602,ST-0087,industrial_pump,SN-IND-60897,2017-04-15
EQ-00603,ST-0087,storage_tank,SN-STO-25900,2013-04-27
EQ-00604,ST-0087,boiler,SN-BOI-78557,2018-08-05
EQ-00605,ST-0087,switchgear,SN-SWI-53350,2006-10-17
EQ-00606,ST-0087,hvac_unit,SN-HVA-26542,2013-12-21
EQ-00607,ST-0087,storage_tank,SN-STO-31575,2016-06-03
EQ-00608,ST-0087,chiller,SN-CHI-75996,2007-04-12
EQ-00609,ST-0088,chiller,SN-CHI-99970,2013-12-04
EQ-00610,ST-0088,compressor,SN-COM-50527,2014-05-07
EQ-00611,ST-0088,hvac_unit,SN-HVA-28660,2014-10-03
EQ-00612,ST-0089,hvac_unit,SN-HVA-62640,2016-02-26
EQ-00613,ST-0089,industrial_pump,SN-IND-61718,2018-10-03
EQ-00614,ST-0089,chiller,SN-CHI-61094,2007-04-24
EQ-00615,ST-0089,boiler,SN-BOI-49425,2008-02-21
EQ-00616,ST-0089,switchgear,SN-SWI-86273,2016-07-05
EQ-00617,ST-0089,control_panel,SN-CON-98279,2014-03-16
EQ-00618,ST-0090,conveyor_system,SN-CON-91533,2009-12-03
EQ-00619,ST-0090,industrial_pump,SN-IND-24940,2014-12-06
EQ-00620,ST-0090,control_panel,SN-CON-99319,2014-10-23
EQ-00621,ST-0090,compressor,SN-COM-49888,2009-08-28
EQ-00622,ST-0090,control_panel,SN-CON-86199,2012-01-19
EQ-00623,ST-0090,chiller,SN-CHI-30429,2016-08-23
EQ-00624,ST-0090,industrial_pump,SN-IND-49025,2005-03-27
EQ-00625,ST-0090,storage_tank,SN-STO-28244,2018-10-25
EQ-00626,ST-0091,switchgear,SN-SWI-82548,2012-12-24
EQ-00627,ST-0091,industrial_pump,SN-IND-59099,2008-03-24
EQ-00628,ST-0091,control_panel,SN-CON-36582,2007-08-25
EQ-00629,ST-0091,conveyor_system,SN-CON-87706,2012-10-10
EQ-00630,ST-0092,control_panel,SN-CON-56854,2007-06-25
EQ-00631,ST-0092,conveyor_system,SN-CON-82813,2013-04-24
EQ-00632,ST-0092,compressor,SN-COM-14199,2014-02-04
EQ-00633,ST-0092,control_panel,SN-CON-89667,2005-02-16
EQ-00634,ST-0093,conveyor_system,SN-CON-23721,2013-12-19
EQ-00635,ST-0093,switchgear,SN-SWI-54324,2013-05-04
EQ-00636,ST-0093,industrial_pump,SN-IND-34859,2008-06-08
EQ-00637,ST-0093,switchgear,SN-SWI-81012,2007-06-06
EQ-00638,ST-0093,conveyor_system,SN-CON-58118,2015-07-21
EQ-00639,ST-0093,furnace,SN-FUR-63865,2008-04-21
EQ-00640,ST-0093,storage_tank,SN-STO-34092,2007-08-15
EQ-00641,ST-0093,furnace,SN-FUR-83461,2015-12-07
EQ-00642,ST-0093,boiler,SN-BOI-33097,2005-08-13
EQ-00643,ST-0093,conveyor_system,SN-CON-74153,2018-03-04
EQ-00644,ST-0093,switchgear,SN-SWI-89455,2011-09-28
EQ-00645,ST-0093,hvac_unit,SN-HVA-74742,2015-05-11
EQ-00646,ST-0094,furnace,SN-FUR-19469,2017-02-25
EQ-00647,ST-0094,storage_tank,SN-STO-74549,2014-06-26
EQ-00648,ST-0094,storage_tank,SN-STO-98278,2010-12-09
EQ-00649,ST-0095,boiler,SN-BOI-75812,2010-01-08
EQ-00650,ST-0095,compressor,SN-COM-36510,2008-08-28
EQ-00651,ST-0096,control_panel,SN-CON-28348,2007-08-17
EQ-00652,ST-0096,industrial_pump,SN-IND-48053,2018-06-03
EQ-00653,ST-0096,compressor,SN-COM-37708,2011-05-03
EQ-00654,ST-0096,compressor,SN-COM-47351,2016-05-19
EQ-00655,ST-0097,storage_tank,SN-STO-87293,2006-01-28
EQ-00656,ST-0097,furnace,SN-FUR-39391,2010-11-13
EQ-00657,ST-0097,chiller,SN-CHI-12079,2007-06-23
EQ-00658,ST-0097,compressor,SN-COM-10043,2009-06-01
EQ-00659,ST-0097,hvac_unit,SN-HVA-55133,2008-07-15
EQ-00660,ST-0097,switchgear,SN-SWI-40140,2011-08-26
EQ-00661,ST-0097,furnace,SN-FUR-62368,2006-04-25
EQ-00662,ST-0097,switchgear,SN-SWI-37811,2009-01-23
EQ-00663,ST-0097,industrial_pump,SN-IND-55610,2012-09-26
EQ-00664,ST-0098,switchgear,SN-SWI-77312,2010-12-15
EQ-00665,ST-0098,switchgear,SN-SWI-43187,2008-02-12
EQ-00666,ST-0098,control_panel,SN-CON-18595,2007-05-26
EQ-00667,ST-0098,switchgear,SN-SWI-72342,2006-08-06
EQ-00668,ST-0099,compressor,SN-COM-98084,2011-01-08
EQ-00669,ST-0099,chiller,SN-CHI-49850,2015-04-07
EQ-00670,ST-0099,storage_tank,SN-STO-60112,2015-03-19
EQ-00671,ST-0099,chiller,SN-CHI-67548,2011-01-22
EQ-00672,ST-0099,compressor,SN-COM-21050,2010-04-21
EQ-00673,ST-0099,storage_tank,SN-STO-49272,2017-05-01
EQ-00674,ST-0100,switchgear,SN-SWI-72352,2009-01-01
EQ-00675,ST-0100,storage_tank,SN-STO-94238,2017-04-19
EQ-00676,ST-0101,control_panel,SN-CON-68842,2010-03-23
EQ-00677,ST-0101,hvac_unit,SN-HVA-24533,2008-08-09
EQ-00678,ST-0102,hvac_unit,SN-HVA-63108,2007-04-13
EQ-00679,ST-0102,compressor,SN-COM-50914,2015-09-02
EQ-00680,ST-0102,switchgear,SN-SWI-39137,2007-04-12
EQ-00681,ST-0102,control_panel,SN-CON-71402,2007-09-19
EQ-00682,ST-0102,conveyor_system,SN-CON-48537,2007-07-25
EQ-00683,ST-0102,industrial_pump,SN-IND-15557,2014-07-05
EQ-00684,ST-0102,switchgear,SN-SWI-91054,2014-10-15
EQ-00685,ST-0102,compressor,SN-COM-95272,2018-08-20
EQ-00686,ST-0102,boiler,SN-BOI-92710,2014-06-07
EQ-00687,ST-0103,industrial_pump,SN-IND-51499,2014-02-25
EQ-00688,ST-0103,boiler,SN-BOI-22581,2011-03-17
EQ-00689,ST-0103,compressor,SN-COM-14379,2013-11-12
EQ-00690,ST-0104,boiler,SN-BOI-15266,2018-08-14
EQ-00691,ST-0104,chiller,SN-CHI-53499,2006-01-22
EQ-00692,ST-0105,conveyor_system,SN-CON-23523,2015-11-07
EQ-00693,ST-0105,industrial_pump,SN-IND-44478,2014-04-09
EQ-00694,ST-0105,chiller,SN-CHI-88078,2011-02-04
EQ-00695,ST-0105,hvac_unit,SN-HVA-77844,2014-01-07
EQ-00696,ST-0105,furnace,SN-FUR-70282,2009-05-27
EQ-00697,ST-0105,chiller,SN-CHI-82973,2016-02-06
EQ-00698,ST-0105,chiller,SN-CHI-79504,2007-06-19
EQ-00699,ST-0106,industrial_pump,SN-IND-64886,2010-01-11
EQ-00700,ST-0106,chiller,SN-CHI-22713,2012-06-11
EQ-00701,ST-0106,furnace,SN-FUR-82194,2011-04-27
EQ-00702,ST-0106,chiller,SN-CHI-30035,2007-12-06
EQ-00703,ST-0106,boiler,SN-BOI-28441,2018-03-15
EQ-00704,ST-0106,chiller,SN-CHI-85144,2009-11-28
EQ-00705,ST-0106,boiler,SN-BOI-42994,2018-08-17
EQ-00706,ST-0106,furnace,SN-FUR-36676,2006-03-21
EQ-00707,ST-0106,furnace,SN-FUR-61367,2009-11-02
EQ-00708,ST-0107,furnace,SN-FUR-15025,2007-08-27
EQ-00709,ST-0107,boiler,SN-BOI-35285,2011-03-26
EQ-00710,ST-0108,conveyor_system,SN-CON-44244,2015-08-12
EQ-00711,ST-0108,conveyor_system,SN-CON-57778,2013-09-08
EQ-00712,ST-0109,compressor,SN-COM-30725,2007-09-01
EQ-00713,ST-0109,industrial_pump,SN-IND-79263,2010-11-04
EQ-00714,ST-0110,switchgear,SN-SWI-22369,2006-05-05
EQ-00715,ST-0110,switchgear,SN-SWI-10519,2005-05-13
EQ-00716,ST-0110,hvac_unit,SN-HVA-56376,2011-07-26
EQ-00717,ST-0110,conveyor_system,SN-CON-34659,2006-08-25
EQ-00718,ST-0110,hvac_unit,SN-HVA-35502,2016-01-14
EQ-00719,ST-0110,furnace,SN-FUR-91771,2016-05-26
EQ-00720,ST-0111,storage_tank,SN-STO-73236,2008-08-08
EQ-00721,ST-0111,boiler,SN-BOI-84954,2007-06-22
EQ-00722,ST-0111,compressor,SN-COM-22180,2009-04-25
EQ-00723,ST-0111,storage_tank,SN-STO-44163,2015-01-05
EQ-00724,ST-0111,furnace,SN-FUR-66307,2009-10-02
EQ-00725,ST-0111,boiler,SN-BOI-36027,2012-11-18
EQ-00726,ST-0111,conveyor_system,SN-CON-36284,2005-12-22
EQ-00727,ST-0111,compressor,SN-COM-19510,2012-06-03
EQ-00728,ST-0112,control_panel,SN-CON-65806,2006-10-10
EQ-00729,ST-0112,chiller,SN-CHI-45582,2017-05-26
EQ-00730,ST-0112,hvac_unit,SN-HVA-87889,2011-01-26
EQ-00731,ST-0112,control_panel,SN-CON-39002,2012-03-03
EQ-00732,ST-0112,storage_tank,SN-STO-80439,2015-02-27
EQ-00733,ST-0112,conveyor_system,SN-CON-25535,2016-08-07
EQ-00734,ST-0112,hvac_unit,SN-HVA-27587,2005-03-10
EQ-00735,ST-0112,switchgear,SN-SWI-98267,2014-01-03
EQ-00736,ST-0112,hvac_unit,SN-HVA-25158,2012-06-06
EQ-00737,ST-0112,control_panel,SN-CON-74159,2009-02-04
EQ-00738,ST-0113,control_panel,SN-CON-44037,2006-12-16
EQ-00739,ST-0113,storage_tank,SN-STO-24167,2013-04-20
EQ-00740,ST-0113,storage_tank,SN-STO-79493,2014-10-02
EQ-00741,ST-0113,chiller,SN-CHI-44460,2018-03-12
EQ-00742,ST-0113,boiler,SN-BOI-21641,2014-06-20
EQ-00743,ST-0113,control_panel,SN-CON-72181,2011-03-16
EQ-00744,ST-0113,storage_tank,SN-STO-34769,2017-06-27
EQ-00745,ST-0113,hvac_unit,SN-HVA-75404,2009-02-23
EQ-00746,ST-0113,conveyor_system,SN-CON-58933,2009-05-23
EQ-00747,ST-0113,chiller,SN-CHI-55486,2007-12-22
EQ-00748,ST-0114,compressor,SN-COM-38039,2006-08-13
EQ-00749,ST-0114,control_panel,SN-CON-59893,2009-02-02
EQ-00750,ST-0115,boiler,SN-BOI-54375,2016-01-19
EQ-00751,ST-0115,control_panel,SN-CON-84420,2017-08-02
EQ-00752,ST-0115,conveyor_system,SN-CON-37433,2008-10-01
EQ-00753,ST-0115,industrial_pump,SN-IND-35363,2016-06-12
EQ-00754,ST-0115,control_panel,SN-CON-94533,2012-08-01
EQ-00755,ST-0115,chiller,SN-CHI-25602,2018-04-07
EQ-00756,ST-0115,compressor,SN-COM-26791,2013-12-16
EQ-00757,ST-0116,boiler,SN-BOI-72865,2013-07-08
EQ-00758,ST-0116,furnace,SN-FUR-66442,2009-04-21
EQ-00759,ST-0116,storage_tank,SN-STO-62104,2005-02-28
EQ-00760,ST-0116,storage_tank,SN-STO-88844,2005-08-03
EQ-00761,ST-0116,hvac_unit,SN-HVA-29051,2014-03-24
EQ-00762,ST-0116,switchgear,SN-SWI-85164,2013-02-19
EQ-00763,ST-0116,switchgear,SN-SWI-59635,2006-09-04
EQ-00764,ST-0116,control_panel,SN-CON-59699,2008-03-03
EQ-00765,ST-0116,hvac_unit,SN-HVA-15778,2017-05-07
EQ-00766,ST-0116,hvac_unit,SN-HVA-34607,2016-03-05
EQ-00767,ST-0117,switchgear,SN-SWI-97679,2017-12-24
EQ-00768,ST-0117,storage_tank,SN-STO-64126,2006-09-08
EQ-00769,ST-0117,boiler,SN-BOI-90645,2009-10-11
EQ-00770,ST-0117,chiller,SN-CHI-67804,2009-07-23
EQ-00771,ST-0117,chiller,SN-CHI-53365,2015-08-20
EQ-00772,ST-0117,furnace,SN-FUR-17957,2015-10-13
EQ-00773,ST-0118,boiler,SN-BOI-57997,2005-09-25
EQ-00774,ST-0118,furnace,SN-FUR-11774,2018-06-06
EQ-00775,ST-0119,control_panel,SN-CON-53684,2018-04-28
EQ-00776,ST-0119,switchgear,SN-SWI-96146,2011-12-01
EQ-00777,ST-0119,compressor,SN-COM-10285,2009-10-20
EQ-00778,ST-0119,hvac_unit,SN-HVA-81109,2010-03-25
EQ-00779,ST-0120,control_panel,SN-CON-77437,2007-11-17
EQ-00780,ST-0120,chiller,SN-CHI-39848,2014-02-06
EQ-00781,ST-0120,hvac_unit,SN-HVA-39927,2008-10-11
EQ-00782,ST-0120,hvac_unit,SN-HVA-32377,2010-03-12
EQ-00783,ST-0120,industrial_pump,SN-IND-37240,2018-10-22
EQ-00784,ST-0120,chiller,SN-CHI-19094,2013-08-17
EQ-00785,ST-0120,chiller,SN-CHI-57709,2009-06-12
EQ-00786,ST-0120,storage_tank,SN-STO-75717,2012-12-28
EQ-00787,ST-0120,hvac_unit,SN-HVA-46986,2005-12-11
EQ-00788,ST-0121,furnace,SN-FUR-47954,2016-06-06
EQ-00789,ST-0121,compressor,SN-COM-42376,2005-12-05
EQ-00790,ST-0121,industrial_pump,SN-IND-46483,2009-08-10
EQ-00791,ST-0121,storage_tank,SN-STO-30481,2005-09-03
EQ-00792,ST-0121,control_panel,SN-CON-24120,2007-03-06
EQ-00793,ST-0121,chiller,SN-CHI-59533,2005-01-09
EQ-00794,ST-0121,compressor,SN-COM-45342,2009-05-25
EQ-00795,ST-0121,storage_tank,SN-STO-74336,2008-11-10
EQ-00796,ST-0121,control_panel,SN-CON-76553,2010-10-27
EQ-00797,ST-0121,furnace,SN-FUR-86855,2009-06-10
EQ-00798,ST-0121,industrial_pump,SN-IND-99326,2018-03-23
EQ-00799,ST-0121,storage_tank,SN-STO-98866,2010-05-23
EQ-00800,ST-0122,furnace,SN-FUR-94879,2012-09-09
EQ-00801,ST-0122,furnace,SN-FUR-82887,2012-05-23
EQ-00802,ST-0122,control_panel,SN-CON-99352,2009-06-01
EQ-00803,ST-0122,industrial_pump,SN-IND-82922,2016-02-05
EQ-00804,ST-0123,furnace,SN-FUR-86390,2013-07-08
EQ-00805,ST-0123,compressor,SN-COM-40936,2007-10-03
EQ-00806,ST-0123,control_panel,SN-CON-69318,2006-02-01
EQ-00807,ST-0123,compressor,SN-COM-45374,2005-01-25
EQ-00808,ST-0123,industrial_pump,SN-IND-80208,2009-05-12
EQ-00809,ST-0123,chiller,SN-CHI-84482,2005-06-20
EQ-00810,ST-0123,industrial_pump,SN-IND-82118,2015-07-21
EQ-00811,ST-0123,switchgear,SN-SWI-88111,2016-08-11
EQ-00812,ST-0124,boiler,SN-BOI-93667,2005-12-08
EQ-00813,ST-0124,switchgear,SN-SWI-74484,2005-09-13
EQ-00814,ST-0124,storage_tank,SN-STO-46727,2010-02-23
EQ-00815,ST-0124,industrial_pump,SN-IND-42722,2014-02-04
EQ-00816,ST-0124,control_panel,SN-CON-87111,2015-04-10
EQ-00817,ST-0124,boiler,SN-BOI-10733,2012-11-03
EQ-00818,ST-0124,control_panel,SN-CON-68229,2017-12-20
EQ-00819,ST-0124,industrial_pump,SN-IND-97025,2006-07-19
EQ-00820,ST-0124,chiller,SN-CHI-16782,2015-06-12
EQ-00821,ST-0124,hvac_unit,SN-HVA-79397,2013-07-18
EQ-00822,ST-0124,chiller,SN-CHI-20568,2017-07-28
EQ-00823,ST-0125,control_panel,SN-CON-88940,2013-11-19
EQ-00824,ST-0125,furnace,SN-FUR-23388,2015-05-06
EQ-00825,ST-0126,boiler,SN-BOI-37908,2015-03-05
EQ-00826,ST-0126,furnace,SN-FUR-59267,2015-03-02
EQ-00827,ST-0126,industrial_pump,SN-IND-71418,2016-12-08
EQ-00828,ST-0126,boiler,SN-BOI-45656,2009-12-04
EQ-00829,ST-0127,industrial_pump,SN-IND-48994,2011-01-27
EQ-00830,ST-0127,conveyor_system,SN-CON-62766,2012-08-27
EQ-00831,ST-0128,switchgear,SN-SWI-49892,2007-01-17
EQ-00832,ST-0128,compressor,SN-COM-65361,2014-07-10
EQ-00833,ST-0128,boiler,SN-BOI-16184,2012-08-12
EQ-00834,ST-0128,hvac_unit,SN-HVA-47854,2010-11-11
EQ-00835,ST-0128,industrial_pump,SN-IND-84798,2009-08-15
EQ-00836,ST-0128,storage_tank,SN-STO-56631,2009-01-21
EQ-00837,ST-0128,hvac_unit,SN-HVA-32502,2009-09-19
EQ-00838,ST-0128,control_panel,SN-CON-13590,2008-11-21
EQ-00839,ST-0128,compressor,SN-COM-68227,2011-02-14
EQ-00840,ST-0129,boiler,SN-BOI-95798,2015-01-05
EQ-00841,ST-0129,control_panel,SN-CON-79436,2012-10-04
EQ-00842,ST-0129,hvac_unit,SN-HVA-82280,2008-03-28
EQ-00843,ST-0129,industrial_pump,SN-IND-30089,2010-02-13
EQ-00844,ST-0129,control_panel,SN-CON-61259,2010-09-15
EQ-00845,ST-0129,hvac_unit,SN-HVA-93899,2014-06-13
EQ-00846,ST-0129,hvac_unit,SN-HVA-60083,2017-01-07
EQ-00847,ST-0129,boiler,SN-BOI-32582,2018-12-05
EQ-00848,ST-0130,compressor,SN-COM-16696,2013-04-27
EQ-00849,ST-0130,furnace,SN-FUR-81534,2010-04-07
EQ-00850,ST-0130,industrial_pump,SN-IND-51832,2014-04-24
EQ-00851,ST-0131,furnace,SN-FUR-20593,2006-06-07
EQ-00852,ST-0131,control_panel,SN-CON-58540,2018-02-23
EQ-00853,ST-0131,compressor,SN-COM-95384,2018-01-13
EQ-00854,ST-0131,storage_tank,SN-STO-48037,2015-12-23
EQ-00855,ST-0131,hvac_unit,SN-HVA-96812,2005-11-16
EQ-00856,ST-0131,industrial_pump,SN-IND-49600,2018-06-10
EQ-00857,ST-0132,furnace,SN-FUR-77844,2015-05-04
EQ-00858,ST-0132,switchgear,SN-SWI-68896,2005-01-13
EQ-00859,ST-0132,boiler,SN-BOI-77151,2016-06-02
EQ-00860,ST-0132,control_panel,SN-CON-71158,2006-03-27
EQ-00861,ST-0132,chiller,SN-CHI-13508,2014-11-24
EQ-00862,ST-0132,chiller,SN-CHI-70483,2014-04-09
EQ-00863,ST-0132,chiller,SN-CHI-66082,2017-07-17
EQ-00864,ST-0132,storage_tank,SN-STO-57102,2012-04-21
EQ-00865,ST-0132,conveyor_system,SN-CON-18004,2011-01-14
EQ-00866,ST-0132,boiler,SN-BOI-45884,2005-05-13
EQ-00867,ST-0132,hvac_unit,SN-HVA-59355,2010-03-23
EQ-00868,ST-0132,hvac_unit,SN-HVA-66116,2005-10-23
EQ-00869,ST-0133,switchgear,SN-SWI-52376,2006-02-18
EQ-00870,ST-0133,chiller,SN-CHI-99599,2014-08-10
EQ-00871,ST-0133,compressor,SN-COM-21141,2015-11-01
EQ-00872,ST-0133,compressor,SN-COM-33801,2011-12-02
EQ-00873,ST-0133,storage_tank,SN-STO-56592,2005-09-23
EQ-00874,ST-0133,chiller,SN-CHI-18166,2010-11-25
EQ-00875,ST-0133,chiller,SN-CHI-70756,2016-01-27
EQ-00876,ST-0134,switchgear,SN-SWI-30354,2005-08-06
EQ-00877,ST-0134,hvac_unit,SN-HVA-67743,2008-10-10
EQ-00878,ST-0134,chiller,SN-CHI-61739,2011-01-07
EQ-00879,ST-0134,control_panel,SN-CON-94664,2007-07-19
EQ-00880,ST-0134,industrial_pump,SN-IND-35344,2006-06-09
EQ-00881,ST-0135,switchgear,SN-SWI-88471,2006-12-11
EQ-00882,ST-0135,industrial_pump,SN-IND-83804,2006-08-12
EQ-00883,ST-0136,hvac_unit,SN-HVA-20508,2014-09-24
EQ-00884,ST-0136,compressor,SN-COM-92697,2012-04-19
EQ-00885,ST-0136,boiler,SN-BOI-47928,2018-02-14
EQ-00886,ST-0136,hvac_unit,SN-HVA-33212,2009-05-13
EQ-00887,ST-0136,compressor,SN-COM-89224,2005-02-03
EQ-00888,ST-0136,conveyor_system,SN-CON-66440,2017-09-09
EQ-00889,ST-0136,industrial_pump,SN-IND-15624,2008-05-06
EQ-00890,ST-0136,compressor,SN-COM-21138,2015-07-27
EQ-00891,ST-0136,switchgear,SN-SWI-88956,2006-12-12
EQ-00892,ST-0136,furnace,SN-FUR-31604,2013-10-01
EQ-00893,ST-0137,compressor,SN-COM-54883,2014-02-04
EQ-00894,ST-0137,compressor,SN-COM-45412,2017-07-06
EQ-00895,ST-0137,conveyor_system,SN-CON-41694,2009-02-11
EQ-00896,ST-0137,switchgear,SN-SWI-72588,2011-10-11
EQ-00897,ST-0137,boiler,SN-BOI-50755,2006-11-12
EQ-00898,ST-0137,control_panel,SN-CON-15545,2010-09-20
EQ-00899,ST-0138,boiler,SN-BOI-32950,2010-08-23
EQ-00900,ST-0138,conveyor_system,SN-CON-15928,2018-01-03
EQ-00901,ST-0138,boiler,SN-BOI-27851,2015-12-15
EQ-00902,ST-0138,conveyor_system,SN-CON-52192,2005-08-15
EQ-00903,ST-0139,chiller,SN-CHI-65254,2013-11-23
EQ-00904,ST-0139,conveyor_system,SN-CON-49912,2006-01-12
EQ-00905,ST-0139,storage_tank,SN-STO-87378,2015-01-25
EQ-00906,ST-0139,conveyor_system,SN-CON-51076,2010-03-25
EQ-00907,ST-0140,chiller,SN-CHI-65319,2005-08-09
EQ-00908,ST-0140,storage_tank,SN-STO-27730,2017-07-16
EQ-00909,ST-0140,hvac_unit,SN-HVA-65071,2007-06-26
EQ-00910,ST-0140,switchgear,SN-SWI-39100,2013-07-20
EQ-00911,ST-0140,chiller,SN-CHI-18549,2014-12-04
EQ-00912,ST-0141,boiler,SN-BOI-64088,2010-10-06
EQ-00913,ST-0141,switchgear,SN-SWI-72777,2011-09-26
EQ-00914,ST-0141,boiler,SN-BOI-91334,2011-09-19
EQ-00915,ST-0142,furnace,SN-FUR-48253,2017-09-18
EQ-00916,ST-0142,control_panel,SN-CON-14505,2007-06-14
EQ-00917,ST-0142,control_panel,SN-CON-14704,2008-07-07
EQ-00918,ST-0142,compressor,SN-COM-77656,2006-10-06
EQ-00919,ST-0142,chiller,SN-CHI-22768,2006-07-26
EQ-00920,ST-0143,boiler,SN-BOI-40934,2016-09-15
EQ-00921,ST-0143,control_panel,SN-CON-43155,2015-11-07
EQ-00922,ST-0143,furnace,SN-FUR-87816,2009-10-19
EQ-00923,ST-0143,chiller,SN-CHI-94473,2018-06-16
EQ-00924,ST-0143,storage_tank,SN-STO-63195,2015-04-20
EQ-00925,ST-0143,furnace,SN-FUR-13260,2012-10-05
EQ-00926,ST-0143,industrial_pump,SN-IND-89288,2018-04-27
EQ-00927,ST-0144,conveyor_system,SN-CON-18736,2006-02-10
EQ-00928,ST-0144,control_panel,SN-CON-94366,2011-02-28
EQ-00929,ST-0144,chiller,SN-CHI-58358,2012-02-15
EQ-00930,ST-0144,industrial_pump,SN-IND-34389,2016-02-28
EQ-00931,ST-0144,industrial_pump,SN-IND-78633,2007-06-09
EQ-00932,ST-0144,conveyor_system,SN-CON-97449,2010-05-18
EQ-00933,ST-0144,boiler,SN-BOI-91594,2018-10-18
EQ-00934,ST-0145,conveyor_system,SN-CON-69225,2012-03-05
EQ-00935,ST-0145,industrial_pump,SN-IND-60051,2008-07-13
EQ-00936,ST-0145,hvac_unit,SN-HVA-11684,2006-12-25
EQ-00937,ST-0145,storage_tank,SN-STO-89329,2009-07-10
EQ-00938,ST-0146,storage_tank,SN-STO-84145,2018-01-16
EQ-00939,ST-0146,furnace,SN-FUR-70374,2013-08-22
EQ-00940,ST-0146,compressor,SN-COM-50262,2017-12-16
EQ-00941,ST-0146,boiler,SN-BOI-99466,2008-05-18
EQ-00942,ST-0146,compressor,SN-COM-97429,2012-12-14
EQ-00943,ST-0146,switchgear,SN-SWI-21102,2017-04-28
EQ-00944,ST-0146,furnace,SN-FUR-69975,2011-04-17
EQ-00945,ST-0146,storage_tank,SN-STO-10696,2015-11-10
EQ-00946,ST-0146,conveyor_system,SN-CON-13258,2007-04-23
EQ-00947,ST-0146,conveyor_system,SN-CON-42240,2014-06-27
EQ-00948,ST-0146,compressor,SN-COM-57365,2013-07-14
EQ-00949,ST-0147,compressor,SN-COM-47647,2012-10-19
EQ-00950,ST-0147,storage_tank,SN-STO-38271,2005-10-26
EQ-00951,ST-0147,storage_tank,SN-STO-93862,2015-10-20
EQ-00952,ST-0147,storage_tank,SN-STO-68868,2007-06-09
EQ-00953,ST-0147,industrial_pump,SN-IND-51323,2006-04-16
EQ-00954,ST-0147,industrial_pump,SN-IND-47341,2007-12-28
EQ-00955,ST-0147,control_panel,SN-CON-26325,2010-07-28
EQ-00956,ST-0147,control_panel,SN-CON-77580,2011-11-23
EQ-00957,ST-0148,hvac_unit,SN-HVA-32394,2014-09-04
EQ-00958,ST-0148,switchgear,SN-SWI-18626,2016-03-17
EQ-00959,ST-0148,furnace,SN-FUR-22950,2014-09-24
EQ-00960,ST-0148,furnace,SN-FUR-64130,2007-07-16
EQ-00961,ST-0148,chiller,SN-CHI-18597,2015-01-06
EQ-00962,ST-0148,industrial_pump,SN-IND-89238,2008-11-17
EQ-00963,ST-0148,boiler,SN-BOI-95430,2017-09-10
EQ-00964,ST-0148,compressor,SN-COM-36917,2007-11-03
EQ-00965,ST-0148,storage_tank,SN-STO-11497,2007-12-01
EQ-00966,ST-0148,boiler,SN-BOI-28300,2010-07-09
EQ-00967,ST-0149,boiler,SN-BOI-36786,2013-04-01
EQ-00968,ST-0149,chiller,SN-CHI-63587,2014-05-02
EQ-00969,ST-0149,conveyor_system,SN-CON-29646,2015-01-12
EQ-00970,ST-0150,storage_tank,SN-STO-83142,2014-10-13
EQ-00971,ST-0150,industrial_pump,SN-IND-37071,2018-07-15
EQ-00972,ST-0150,storage_tank,SN-STO-48817,2014-01-09
EQ-00973,ST-0150,hvac_unit,SN-HVA-92467,2011-05-07
EQ-00974,ST-0150,conveyor_system,SN-CON-56065,2006-08-02
EQ-00975,ST-0150,chiller,SN-CHI-24267,2009-04-12
EQ-00976,ST-0150,chiller,SN-CHI-42793,2005-12-03
EQ-00977,ST-0150,furnace,SN-FUR-26781,2016-09-17
EQ-00978,ST-0150,hvac_unit,SN-HVA-84789,2016-02-05
EQ-00979,ST-0150,switchgear,SN-SWI-71134,2015-07-12
EQ-00980,ST-0150,chiller,SN-CHI-28724,2013-02-25
EQ-00981,ST-0150,chiller,SN-CHI-35254,2007-07-09
EQ-00982,ST-0151,boiler,SN-BOI-18612,2011-08-07
EQ-00983,ST-0151,industrial_pump,SN-IND-61359,2008-01-09
EQ-00984,ST-0151,furnace,SN-FUR-77137,2017-07-20
EQ-00985,ST-0151,control_panel,SN-CON-97263,2007-09-03
EQ-00986,ST-0151,control_panel,SN-CON-92240,2008-04-20
EQ-00987,ST-0152,boiler,SN-BOI-74651,2013-01-14
EQ-00988,ST-0152,furnace,SN-FUR-85238,2009-03-20
EQ-00989,ST-0152,hvac_unit,SN-HVA-46482,2008-11-07
EQ-00990,ST-0152,hvac_unit,SN-HVA-54344,2006-03-07
EQ-00991,ST-0152,furnace,SN-FUR-19718,2018-09-14
EQ-00992,ST-0152,control_panel,SN-CON-51561,2009-08-21
EQ-00993,ST-0152,compressor,SN-COM-75993,2013-07-03
EQ-00994,ST-0152,compressor,SN-COM-56062,2007-05-01
EQ-00995,ST-0153,conveyor_system,SN-CON-85752,2016-12-10
EQ-00996,ST-0153,boiler,SN-BOI-52733,2017-05-02
EQ-00997,ST-0153,boiler,SN-BOI-27017,2007-07-13
EQ-00998,ST-0153,boiler,SN-BOI-72459,2011-03-05
EQ-00999,ST-0153,boiler,SN-BOI-62848,2015-12-17
EQ-01000,ST-0153,switchgear,SN-SWI-54604,2008-01-03
EQ-01001,ST-0154,boiler,SN-BOI-45850,2014-01-07
EQ-01002,ST-0154,storage_tank,SN-STO-85785,2016-01-04
EQ-01003,ST-0154,furnace,SN-FUR-89682,2015-07-01
EQ-01004,ST-0154,storage_tank,SN-STO-95574,2011-08-02
EQ-01005,ST-0154,control_panel,SN-CON-79273,2009-07-12
EQ-01006,ST-0154,chiller,SN-CHI-84603,2006-01-06
EQ-01007,ST-0154,storage_tank,SN-STO-75188,2012-12-16
EQ-01008,ST-0154,furnace,SN-FUR-90402,2017-11-07
EQ-01009,ST-0154,control_panel,SN-CON-35349,2006-02-17
EQ-01010,ST-0154,compressor,SN-COM-66303,2008-04-14
EQ-01011,ST-0154,boiler,SN-BOI-69153,2008-01-02
EQ-01012,ST-0155,hvac_unit,SN-HVA-22612,2018-02-12
EQ-01013,ST-0155,control_panel,SN-CON-31275,2012-03-24
EQ-01014,ST-0156,hvac_unit,SN-HVA-28939,2018-12-03
EQ-01015,ST-0156,boiler,SN-BOI-99930,2008-05-11
EQ-01016,ST-0156,boiler,SN-BOI-43170,2013-06-09
EQ-01017,ST-0156,control_panel,SN-CON-44270,2012-06-03
EQ-01018,ST-0156,switchgear,SN-SWI-53455,2009-05-09
EQ-01019,ST-0156,hvac_unit,SN-HVA-44565,2014-03-08
EQ-01020,ST-0156,compressor,SN-COM-92268,2008-04-16
EQ-01021,ST-0156,compressor,SN-COM-95975,2012-08-23
EQ-01022,ST-0156,compressor,SN-COM-74615,2013-12-16
EQ-01023,ST-0156,industrial_pump,SN-IND-49243,2009-07-17
EQ-01024,ST-0156,control_panel,SN-CON-85585,2008-05-26
EQ-01025,ST-0156,compressor,SN-COM-26747,2010-07-03
EQ-01026,ST-0157,compressor,SN-COM-55552,2014-10-08
EQ-01027,ST-0157,boiler,SN-BOI-67774,2009-10-23
EQ-01028,ST-0157,switchgear,SN-SWI-32404,2016-08-26
EQ-01029,ST-0157,conveyor_system,SN-CON-51247,2013-05-14
EQ-01030,ST-0157,switchgear,SN-SWI-58199,2010-01-23
EQ-01031,ST-0157,switchgear,SN-SWI-28912,2014-09-17
EQ-01032,ST-0157,conveyor_system,SN-CON-83216,2007-10-28
EQ-01033,ST-0157,conveyor_system,SN-CON-63305,2018-03-14
EQ-01034,ST-0157,conveyor_system,SN-CON-13929,2016-05-08
EQ-01035,ST-0157,hvac_unit,SN-HVA-48369,2005-04-03
EQ-01036,ST-0157,switchgear,SN-SWI-96047,2015-08-21
EQ-01037,ST-0157,control_panel,SN-CON-50936,2012-06-04
EQ-01038,ST-0158,compressor,SN-COM-35839,2016-11-26
EQ-01039,ST-0158,conveyor_system,SN-CON-25629,2007-07-28
EQ-01040,ST-0158,industrial_pump,SN-IND-35679,2009-07-13
EQ-01041,ST-0158,control_panel,SN-CON-20615,2005-05-20
EQ-01042,ST-0158,furnace,SN-FUR-48019,2013-11-27
EQ-01043,ST-0158,industrial_pump,SN-IND-52942,2017-06-04
EQ-01044,ST-0158,conveyor_system,SN-CON-64324,2011-05-16
EQ-01045,ST-0159,compressor,SN-COM-54751,2006-02-06
EQ-01046,ST-0159,furnace,SN-FUR-24340,2005-11-25
EQ-01047,ST-0159,switchgear,SN-SWI-20153,2011-04-03
EQ-01048,ST-0159,control_panel,SN-CON-49122,2013-07-10
EQ-01049,ST-0159,storage_tank,SN-STO-46531,2013-07-07
EQ-01050,ST-0159,control_panel,SN-CON-65536,2012-06-19
EQ-01051,ST-0160,hvac_unit,SN-HVA-42564,2010-03-23
EQ-01052,ST-0160,industrial_pump,SN-IND-31492,2018-03-13
EQ-01053,ST-0160,chiller,SN-CHI-11275,2009-03-27
EQ-01054,ST-0160,switchgear,SN-SWI-30812,2012-11-20
EQ-01055,ST-0160,switchgear,SN-SWI-94628,2012-12-20
EQ-01056,ST-0160,compressor,SN-COM-17430,2012-02-25
EQ-01057,ST-0160,compressor,SN-COM-84562,2006-06-03
EQ-01058,ST-0160,storage_tank,SN-STO-35684,2007-06-27
EQ-01059,ST-0160,industrial_pump,SN-IND-62896,2013-03-15
EQ-01060,ST-0161,boiler,SN-BOI-64312,2017-11-09
EQ-01061,ST-0161,storage_tank,SN-STO-63477,2005-04-15
EQ-01062,ST-0161,switchgear,SN-SWI-77232,2011-01-15
EQ-01063,ST-0161,control_panel,SN-CON-18080,2012-04-10
EQ-01064,ST-0161,furnace,SN-FUR-21764,2007-04-14
EQ-01065,ST-0161,furnace,SN-FUR-44294,2015-04-10
EQ-01066,ST-0161,boiler,SN-BOI-97009,2016-11-21
EQ-01067,ST-0161,hvac_unit,SN-HVA-64638,2018-02-11
EQ-01068,ST-0161,control_panel,SN-CON-57342,2016-05-04
EQ-01069,ST-0161,conveyor_system,SN-CON-65175,2013-03-06
EQ-01070,ST-0161,switchgear,SN-SWI-67163,2006-01-15
EQ-01071,ST-0161,chiller,SN-CHI-14371,2005-12-15
EQ-01072,ST-0162,storage_tank,SN-STO-17539,2013-10-07
EQ-01073,ST-0162,chiller,SN-CHI-24106,2015-10-24
EQ-01074,ST-0162,switchgear,SN-SWI-16279,2005-04-18
EQ-01075,ST-0162,hvac_unit,SN-HVA-39826,2009-01-12
EQ-01076,ST-0162,conveyor_system,SN-CON-66640,2014-01-02
EQ-01077,ST-0162,storage_tank,SN-STO-67624,2015-03-24
EQ-01078,ST-0162,switchgear,SN-SWI-70952,2013-10-23
EQ-01079,ST-0162,hvac_unit,SN-HVA-46197,2018-03-07
EQ-01080,ST-0162,chiller,SN-CHI-95564,2018-03-19
EQ-01081,ST-0162,furnace,SN-FUR-67118,2014-05-20
EQ-01082,ST-0163,compressor,SN-COM-41339,2005-05-03
EQ-01083,ST-0163,switchgear,SN-SWI-66942,2011-10-24
EQ-01084,ST-0163,hvac_unit,SN-HVA-24868,2009-01-07
EQ-01085,ST-0163,switchgear,SN-SWI-97207,2012-09-22
EQ-01086,ST-0163,control_panel,SN-CON-71384,2013-09-24
EQ-01087,ST-0164,furnace,SN-FUR-21790,2017-08-01
EQ-01088,ST-0164,industrial_pump,SN-IND-74865,2018-08-27
EQ-01089,ST-0164,furnace,SN-FUR-27774,2017-09-07
EQ-01090,ST-0164,conveyor_system,SN-CON-17610,2014-10-28
EQ-01091,ST-0164,storage_tank,SN-STO-51961,2017-12-09
EQ-01092,ST-0164,hvac_unit,SN-HVA-85503,2010-05-04
EQ-01093,ST-0165,industrial_pump,SN-IND-36831,2009-05-03
EQ-01094,ST-0165,conveyor_system,SN-CON-49783,2018-05-22
EQ-01095,ST-0165,switchgear,SN-SWI-26899,2010-09-11
EQ-01096,ST-0165,industrial_pump,SN-IND-52786,2016-10-07
EQ-01097,ST-0165,chiller,SN-CHI-13584,2014-10-01
EQ-01098,ST-0165,conveyor_system,SN-CON-12548,2015-06-09
EQ-01099,ST-0165,boiler,SN-BOI-75127,2012-10-08
EQ-01100,ST-0165,conveyor_system,SN-CON-73466,2017-03-16
EQ-01101,ST-0165,chiller,SN-CHI-41352,2010-09-02
EQ-01102,ST-0165,conveyor_system,SN-CON-89950,2007-12-03
EQ-01103,ST-0166,furnace,SN-FUR-28782,2016-08-07
EQ-01104,ST-0166,compressor,SN-COM-38128,2005-09-20
EQ-01105,ST-0166,switchgear,SN-SWI-64784,2013-11-16
EQ-01106,ST-0166,furnace,SN-FUR-23261,2017-02-10
EQ-01107,ST-0166,furnace,SN-FUR-77354,2005-09-05
EQ-01108,ST-0166,control_panel,SN-CON-10187,2006-12-04
EQ-01109,ST-0166,furnace,SN-FUR-57508,2009-11-03
EQ-01110,ST-0166,storage_tank,SN-STO-15360,2016-07-02
EQ-01111,ST-0166,chiller,SN-CHI-62505,2008-12-22
EQ-01112,ST-0166,storage_tank,SN-STO-29220,2015-06-05
EQ-01113,ST-0166,control_panel,SN-CON-33765,2016-07-18
EQ-01114,ST-0167,hvac_unit,SN-HVA-82521,2007-10-05
EQ-01115,ST-0167,switchgear,SN-SWI-84103,2007-11-18
EQ-01116,ST-0167,switchgear,SN-SWI-19085,2018-01-21
EQ-01117,ST-0167,compressor,SN-COM-29541,2014-05-13
EQ-01118,ST-0167,boiler,SN-BOI-50856,2009-12-02
EQ-01119,ST-0167,boiler,SN-BOI-88618,2008-12-27
EQ-01120,ST-0167,switchgear,SN-SWI-23029,2014-01-10
EQ-01121,ST-0167,industrial_pump,SN-IND-94023,2008-08-28
EQ-01122,ST-0167,chiller,SN-CHI-88487,2016-04-25
EQ-01123,ST-0167,chiller,SN-CHI-61867,2014-12-19
EQ-01124,ST-0168,storage_tank,SN-STO-33492,2009-10-22
EQ-01125,ST-0168,furnace,SN-FUR-93240,2013-12-07
EQ-01126,ST-0168,switchgear,SN-SWI-33368,2014-06-02
EQ-01127,ST-0168,storage_tank,SN-STO-30227,2018-04-24
EQ-01128,ST-0168,control_panel,SN-CON-11572,2008-10-12
EQ-01129,ST-0169,boiler,SN-BOI-77188,2016-11-04
EQ-01130,ST-0169,conveyor_system,SN-CON-30222,2009-12-02
EQ-01131,ST-0169,control_panel,SN-CON-56897,2017-01-28
EQ-01132,ST-0169,boiler,SN-BOI-42824,2008-04-04
EQ-01133,ST-0169,chiller,SN-CHI-24431,2008-02-05
EQ-01134,ST-0169,industrial_pump,SN-IND-91223,2005-02-18
EQ-01135,ST-0169,compressor,SN-COM-86575,2006-06-19
EQ-01136,ST-0169,chiller,SN-CHI-44755,2017-07-20
EQ-01137,ST-0169,switchgear,SN-SWI-27309,2015-08-03
EQ-01138,ST-0169,storage_tank,SN-STO-90554,2014-10-11
EQ-01139,ST-0169,conveyor_system,SN-CON-32748,2011-10-21
EQ-01140,ST-0170,switchgear,SN-SWI-72577,2010-06-13
EQ-01141,ST-0170,industrial_pump,SN-IND-59201,2017-11-12
EQ-01142,ST-0170,industrial_pump,SN-IND-81117,2016-05-14
EQ-01143,ST-0170,switchgear,SN-SWI-68613,2010-02-18
EQ-01144,ST-0170,switchgear,SN-SWI-50876,2017-03-14
EQ-01145,ST-0170,compressor,SN-COM-51648,2017-06-08
EQ-01146,ST-0170,hvac_unit,SN-HVA-10983,2014-07-13
EQ-01147,ST-0170,furnace,SN-FUR-42854,2012-11-11
EQ-01148,ST-0171,switchgear,SN-SWI-97675,2013-11-08
EQ-01149,ST-0171,storage_tank,SN-STO-71576,2007-05-28
EQ-01150,ST-0171,industrial_pump,SN-IND-57006,2017-01-17
EQ-01151,ST-0171,furnace,SN-FUR-49364,2015-12-11
EQ-01152,ST-0171,furnace,SN-FUR-71043,2015-12-16
EQ-01153,ST-0171,storage_tank,SN-STO-24972,2013-01-27
EQ-01154,ST-0171,switchgear,SN-SWI-38609,2018-06-02
EQ-01155,ST-0171,hvac_unit,SN-HVA-91031,2013-04-01
EQ-01156,ST-0171,chiller,SN-CHI-28811,2018-11-21
EQ-01157,ST-0171,hvac_unit,SN-HVA-14744,2017-09-25
EQ-01158,ST-0171,conveyor_system,SN-CON-74525,2017-05-09
EQ-01159,ST-0171,control_panel,SN-CON-75812,2006-10-23
EQ-01160,ST-0172,compressor,SN-COM-91026,2006-09-11
EQ-01161,ST-0172,compressor,SN-COM-53046,2013-07-10
EQ-01162,ST-0172,control_panel,SN-CON-65616,2005-09-02
EQ-01163,ST-0173,storage_tank,SN-STO-64746,2015-06-18
EQ-01164,ST-0173,industrial_pump,SN-IND-62228,2014-01-28
EQ-01165,ST-0174,chiller,SN-CHI-89956,2017-10-20
EQ-01166,ST-0174,boiler,SN-BOI-20531,2013-06-04
EQ-01167,ST-0174,boiler,SN-BOI-74171,2009-12-26
EQ-01168,ST-0174,furnace,SN-FUR-11620,2016-11-12
EQ-01169,ST-0174,switchgear,SN-SWI-20571,2014-08-10
EQ-01170,ST-0174,chiller,SN-CHI-30158,2017-02-25
EQ-01171,ST-0174,switchgear,SN-SWI-97672,2007-08-25
EQ-01172,ST-0175,industrial_pump,SN-IND-78531,2007-02-06
EQ-01173,ST-0175,chiller,SN-CHI-61056,2006-05-17
EQ-01174,ST-0175,hvac_unit,SN-HVA-50628,2007-05-18
EQ-01175,ST-0175,chiller,SN-CHI-44527,2006-06-05
EQ-01176,ST-0175,control_panel,SN-CON-81054,2016-06-27
EQ-01177,ST-0175,switchgear,SN-SWI-73941,2016-08-10
EQ-01178,ST-0175,switchgear,SN-SWI-64519,2009-06-13
EQ-01179,ST-0175,boiler,SN-BOI-70819,2016-08-15
EQ-01180,ST-0175,hvac_unit,SN-HVA-56515,2013-11-17
EQ-01181,ST-0176,storage_tank,SN-STO-39512,2013-09-22
EQ-01182,ST-0176,furnace,SN-FUR-93961,2011-02-04
EQ-01183,ST-0176,control_panel,SN-CON-65849,2018-11-23
EQ-01184,ST-0176,conveyor_system,SN-CON-79731,2006-06-10
EQ-01185,ST-0176,chiller,SN-CHI-35224,2006-08-17
EQ-01186,ST-0177,industrial_pump,SN-IND-42195,2006-02-18
EQ-01187,ST-0177,control_panel,SN-CON-91265,2007-08-27
EQ-01188,ST-0177,chiller,SN-CHI-66471,2009-09-20
EQ-01189,ST-0177,industrial_pump,SN-IND-73695,2016-01-03
EQ-01190,ST-0177,furnace,SN-FUR-77679,2015-07-01
EQ-01191,ST-0177,control_panel,SN-CON-59696,2012-06-09
EQ-01192,ST-0178,industrial_pump,SN-IND-28591,2011-11-23
EQ-01193,ST-0178,industrial_pump,SN-IND-27554,2008-06-24
EQ-01194,ST-0178,switchgear,SN-SWI-22236,2011-09-15
EQ-01195,ST-0178,storage_tank,SN-STO-90492,2014-12-10
EQ-01196,ST-0178,storage_tank,SN-STO-21695,2006-06-14
EQ-01197,ST-0178,boiler,SN-BOI-31304,2009-03-22
EQ-01198,ST-0178,compressor,SN-COM-51178,2005-05-25
EQ-01199,ST-0178,chiller,SN-CHI-25035,2006-10-27
EQ-01200,ST-0178,chiller,SN-CHI-50689,2017-03-06
EQ-01201,ST-0179,conveyor_system,SN-CON-47296,2008-05-01
EQ-01202,ST-0179,storage_tank,SN-STO-37366,2014-11-12
EQ-01203,ST-0179,storage_tank,SN-STO-67994,2018-12-24
EQ-01204,ST-0179,hvac_unit,SN-HVA-16419,2009-03-19
EQ-01205,ST-0179,boiler,SN-BOI-26721,2013-05-01
EQ-01206,ST-0180,storage_tank,SN-STO-61739,2012-10-18
EQ-01207,ST-0180,hvac_unit,SN-HVA-35422,2006-07-05
EQ-01208,ST-0180,furnace,SN-FUR-40265,2018-07-09
EQ-01209,ST-0181,compressor,SN-COM-10037,2009-04-15
EQ-01210,ST-0181,industrial_pump,SN-IND-77781,2008-09-23
EQ-01211,ST-0181,boiler,SN-BOI-64412,2017-05-07
EQ-01212,ST-0181,switchgear,SN-SWI-85426,2016-07-05
EQ-01213,ST-0181,switchgear,SN-SWI-60434,2011-05-20
EQ-01214,ST-0181,control_panel,SN-CON-93817,2013-08-12
EQ-01215,ST-0181,compressor,SN-COM-94812,2008-02-26
EQ-01216,ST-0181,control_panel,SN-CON-63857,2016-08-12
EQ-01217,ST-0181,conveyor_system,SN-CON-33496,2009-03-21
EQ-01218,ST-0181,conveyor_system,SN-CON-91337,2012-06-25
EQ-01219,ST-0181,conveyor_system,SN-CON-40977,2013-01-01
EQ-01220,ST-0182,control_panel,SN-CON-70515,2007-04-14
EQ-01221,ST-0182,hvac_unit,SN-HVA-44115,2010-09-09
EQ-01222,ST-0182,control_panel,SN-CON-12387,2018-02-28
EQ-01223,ST-0182,chiller,SN-CHI-89316,2010-02-07
EQ-01224,ST-0182,compressor,SN-COM-20840,2014-10-17
EQ-01225,ST-0182,hvac_unit,SN-HVA-53201,2016-09-18
EQ-01226,ST-0182,chiller,SN-CHI-48573,2009-01-05
EQ-01227,ST-0182,furnace,SN-FUR-71058,2018-05-25
EQ-01228,ST-0182,switchgear,SN-SWI-32859,2011-04-16
EQ-01229,ST-0183,storage_tank,SN-STO-84188,2013-10-21
EQ-01230,ST-0183,hvac_unit,SN-HVA-89026,2016-12-04
EQ-01231,ST-0184,conveyor_system,SN-CON-76003,2007-09-20
EQ-01232,ST-0184,switchgear,SN-SWI-25679,2005-10-27
EQ-01233,ST-0184,furnace,SN-FUR-69501,2006-04-02
EQ-01234,ST-0184,control_panel,SN-CON-83749,2010-03-02
EQ-01235,ST-0184,furnace,SN-FUR-24387,2018-10-12
EQ-01236,ST-0184,boiler,SN-BOI-10817,2016-05-24
EQ-01237,ST-0184,conveyor_system,SN-CON-48859,2012-01-21
EQ-01238,ST-0184,industrial_pump,SN-IND-79613,2006-03-28
EQ-01239,ST-0184,compressor,SN-COM-54270,2012-10-24
EQ-01240,ST-0185,chiller,SN-CHI-10475,2010-03-02
EQ-01241,ST-0185,switchgear,SN-SWI-50266,2012-08-03
EQ-01242,ST-0185,boiler,SN-BOI-46524,2012-11-18
EQ-01243,ST-0185,boiler,SN-BOI-55674,2011-01-08
EQ-01244,ST-0185,furnace,SN-FUR-90165,2012-06-23
EQ-01245,ST-0185,chiller,SN-CHI-17083,2009-07-26
EQ-01246,ST-0185,switchgear,SN-SWI-64477,2005-01-21
EQ-01247,ST-0185,industrial_pump,SN-IND-48702,2015-04-17
EQ-01248,ST-0185,storage_tank,SN-STO-11823,2006-01-26
EQ-01249,ST-0185,boiler,SN-BOI-37786,2006-11-28
EQ-01250,ST-0185,conveyor_system,SN-CON-58642,2015-04-26
EQ-01251,ST-0186,storage_tank,SN-STO-42929,2012-05-27
EQ-01252,ST-0186,compressor,SN-COM-49295,2005-04-15
EQ-01253,ST-0187,conveyor_system,SN-CON-81565,2005-04-28
EQ-01254,ST-0187,conveyor_system,SN-CON-74799,2010-06-03
EQ-01255,ST-0187,chiller,SN-CHI-61577,2015-05-02
EQ-01256,ST-0187,industrial_pump,SN-IND-44359,2008-11-01
EQ-01257,ST-0187,hvac_unit,SN-HVA-77962,2010-07-20
EQ-01258,ST-0187,boiler,SN-BOI-90617,2015-08-17
EQ-01259,ST-0187,furnace,SN-FUR-33455,2018-09-17
EQ-01260,ST-0187,hvac_unit,SN-HVA-29407,2008-06-02
EQ-01261,ST-0187,furnace,SN-FUR-22813,2016-06-07
EQ-01262,ST-0187,conveyor_system,SN-CON-85892,2015-06-03
EQ-01263,ST-0187,furnace,SN-FUR-36906,2014-08-17
EQ-01264,ST-0187,conveyor_system,SN-CON-87176,2009-04-20
EQ-01265,ST-0188,compressor,SN-COM-40920,2018-05-15
EQ-01266,ST-0188,hvac_unit,SN-HVA-49609,2006-05-11
EQ-01267,ST-0188,furnace,SN-FUR-63443,2018-10-01
EQ-01268,ST-0188,conveyor_system,SN-CON-46230,2016-07-26
EQ-01269,ST-0188,storage_tank,SN-STO-29081,2008-01-13
EQ-01270,ST-0188,compressor,SN-COM-15761,2007-11-27
EQ-01271,ST-0188,conveyor_system,SN-CON-54349,2016-05-01
EQ-01272,ST-0188,switchgear,SN-SWI-25644,2007-07-25
EQ-01273,ST-0189,control_panel,SN-CON-34953,2017-02-03
EQ-01274,ST-0189,chiller,SN-CHI-30912,2007-08-23
EQ-01275,ST-0189,storage_tank,SN-STO-44809,2018-12-01
EQ-01276,ST-0189,switchgear,SN-SWI-93139,2011-01-13
EQ-01277,ST-0189,hvac_unit,SN-HVA-31410,2014-05-24
EQ-01278,ST-0189,hvac_unit,SN-HVA-68227,2011-03-26
EQ-01279,ST-0189,industrial_pump,SN-IND-18603,2005-07-07
EQ-01280,ST-0189,chiller,SN-CHI-30754,2005-03-20
EQ-01281,ST-0189,control_panel,SN-CON-88875,2012-10-13
EQ-01282,ST-0190,boiler,SN-BOI-87281,2008-06-01
EQ-01283,ST-0190,industrial_pump,SN-IND-71666,2010-08-18
EQ-01284,ST-0190,storage_tank,SN-STO-21842,2008-10-05
EQ-01285,ST-0190,boiler,SN-BOI-33388,2010-01-05
EQ-01286,ST-0190,hvac_unit,SN-HVA-43726,2018-05-01
EQ-01287,ST-0190,furnace,SN-FUR-17709,2006-09-19
EQ-01288,ST-0190,switchgear,SN-SWI-75064,2015-05-11
EQ-01289,ST-0190,conveyor_system,SN-CON-42652,2018-01-27
EQ-01290,ST-0190,conveyor_system,SN-CON-77675,2017-12-08
EQ-01291,ST-0190,compressor,SN-COM-96640,2011-11-22
EQ-01292,ST-0191,compressor,SN-COM-77082,2016-09-14
EQ-01293,ST-0191,boiler,SN-BOI-14112,2015-09-14
EQ-01294,ST-0191,storage_tank,SN-STO-51004,2018-03-27
EQ-01295,ST-0191,furnace,SN-FUR-62102,2006-08-03
EQ-01296,ST-0191,conveyor_system,SN-CON-79854,2005-09-18
EQ-01297,ST-0191,compressor,SN-COM-53290,2009-12-21
EQ-01298,ST-0191,switchgear,SN-SWI-56637,2013-10-18
EQ-01299,ST-0191,storage_tank,SN-STO-33350,2009-02-20
EQ-01300,ST-0192,switchgear,SN-SWI-86256,2005-09-14
EQ-01301,ST-0192,industrial_pump,SN-IND-46821,2009-09-11
EQ-01302,ST-0193,furnace,SN-FUR-89995,2012-09-20
EQ-01303,ST-0193,control_panel,SN-CON-29379,2012-03-26
EQ-01304,ST-0194,compressor,SN-COM-37848,2009-01-03
EQ-01305,ST-0194,conveyor_system,SN-CON-66742,2013-11-26
EQ-01306,ST-0194,switchgear,SN-SWI-34705,2017-08-25
EQ-01307,ST-0194,industrial_pump,SN-IND-17626,2012-06-20
EQ-01308,ST-0194,control_panel,SN-CON-22440,2005-09-20
EQ-01309,ST-0195,switchgear,SN-SWI-93475,2008-04-26
EQ-01310,ST-0195,furnace,SN-FUR-58997,2005-02-22
EQ-01311,ST-0195,chiller,SN-CHI-35376,2007-06-09
EQ-01312,ST-0195,furnace,SN-FUR-82565,2018-08-25
EQ-01313,ST-0196,furnace,SN-FUR-26297,2008-02-02
EQ-01314,ST-0196,storage_tank,SN-STO-24439,2017-05-12
EQ-01315,ST-0196,hvac_unit,SN-HVA-90886,2010-02-26
EQ-01316,ST-0196,hvac_unit,SN-HVA-12139,2010-09-26
EQ-01317,ST-0196,furnace,SN-FUR-50660,2016-02-05
EQ-01318,ST-0196,industrial_pump,SN-IND-50531,2007-02-13
EQ-01319,ST-0196,industrial_pump,SN-IND-30512,2006-05-02
EQ-01320,ST-0197,switchgear,SN-SWI-21487,2018-06-18
EQ-01321,ST-0197,storage_tank,SN-STO-60175,2010-06-23
EQ-01322,ST-0197,switchgear,SN-SWI-85502,2012-10-08
EQ-01323,ST-0197,industrial_pump,SN-IND-70026,2005-09-23
EQ-01324,ST-0198,industrial_pump,SN-IND-29980,2018-06-15
EQ-01325,ST-0198,hvac_unit,SN-HVA-27978,2005-09-04
EQ-01326,ST-0198,compressor,SN-COM-28607,2015-05-19
EQ-01327,ST-0198,industrial_pump,SN-IND-89733,2005-04-25
EQ-01328,ST-0198,conveyor_system,SN-CON-60361,2016-01-01
EQ-01329,ST-0198,furnace,SN-FUR-97171,2011-07-05
EQ-01330,ST-0198,hvac_unit,SN-HVA-62051,2010-11-11
EQ-01331,ST-0198,boiler,SN-BOI-62167,2010-12-21
EQ-01332,ST-0198,furnace,SN-FUR-12385,2009-08-17
EQ-01333,ST-0198,hvac_unit,SN-HVA-66580,2018-10-02
EQ-01334,ST-0198,chiller,SN-CHI-77447,2012-12-18
EQ-01335,ST-0198,switchgear,SN-SWI-48488,2010-04-26
EQ-01336,ST-0199,compressor,SN-COM-50950,2015-12-13
EQ-01337,ST-0199,storage_tank,SN-STO-42807,2015-01-11
EQ-01338,ST-0199,control_panel,SN-CON-23352,2010-05-20
EQ-01339,ST-0199,furnace,SN-FUR-53602,2011-07-14
EQ-01340,ST-0199,compressor,SN-COM-16528,2005-05-03
EQ-01341,ST-0199,switchgear,SN-SWI-44055,2007-03-20
EQ-01342,ST-0200,hvac_unit,SN-HVA-52744,2010-04-05
EQ-01343,ST-0200,switchgear,SN-SWI-71815,2015-09-01
EQ-01344,ST-0200,storage_tank,SN-STO-79414,2009-02-14
EQ-01345,ST-0200,chiller,SN-CHI-32035,2006-05-02
EQ-01346,ST-0200,control_panel,SN-CON-45933,2008-12-04
EQ-01347,ST-0200,chiller,SN-CHI-22302,2014-06-07
EQ-01348,ST-0200,industrial_pump,SN-IND-13353,2006-12-18
EQ-01349,ST-0200,furnace,SN-FUR-90937,2016-11-21
EQ-01350,ST-0200,storage_tank,SN-STO-78002,2014-11-10
EQ-01351,ST-0200,hvac_unit,SN-HVA-26789,2005-06-24
EQ-01352,ST-0201,hvac_unit,SN-HVA-48281,2011-04-11
EQ-01353,ST-0201,compressor,SN-COM-86065,2014-09-01
EQ-01354,ST-0201,boiler,SN-BOI-85163,2010-04-25
EQ-01355,ST-0201,chiller,SN-CHI-81899,2017-12-16
EQ-01356,ST-0202,storage_tank,SN-STO-68939,2017-03-03
EQ-01357,ST-0202,furnace,SN-FUR-67629,2008-07-07
EQ-01358,ST-0202,furnace,SN-FUR-81035,2017-11-23
EQ-01359,ST-0202,switchgear,SN-SWI-25429,2016-02-11
EQ-01360,ST-0202,boiler,SN-BOI-73760,2012-01-09
EQ-01361,ST-0202,switchgear,SN-SWI-69095,2012-05-12
EQ-01362,ST-0202,switchgear,SN-SWI-56791,2009-04-28
EQ-01363,ST-0202,industrial_pump,SN-IND-83506,2011-04-07
EQ-01364,ST-0202,switchgear,SN-SWI-27766,2010-02-01
EQ-01365,ST-0202,conveyor_system,SN-CON-35195,2012-07-20
EQ-01366,ST-0202,control_panel,SN-CON-51660,2008-03-25
EQ-01367,ST-0203,storage_tank,SN-STO-48221,2017-08-20
EQ-01368,ST-0203,conveyor_system,SN-CON-83682,2008-07-11
EQ-01369,ST-0203,switchgear,SN-SWI-69148,2012-02-05
EQ-01370,ST-0204,furnace,SN-FUR-78473,2014-10-06
EQ-01371,ST-0204,furnace,SN-FUR-33089,2014-06-06
EQ-01372,ST-0204,hvac_unit,SN-HVA-95242,2018-12-16
EQ-01373,ST-0204,hvac_unit,SN-HVA-72331,2008-10-16
EQ-01374,ST-0204,chiller,SN-CHI-47682,2017-10-27
EQ-01375,ST-0204,industrial_pump,SN-IND-19691,2008-01-12
EQ-01376,ST-0204,furnace,SN-FUR-44597,2008-06-21
EQ-01377,ST-0204,storage_tank,SN-STO-13105,2008-01-21
EQ-01378,ST-0205,furnace,SN-FUR-43897,2013-08-06
EQ-01379,ST-0205,storage_tank,SN-STO-43652,2011-04-04
EQ-01380,ST-0205,storage_tank,SN-STO-61652,2008-06-20
EQ-01381,ST-0205,industrial_pump,SN-IND-34412,2007-10-17
EQ-01382,ST-0205,control_panel,SN-CON-19684,2011-07-24
EQ-01383,ST-0205,industrial_pump,SN-IND-29305,2007-04-01
EQ-01384,ST-0205,boiler,SN-BOI-97811,2011-09-11
EQ-01385,ST-0205,conveyor_system,SN-CON-40707,2017-06-07
EQ-01386,ST-0205,boiler,SN-BOI-11752,2006-05-27
EQ-01387,ST-0205,storage_tank,SN-STO-72975,2017-01-10
EQ-01388,ST-0205,conveyor_system,SN-CON-68529,2011-09-28
EQ-01389,ST-0206,industrial_pump,SN-IND-83250,2007-09-11
EQ-01390,ST-0206,furnace,SN-FUR-66171,2006-04-19
EQ-01391,ST-0206,switchgear,SN-SWI-44689,2017-09-04
EQ-01392,ST-0206,chiller,SN-CHI-12910,2012-09-07
EQ-01393,ST-0206,boiler,SN-BOI-88420,2009-03-02
EQ-01394,ST-0206,industrial_pump,SN-IND-84297,2011-11-08
EQ-01395,ST-0206,storage_tank,SN-STO-67097,2015-04-01
EQ-01396,ST-0206,boiler,SN-BOI-85815,2014-11-23
EQ-01397,ST-0207,industrial_pump,SN-IND-20277,2007-03-09
EQ-01398,ST-0207,boiler,SN-BOI-52352,2011-06-15
EQ-01399,ST-0207,industrial_pump,SN-IND-90399,2006-09-01
EQ-01400,ST-0207,hvac_unit,SN-HVA-35857,2007-12-18
EQ-01401,ST-0207,chiller,SN-CHI-77456,2005-04-15
EQ-01402,ST-0207,boiler,SN-BOI-20444,2017-08-06
EQ-01403,ST-0207,furnace,SN-FUR-99231,2009-01-27
EQ-01404,ST-0207,hvac_unit,SN-HVA-28813,2005-06-06
EQ-01405,ST-0207,conveyor_system,SN-CON-36233,2006-07-25
EQ-01406,ST-0207,boiler,SN-BOI-89334,2017-08-26
EQ-01407,ST-0207,conveyor_system,SN-CON-52622,2018-08-11
EQ-01408,ST-0207,chiller,SN-CHI-94392,2009-04-12
EQ-01409,ST-0208,switchgear,SN-SWI-39061,2005-07-02
EQ-01410,ST-0208,furnace,SN-FUR-34476,2011-03-03
EQ-01411,ST-0208,furnace,SN-FUR-65636,2013-01-23
EQ-01412,ST-0208,boiler,SN-BOI-81613,2006-03-07
EQ-01413,ST-0208,conveyor_system,SN-CON-14344,2010-12-14
EQ-01414,ST-0208,conveyor_system,SN-CON-54370,2006-08-16
EQ-01415,ST-0208,boiler,SN-BOI-72964,2015-12-17
EQ-01416,ST-0208,control_panel,SN-CON-79836,2006-06-25
EQ-01417,ST-0208,industrial_pump,SN-IND-57797,2018-03-07
EQ-01418,ST-0208,compressor,SN-COM-50748,2015-04-23
EQ-01419,ST-0209,switchgear,SN-SWI-31187,2011-01-21
EQ-01420,ST-0209,boiler,SN-BOI-12480,2014-06-19
EQ-01421,ST-0209,control_panel,SN-CON-25400,2006-11-27
EQ-01422,ST-0209,furnace,SN-FUR-87164,2015-07-03
EQ-01423,ST-0209,conveyor_system,SN-CON-81279,2009-01-19
EQ-01424,ST-0210,control_panel,SN-CON-84348,2010-02-03
EQ-01425,ST-0210,conveyor_system,SN-CON-80900,2008-06-25
EQ-01426,ST-0210,boiler,SN-BOI-83368,2012-04-06
EQ-01427,ST-0210,conveyor_system,SN-CON-61414,2018-02-18
EQ-01428,ST-0210,control_panel,SN-CON-30222,2009-04-13
EQ-01429,ST-0210,control_panel,SN-CON-97988,2013-07-16
EQ-01430,ST-0210,compressor,SN-COM-56906,2014-11-22
EQ-01431,ST-0210,compressor,SN-COM-26706,2015-02-18
EQ-01432,ST-0211,conveyor_system,SN-CON-21494,2011-02-09
EQ-01433,ST-0211,storage_tank,SN-STO-21452,2015-07-05
EQ-01434,ST-0211,compressor,SN-COM-83316,2014-01-23
EQ-01435,ST-0211,furnace,SN-FUR-42918,2006-04-24
EQ-01436,ST-0211,industrial_pump,SN-IND-11053,2015-05-12
EQ-01437,ST-0211,boiler,SN-BOI-67132,2005-04-21
EQ-01438,ST-0211,control_panel,SN-CON-64014,2017-08-27
EQ-01439,ST-0211,control_panel,SN-CON-25398,2017-09-28
EQ-01440,ST-0211,compressor,SN-COM-85157,2012-05-06
EQ-01441,ST-0211,furnace,SN-FUR-79590,2005-07-21
EQ-01442,ST-0211,conveyor_system,SN-CON-14088,2007-11-23
EQ-01443,ST-0211,hvac_unit,SN-HVA-55820,2006-10-25
EQ-01444,ST-0212,chiller,SN-CHI-19991,2010-07-11
EQ-01445,ST-0212,storage_tank,SN-STO-16316,2017-01-27
EQ-01446,ST-0213,switchgear,SN-SWI-63900,2015-03-17
EQ-01447,ST-0213,compressor,SN-COM-26994,2006-12-12
EQ-01448,ST-0213,switchgear,SN-SWI-36671,2013-02-21
EQ-01449,ST-0213,switchgear,SN-SWI-26540,2012-08-06
EQ-01450,ST-0213,conveyor_system,SN-CON-64855,2018-12-04
EQ-01451,ST-0214,conveyor_system,SN-CON-94996,2015-02-24
EQ-01452,ST-0214,boiler,SN-BOI-99768,2017-03-28
EQ-01453,ST-0214,control_panel,SN-CON-57028,2009-05-12
EQ-01454,ST-0214,storage_tank,SN-STO-43914,2008-07-02
EQ-01455,ST-0214,industrial_pump,SN-IND-99898,2018-09-27
EQ-01456,ST-0214,chiller,SN-CHI-32459,2017-10-12
EQ-01457,ST-0215,industrial_pump,SN-IND-62051,2015-04-06
EQ-01458,ST-0215,switchgear,SN-SWI-66200,2005-04-19
EQ-01459,ST-0215,conveyor_system,SN-CON-96067,2014-08-28
EQ-01460,ST-0215,boiler,SN-BOI-13387,2007-08-10
EQ-01461,ST-0215,conveyor_system,SN-CON-63184,2012-10-04
EQ-01462,ST-0215,control_panel,SN-CON-83954,2005-10-07
EQ-01463,ST-0215,storage_tank,SN-STO-77827,2005-10-14
EQ-01464,ST-0215,switchgear,SN-SWI-62107,2018-07-17
EQ-01465,ST-0215,furnace,SN-FUR-20729,2007-07-06
EQ-01466,ST-0215,storage_tank,SN-STO-61335,2011-04-09
EQ-01467,ST-0216,storage_tank,SN-STO-91370,2011-06-24
EQ-01468,ST-0216,compressor,SN-COM-65538,2009-06-12
EQ-01469,ST-0216,control_panel,SN-CON-61285,2017-05-06
EQ-01470,ST-0216,boiler,SN-BOI-92147,2009-09-20
EQ-01471,ST-0217,control_panel,SN-CON-82364,2013-06-16
EQ-01472,ST-0217,control_panel,SN-CON-96238,2012-04-06
EQ-01473,ST-0217,chiller,SN-CHI-77607,2007-12-07
EQ-01474,ST-0217,compressor,SN-COM-35190,2014-12-15
EQ-01475,ST-0218,switchgear,SN-SWI-15762,2018-04-02
EQ-01476,ST-0218,switchgear,SN-SWI-32809,2009-11-08
EQ-01477,ST-0218,industrial_pump,SN-IND-80846,2016-03-03
EQ-01478,ST-0218,storage_tank,SN-STO-38634,2011-02-03
EQ-01479,ST-0218,switchgear,SN-SWI-19658,2014-07-22
EQ-01480,ST-0218,switchgear,SN-SWI-77190,2006-12-16
EQ-01481,ST-0218,furnace,SN-FUR-23084,2011-06-01
EQ-01482,ST-0218,compressor,SN-COM-86089,2012-09-10
EQ-01483,ST-0218,industrial_pump,SN-IND-18502,2006-04-01
EQ-01484,ST-0218,furnace,SN-FUR-21880,2013-04-07
EQ-01485,ST-0219,storage_tank,SN-STO-78139,2015-03-12
EQ-01486,ST-0219,furnace,SN-FUR-37722,2014-11-27
EQ-01487,ST-0219,storage_tank,SN-STO-14732,2005-09-11
EQ-01488,ST-0220,switchgear,SN-SWI-50951,2010-04-16
EQ-01489,ST-0220,hvac_unit,SN-HVA-46839,2015-12-09
EQ-01490,ST-0220,compressor,SN-COM-80850,2012-07-06
EQ-01491,ST-0220,conveyor_system,SN-CON-13103,2013-12-27
EQ-01492,ST-0220,chiller,SN-CHI-93595,2017-11-23
EQ-01493,ST-0220,storage_tank,SN-STO-81428,2006-11-13
EQ-01494,ST-0220,switchgear,SN-SWI-56301,2007-05-15
EQ-01495,ST-0220,switchgear,SN-SWI-98717,2007-02-25
EQ-01496,ST-0220,control_panel,SN-CON-38096,2015-10-21
EQ-01497,ST-0221,switchgear,SN-SWI-51879,2006-04-16
EQ-01498,ST-0221,compressor,SN-COM-70987,2007-05-03
EQ-01499,ST-0221,storage_tank,SN-STO-35062,2009-12-09
EQ-01500,ST-0221,chiller,SN-CHI-45603,2017-07-23
EQ-01501,ST-0222,chiller,SN-CHI-25707,2005-04-01
EQ-01502,ST-0222,hvac_unit,SN-HVA-66353,2011-10-05
EQ-01503,ST-0222,industrial_pump,SN-IND-68230,2007-07-16
EQ-01504,ST-0222,industrial_pump,SN-IND-40612,2009-03-26
EQ-01505,ST-0222,chiller,SN-CHI-40576,2016-02-25
EQ-01506,ST-0222,control_panel,SN-CON-93894,2007-08-12
EQ-01507,ST-0222,hvac_unit,SN-HVA-30366,2015-05-07
EQ-01508,ST-0223,hvac_unit,SN-HVA-37446,2016-09-14
EQ-01509,ST-0223,furnace,SN-FUR-34546,2013-01-19
EQ-01510,ST-0223,control_panel,SN-CON-26596,2018-01-26
EQ-01511,ST-0223,compressor,SN-COM-86651,2015-03-15
EQ-01512,ST-0223,conveyor_system,SN-CON-32550,2011-05-21
EQ-01513,ST-0223,storage_tank,SN-STO-78400,2012-12-14
EQ-01514,ST-0224,control_panel,SN-CON-95591,2016-08-08
EQ-01515,ST-0224,industrial_pump,SN-IND-72998,2011-07-09
EQ-01516,ST-0224,storage_tank,SN-STO-45932,2017-07-13
EQ-01517,ST-0224,switchgear,SN-SWI-31774,2005-08-22
EQ-01518,ST-0224,compressor,SN-COM-25871,2012-06-15
EQ-01519,ST-0224,conveyor_system,SN-CON-42866,2009-02-21
EQ-01520,ST-0224,switchgear,SN-SWI-55612,2015-03-28
EQ-01521,ST-0224,chiller,SN-CHI-59668,2007-12-24
EQ-01522,ST-0224,control_panel,SN-CON-94842,2012-10-25
EQ-01523,ST-0224,hvac_unit,SN-HVA-67746,2014-10-08
EQ-01524,ST-0224,furnace,SN-FUR-95896,2010-05-24
EQ-01525,ST-0224,chiller,SN-CHI-31103,2014-05-04
EQ-01526,ST-0225,chiller,SN-CHI-72772,2008-07-02
EQ-01527,ST-0225,industrial_pump,SN-IND-36993,2013-10-21
EQ-01528,ST-0225,control_panel,SN-CON-37902,2008-12-02
EQ-01529,ST-0225,compressor,SN-COM-55468,2009-08-19
EQ-01530,ST-0225,storage_tank,SN-STO-25930,2009-02-05
EQ-01531,ST-0225,storage_tank,SN-STO-61903,2013-11-10
EQ-01532,ST-0225,compressor,SN-COM-63532,2009-12-09
EQ-01533,ST-0225,control_panel,SN-CON-60030,2011-06-06
EQ-01534,ST-0225,control_panel,SN-CON-36639,2011-08-15
EQ-01535,ST-0225,control_panel,SN-CON-90827,2017-06-14
EQ-01536,ST-0225,compressor,SN-COM-31300,2005-03-18
EQ-01537,ST-0226,switchgear,SN-SWI-84442,2010-08-17
EQ-01538,ST-0226,chiller,SN-CHI-13790,2014-04-10
EQ-01539,ST-0226,compressor,SN-COM-78758,2012-01-23
EQ-01540,ST-0226,compressor,SN-COM-94493,2018-07-20
EQ-01541,ST-0226,compressor,SN-COM-18285,2007-11-06
EQ-01542,ST-0226,hvac_unit,SN-HVA-42389,2015-06-28
EQ-01543,ST-0226,furnace,SN-FUR-62044,2007-07-18
EQ-01544,ST-0226,conveyor_system,SN-CON-46021,2011-10-12
EQ-01545,ST-0226,switchgear,SN-SWI-52329,2011-12-09
EQ-01546,ST-0227,control_panel,SN-CON-40817,2017-12-03
EQ-01547,ST-0227,conveyor_system,SN-CON-60078,2017-12-20
EQ-01548,ST-0227,boiler,SN-BOI-60817,2013-09-13
EQ-01549,ST-0227,hvac_unit,SN-HVA-30549,2012-09-17
EQ-01550,ST-0227,switchgear,SN-SWI-16178,2011-11-26
EQ-01551,ST-0227,chiller,SN-CHI-22377,2007-07-04
EQ-01552,ST-0227,storage_tank,SN-STO-28225,2016-01-19
EQ-01553,ST-0227,compressor,SN-COM-46016,2018-11-05
EQ-01554,ST-0227,chiller,SN-CHI-39168,2016-12-21
EQ-01555,ST-0228,storage_tank,SN-STO-94617,2007-10-02
EQ-01556,ST-0228,furnace,SN-FUR-65066,2018-06-07
EQ-01557,ST-0228,conveyor_system,SN-CON-15473,2007-12-11
EQ-01558,ST-0228,control_panel,SN-CON-56197,2008-11-21
EQ-01559,ST-0228,conveyor_system,SN-CON-67335,2007-05-22
EQ-01560,ST-0228,hvac_unit,SN-HVA-27212,2005-04-14
EQ-01561,ST-0228,hvac_unit,SN-HVA-21204,2005-07-04
EQ-01562,ST-0229,boiler,SN-BOI-51130,2015-04-20
EQ-01563,ST-0229,hvac_unit,SN-HVA-56814,2014-03-11
EQ-01564,ST-0229,conveyor_system,SN-CON-32430,2009-11-17
EQ-01565,ST-0229,furnace,SN-FUR-72064,2008-03-27
EQ-01566,ST-0229,furnace,SN-FUR-58423,2011-07-15
EQ-01567,ST-0229,chiller,SN-CHI-68083,2010-09-07
EQ-01568,ST-0229,switchgear,SN-SWI-76307,2005-03-09
EQ-01569,ST-0229,industrial_pump,SN-IND-65292,2012-05-16
EQ-01570,ST-0229,furnace,SN-FUR-11635,2008-10-13
EQ-01571,ST-0229,control_panel,SN-CON-24635,2006-01-26
EQ-01572,ST-0229,furnace,SN-FUR-93494,2012-07-16
EQ-01573,ST-0229,compressor,SN-COM-29683,2007-07-01
EQ-01574,ST-0230,compressor,SN-COM-50038,2017-03-14
EQ-01575,ST-0230,industrial_pump,SN-IND-14723,2006-09-03
EQ-01576,ST-0230,industrial_pump,SN-IND-13245,2016-06-26
EQ-01577,ST-0230,boiler,SN-BOI-84039,2009-12-21
EQ-01578,ST-0230,storage_tank,SN-STO-79381,2016-12-21
EQ-01579,ST-0230,industrial_pump,SN-IND-58719,2018-11-01
EQ-01580,ST-0230,chiller,SN-CHI-47028,2005-11-25
EQ-01581,ST-0230,hvac_unit,SN-HVA-21198,2006-12-05
EQ-01582,ST-0230,furnace,SN-FUR-26906,2016-10-03
EQ-01583,ST-0230,chiller,SN-CHI-25552,2008-11-02
EQ-01584,ST-0230,boiler,SN-BOI-71769,2018-03-13
EQ-01585,ST-0231,conveyor_system,SN-CON-88407,2013-07-09
EQ-01586,ST-0231,compressor,SN-COM-15656,2007-07-04
EQ-01587,ST-0231,chiller,SN-CHI-21721,2007-01-16
EQ-01588,ST-0232,boiler,SN-BOI-14427,2018-08-20
EQ-01589,ST-0232,storage_tank,SN-STO-81807,2017-03-18
EQ-01590,ST-0232,compressor,SN-COM-49389,2010-09-20
EQ-01591,ST-0232,conveyor_system,SN-CON-36511,2007-03-06
EQ-01592,ST-0232,boiler,SN-BOI-70506,2010-01-01
EQ-01593,ST-0232,chiller,SN-CHI-25050,2005-09-04
EQ-01594,ST-0232,storage_tank,SN-STO-11944,2008-11-27
EQ-01595,ST-0232,switchgear,SN-SWI-87708,2005-02-08
EQ-01596,ST-0232,compressor,SN-COM-50173,2010-06-13
EQ-01597,ST-0232,conveyor_system,SN-CON-40577,2011-10-13
EQ-01598,ST-0232,compressor,SN-COM-47708,2011-04-06
EQ-01599,ST-0232,industrial_pump,SN-IND-52174,2016-07-10
EQ-01600,ST-0233,switchgear,SN-SWI-52925,2009-08-03
EQ-01601,ST-0233,hvac_unit,SN-HVA-10162,2013-01-13
EQ-01602,ST-0233,chiller,SN-CHI-32876,2016-12-04
EQ-01603,ST-0234,hvac_unit,SN-HVA-67318,2007-01-21
EQ-01604,ST-0234,industrial_pump,SN-IND-79183,2014-12-15
EQ-01605,ST-0234,conveyor_system,SN-CON-51990,2010-05-18
EQ-01606,ST-0234,furnace,SN-FUR-92300,2009-10-03
EQ-01607,ST-0234,industrial_pump,SN-IND-20637,2016-01-20
EQ-01608,ST-0234,storage_tank,SN-STO-79702,2015-12-17
EQ-01609,ST-0234,furnace,SN-FUR-51798,2014-06-10
EQ-01610,ST-0234,chiller,SN-CHI-80765,2011-01-12
EQ-01611,ST-0234,control_panel,SN-CON-11899,2012-01-04
EQ-01612,ST-0234,industrial_pump,SN-IND-70607,2006-09-16
EQ-01613,ST-0234,compressor,SN-COM-54723,2011-05-20
EQ-01614,ST-0235,hvac_unit,SN-HVA-95543,2005-11-11
EQ-01615,ST-0235,storage_tank,SN-STO-64606,2017-01-24
EQ-01616,ST-0235,furnace,SN-FUR-12906,2016-05-09
EQ-01617,ST-0235,control_panel,SN-CON-15018,2005-06-24
EQ-01618,ST-0235,conveyor_system,SN-CON-68637,2014-12-11
EQ-01619,ST-0235,storage_tank,SN-STO-20653,2008-09-04
EQ-01620,ST-0235,storage_tank,SN-STO-12610,2014-08-04
EQ-01621,ST-0235,hvac_unit,SN-HVA-70745,2005-10-17
EQ-01622,ST-0235,industrial_pump,SN-IND-90187,2013-10-23
EQ-01623,ST-0236,compressor,SN-COM-74436,2006-06-26
EQ-01624,ST-0236,compressor,SN-COM-97149,2005-03-16
EQ-01625,ST-0236,chiller,SN-CHI-98275,2007-09-28
EQ-01626,ST-0236,boiler,SN-BOI-33162,2017-04-23
EQ-01627,ST-0236,boiler,SN-BOI-36010,2011-08-01
EQ-01628,ST-0236,control_panel,SN-CON-70299,2009-06-27
EQ-01629,ST-0236,conveyor_system,SN-CON-45079,2012-09-08
EQ-01630,ST-0236,industrial_pump,SN-IND-17601,2005-07-20
EQ-01631,ST-0237,compressor,SN-COM-46911,2018-07-18
EQ-01632,ST-0237,hvac_unit,SN-HVA-92530,2010-09-27
EQ-01633,ST-0237,hvac_unit,SN-HVA-44803,2010-05-15
EQ-01634,ST-0237,switchgear,SN-SWI-38577,2015-07-12
EQ-01635,ST-0237,storage_tank,SN-STO-64602,2018-03-15
EQ-01636,ST-0237,compressor,SN-COM-26320,2010-07-12
EQ-01637,ST-0237,storage_tank,SN-STO-57452,2014-11-19
EQ-01638,ST-0237,furnace,SN-FUR-41240,2006-12-13
EQ-01639,ST-0237,storage_tank,SN-STO-88416,2010-08-26
EQ-01640,ST-0237,switchgear,SN-SWI-42217,2017-12-25
EQ-01641,ST-0237,furnace,SN-FUR-58735,2013-06-24
EQ-01642,ST-0238,control_panel,SN-CON-86514,2014-07-23
EQ-01643,ST-0238,boiler,SN-BOI-53926,2013-02-16
EQ-01644,ST-0238,chiller,SN-CHI-68270,2010-02-24
EQ-01645,ST-0238,chiller,SN-CHI-51129,2009-10-04
EQ-01646,ST-0238,furnace,SN-FUR-10451,2007-03-25
EQ-01647,ST-0238,control_panel,SN-CON-63177,2009-05-18
EQ-01648,ST-0238,control_panel,SN-CON-15225,2009-11-15
EQ-01649,ST-0238,furnace,SN-FUR-91088,2014-06-18
EQ-01650,ST-0239,control_panel,SN-CON-75032,2007-07-22
EQ-01651,ST-0239,furnace,SN-FUR-69240,2014-12-19
EQ-01652,ST-0239,conveyor_system,SN-CON-83833,2018-10-03
EQ-01653,ST-0239,industrial_pump,SN-IND-71688,2008-01-18
EQ-01654,ST-0239,industrial_pump,SN-IND-81457,2015-03-19
EQ-01655,ST-0239,conveyor_system,SN-CON-53476,2012-10-05
EQ-01656,ST-0239,boiler,SN-BOI-61188,2016-09-13
EQ-01657,ST-0239,furnace,SN-FUR-56301,2014-12-17
EQ-01658,ST-0239,furnace,SN-FUR-88379,2018-06-13
EQ-01659,ST-0239,boiler,SN-BOI-22543,2018-12-09
EQ-01660,ST-0239,boiler,SN-BOI-29165,2007-04-19
EQ-01661,ST-0240,storage_tank,SN-STO-81608,2014-03-05
EQ-01662,ST-0240,industrial_pump,SN-IND-47771,2018-01-24
EQ-01663,ST-0240,control_panel,SN-CON-70185,2014-03-07
EQ-01664,ST-0240,switchgear,SN-SWI-23996,2012-08-04
EQ-01665,ST-0240,storage_tank,SN-STO-34722,2011-04-07
EQ-01666,ST-0240,storage_tank,SN-STO-35823,2018-02-24
EQ-01667,ST-0240,hvac_unit,SN-HVA-20343,2007-04-11
EQ-01668,ST-0240,compressor,SN-COM-12685,2011-09-02
EQ-01669,ST-0240,storage_tank,SN-STO-77554,2005-01-10
EQ-01670,ST-0240,chiller,SN-CHI-25316,2015-08-14
EQ-01671,ST-0240,compressor,SN-COM-96232,2006-06-13
EQ-01672,ST-0240,chiller,SN-CHI-94402,2006-06-26
EQ-01673,ST-0241,compressor,SN-COM-84555,2014-07-19
EQ-01674,ST-0241,chiller,SN-CHI-76162,2010-01-19
EQ-01675,ST-0241,furnace,SN-FUR-35429,2010-03-15
EQ-01676,ST-0241,storage_tank,SN-STO-45060,2011-03-25
EQ-01677,ST-0242,conveyor_system,SN-CON-45563,2013-06-13
EQ-01678,ST-0242,furnace,SN-FUR-95970,2016-05-28
EQ-01679,ST-0243,hvac_unit,SN-HVA-87740,2009-08-27
EQ-01680,ST-0243,compressor,SN-COM-70965,2018-11-02
EQ-01681,ST-0243,chiller,SN-CHI-46852,2014-05-10
EQ-01682,ST-0243,chiller,SN-CHI-55375,2011-03-15
EQ-01683,ST-0243,conveyor_system,SN-CON-88323,2006-11-03
EQ-01684,ST-0243,industrial_pump,SN-IND-77942,2007-10-02
EQ-01685,ST-0243,conveyor_system,SN-CON-13775,2018-08-15
EQ-01686,ST-0243,chiller,SN-CHI-61792,2017-06-19
EQ-01687,ST-0244,hvac_unit,SN-HVA-28467,2006-11-18
EQ-01688,ST-0244,industrial_pump,SN-IND-23152,2013-03-19
EQ-01689,ST-0244,boiler,SN-BOI-27038,2006-02-12
EQ-01690,ST-0244,switchgear,SN-SWI-20836,2012-06-01
EQ-01691,ST-0244,boiler,SN-BOI-90129,2013-12-08
EQ-01692,ST-0244,industrial_pump,SN-IND-46714,2016-01-12
EQ-01693,ST-0244,boiler,SN-BOI-94651,2014-06-26
EQ-01694,ST-0244,control_panel,SN-CON-32323,2015-04-23
EQ-01695,ST-0244,storage_tank,SN-STO-51394,2006-09-25
EQ-01696,ST-0244,storage_tank,SN-STO-39141,2009-01-10
EQ-01697,ST-0244,chiller,SN-CHI-81605,2005-04-27
EQ-01698,ST-0244,boiler,SN-BOI-73612,2017-05-19
EQ-01699,ST-0245,chiller,SN-CHI-68760,2010-11-23
EQ-01700,ST-0245,compressor,SN-COM-73577,2014-10-18
EQ-01701,ST-0245,switchgear,SN-SWI-76377,2007-07-08
EQ-01702,ST-0245,hvac_unit,SN-HVA-46841,2008-09-18
EQ-01703,ST-0245,switchgear,SN-SWI-59769,2015-02-28
EQ-01704,ST-0245,switchgear,SN-SWI-51784,2009-01-01
EQ-01705,ST-0245,storage_tank,SN-STO-64985,2013-09-13
EQ-01706,ST-0246,conveyor_system,SN-CON-67834,2010-02-17
EQ-01707,ST-0246,switchgear,SN-SWI-72281,2014-09-06
EQ-01708,ST-0246,conveyor_system,SN-CON-59181,2007-03-04
EQ-01709,ST-0246,storage_tank,SN-STO-59823,2005-07-13
EQ-01710,ST-0246,industrial_pump,SN-IND-33770,2011-02-09
EQ-01711,ST-0246,switchgear,SN-SWI-61966,2006-09-08
EQ-01712,ST-0246,switchgear,SN-SWI-66636,2010-08-14
EQ-01713,ST-0246,hvac_unit,SN-HVA-29498,2016-06-18
EQ-01714,ST-0247,hvac_unit,SN-HVA-53662,2014-12-20
EQ-01715,ST-0247,compressor,SN-COM-81473,2015-03-08
EQ-01716,ST-0247,control_panel,SN-CON-50161,2017-05-17
EQ-01717,ST-0247,storage_tank,SN-STO-79571,2008-02-01
EQ-01718,ST-0247,conveyor_system,SN-CON-66726,2010-11-05
EQ-01719,ST-0248,switchgear,SN-SWI-30081,2015-06-14
EQ-01720,ST-0248,control_panel,SN-CON-49609,2007-11-25
EQ-01721,ST-0248,switchgear,SN-SWI-37070,2012-09-27
EQ-01722,ST-0249,switchgear,SN-SWI-75242,2016-07-04
EQ-01723,ST-0249,chiller,SN-CHI-41985,2016-04-19
EQ-01724,ST-0249,industrial_pump,SN-IND-31567,2010-04-19
EQ-01725,ST-0249,boiler,SN-BOI-88327,2016-05-14
EQ-01726,ST-0249,hvac_unit,SN-HVA-75240,2010-10-12
EQ-01727,ST-0249,control_panel,SN-CON-51812,2006-02-13
EQ-01728,ST-0250,chiller,SN-CHI-74392,2010-01-19
EQ-01729,ST-0250,storage_tank,SN-STO-15585,2016-08-19
EQ-01730,ST-0250,control_panel,SN-CON-58332,2012-04-27
EQ-01731,ST-0251,storage_tank,SN-STO-92156,2014-08-21
EQ-01732,ST-0251,compressor,SN-COM-95064,2011-07-28
EQ-01733,ST-0251,control_panel,SN-CON-82577,2016-09-05
EQ-01734,ST-0251,storage_tank,SN-STO-85753,2017-08-12
EQ-01735,ST-0251,conveyor_system,SN-CON-53305,2007-07-24
EQ-01736,ST-0252,furnace,SN-FUR-43241,2010-12-27
EQ-01737,ST-0252,chiller,SN-CHI-12602,2008-12-04
EQ-01738,ST-0252,switchgear,SN-SWI-24649,2010-01-22
EQ-01739,ST-0252,boiler,SN-BOI-48811,2010-04-12
EQ-01740,ST-0253,storage_tank,SN-STO-33594,2014-11-20
EQ-01741,ST-0253,boiler,SN-BOI-19885,2008-03-24
EQ-01742,ST-0253,compressor,SN-COM-49939,2011-05-07
EQ-01743,ST-0253,storage_tank,SN-STO-94749,2015-08-12
EQ-01744,ST-0254,boiler,SN-BOI-28153,2006-09-24
EQ-01745,ST-0254,conveyor_system,SN-CON-43212,2006-02-26
EQ-01746,ST-0254,switchgear,SN-SWI-11595,2006-05-23
EQ-01747,ST-0254,industrial_pump,SN-IND-62857,2007-02-15
EQ-01748,ST-0254,chiller,SN-CHI-83979,2007-01-19
EQ-01749,ST-0255,switchgear,SN-SWI-58425,2011-10-23
EQ-01750,ST-0255,industrial_pump,SN-IND-27742,2017-02-06
EQ-01751,ST-0255,chiller,SN-CHI-36165,2005-06-07
EQ-01752,ST-0255,storage_tank,SN-STO-97915,2010-03-26
EQ-01753,ST-0255,boiler,SN-BOI-36310,2013-11-09
EQ-01754,ST-0255,industrial_pump,SN-IND-79315,2014-04-22
EQ-01755,ST-0256,control_panel,SN-CON-57876,2006-04-25
EQ-01756,ST-0256,furnace,SN-FUR-86526,2010-11-27
EQ-01757,ST-0256,switchgear,SN-SWI-15507,2018-06-02
EQ-01758,ST-0256,switchgear,SN-SWI-90222,2015-06-08
EQ-01759,ST-0256,chiller,SN-CHI-26399,2014-05-10
EQ-01760,ST-0257,switchgear,SN-SWI-31097,2006-01-12
EQ-01761,ST-0257,control_panel,SN-CON-44884,2017-02-04
EQ-01762,ST-0257,control_panel,SN-CON-46038,2018-05-23
EQ-01763,ST-0258,switchgear,SN-SWI-67390,2015-10-23
EQ-01764,ST-0258,conveyor_system,SN-CON-90786,2018-10-02
EQ-01765,ST-0258,hvac_unit,SN-HVA-38095,2006-02-17
EQ-01766,ST-0258,conveyor_system,SN-CON-20490,2013-09-05
EQ-01767,ST-0258,boiler,SN-BOI-37247,2008-09-04
EQ-01768,ST-0258,conveyor_system,SN-CON-98268,2005-08-16
EQ-01769,ST-0258,furnace,SN-FUR-72304,2017-05-08
EQ-01770,ST-0258,switchgear,SN-SWI-38289,2005-09-28
EQ-01771,ST-0258,furnace,SN-FUR-97533,2014-12-25
EQ-01772,ST-0258,compressor,SN-COM-57345,2010-03-03
EQ-01773,ST-0258,storage_tank,SN-STO-71408,2012-11-27
EQ-01774,ST-0259,hvac_unit,SN-HVA-49003,2016-03-07
EQ-01775,ST-0259,furnace,SN-FUR-31914,2005-03-04
EQ-01776,ST-0259,switchgear,SN-SWI-57703,2016-09-01
EQ-01777,ST-0259,industrial_pump,SN-IND-47281,2014-08-28
EQ-01778,ST-0259,industrial_pump,SN-IND-12864,2018-05-08
EQ-01779,ST-0260,furnace,SN-FUR-34195,2011-06-08
EQ-01780,ST-0260,control_panel,SN-CON-82422,2018-09-02
EQ-01781,ST-0260,furnace,SN-FUR-74923,2011-02-04
EQ-01782,ST-0261,switchgear,SN-SWI-21661,2007-09-17
EQ-01783,ST-0261,conveyor_system,SN-CON-21831,2011-02-04
EQ-01784,ST-0262,conveyor_system,SN-CON-27349,2005-10-11
EQ-01785,ST-0262,compressor,SN-COM-61758,2005-04-27
EQ-01786,ST-0262,boiler,SN-BOI-63392,2005-06-25
EQ-01787,ST-0262,storage_tank,SN-STO-80974,2013-02-20
EQ-01788,ST-0262,conveyor_system,SN-CON-41055,2006-01-09
EQ-01789,ST-0262,storage_tank,SN-STO-14332,2015-04-18
EQ-01790,ST-0263,furnace,SN-FUR-98126,2015-08-10
EQ-01791,ST-0263,chiller,SN-CHI-87216,2018-10-06
EQ-01792,ST-0264,switchgear,SN-SWI-42614,2015-03-12
EQ-01793,ST-0264,chiller,SN-CHI-52316,2007-11-05
EQ-01794,ST-0264,switchgear,SN-SWI-11381,2014-06-27
EQ-01795,ST-0264,boiler,SN-BOI-61911,2010-01-19
EQ-01796,ST-0264,furnace,SN-FUR-18524,2005-05-25
EQ-01797,ST-0264,compressor,SN-COM-86669,2015-03-04
EQ-01798,ST-0264,industrial_pump,SN-IND-96131,2005-02-27
EQ-01799,ST-0264,industrial_pump,SN-IND-14949,2007-01-09
EQ-01800,ST-0264,furnace,SN-FUR-54682,2016-10-11
EQ-01801,ST-0265,industrial_pump,SN-IND-22212,2011-05-15
EQ-01802,ST-0265,furnace,SN-FUR-10604,2010-05-15
EQ-01803,ST-0265,control_panel,SN-CON-16862,2005-10-12
EQ-01804,ST-0265,storage_tank,SN-STO-94374,2009-05-11
EQ-01805,ST-0265,boiler,SN-BOI-94983,2014-03-19
EQ-01806,ST-0265,control_panel,SN-CON-39008,2017-09-20
EQ-01807,ST-0266,compressor,SN-COM-94524,2013-05-17
EQ-01808,ST-0266,chiller,SN-CHI-32043,2014-01-04
EQ-01809,ST-0266,chiller,SN-CHI-92125,2010-04-25
EQ-01810,ST-0266,industrial_pump,SN-IND-97768,2010-12-02
EQ-01811,ST-0267,conveyor_system,SN-CON-60900,2007-07-26
EQ-01812,ST-0267,compressor,SN-COM-54864,2012-08-23
EQ-01813,ST-0267,control_panel,SN-CON-56356,2016-12-27
EQ-01814,ST-0268,industrial_pump,SN-IND-37894,2007-08-19
EQ-01815,ST-0268,industrial_pump,SN-IND-80559,2007-10-10
EQ-01816,ST-0268,control_panel,SN-CON-90132,2012-01-13
EQ-01817,ST-0268,control_panel,SN-CON-50649,2006-05-01
EQ-01818,ST-0268,boiler,SN-BOI-92784,2009-02-27
EQ-01819,ST-0268,storage_tank,SN-STO-11681,2017-05-02
EQ-01820,ST-0268,hvac_unit,SN-HVA-14636,2005-11-03
EQ-01821,ST-0269,boiler,SN-BOI-72252,2014-03-23
EQ-01822,ST-0269,switchgear,SN-SWI-34186,2012-01-12
EQ-01823,ST-0269,compressor,SN-COM-48991,2013-02-14
EQ-01824,ST-0269,boiler,SN-BOI-53897,2005-03-26
EQ-01825,ST-0269,switchgear,SN-SWI-89715,2007-05-03
EQ-01826,ST-0270,conveyor_system,SN-CON-90451,2009-07-20
EQ-01827,ST-0270,industrial_pump,SN-IND-71742,2011-08-19
EQ-01828,ST-0270,furnace,SN-FUR-73195,2015-01-04
EQ-01829,ST-0270,furnace,SN-FUR-10687,2016-12-26
EQ-01830,ST-0271,industrial_pump,SN-IND-93035,2014-11-06
EQ-01831,ST-0271,hvac_unit,SN-HVA-79819,2016-06-20
EQ-01832,ST-0271,control_panel,SN-CON-88483,2007-09-15
EQ-01833,ST-0271,boiler,SN-BOI-33291,2005-01-07
EQ-01834,ST-0271,industrial_pump,SN-IND-40520,2005-03-13
EQ-01835,ST-0271,conveyor_system,SN-CON-57760,2006-03-14
EQ-01836,ST-0271,conveyor_system,SN-CON-71023,2008-03-11
EQ-01837,ST-0271,conveyor_system,SN-CON-85255,2008-08-10
EQ-01838,ST-0271,hvac_unit,SN-HVA-45551,2008-04-07
EQ-01839,ST-0271,compressor,SN-COM-50754,2006-08-09
EQ-01840,ST-0271,hvac_unit,SN-HVA-26101,2008-08-17
EQ-01841,ST-0271,storage_tank,SN-STO-28347,2015-03-11
EQ-01842,ST-0272,switchgear,SN-SWI-70702,2015-01-13
EQ-01843,ST-0272,compressor,SN-COM-53722,2013-06-27
EQ-01844,ST-0273,furnace,SN-FUR-86285,2009-08-01
EQ-01845,ST-0273,switchgear,SN-SWI-49943,2012-06-06
EQ-01846,ST-0273,boiler,SN-BOI-64718,2009-11-02
EQ-01847,ST-0273,storage_tank,SN-STO-54243,2005-02-24
EQ-01848,ST-0273,chiller,SN-CHI-86727,2017-01-18
EQ-01849,ST-0273,compressor,SN-COM-48990,2010-05-09
EQ-01850,ST-0273,hvac_unit,SN-HVA-75048,2008-02-09
EQ-01851,ST-0273,hvac_unit,SN-HVA-32523,2006-04-27
EQ-01852,ST-0273,industrial_pump,SN-IND-30289,2005-05-12
EQ-01853,ST-0273,control_panel,SN-CON-74277,2007-02-12
EQ-01854,ST-0273,storage_tank,SN-STO-30686,2005-01-11
EQ-01855,ST-0274,compressor,SN-COM-17090,2014-01-05
EQ-01856,ST-0274,control_panel,SN-CON-21371,2007-04-22
EQ-01857,ST-0274,switchgear,SN-SWI-30265,2006-02-20
EQ-01858,ST-0274,furnace,SN-FUR-38803,2015-03-23
EQ-01859,ST-0274,conveyor_system,SN-CON-55932,2012-08-11
EQ-01860,ST-0274,control_panel,SN-CON-12898,2011-07-06
EQ-01861,ST-0274,furnace,SN-FUR-35315,2018-11-26
EQ-01862,ST-0274,compressor,SN-COM-45586,2016-07-07
EQ-01863,ST-0274,compressor,SN-COM-59953,2006-02-03
EQ-01864,ST-0274,conveyor_system,SN-CON-13430,2008-05-02
EQ-01865,ST-0275,hvac_unit,SN-HVA-54605,2006-01-13
EQ-01866,ST-0275,switchgear,SN-SWI-80335,2007-08-25
EQ-01867,ST-0275,chiller,SN-CHI-50550,2006-07-05
EQ-01868,ST-0275,switchgear,SN-SWI-85376,2015-07-01
EQ-01869,ST-0275,conveyor_system,SN-CON-97604,2006-05-08
EQ-01870,ST-0276,furnace,SN-FUR-79441,2008-08-24
EQ-01871,ST-0276,conveyor_system,SN-CON-75057,2017-05-02
EQ-01872,ST-0276,switchgear,SN-SWI-25755,2006-06-05
EQ-01873,ST-0276,conveyor_system,SN-CON-61792,2012-04-13
EQ-01874,ST-0276,switchgear,SN-SWI-98613,2011-05-11
EQ-01875,ST-0276,industrial_pump,SN-IND-70912,2006-08-04
EQ-01876,ST-0276,hvac_unit,SN-HVA-63020,2009-06-10
EQ-01877,ST-0276,industrial_pump,SN-IND-84381,2015-12-27
EQ-01878,ST-0277,compressor,SN-COM-40938,2018-08-26
EQ-01879,ST-0277,storage_tank,SN-STO-67788,2017-06-06
EQ-01880,ST-0277,conveyor_system,SN-CON-76903,2013-01-13
EQ-01881,ST-0277,conveyor_system,SN-CON-21087,2006-03-02
EQ-01882,ST-0277,storage_tank,SN-STO-66907,2017-02-09
EQ-01883,ST-0277,chiller,SN-CHI-41055,2009-03-21
EQ-01884,ST-0278,hvac_unit,SN-HVA-76987,2011-06-14
EQ-01885,ST-0278,chiller,SN-CHI-23354,2012-06-04
EQ-01886,ST-0278,control_panel,SN-CON-31578,2017-10-23
EQ-01887,ST-0279,control_panel,SN-CON-33787,2009-10-28
EQ-01888,ST-0279,industrial_pump,SN-IND-96811,2017-08-24
EQ-01889,ST-0279,chiller,SN-CHI-97575,2013-10-25
EQ-01890,ST-0279,furnace,SN-FUR-46118,2012-04-28
EQ-01891,ST-0279,boiler,SN-BOI-36406,2014-08-23
EQ-01892,ST-0279,chiller,SN-CHI-42598,2014-03-24
EQ-01893,ST-0279,industrial_pump,SN-IND-91016,2006-08-28
EQ-01894,ST-0279,furnace,SN-FUR-29103,2005-04-11
EQ-01895,ST-0279,control_panel,SN-CON-58158,2007-04-10
EQ-01896,ST-0279,chiller,SN-CHI-41192,2015-06-28
EQ-01897,ST-0279,storage_tank,SN-STO-81837,2011-01-20
EQ-01898,ST-0279,chiller,SN-CHI-84564,2008-12-02
EQ-01899,ST-0280,hvac_unit,SN-HVA-69422,2006-10-17
EQ-01900,ST-0280,furnace,SN-FUR-99056,2016-08-17
EQ-01901,ST-0280,hvac_unit,SN-HVA-86228,2011-06-15
EQ-01902,ST-0280,boiler,SN-BOI-34504,2005-10-23
EQ-01903,ST-0280,chiller,SN-CHI-49629,2009-06-18
EQ-01904,ST-0280,industrial_pump,SN-IND-25478,2017-05-14
EQ-01905,ST-0281,hvac_unit,SN-HVA-93001,2008-07-21
EQ-01906,ST-0281,compressor,SN-COM-14831,2006-05-21
EQ-01907,ST-0281,control_panel,SN-CON-39234,2018-11-16
EQ-01908,ST-0282,switchgear,SN-SWI-87836,2006-10-25
EQ-01909,ST-0282,industrial_pump,SN-IND-60484,2011-09-15
EQ-01910,ST-0282,chiller,SN-CHI-10352,2015-07-14
EQ-01911,ST-0282,switchgear,SN-SWI-59312,2005-05-24
EQ-01912,ST-0282,compressor,SN-COM-25526,2011-05-27
EQ-01913,ST-0282,industrial_pump,SN-IND-85635,2012-08-15
EQ-01914,ST-0282,furnace,SN-FUR-50639,2006-12-13
EQ-01915,ST-0283,compressor,SN-COM-92013,2015-04-20
EQ-01916,ST-0283,conveyor_system,SN-CON-16130,2016-03-15
EQ-01917,ST-0284,control_panel,SN-CON-62186,2016-09-15
EQ-01918,ST-0284,chiller,SN-CHI-84927,2014-07-06
EQ-01919,ST-0284,boiler,SN-BOI-84289,2017-02-01
EQ-01920,ST-0285,hvac_unit,SN-HVA-58001,2005-03-11
EQ-01921,ST-0285,chiller,SN-CHI-48825,2005-04-03
EQ-01922,ST-0285,chiller,SN-CHI-59381,2011-05-22
EQ-01923,ST-0285,chiller,SN-CHI-25634,2015-04-10
EQ-01924,ST-0285,switchgear,SN-SWI-17919,2018-07-19
EQ-01925,ST-0286,hvac_unit,SN-HVA-46726,2010-03-11
EQ-01926,ST-0286,storage_tank,SN-STO-60389,2008-03-13
EQ-01927,ST-0286,furnace,SN-FUR-36461,2012-01-15
EQ-01928,ST-0286,compressor,SN-COM-29099,2014-09-17
EQ-01929,ST-0286,industrial_pump,SN-IND-96518,2006-01-12
EQ-01930,ST-0287,storage_tank,SN-STO-38996,2013-04-14
EQ-01931,ST-0287,chiller,SN-CHI-89472,2014-03-25
EQ-01932,ST-0287,industrial_pump,SN-IND-13975,2009-03-08
EQ-01933,ST-0287,conveyor_system,SN-CON-68325,2013-05-06
EQ-01934,ST-0287,furnace,SN-FUR-25081,2016-01-08
EQ-01935,ST-0287,switchgear,SN-SWI-21508,2015-10-10
EQ-01936,ST-0287,industrial_pump,SN-IND-11830,2011-11-28
EQ-01937,ST-0287,control_panel,SN-CON-95013,2007-01-10
EQ-01938,ST-0287,switchgear,SN-SWI-29982,2012-01-23
EQ-01939,ST-0287,furnace,SN-FUR-96283,2012-02-01
EQ-01940,ST-0287,compressor,SN-COM-89058,2009-12-02
EQ-01941,ST-0288,conveyor_system,SN-CON-93853,2016-04-27
EQ-01942,ST-0288,boiler,SN-BOI-70817,2011-04-18
EQ-01943,ST-0289,control_panel,SN-CON-95383,2007-02-11
EQ-01944,ST-0289,compressor,SN-COM-40467,2007-12-21
EQ-01945,ST-0289,boiler,SN-BOI-20734,2011-10-05
EQ-01946,ST-0289,furnace,SN-FUR-67053,2018-11-22
EQ-01947,ST-0289,conveyor_system,SN-CON-62837,2005-12-16
EQ-01948,ST-0289,chiller,SN-CHI-23052,2010-06-14
EQ-01949,ST-0289,switchgear,SN-SWI-66710,2011-05-16
EQ-01950,ST-0289,boiler,SN-BOI-40432,2011-07-02
EQ-01951,ST-0289,boiler,SN-BOI-89464,2014-05-22
EQ-01952,ST-0289,boiler,SN-BOI-72808,2013-05-15
EQ-01953,ST-0289,hvac_unit,SN-HVA-68526,2012-07-01
EQ-01954,ST-0290,switchgear,SN-SWI-22110,2008-05-21
EQ-01955,ST-0290,storage_tank,SN-STO-52107,2011-02-10
EQ-01956,ST-0290,conveyor_system,SN-CON-53301,2007-10-13
EQ-01957,ST-0290,control_panel,SN-CON-66296,2010-05-11
EQ-01958,ST-0290,conveyor_system,SN-CON-32314,2010-11-27
EQ-01959,ST-0290,storage_tank,SN-STO-55455,2009-04-21
EQ-01960,ST-0290,storage_tank,SN-STO-93198,2017-03-14
EQ-01961,ST-0290,storage_tank,SN-STO-65910,2010-02-26
EQ-01962,ST-0290,conveyor_system,SN-CON-79895,2015-08-26
EQ-01963,ST-0291,furnace,SN-FUR-21763,2009-03-27
EQ-01964,ST-0291,conveyor_system,SN-CON-49345,2005-05-09
EQ-01965,ST-0291,furnace,SN-FUR-24998,2016-03-08
EQ-01966,ST-0291,compressor,SN-COM-78596,2011-11-17
EQ-01967,ST-0291,industrial_pump,SN-IND-87749,2016-08-02
EQ-01968,ST-0291,control_panel,SN-CON-84482,2009-08-17
EQ-01969,ST-0291,industrial_pump,SN-IND-92220,2018-08-15
EQ-01970,ST-0291,industrial_pump,SN-IND-42939,2018-08-08
EQ-01971,ST-0291,switchgear,SN-SWI-69021,2015-08-25
EQ-01972,ST-0292,conveyor_system,SN-CON-83510,2013-09-13
EQ-01973,ST-0292,compressor,SN-COM-16140,2013-10-05
EQ-01974,ST-0292,switchgear,SN-SWI-93971,2009-03-01
EQ-01975,ST-0292,conveyor_system,SN-CON-71408,2012-07-07
EQ-01976,ST-0292,switchgear,SN-SWI-73943,2016-09-09
EQ-01977,ST-0292,compressor,SN-COM-61109,2012-12-15
EQ-01978,ST-0292,storage_tank,SN-STO-73124,2009-02-17
EQ-01979,ST-0292,switchgear,SN-SWI-17336,2010-08-15
EQ-01980,ST-0293,industrial_pump,SN-IND-72713,2012-11-03
EQ-01981,ST-0293,conveyor_system,SN-CON-40898,2009-02-04
EQ-01982,ST-0293,conveyor_system,SN-CON-24205,2012-04-09
EQ-01983,ST-0293,control_panel,SN-CON-47542,2018-10-14
EQ-01984,ST-0293,industrial_pump,SN-IND-56485,2007-09-13
EQ-01985,ST-0293,hvac_unit,SN-HVA-28181,2017-09-09
EQ-01986,ST-0293,storage_tank,SN-STO-40915,2008-03-07
EQ-01987,ST-0293,hvac_unit,SN-HVA-91061,2007-09-15
EQ-01988,ST-0293,chiller,SN-CHI-95308,2016-11-04
EQ-01989,ST-0294,control_panel,SN-CON-40147,2016-08-27
EQ-01990,ST-0294,switchgear,SN-SWI-71489,2017-05-13
EQ-01991,ST-0294,boiler,SN-BOI-87893,2017-08-25
EQ-01992,ST-0294,conveyor_system,SN-CON-60025,2009-12-26
EQ-01993,ST-0294,industrial_pump,SN-IND-39342,2012-12-27
EQ-01994,ST-0294,compressor,SN-COM-96551,2013-10-16
EQ-01995,ST-0294,chiller,SN-CHI-15339,2009-09-28
EQ-01996,ST-0294,chiller,SN-CHI-30635,2011-09-08
EQ-01997,ST-0294,furnace,SN-FUR-89803,2005-04-24
EQ-01998,ST-0294,compressor,SN-COM-61590,2005-02-28
EQ-01999,ST-0294,conveyor_system,SN-CON-44598,2005-08-03
EQ-02000,ST-0295,compressor,SN-COM-27282,2018-03-04
EQ-02001,ST-0295,furnace,SN-FUR-28265,2013-11-10
EQ-02002,ST-0295,hvac_unit,SN-HVA-35015,2008-02-26
EQ-02003,ST-0295,conveyor_system,SN-CON-72907,2016-09-22
EQ-02004,ST-0295,switchgear,SN-SWI-78980,2005-06-09
EQ-02005,ST-0295,chiller,SN-CHI-87584,2017-03-28
EQ-02006,ST-0295,boiler,SN-BOI-74026,2012-05-25
EQ-02007,ST-0295,switchgear,SN-SWI-97566,2007-02-10
EQ-02008,ST-0295,conveyor_system,SN-CON-15575,2008-08-19
EQ-02009,ST-0296,switchgear,SN-SWI-13597,2007-02-07
EQ-02010,ST-0296,switchgear,SN-SWI-85516,2011-04-26
EQ-02011,ST-0296,control_panel,SN-CON-12626,2017-09-27
EQ-02012,ST-0296,storage_tank,SN-STO-47382,2018-03-23
EQ-02013,ST-0296,switchgear,SN-SWI-30573,2011-06-17
EQ-02014,ST-0296,boiler,SN-BOI-17195,2010-07-27
EQ-02015,ST-0296,switchgear,SN-SWI-49351,2007-09-28
EQ-02016,ST-0296,compressor,SN-COM-14206,2009-02-08
EQ-02017,ST-0297,industrial_pump,SN-IND-95184,2015-08-01
EQ-02018,ST-0297,storage_tank,SN-STO-97619,2014-02-08
EQ-02019,ST-0297,switchgear,SN-SWI-94518,2006-12-14
EQ-02020,ST-0297,conveyor_system,SN-CON-64839,2017-11-18
EQ-02021,ST-0297,control_panel,SN-CON-19102,2017-05-24
EQ-02022,ST-0297,industrial_pump,SN-IND-92548,2006-02-20
EQ-02023,ST-0297,conveyor_system,SN-CON-71299,2010-09-04
EQ-02024,ST-0297,boiler,SN-BOI-14257,2006-05-10
EQ-02025,ST-0297,switchgear,SN-SWI-24426,2008-04-23
EQ-02026,ST-0297,boiler,SN-BOI-93637,2014-10-09
EQ-02027,ST-0298,compressor,SN-COM-20396,2012-07-04
EQ-02028,ST-0298,compressor,SN-COM-54278,2018-05-02
EQ-02029,ST-0298,furnace,SN-FUR-48043,2010-02-25
EQ-02030,ST-0299,control_panel,SN-CON-14473,2014-11-04
EQ-02031,ST-0299,industrial_pump,SN-IND-51211,2009-12-21
EQ-02032,ST-0299,switchgear,SN-SWI-78315,2007-04-01
EQ-02033,ST-0299,control_panel,SN-CON-64640,2017-05-11
EQ-02034,ST-0299,control_panel,SN-CON-75665,2014-04-22
EQ-02035,ST-0299,chiller,SN-CHI-11559,2010-01-19
EQ-02036,ST-0299,chiller,SN-CHI-95713,2010-07-06
EQ-02037,ST-0299,chiller,SN-CHI-25086,2015-12-12
EQ-02038,ST-0299,boiler,SN-BOI-90289,2017-04-21
EQ-02039,ST-0299,storage_tank,SN-STO-42977,2006-03-28
EQ-02040,ST-0300,storage_tank,SN-STO-10873,2016-11-03
EQ-02041,ST-0300,furnace,SN-FUR-49887,2018-10-08
EQ-02042,ST-0300,control_panel,SN-CON-88618,2011-10-14
EQ-02043,ST-0300,storage_tank,SN-STO-19544,2014-03-03
EQ-02044,ST-0300,hvac_unit,SN-HVA-58369,2011-03-26
EQ-02045,ST-0301,compressor,SN-COM-25189,2015-06-10
EQ-02046,ST-0301,boiler,SN-BOI-28928,2013-05-16
EQ-02047,ST-0302,control_panel,SN-CON-82491,2017-06-27
EQ-02048,ST-0302,chiller,SN-CHI-86490,2017-01-07
EQ-02049,ST-0302,conveyor_system,SN-CON-36204,2014-12-19
EQ-02050,ST-0302,conveyor_system,SN-CON-27110,2008-03-22
EQ-02051,ST-0302,control_panel,SN-CON-29288,2012-01-16
EQ-02052,ST-0303,chiller,SN-CHI-27158,2007-06-26
EQ-02053,ST-0303,switchgear,SN-SWI-36225,2017-04-27
EQ-02054,ST-0303,storage_tank,SN-STO-40713,2017-01-19
EQ-02055,ST-0303,boiler,SN-BOI-49681,2015-06-28
EQ-02056,ST-0303,hvac_unit,SN-HVA-72794,2015-12-03
EQ-02057,ST-0303,conveyor_system,SN-CON-43352,2017-04-15
EQ-02058,ST-0303,boiler,SN-BOI-97894,2010-09-24
EQ-02059,ST-0303,conveyor_system,SN-CON-72233,2016-12-16
EQ-02060,ST-0303,compressor,SN-COM-41507,2016-07-15
EQ-02061,ST-0303,industrial_pump,SN-IND-78809,2008-11-12
EQ-02062,ST-0303,hvac_unit,SN-HVA-86198,2008-06-06
EQ-02063,ST-0304,boiler,SN-BOI-47273,2018-08-26
EQ-02064,ST-0304,chiller,SN-CHI-69070,2018-07-21
EQ-02065,ST-0304,switchgear,SN-SWI-13664,2018-08-16
EQ-02066,ST-0304,storage_tank,SN-STO-53992,2018-09-24
EQ-02067,ST-0304,conveyor_system,SN-CON-85611,2018-08-21
EQ-02068,ST-0304,compressor,SN-COM-76116,2012-05-19
EQ-02069,ST-0304,hvac_unit,SN-HVA-21685,2016-09-24
EQ-02070,ST-0304,hvac_unit,SN-HVA-33450,2013-04-24
EQ-02071,ST-0304,control_panel,SN-CON-34060,2008-07-26
EQ-02072,ST-0304,hvac_unit,SN-HVA-10787,2007-08-18
EQ-02073,ST-0304,switchgear,SN-SWI-22423,2007-05-15
EQ-02074,ST-0305,chiller,SN-CHI-72221,2008-01-02
EQ-02075,ST-0305,boiler,SN-BOI-10285,2014-05-15
EQ-02076,ST-0305,furnace,SN-FUR-21627,2008-08-11
EQ-02077,ST-0305,compressor,SN-COM-99120,2006-05-26
EQ-02078,ST-0305,furnace,SN-FUR-80384,2016-05-18
EQ-02079,ST-0305,switchgear,SN-SWI-18775,2017-08-25
EQ-02080,ST-0305,chiller,SN-CHI-89393,2009-01-07
EQ-02081,ST-0305,chiller,SN-CHI-50551,2017-02-05
EQ-02082,ST-0305,compressor,SN-COM-13428,2006-12-10
EQ-02083,ST-0306,chiller,SN-CHI-47538,2011-02-01
EQ-02084,ST-0306,conveyor_system,SN-CON-52133,2014-05-04
EQ-02085,ST-0307,control_panel,SN-CON-54758,2015-05-12
EQ-02086,ST-0307,conveyor_system,SN-CON-96732,2013-09-05
EQ-02087,ST-0307,control_panel,SN-CON-65722,2011-09-25
EQ-02088,ST-0307,boiler,SN-BOI-19873,2007-11-19
EQ-02089,ST-0307,boiler,SN-BOI-54486,2016-07-16
EQ-02090,ST-0307,furnace,SN-FUR-46399,2007-06-20
EQ-02091,ST-0307,chiller,SN-CHI-33333,2009-12-15
EQ-02092,ST-0307,conveyor_system,SN-CON-97480,2017-02-02
EQ-02093,ST-0307,switchgear,SN-SWI-36415,2014-04-15
EQ-02094,ST-0307,hvac_unit,SN-HVA-87241,2007-09-20
EQ-02095,ST-0307,compressor,SN-COM-32081,2013-02-17
EQ-02096,ST-0308,hvac_unit,SN-HVA-28871,2014-10-11
EQ-02097,ST-0308,furnace,SN-FUR-63009,2018-10-15
EQ-02098,ST-0308,conveyor_system,SN-CON-70271,2007-11-11
EQ-02099,ST-0308,chiller,SN-CHI-87667,2018-08-07
EQ-02100,ST-0308,switchgear,SN-SWI-23246,2014-03-24
EQ-02101,ST-0308,control_panel,SN-CON-94533,2008-11-26
EQ-02102,ST-0308,conveyor_system,SN-CON-46594,2018-10-11
EQ-02103,ST-0308,switchgear,SN-SWI-84645,2012-12-17
EQ-02104,ST-0308,switchgear,SN-SWI-45666,2012-06-06
EQ-02105,ST-0308,switchgear,SN-SWI-80069,2015-02-25
EQ-02106,ST-0309,storage_tank,SN-STO-59545,2017-08-13
EQ-02107,ST-0309,control_panel,SN-CON-44822,2010-04-19
EQ-02108,ST-0309,conveyor_system,SN-CON-17677,2005-12-19
EQ-02109,ST-0309,boiler,SN-BOI-12012,2011-08-03
EQ-02110,ST-0309,compressor,SN-COM-97879,2005-07-07
EQ-02111,ST-0309,furnace,SN-FUR-75635,2012-03-11
EQ-02112,ST-0310,compressor,SN-COM-13999,2008-08-13
EQ-02113,ST-0310,conveyor_system,SN-CON-99438,2014-06-18
EQ-02114,ST-0310,storage_tank,SN-STO-23833,2010-05-20
EQ-02115,ST-0311,industrial_pump,SN-IND-97481,2012-02-16
EQ-02116,ST-0311,industrial_pump,SN-IND-97189,2011-09-26
EQ-02117,ST-0311,conveyor_system,SN-CON-31128,2010-09-25
EQ-02118,ST-0311,hvac_unit,SN-HVA-93774,2008-04-02
EQ-02119,ST-0312,conveyor_system,SN-CON-55375,2012-04-16
EQ-02120,ST-0312,conveyor_system,SN-CON-70163,2006-10-17
EQ-02121,ST-0312,industrial_pump,SN-IND-19113,2009-08-16
EQ-02122,ST-0312,boiler,SN-BOI-54030,2011-04-04
EQ-02123,ST-0312,compressor,SN-COM-77389,2011-02-23
EQ-02124,ST-0312,conveyor_system,SN-CON-75448,2011-11-18
EQ-02125,ST-0312,conveyor_system,SN-CON-49121,2007-01-09
EQ-02126,ST-0312,furnace,SN-FUR-37300,2014-01-09
EQ-02127,ST-0312,compressor,SN-COM-39858,2016-12-17
EQ-02128,ST-0313,chiller,SN-CHI-45828,2011-12-21
EQ-02129,ST-0313,industrial_pump,SN-IND-18523,2017-01-27
EQ-02130,ST-0313,boiler,SN-BOI-91207,2009-07-20
EQ-02131,ST-0314,boiler,SN-BOI-33423,2018-05-13
EQ-02132,ST-0314,furnace,SN-FUR-85934,2010-05-28
EQ-02133,ST-0315,hvac_unit,SN-HVA-63893,2005-11-19
EQ-02134,ST-0315,industrial_pump,SN-IND-63356,2006-05-24
EQ-02135,ST-0315,industrial_pump,SN-IND-20966,2017-07-06
EQ-02136,ST-0315,hvac_unit,SN-HVA-92208,2009-05-28
EQ-02137,ST-0315,boiler,SN-BOI-20323,2009-05-25
EQ-02138,ST-0315,conveyor_system,SN-CON-12638,2007-07-10
EQ-02139,ST-0315,switchgear,SN-SWI-83263,2007-05-16
EQ-02140,ST-0315,chiller,SN-CHI-40730,2018-02-27
EQ-02141,ST-0315,control_panel,SN-CON-64756,2011-12-24
EQ-02142,ST-0316,storage_tank,SN-STO-76808,2014-02-23
EQ-02143,ST-0316,conveyor_system,SN-CON-25499,2016-04-03
EQ-02144,ST-0316,switchgear,SN-SWI-89575,2011-09-06
EQ-02145,ST-0316,chiller,SN-CHI-95743,2016-06-05
EQ-02146,ST-0316,boiler,SN-BOI-41041,2005-10-17
EQ-02147,ST-0316,storage_tank,SN-STO-28368,2015-07-22
EQ-02148,ST-0316,hvac_unit,SN-HVA-32573,2016-03-07
EQ-02149,ST-0316,chiller,SN-CHI-84211,2013-07-12
EQ-02150,ST-0316,hvac_unit,SN-HVA-86789,2010-03-13
EQ-02151,ST-0317,storage_tank,SN-STO-67898,2005-01-01
EQ-02152,ST-0317,compressor,SN-COM-75634,2017-06-21
EQ-02153,ST-0317,boiler,SN-BOI-12326,2012-09-25
EQ-02154,ST-0317,control_panel,SN-CON-10881,2013-03-25
EQ-02155,ST-0318,chiller,SN-CHI-23515,2018-10-14
EQ-02156,ST-0318,hvac_unit,SN-HVA-57757,2007-09-01
EQ-02157,ST-0318,boiler,SN-BOI-67532,2017-05-12
EQ-02158,ST-0318,storage_tank,SN-STO-20283,2012-08-02
EQ-02159,ST-0318,control_panel,SN-CON-94260,2013-11-03
EQ-02160,ST-0318,compressor,SN-COM-65201,2009-02-03
EQ-02161,ST-0318,hvac_unit,SN-HVA-26225,2011-06-11
EQ-02162,ST-0318,conveyor_system,SN-CON-81151,2014-01-26
EQ-02163,ST-0318,hvac_unit,SN-HVA-51210,2010-04-18
EQ-02164,ST-0318,conveyor_system,SN-CON-63467,2016-11-08
EQ-02165,ST-0319,furnace,SN-FUR-45509,2009-10-25
EQ-02166,ST-0319,furnace,SN-FUR-70183,2006-02-20
EQ-02167,ST-0319,conveyor_system,SN-CON-81559,2009-04-01
EQ-02168,ST-0319,hvac_unit,SN-HVA-74889,2018-09-20
EQ-02169,ST-0319,conveyor_system,SN-CON-61837,2005-06-13
EQ-02170,ST-0319,hvac_unit,SN-HVA-71932,2011-08-04
EQ-02171,ST-0319,conveyor_system,SN-CON-90085,2011-03-25
EQ-02172,ST-0319,switchgear,SN-SWI-58709,2018-10-02
EQ-02173,ST-0319,industrial_pump,SN-IND-53743,2005-04-04
EQ-02174,ST-0319,hvac_unit,SN-HVA-27439,2014-05-21
EQ-02175,ST-0320,switchgear,SN-SWI-21094,2006-03-27
EQ-02176,ST-0320,chiller,SN-CHI-92809,2007-05-26
EQ-02177,ST-0321,switchgear,SN-SWI-12054,2011-05-14
EQ-02178,ST-0321,chiller,SN-CHI-94986,2015-05-05
EQ-02179,ST-0321,conveyor_system,SN-CON-85134,2018-04-04
EQ-02180,ST-0322,conveyor_system,SN-CON-45819,2008-01-14
EQ-02181,ST-0322,industrial_pump,SN-IND-51071,2008-05-18
EQ-02182,ST-0323,industrial_pump,SN-IND-50210,2011-12-09
EQ-02183,ST-0323,control_panel,SN-CON-22736,2009-10-03
EQ-02184,ST-0323,boiler,SN-BOI-92386,2016-06-18
EQ-02185,ST-0323,hvac_unit,SN-HVA-49216,2017-04-09
EQ-02186,ST-0323,hvac_unit,SN-HVA-81442,2007-11-17
EQ-02187,ST-0323,furnace,SN-FUR-91252,2015-03-22
EQ-02188,ST-0323,furnace,SN-FUR-44300,2011-02-08
EQ-02189,ST-0323,storage_tank,SN-STO-84553,2011-02-21
EQ-02190,ST-0323,control_panel,SN-CON-91722,2010-07-27
EQ-02191,ST-0323,control_panel,SN-CON-77560,2014-12-24
EQ-02192,ST-0323,storage_tank,SN-STO-31111,2008-10-27
EQ-02193,ST-0324,hvac_unit,SN-HVA-72992,2014-12-01
EQ-02194,ST-0324,furnace,SN-FUR-70782,2017-07-18
EQ-02195,ST-0324,chiller,SN-CHI-19132,2014-10-13
EQ-02196,ST-0324,furnace,SN-FUR-79489,2009-07-15
EQ-02197,ST-0324,control_panel,SN-CON-18577,2018-04-22
EQ-02198,ST-0324,switchgear,SN-SWI-10358,2018-12-13
EQ-02199,ST-0324,chiller,SN-CHI-73772,2015-09-14
EQ-02200,ST-0325,switchgear,SN-SWI-54272,2018-08-11
EQ-02201,ST-0325,furnace,SN-FUR-82420,2018-04-09
EQ-02202,ST-0325,boiler,SN-BOI-66128,2006-05-11
EQ-02203,ST-0325,control_panel,SN-CON-93530,2005-04-19
EQ-02204,ST-0325,switchgear,SN-SWI-57191,2005-11-04
EQ-02205,ST-0325,compressor,SN-COM-40598,2016-12-11
EQ-02206,ST-0325,compressor,SN-COM-75106,2007-03-08
EQ-02207,ST-0325,boiler,SN-BOI-97638,2014-04-06
EQ-02208,ST-0326,conveyor_system,SN-CON-64456,2009-01-16
EQ-02209,ST-0326,chiller,SN-CHI-84792,2010-06-01
EQ-02210,ST-0326,storage_tank,SN-STO-45332,2013-08-14
EQ-02211,ST-0326,switchgear,SN-SWI-56100,2005-08-20
EQ-02212,ST-0326,control_panel,SN-CON-56900,2005-04-20
EQ-02213,ST-0326,furnace,SN-FUR-78304,2011-01-06
EQ-02214,ST-0326,industrial_pump,SN-IND-87406,2015-09-24
EQ-02215,ST-0326,switchgear,SN-SWI-89928,2010-06-19
EQ-02216,ST-0327,compressor,SN-COM-85376,2007-05-14
EQ-02217,ST-0327,hvac_unit,SN-HVA-10795,2013-12-28
EQ-02218,ST-0327,compressor,SN-COM-61539,2015-04-23
EQ-02219,ST-0328,industrial_pump,SN-IND-37126,2007-06-28
EQ-02220,ST-0328,industrial_pump,SN-IND-31350,2018-04-12
EQ-02221,ST-0328,chiller,SN-CHI-61308,2013-03-05
EQ-02222,ST-0328,compressor,SN-COM-56284,2017-06-13
EQ-02223,ST-0329,conveyor_system,SN-CON-41921,2014-06-16
EQ-02224,ST-0329,furnace,SN-FUR-10982,2012-03-25
EQ-02225,ST-0329,furnace,SN-FUR-95798,2010-06-19
EQ-02226,ST-0329,furnace,SN-FUR-99136,2017-11-06
EQ-02227,ST-0329,conveyor_system,SN-CON-85608,2012-02-16
EQ-02228,ST-0329,industrial_pump,SN-IND-19574,2015-09-07
EQ-02229,ST-0329,hvac_unit,SN-HVA-17577,2017-09-03
EQ-02230,ST-0329,storage_tank,SN-STO-19599,2005-12-15
EQ-02231,ST-0329,chiller,SN-CHI-79237,2015-07-07
EQ-02232,ST-0329,storage_tank,SN-STO-50719,2015-06-04
EQ-02233,ST-0330,compressor,SN-COM-93761,2010-05-08
EQ-02234,ST-0330,chiller,SN-CHI-12990,2010-06-12
EQ-02235,ST-0330,boiler,SN-BOI-67728,2016-01-19
EQ-02236,ST-0330,boiler,SN-BOI-16601,2007-04-28
EQ-02237,ST-0330,conveyor_system,SN-CON-53686,2005-03-06
EQ-02238,ST-0330,switchgear,SN-SWI-72123,2008-12-17
EQ-02239,ST-0331,compressor,SN-COM-39223,2010-09-13
EQ-02240,ST-0331,industrial_pump,SN-IND-43405,2009-12-19
EQ-02241,ST-0331,furnace,SN-FUR-33994,2007-12-20
EQ-02242,ST-0331,storage_tank,SN-STO-75572,2013-10-22
EQ-02243,ST-0331,industrial_pump,SN-IND-62260,2005-07-27
EQ-02244,ST-0331,furnace,SN-FUR-78153,2013-01-12
EQ-02245,ST-0331,hvac_unit,SN-HVA-29067,2018-12-09
EQ-02246,ST-0331,control_panel,SN-CON-65304,2005-09-04
EQ-02247,ST-0331,furnace,SN-FUR-61072,2013-12-20
EQ-02248,ST-0331,industrial_pump,SN-IND-33022,2005-12-19
EQ-02249,ST-0331,hvac_unit,SN-HVA-49413,2008-07-07
EQ-02250,ST-0332,switchgear,SN-SWI-14604,2016-07-01
EQ-02251,ST-0332,boiler,SN-BOI-38574,2011-02-23
EQ-02252,ST-0332,industrial_pump,SN-IND-62139,2017-12-20
EQ-02253,ST-0332,boiler,SN-BOI-59952,2010-12-14
EQ-02254,ST-0332,compressor,SN-COM-58528,2017-10-11
EQ-02255,ST-0332,switchgear,SN-SWI-51324,2005-03-14
EQ-02256,ST-0332,boiler,SN-BOI-62195,2009-01-15
EQ-02257,ST-0332,chiller,SN-CHI-88367,2016-12-11
EQ-02258,ST-0332,compressor,SN-COM-73108,2009-06-16
EQ-02259,ST-0332,furnace,SN-FUR-68709,2012-11-01
EQ-02260,ST-0332,industrial_pump,SN-IND-46030,2005-05-22
EQ-02261,ST-0333,compressor,SN-COM-45420,2007-06-10
EQ-02262,ST-0333,hvac_unit,SN-HVA-96788,2017-04-14
EQ-02263,ST-0333,storage_tank,SN-STO-89648,2005-03-27
EQ-02264,ST-0333,control_panel,SN-CON-18453,2010-03-11
EQ-02265,ST-0333,hvac_unit,SN-HVA-91469,2012-01-07
EQ-02266,ST-0333,compressor,SN-COM-20191,2005-12-23
EQ-02267,ST-0334,conveyor_system,SN-CON-99556,2017-05-26
EQ-02268,ST-0334,hvac_unit,SN-HVA-64565,2011-02-08
EQ-02269,ST-0334,storage_tank,SN-STO-22092,2007-12-21
EQ-02270,ST-0334,chiller,SN-CHI-64772,2013-06-06
EQ-02271,ST-0334,storage_tank,SN-STO-57587,2005-08-17
EQ-02272,ST-0334,industrial_pump,SN-IND-71759,2014-08-22
EQ-02273,ST-0334,hvac_unit,SN-HVA-61541,2008-11-16
EQ-02274,ST-0335,storage_tank,SN-STO-63242,2017-10-04
EQ-02275,ST-0335,compressor,SN-COM-76381,2007-07-27
EQ-02276,ST-0336,hvac_unit,SN-HVA-45458,2008-11-26
EQ-02277,ST-0336,control_panel,SN-CON-23854,2005-03-20
EQ-02278,ST-0336,chiller,SN-CHI-23399,2005-05-18
EQ-02279,ST-0336,control_panel,SN-CON-24085,2005-09-14
EQ-02280,ST-0337,control_panel,SN-CON-25377,2006-11-23
EQ-02281,ST-0337,hvac_unit,SN-HVA-54454,2006-02-15
EQ-02282,ST-0338,chiller,SN-CHI-78086,2008-09-05
EQ-02283,ST-0338,storage_tank,SN-STO-56526,2007-12-05
EQ-02284,ST-0338,chiller,SN-CHI-24828,2005-10-13
EQ-02285,ST-0338,boiler,SN-BOI-67763,2005-10-22
EQ-02286,ST-0338,industrial_pump,SN-IND-77395,2011-08-01
EQ-02287,ST-0338,chiller,SN-CHI-64084,2015-03-27
EQ-02288,ST-0338,switchgear,SN-SWI-67429,2007-05-07
EQ-02289,ST-0338,conveyor_system,SN-CON-97436,2013-10-24
EQ-02290,ST-0338,control_panel,SN-CON-27553,2009-06-13
EQ-02291,ST-0339,chiller,SN-CHI-50043,2015-01-20
EQ-02292,ST-0339,control_panel,SN-CON-24595,2014-04-04
EQ-02293,ST-0339,industrial_pump,SN-IND-64014,2017-05-06
EQ-02294,ST-0339,furnace,SN-FUR-47525,2007-11-18
EQ-02295,ST-0339,compressor,SN-COM-63998,2012-08-26
EQ-02296,ST-0339,hvac_unit,SN-HVA-23836,2012-05-21
EQ-02297,ST-0339,furnace,SN-FUR-40961,2018-04-28
EQ-02298,ST-0339,chiller,SN-CHI-80608,2016-01-01
EQ-02299,ST-0339,hvac_unit,SN-HVA-85176,2005-08-19
EQ-02300,ST-0339,boiler,SN-BOI-38820,2016-08-27
EQ-02301,ST-0340,industrial_pump,SN-IND-94030,2005-12-17
EQ-02302,ST-0340,hvac_unit,SN-HVA-91953,2007-09-04
EQ-02303,ST-0340,storage_tank,SN-STO-60210,2013-01-22
EQ-02304,ST-0340,industrial_pump,SN-IND-60848,2016-02-10
EQ-02305,ST-0340,conveyor_system,SN-CON-41879,2014-06-26
EQ-02306,ST-0340,hvac_unit,SN-HVA-12277,2018-05-15
EQ-02307,ST-0340,conveyor_system,SN-CON-56937,2013-05-02
EQ-02308,ST-0341,control_panel,SN-CON-42134,2014-09-10
EQ-02309,ST-0341,conveyor_system,SN-CON-16579,2015-06-09
EQ-02310,ST-0341,boiler,SN-BOI-43109,2017-05-16
EQ-02311,ST-0342,conveyor_system,SN-CON-69903,2014-03-03
EQ-02312,ST-0342,conveyor_system,SN-CON-81560,2012-03-05
EQ-02313,ST-0343,chiller,SN-CHI-50636,2014-11-05
EQ-02314,ST-0343,boiler,SN-BOI-58049,2016-12-07
EQ-02315,ST-0343,control_panel,SN-CON-71020,2006-07-13
EQ-02316,ST-0343,hvac_unit,SN-HVA-48250,2007-06-27
EQ-02317,ST-0344,boiler,SN-BOI-78196,2017-02-26
EQ-02318,ST-0344,boiler,SN-BOI-58435,2015-09-24
EQ-02319,ST-0344,conveyor_system,SN-CON-40704,2005-05-23
EQ-02320,ST-0344,storage_tank,SN-STO-93624,2014-08-17
EQ-02321,ST-0344,switchgear,SN-SWI-92247,2016-07-01
EQ-02322,ST-0344,boiler,SN-BOI-66408,2005-05-24
EQ-02323,ST-0344,storage_tank,SN-STO-81052,2014-03-21
EQ-02324,ST-0345,furnace,SN-FUR-59506,2013-12-23
EQ-02325,ST-0345,control_panel,SN-CON-37141,2005-05-18
EQ-02326,ST-0345,storage_tank,SN-STO-27196,2006-06-17
EQ-02327,ST-0345,control_panel,SN-CON-65835,2006-04-20
EQ-02328,ST-0345,storage_tank,SN-STO-18454,2011-06-24
EQ-02329,ST-0345,control_panel,SN-CON-93649,2007-11-18
EQ-02330,ST-0345,industrial_pump,SN-IND-32029,2016-03-20
EQ-02331,ST-0346,conveyor_system,SN-CON-94934,2017-04-13
EQ-02332,ST-0346,conveyor_system,SN-CON-13455,2014-06-14
EQ-02333,ST-0346,switchgear,SN-SWI-30204,2017-05-08
EQ-02334,ST-0346,conveyor_system,SN-CON-44673,2018-03-04
EQ-02335,ST-0346,chiller,SN-CHI-48686,2018-07-04
EQ-02336,ST-0347,control_panel,SN-CON-98638,2015-05-04
EQ-02337,ST-0347,furnace,SN-FUR-70332,2006-12-11
EQ-02338,ST-0347,compressor,SN-COM-29970,2010-03-13
EQ-02339,ST-0347,furnace,SN-FUR-93161,2011-03-09
EQ-02340,ST-0347,storage_tank,SN-STO-55027,2005-05-21
EQ-02341,ST-0347,conveyor_system,SN-CON-29167,2014-05-17
EQ-02342,ST-0347,boiler,SN-BOI-46784,2015-01-03
EQ-02343,ST-0347,control_panel,SN-CON-28061,2007-11-21
EQ-02344,ST-0347,boiler,SN-BOI-79011,2012-08-25
EQ-02345,ST-0348,conveyor_system,SN-CON-13675,2013-06-09
EQ-02346,ST-0348,chiller,SN-CHI-57666,2014-08-10
EQ-02347,ST-0348,conveyor_system,SN-CON-17034,2012-05-16
EQ-02348,ST-0348,compressor,SN-COM-17242,2015-08-28
EQ-02349,ST-0348,control_panel,SN-CON-58803,2010-02-04
EQ-02350,ST-0348,industrial_pump,SN-IND-73525,2005-07-27
EQ-02351,ST-0348,hvac_unit,SN-HVA-72795,2008-09-26
EQ-02352,ST-0349,chiller,SN-CHI-31092,2007-12-26
EQ-02353,ST-0349,control_panel,SN-CON-36707,2016-05-03
EQ-02354,ST-0350,storage_tank,SN-STO-24977,2006-10-25
EQ-02355,ST-0350,chiller,SN-CHI-16715,2010-04-16
EQ-02356,ST-0350,chiller,SN-CHI-10037,2018-08-25
EQ-02357,ST-0350,furnace,SN-FUR-40619,2013-02-26
EQ-02358,ST-0351,furnace,SN-FUR-88159,2005-12-24
EQ-02359,ST-0351,hvac_unit,SN-HVA-67508,2012-01-20
EQ-02360,ST-0352,industrial_pump,SN-IND-93412,2007-04-28
EQ-02361,ST-0352,boiler,SN-BOI-65903,2009-07-07
EQ-02362,ST-0352,control_panel,SN-CON-88070,2007-01-19
EQ-02363,ST-0352,conveyor_system,SN-CON-45448,2014-06-02
EQ-02364,ST-0352,conveyor_system,SN-CON-57673,2013-03-12
EQ-02365,ST-0352,industrial_pump,SN-IND-49985,2006-06-15
EQ-02366,ST-0352,storage_tank,SN-STO-10307,2010-12-03
EQ-02367,ST-0352,control_panel,SN-CON-64010,2010-01-24
EQ-02368,ST-0352,hvac_unit,SN-HVA-15763,2016-04-06
EQ-02369,ST-0352,switchgear,SN-SWI-56858,2012-01-05
EQ-02370,ST-0352,storage_tank,SN-STO-97490,2014-05-24
EQ-02371,ST-0353,storage_tank,SN-STO-69211,2009-06-15
EQ-02372,ST-0353,boiler,SN-BOI-96927,2017-12-28
EQ-02373,ST-0353,control_panel,SN-CON-29878,2010-01-20
EQ-02374,ST-0353,chiller,SN-CHI-16575,2017-11-04
EQ-02375,ST-0353,conveyor_system,SN-CON-23443,2007-11-12
EQ-02376,ST-0353,compressor,SN-COM-91234,2011-12-19
EQ-02377,ST-0353,control_panel,SN-CON-71002,2017-04-27
EQ-02378,ST-0353,conveyor_system,SN-CON-59536,2007-09-28
EQ-02379,ST-0353,hvac_unit,SN-HVA-74126,2016-02-08
EQ-02380,ST-0353,furnace,SN-FUR-43134,2008-06-16
EQ-02381,ST-0354,furnace,SN-FUR-95290,2010-06-03
EQ-02382,ST-0354,conveyor_system,SN-CON-46976,2011-09-23
EQ-02383,ST-0355,control_panel,SN-CON-95575,2009-06-07
EQ-02384,ST-0355,switchgear,SN-SWI-54379,2010-03-06
EQ-02385,ST-0355,compressor,SN-COM-46578,2016-09-05
EQ-02386,ST-0355,conveyor_system,SN-CON-25469,2010-05-05
EQ-02387,ST-0355,boiler,SN-BOI-49338,2015-10-06
EQ-02388,ST-0355,compressor,SN-COM-92548,2006-04-17
EQ-02389,ST-0355,compressor,SN-COM-81345,2013-08-06
EQ-02390,ST-0355,chiller,SN-CHI-12374,2016-10-07
EQ-02391,ST-0355,control_panel,SN-CON-45335,2012-02-27
EQ-02392,ST-0355,compressor,SN-COM-97720,2005-06-24
EQ-02393,ST-0355,boiler,SN-BOI-28035,2011-05-19
EQ-02394,ST-0355,compressor,SN-COM-52104,2007-10-24
EQ-02395,ST-0356,switchgear,SN-SWI-50126,2018-12-13
EQ-02396,ST-0356,storage_tank,SN-STO-60239,2006-08-26
EQ-02397,ST-0356,compressor,SN-COM-74853,2011-04-10
EQ-02398,ST-0356,compressor,SN-COM-18146,2011-11-10
EQ-02399,ST-0356,switchgear,SN-SWI-51602,2007-09-15
EQ-02400,ST-0356,furnace,SN-FUR-62827,2005-03-14
EQ-02401,ST-0356,conveyor_system,SN-CON-54534,2014-06-03
EQ-02402,ST-0356,chiller,SN-CHI-50067,2018-10-10
EQ-02403,ST-0357,conveyor_system,SN-CON-74722,2005-10-22
EQ-02404,ST-0357,control_panel,SN-CON-33095,2016-11-15
EQ-02405,ST-0357,chiller,SN-CHI-17566,2016-04-25
EQ-02406,ST-0357,control_panel,SN-CON-91626,2005-10-18
EQ-02407,ST-0357,switchgear,SN-SWI-29929,2006-06-18
EQ-02408,ST-0357,boiler,SN-BOI-35072,2014-07-05
EQ-02409,ST-0357,switchgear,SN-SWI-84934,2009-05-16
EQ-02410,ST-0357,storage_tank,SN-STO-77774,2011-03-19
EQ-02411,ST-0357,chiller,SN-CHI-40607,2008-01-02
EQ-02412,ST-0357,compressor,SN-COM-90296,2017-08-01
EQ-02413,ST-0357,furnace,SN-FUR-88832,2014-07-11
EQ-02414,ST-0357,control_panel,SN-CON-71621,2006-06-18
EQ-02415,ST-0358,furnace,SN-FUR-82497,2008-04-03
EQ-02416,ST-0358,chiller,SN-CHI-91626,2017-12-01
EQ-02417,ST-0358,compressor,SN-COM-24131,2013-06-13
EQ-02418,ST-0358,hvac_unit,SN-HVA-83959,2015-09-19
EQ-02419,ST-0358,conveyor_system,SN-CON-50875,2007-01-10
EQ-02420,ST-0358,switchgear,SN-SWI-23771,2009-01-14
EQ-02421,ST-0358,conveyor_system,SN-CON-37122,2018-01-17
EQ-02422,ST-0358,storage_tank,SN-STO-13605,2010-10-18
EQ-02423,ST-0358,control_panel,SN-CON-83933,2009-05-11
EQ-02424,ST-0358,boiler,SN-BOI-60913,2011-08-14
EQ-02425,ST-0359,switchgear,SN-SWI-63997,2018-12-17
EQ-02426,ST-0359,storage_tank,SN-STO-30382,2015-05-13
EQ-02427,ST-0359,boiler,SN-BOI-22544,2009-03-15
EQ-02428,ST-0359,furnace,SN-FUR-50436,2017-12-22
EQ-02429,ST-0360,industrial_pump,SN-IND-93353,2015-09-20
EQ-02430,ST-0360,hvac_unit,SN-HVA-15200,2013-11-22
EQ-02431,ST-0360,boiler,SN-BOI-63079,2010-10-21
EQ-02432,ST-0360,switchgear,SN-SWI-51984,2005-07-22
EQ-02433,ST-0361,hvac_unit,SN-HVA-47490,2010-03-28
EQ-02434,ST-0361,control_panel,SN-CON-16583,2007-11-24
EQ-02435,ST-0361,furnace,SN-FUR-60562,2014-02-19
EQ-02436,ST-0361,conveyor_system,SN-CON-10836,2014-06-05
EQ-02437,ST-0361,furnace,SN-FUR-63799,2017-07-28
EQ-02438,ST-0361,furnace,SN-FUR-23522,2017-04-04
EQ-02439,ST-0361,boiler,SN-BOI-99591,2005-08-23
EQ-02440,ST-0361,industrial_pump,SN-IND-27069,2014-07-04
EQ-02441,ST-0361,control_panel,SN-CON-85893,2011-03-16
EQ-02442,ST-0361,hvac_unit,SN-HVA-52467,2008-06-05
EQ-02443,ST-0361,switchgear,SN-SWI-96937,2005-02-21
EQ-02444,ST-0361,conveyor_system,SN-CON-86640,2012-05-16
EQ-02445,ST-0362,hvac_unit,SN-HVA-75517,2011-03-03
EQ-02446,ST-0362,conveyor_system,SN-CON-36122,2008-09-18
EQ-02447,ST-0362,compressor,SN-COM-65440,2006-08-27
EQ-02448,ST-0362,industrial_pump,SN-IND-57336,2010-11-15
EQ-02449,ST-0362,hvac_unit,SN-HVA-44061,2016-09-16
EQ-02450,ST-0362,industrial_pump,SN-IND-79439,2006-11-18
EQ-02451,ST-0362,control_panel,SN-CON-17115,2005-06-13
EQ-02452,ST-0362,storage_tank,SN-STO-47052,2009-11-26
EQ-02453,ST-0362,storage_tank,SN-STO-65020,2010-07-25
EQ-02454,ST-0363,chiller,SN-CHI-65251,2018-09-28
EQ-02455,ST-0363,conveyor_system,SN-CON-29008,2012-01-26
EQ-02456,ST-0363,boiler,SN-BOI-94442,2009-12-21
EQ-02457,ST-0363,chiller,SN-CHI-38258,2013-10-18
EQ-02458,ST-0363,chiller,SN-CHI-98720,2007-01-28
EQ-02459,ST-0363,control_panel,SN-CON-92499,2006-06-09
EQ-02460,ST-0363,conveyor_system,SN-CON-45487,2014-05-11
EQ-02461,ST-0364,storage_tank,SN-STO-37179,2011-07-12
EQ-02462,ST-0364,compressor,SN-COM-62675,2018-12-27
EQ-02463,ST-0364,boiler,SN-BOI-74354,2008-03-15
EQ-02464,ST-0364,control_panel,SN-CON-51191,2016-05-19
EQ-02465,ST-0364,furnace,SN-FUR-84359,2014-01-02
EQ-02466,ST-0365,compressor,SN-COM-39825,2010-03-23
EQ-02467,ST-0365,hvac_unit,SN-HVA-47056,2006-10-24
EQ-02468,ST-0365,conveyor_system,SN-CON-70376,2015-04-07
EQ-02469,ST-0365,compressor,SN-COM-13146,2005-12-28
EQ-02470,ST-0365,conveyor_system,SN-CON-25652,2016-06-07
EQ-02471,ST-0365,control_panel,SN-CON-15242,2016-05-10
EQ-02472,ST-0365,switchgear,SN-SWI-97655,2006-12-27
EQ-02473,ST-0365,boiler,SN-BOI-17281,2014-03-12
EQ-02474,ST-0366,conveyor_system,SN-CON-20720,2011-11-23
EQ-02475,ST-0366,hvac_unit,SN-HVA-81931,2013-01-26
EQ-02476,ST-0366,chiller,SN-CHI-44803,2014-05-28
EQ-02477,ST-0366,chiller,SN-CHI-53278,2013-09-22
EQ-02478,ST-0366,switchgear,SN-SWI-29120,2018-02-14
EQ-02479,ST-0367,storage_tank,SN-STO-90434,2006-03-23
EQ-02480,ST-0367,conveyor_system,SN-CON-66819,2011-08-14
EQ-02481,ST-0367,industrial_pump,SN-IND-85630,2016-03-25
EQ-02482,ST-0367,chiller,SN-CHI-13921,2009-01-07
EQ-02483,ST-0367,chiller,SN-CHI-50830,2009-03-23
EQ-02484,ST-0367,hvac_unit,SN-HVA-91374,2009-08-06
EQ-02485,ST-0368,industrial_pump,SN-IND-66417,2008-02-21
EQ-02486,ST-0368,industrial_pump,SN-IND-31771,2007-09-05
EQ-02487,ST-0368,furnace,SN-FUR-81596,2005-05-13
EQ-02488,ST-0368,chiller,SN-CHI-25676,2013-06-15
EQ-02489,ST-0368,compressor,SN-COM-17704,2011-05-01
EQ-02490,ST-0368,compressor,SN-COM-40209,2013-08-27
EQ-02491,ST-0368,compressor,SN-COM-85757,2007-07-12
EQ-02492,ST-0369,boiler,SN-BOI-30316,2012-04-09
EQ-02493,ST-0369,chiller,SN-CHI-45597,2005-07-25
EQ-02494,ST-0370,storage_tank,SN-STO-14071,2005-04-27
EQ-02495,ST-0370,control_panel,SN-CON-83972,2011-01-10
EQ-02496,ST-0370,storage_tank,SN-STO-26967,2007-09-18
EQ-02497,ST-0370,storage_tank,SN-STO-79106,2005-11-12
EQ-02498,ST-0370,hvac_unit,SN-HVA-56896,2015-03-09
EQ-02499,ST-0371,conveyor_system,SN-CON-60606,2015-04-26
EQ-02500,ST-0371,storage_tank,SN-STO-80705,2008-03-26
EQ-02501,ST-0372,control_panel,SN-CON-63145,2008-09-24
EQ-02502,ST-0372,furnace,SN-FUR-60807,2012-10-28
EQ-02503,ST-0372,hvac_unit,SN-HVA-83572,2016-10-17
EQ-02504,ST-0372,hvac_unit,SN-HVA-89938,2017-09-01
EQ-02505,ST-0372,storage_tank,SN-STO-39973,2016-05-14
EQ-02506,ST-0372,control_panel,SN-CON-89839,2010-10-25
EQ-02507,ST-0372,industrial_pump,SN-IND-81187,2015-05-25
EQ-02508,ST-0372,compressor,SN-COM-39613,2011-11-08
EQ-02509,ST-0372,storage_tank,SN-STO-71267,2009-02-18
EQ-02510,ST-0373,switchgear,SN-SWI-16762,2007-10-26
EQ-02511,ST-0373,compressor,SN-COM-37726,2013-05-06
EQ-02512,ST-0373,industrial_pump,SN-IND-18634,2008-04-23
EQ-02513,ST-0373,storage_tank,SN-STO-73419,2005-04-08
EQ-02514,ST-0373,furnace,SN-FUR-46517,2006-03-14
EQ-02515,ST-0373,compressor,SN-COM-98875,2018-12-06
EQ-02516,ST-0374,switchgear,SN-SWI-50536,2011-10-02
EQ-02517,ST-0374,switchgear,SN-SWI-42983,2010-11-09
EQ-02518,ST-0375,boiler,SN-BOI-13367,2017-07-20
EQ-02519,ST-0375,compressor,SN-COM-60802,2009-12-23
EQ-02520,ST-0375,compressor,SN-COM-33329,2013-11-11
EQ-02521,ST-0376,boiler,SN-BOI-75121,2011-07-01
EQ-02522,ST-0376,storage_tank,SN-STO-77976,2010-04-10
EQ-02523,ST-0376,compressor,SN-COM-17510,2017-05-03
EQ-02524,ST-0376,conveyor_system,SN-CON-28662,2011-03-10
EQ-02525,ST-0376,compressor,SN-COM-34161,2007-10-08
EQ-02526,ST-0376,chiller,SN-CHI-60340,2016-12-02
EQ-02527,ST-0376,conveyor_system,SN-CON-43849,2007-07-09
EQ-02528,ST-0377,boiler,SN-BOI-91974,2008-09-03
EQ-02529,ST-0377,switchgear,SN-SWI-37223,2010-07-08
EQ-02530,ST-0377,boiler,SN-BOI-35263,2011-05-09
EQ-02531,ST-0377,conveyor_system,SN-CON-34300,2005-10-09
EQ-02532,ST-0377,control_panel,SN-CON-58019,2007-09-22
EQ-02533,ST-0377,hvac_unit,SN-HVA-31017,2011-09-06
EQ-02534,ST-0377,storage_tank,SN-STO-47176,2015-06-27
EQ-02535,ST-0377,furnace,SN-FUR-68401,2018-03-17
EQ-02536,ST-0378,conveyor_system,SN-CON-92372,2011-12-02
EQ-02537,ST-0378,switchgear,SN-SWI-80435,2014-10-05
EQ-02538,ST-0378,control_panel,SN-CON-56164,2008-10-25
EQ-02539,ST-0378,furnace,SN-FUR-49879,2005-06-03
EQ-02540,ST-0378,industrial_pump,SN-IND-77920,2010-08-06
EQ-02541,ST-0378,hvac_unit,SN-HVA-13647,2014-04-01
EQ-02542,ST-0378,boiler,SN-BOI-86270,2007-02-27
EQ-02543,ST-0378,boiler,SN-BOI-45662,2008-08-12
EQ-02544,ST-0379,industrial_pump,SN-IND-89589,2010-02-05
EQ-02545,ST-0379,conveyor_system,SN-CON-31071,2011-03-20
EQ-02546,ST-0379,boiler,SN-BOI-54865,2013-08-26
EQ-02547,ST-0380,boiler,SN-BOI-17290,2008-12-18
EQ-02548,ST-0380,conveyor_system,SN-CON-17878,2006-04-11
EQ-02549,ST-0380,storage_tank,SN-STO-17590,2005-07-12
EQ-02550,ST-0380,compressor,SN-COM-71582,2018-04-18
EQ-02551,ST-0380,switchgear,SN-SWI-95118,2012-07-02
EQ-02552,ST-0380,storage_tank,SN-STO-64306,2013-04-24
EQ-02553,ST-0381,storage_tank,SN-STO-55479,2011-04-06
EQ-02554,ST-0381,switchgear,SN-SWI-48087,2006-04-11
EQ-02555,ST-0381,control_panel,SN-CON-55856,2018-05-21
EQ-02556,ST-0381,control_panel,SN-CON-58562,2011-08-03
EQ-02557,ST-0381,compressor,SN-COM-32261,2017-01-06
EQ-02558,ST-0381,compressor,SN-COM-18444,2006-11-07
EQ-02559,ST-0382,hvac_unit,SN-HVA-41862,2009-10-14
EQ-02560,ST-0382,control_panel,SN-CON-85410,2014-04-24
EQ-02561,ST-0382,furnace,SN-FUR-47437,2009-01-05
EQ-02562,ST-0382,switchgear,SN-SWI-77317,2009-08-10
EQ-02563,ST-0382,compressor,SN-COM-36629,2015-02-11
EQ-02564,ST-0382,control_panel,SN-CON-44005,2007-05-16
EQ-02565,ST-0382,industrial_pump,SN-IND-79899,2013-10-18
EQ-02566,ST-0383,conveyor_system,SN-CON-18432,2016-11-16
EQ-02567,ST-0383,conveyor_system,SN-CON-44469,2014-06-04
EQ-02568,ST-0383,chiller,SN-CHI-15408,2007-01-12
EQ-02569,ST-0383,boiler,SN-BOI-69122,2010-10-08
EQ-02570,ST-0383,furnace,SN-FUR-86222,2005-06-22
EQ-02571,ST-0383,control_panel,SN-CON-15785,2006-10-26
EQ-02572,ST-0383,hvac_unit,SN-HVA-59478,2011-01-07
EQ-02573,ST-0383,switchgear,SN-SWI-26245,2008-12-14
EQ-02574,ST-0383,chiller,SN-CHI-85170,2012-09-14
EQ-02575,ST-0383,hvac_unit,SN-HVA-80648,2011-09-06
EQ-02576,ST-0383,conveyor_system,SN-CON-51357,2014-04-22
EQ-02577,ST-0383,control_panel,SN-CON-94068,2011-01-13
EQ-02578,ST-0384,control_panel,SN-CON-95868,2014-05-01
EQ-02579,ST-0384,furnace,SN-FUR-76215,2017-11-23
EQ-02580,ST-0384,hvac_unit,SN-HVA-31531,2013-02-24
EQ-02581,ST-0384,chiller,SN-CHI-87985,2011-08-03
EQ-02582,ST-0384,storage_tank,SN-STO-96479,2007-05-02
EQ-02583,ST-0384,compressor,SN-COM-92097,2015-12-05
EQ-02584,ST-0385,boiler,SN-BOI-85984,2008-06-14
EQ-02585,ST-0385,storage_tank,SN-STO-33149,2009-09-11
EQ-02586,ST-0385,conveyor_system,SN-CON-69548,2008-11-06
EQ-02587,ST-0385,industrial_pump,SN-IND-55555,2018-11-21
EQ-02588,ST-0385,conveyor_system,SN-CON-79102,2008-08-04
EQ-02589,ST-0385,switchgear,SN-SWI-48821,2006-08-28
EQ-02590,ST-0385,hvac_unit,SN-HVA-58817,2018-04-15
EQ-02591,ST-0385,storage_tank,SN-STO-34687,2011-01-02
EQ-02592,ST-0385,furnace,SN-FUR-45848,2012-11-04
EQ-02593,ST-0386,conveyor_system,SN-CON-84496,2013-07-24
EQ-02594,ST-0386,switchgear,SN-SWI-54049,2008-10-21
EQ-02595,ST-0386,conveyor_system,SN-CON-88246,2016-09-01
EQ-02596,ST-0387,compressor,SN-COM-56853,2006-02-01
EQ-02597,ST-0387,compressor,SN-COM-13021,2017-07-26
EQ-02598,ST-0387,switchgear,SN-SWI-87799,2014-06-09
EQ-02599,ST-0387,hvac_unit,SN-HVA-79963,2016-02-05
EQ-02600,ST-0388,storage_tank,SN-STO-95684,2007-03-27
EQ-02601,ST-0388,furnace,SN-FUR-38355,2006-03-02
EQ-02602,ST-0388,storage_tank,SN-STO-22122,2014-07-22
EQ-02603,ST-0388,industrial_pump,SN-IND-79441,2013-08-16
EQ-02604,ST-0388,industrial_pump,SN-IND-65050,2005-10-25
EQ-02605,ST-0388,furnace,SN-FUR-97823,2014-07-24
EQ-02606,ST-0388,switchgear,SN-SWI-95215,2015-09-02
EQ-02607,ST-0388,furnace,SN-FUR-67328,2008-04-17
EQ-02608,ST-0388,chiller,SN-CHI-96099,2014-08-05
EQ-02609,ST-0388,boiler,SN-BOI-11342,2011-09-04
EQ-02610,ST-0388,switchgear,SN-SWI-64901,2008-12-12
EQ-02611,ST-0389,industrial_pump,SN-IND-96188,2010-03-25
EQ-02612,ST-0389,storage_tank,SN-STO-18149,2015-01-02
EQ-02613,ST-0389,control_panel,SN-CON-74021,2009-04-08
EQ-02614,ST-0389,hvac_unit,SN-HVA-96748,2011-03-13
EQ-02615,ST-0390,chiller,SN-CHI-59866,2014-04-28
EQ-02616,ST-0390,conveyor_system,SN-CON-95966,2016-05-03
EQ-02617,ST-0390,industrial_pump,SN-IND-18771,2010-10-12
EQ-02618,ST-0391,compressor,SN-COM-14962,2015-06-21
EQ-02619,ST-0391,switchgear,SN-SWI-66557,2013-10-15
EQ-02620,ST-0391,storage_tank,SN-STO-83992,2010-12-07
EQ-02621,ST-0391,hvac_unit,SN-HVA-69741,2005-03-26
EQ-02622,ST-0391,industrial_pump,SN-IND-72050,2012-05-17
EQ-02623,ST-0392,switchgear,SN-SWI-46896,2015-11-07
EQ-02624,ST-0392,industrial_pump,SN-IND-49989,2008-04-08
EQ-02625,ST-0392,hvac_unit,SN-HVA-57098,2017-05-18
EQ-02626,ST-0392,storage_tank,SN-STO-88227,2009-05-12
EQ-02627,ST-0392,control_panel,SN-CON-16357,2017-03-24
EQ-02628,ST-0392,switchgear,SN-SWI-89308,2014-03-18
EQ-02629,ST-0392,furnace,SN-FUR-65614,2013-09-14
EQ-02630,ST-0393,storage_tank,SN-STO-46515,2012-04-10
EQ-02631,ST-0393,conveyor_system,SN-CON-55879,2012-12-14
EQ-02632,ST-0393,furnace,SN-FUR-44743,2010-11-12
EQ-02633,ST-0394,control_panel,SN-CON-35610,2012-04-03
EQ-02634,ST-0394,switchgear,SN-SWI-43954,2009-01-23
EQ-02635,ST-0394,control_panel,SN-CON-22187,2012-03-01
EQ-02636,ST-0394,industrial_pump,SN-IND-66568,2008-06-25
EQ-02637,ST-0394,conveyor_system,SN-CON-30358,2011-04-06
EQ-02638,ST-0395,furnace,SN-FUR-22052,2018-02-23
EQ-02639,ST-0395,control_panel,SN-CON-28860,2006-02-12
EQ-02640,ST-0395,compressor,SN-COM-34621,2016-08-23
EQ-02641,ST-0395,storage_tank,SN-STO-18240,2009-03-25
EQ-02642,ST-0396,control_panel,SN-CON-90089,2016-04-06
EQ-02643,ST-0396,compressor,SN-COM-38958,2009-03-04
EQ-02644,ST-0396,chiller,SN-CHI-96205,2009-02-14
EQ-02645,ST-0397,chiller,SN-CHI-19659,2014-08-21
EQ-02646,ST-0397,switchgear,SN-SWI-58133,2015-04-07
EQ-02647,ST-0397,compressor,SN-COM-78353,2015-12-21
EQ-02648,ST-0398,switchgear,SN-SWI-51801,2018-10-05
EQ-02649,ST-0398,control_panel,SN-CON-85272,2013-02-17
EQ-02650,ST-0398,switchgear,SN-SWI-18081,2006-11-24
EQ-02651,ST-0398,switchgear,SN-SWI-92280,2013-05-24
EQ-02652,ST-0398,chiller,SN-CHI-36293,2017-08-22
EQ-02653,ST-0398,conveyor_system,SN-CON-12123,2009-10-05
EQ-02654,ST-0398,furnace,SN-FUR-48065,2008-07-17
EQ-02655,ST-0398,boiler,SN-BOI-35189,2009-04-24
EQ-02656,ST-0398,industrial_pump,SN-IND-26118,2016-06-13
EQ-02657,ST-0398,hvac_unit,SN-HVA-97847,2009-12-12
EQ-02658,ST-0398,hvac_unit,SN-HVA-12256,2013-08-06
EQ-02659,ST-0398,compressor,SN-COM-88119,2017-03-09
EQ-02660,ST-0399,industrial_pump,SN-IND-53586,2006-08-23
EQ-02661,ST-0399,switchgear,SN-SWI-10159,2018-09-13
EQ-02662,ST-0399,industrial_pump,SN-IND-24483,2015-11-03
EQ-02663,ST-0399,chiller,SN-CHI-28976,2016-06-01
EQ-02664,ST-0399,switchgear,SN-SWI-23961,2008-04-25
EQ-02665,ST-0399,storage_tank,SN-STO-46725,2012-05-06
EQ-02666,ST-0399,conveyor_system,SN-CON-30284,2015-01-06
EQ-02667,ST-0399,hvac_unit,SN-HVA-97808,2018-12-07
EQ-02668,ST-0399,furnace,SN-FUR-43456,2013-07-03
EQ-02669,ST-0399,control_panel,SN-CON-47913,2012-07-07
EQ-02670,ST-0400,furnace,SN-FUR-48955,2014-11-12
EQ-02671,ST-0400,compressor,SN-COM-42915,2010-06-03
EQ-02672,ST-0400,compressor,SN-COM-51682,2006-06-12
EQ-02673,ST-0400,industrial_pump,SN-IND-41477,2014-07-17
EQ-02674,ST-0401,boiler,SN-BOI-21335,2018-09-20
EQ-02675,ST-0401,industrial_pump,SN-IND-93315,2008-11-27
EQ-02676,ST-0401,furnace,SN-FUR-80285,2012-01-18
EQ-02677,ST-0401,storage_tank,SN-STO-77459,2012-01-08
EQ-02678,ST-0401,boiler,SN-BOI-31557,2016-01-19
EQ-02679,ST-0401,switchgear,SN-SWI-78438,2014-02-08
EQ-02680,ST-0401,boiler,SN-BOI-18381,2010-09-24
EQ-02681,ST-0401,hvac_unit,SN-HVA-72515,2010-01-28
EQ-02682,ST-0401,boiler,SN-BOI-55030,2009-03-14
EQ-02683,ST-0401,boiler,SN-BOI-46056,2017-11-23
EQ-02684,ST-0401,chiller,SN-CHI-95077,2008-08-03
EQ-02685,ST-0402,boiler,SN-BOI-43714,2007-05-04
EQ-02686,ST-0402,control_panel,SN-CON-52910,2009-12-24
EQ-02687,ST-0402,furnace,SN-FUR-32308,2008-04-05
EQ-02688,ST-0402,furnace,SN-FUR-14494,2011-02-12
EQ-02689,ST-0402,compressor,SN-COM-43157,2008-01-06
EQ-02690,ST-0403,compressor,SN-COM-73721,2018-09-23
EQ-02691,ST-0403,conveyor_system,SN-CON-94925,2015-01-28
EQ-02692,ST-0403,control_panel,SN-CON-27478,2018-08-17
EQ-02693,ST-0404,chiller,SN-CHI-27646,2012-02-20
EQ-02694,ST-0404,storage_tank,SN-STO-47805,2008-04-01
EQ-02695,ST-0404,chiller,SN-CHI-54025,2011-08-02
EQ-02696,ST-0404,boiler,SN-BOI-87310,2005-06-22
EQ-02697,ST-0404,switchgear,SN-SWI-62986,2011-06-06
EQ-02698,ST-0404,furnace,SN-FUR-33716,2006-09-04
EQ-02699,ST-0404,boiler,SN-BOI-48967,2013-05-06
EQ-02700,ST-0404,storage_tank,SN-STO-43876,2012-09-04
EQ-02701,ST-0404,hvac_unit,SN-HVA-88523,2017-06-07
EQ-02702,ST-0404,industrial_pump,SN-IND-82860,2006-12-10
EQ-02703,ST-0405,storage_tank,SN-STO-80850,2013-02-18
EQ-02704,ST-0405,conveyor_system,SN-CON-60429,2010-04-14
EQ-02705,ST-0405,control_panel,SN-CON-61579,2014-10-23
EQ-02706,ST-0405,conveyor_system,SN-CON-49814,2011-05-11
EQ-02707,ST-0405,boiler,SN-BOI-38001,2008-05-18
EQ-02708,ST-0405,boiler,SN-BOI-12758,2009-07-01
EQ-02709,ST-0405,switchgear,SN-SWI-20376,2008-06-22
EQ-02710,ST-0405,hvac_unit,SN-HVA-23330,2015-07-21
EQ-02711,ST-0405,boiler,SN-BOI-52426,2008-07-23
EQ-02712,ST-0405,control_panel,SN-CON-20769,2013-03-03
EQ-02713,ST-0405,control_panel,SN-CON-40745,2017-02-12
EQ-02714,ST-0405,industrial_pump,SN-IND-55004,2016-11-15
EQ-02715,ST-0406,furnace,SN-FUR-63949,2016-05-08
EQ-02716,ST-0406,boiler,SN-BOI-99111,2008-12-07
EQ-02717,ST-0406,conveyor_system,SN-CON-56897,2018-06-26
EQ-02718,ST-0406,hvac_unit,SN-HVA-44605,2010-12-23
EQ-02719,ST-0406,storage_tank,SN-STO-84817,2008-04-23
EQ-02720,ST-0406,switchgear,SN-SWI-30893,2010-11-24
EQ-02721,ST-0406,switchgear,SN-SWI-39284,2017-01-23
EQ-02722,ST-0406,conveyor_system,SN-CON-75480,2009-05-05
EQ-02723,ST-0406,hvac_unit,SN-HVA-88603,2010-03-08
EQ-02724,ST-0406,boiler,SN-BOI-32991,2006-10-16
EQ-02725,ST-0406,hvac_unit,SN-HVA-34421,2006-11-23
EQ-02726,ST-0406,conveyor_system,SN-CON-45711,2011-10-27
EQ-02727,ST-0407,boiler,SN-BOI-59455,2010-04-05
EQ-02728,ST-0407,boiler,SN-BOI-91253,2016-05-14
EQ-02729,ST-0407,industrial_pump,SN-IND-40412,2008-02-27
EQ-02730,ST-0407,compressor,SN-COM-63520,2011-02-04
EQ-02731,ST-0407,control_panel,SN-CON-83766,2013-01-02
EQ-02732,ST-0407,compressor,SN-COM-68012,2014-02-23
EQ-02733,ST-0407,control_panel,SN-CON-60338,2010-04-17
EQ-02734,ST-0407,storage_tank,SN-STO-91899,2013-08-09
EQ-02735,ST-0408,industrial_pump,SN-IND-99384,2014-08-24
EQ-02736,ST-0408,conveyor_system,SN-CON-63467,2007-11-03
EQ-02737,ST-0408,control_panel,SN-CON-49062,2012-03-26
EQ-02738,ST-0408,hvac_unit,SN-HVA-10700,2015-03-27
EQ-02739,ST-0408,hvac_unit,SN-HVA-45946,2014-01-25
EQ-02740,ST-0408,control_panel,SN-CON-63129,2011-06-07
EQ-02741,ST-0408,storage_tank,SN-STO-94132,2014-01-06
EQ-02742,ST-0408,storage_tank,SN-STO-12588,2011-09-23
EQ-02743,ST-0408,compressor,SN-COM-71151,2008-07-17
EQ-02744,ST-0408,furnace,SN-FUR-38635,2005-07-21
EQ-02745,ST-0409,industrial_pump,SN-IND-42267,2014-01-05
EQ-02746,ST-0409,industrial_pump,SN-IND-16536,2006-08-20
EQ-02747,ST-0409,boiler,SN-BOI-46176,2018-08-13
EQ-02748,ST-0410,switchgear,SN-SWI-85334,2007-03-23
EQ-02749,ST-0410,storage_tank,SN-STO-86995,2013-01-20
EQ-02750,ST-0410,industrial_pump,SN-IND-41000,2009-04-07
EQ-02751,ST-0410,boiler,SN-BOI-13087,2007-01-19
EQ-02752,ST-0410,storage_tank,SN-STO-50299,2005-10-26
EQ-02753,ST-0410,switchgear,SN-SWI-58126,2016-02-09
EQ-02754,ST-0410,chiller,SN-CHI-57020,2006-01-04
EQ-02755,ST-0410,storage_tank,SN-STO-86872,2011-11-19
EQ-02756,ST-0410,compressor,SN-COM-58139,2008-09-10
EQ-02757,ST-0410,hvac_unit,SN-HVA-28562,2010-06-23
EQ-02758,ST-0410,control_panel,SN-CON-78828,2010-08-12
EQ-02759,ST-0410,hvac_unit,SN-HVA-31012,2010-07-26
EQ-02760,ST-0411,hvac_unit,SN-HVA-78312,2014-03-20
EQ-02761,ST-0411,conveyor_system,SN-CON-41990,2013-07-08
EQ-02762,ST-0411,industrial_pump,SN-IND-77228,2007-07-17
EQ-02763,ST-0411,storage_tank,SN-STO-37007,2007-12-04
EQ-02764,ST-0411,boiler,SN-BOI-38977,2017-12-20
EQ-02765,ST-0411,furnace,SN-FUR-78708,2016-08-28
EQ-02766,ST-0412,conveyor_system,SN-CON-67657,2012-03-20
EQ-02767,ST-0412,industrial_pump,SN-IND-12645,2006-04-10
EQ-02768,ST-0412,storage_tank,SN-STO-57975,2011-10-04
EQ-02769,ST-0412,conveyor_system,SN-CON-62506,2010-06-07
EQ-02770,ST-0412,storage_tank,SN-STO-22635,2005-09-27
EQ-02771,ST-0412,boiler,SN-BOI-69002,2011-07-01
EQ-02772,ST-0412,control_panel,SN-CON-89372,2014-06-14
EQ-02773,ST-0412,furnace,SN-FUR-74220,2011-06-03
EQ-02774,ST-0412,furnace,SN-FUR-57864,2017-01-12
EQ-02775,ST-0412,control_panel,SN-CON-92369,2010-10-28
EQ-02776,ST-0413,furnace,SN-FUR-26720,2006-07-28
EQ-02777,ST-0413,switchgear,SN-SWI-98118,2013-02-25
EQ-02778,ST-0413,hvac_unit,SN-HVA-85429,2009-10-08
EQ-02779,ST-0413,switchgear,SN-SWI-48528,2018-08-10
EQ-02780,ST-0413,furnace,SN-FUR-58560,2006-01-13
EQ-02781,ST-0413,chiller,SN-CHI-76922,2009-11-06
EQ-02782,ST-0413,control_panel,SN-CON-11689,2015-01-06
EQ-02783,ST-0413,hvac_unit,SN-HVA-63456,2009-05-16
EQ-02784,ST-0414,compressor,SN-COM-51160,2017-11-01
EQ-02785,ST-0414,hvac_unit,SN-HVA-61272,2010-07-25
EQ-02786,ST-0414,boiler,SN-BOI-64074,2005-09-06
EQ-02787,ST-0415,switchgear,SN-SWI-80425,2013-07-09
EQ-02788,ST-0415,conveyor_system,SN-CON-32862,2009-08-06
EQ-02789,ST-0415,furnace,SN-FUR-42435,2007-06-18
EQ-02790,ST-0415,hvac_unit,SN-HVA-33884,2005-06-17
EQ-02791,ST-0415,industrial_pump,SN-IND-62460,2017-02-23
EQ-02792,ST-0415,compressor,SN-COM-60862,2014-05-18
EQ-02793,ST-0415,boiler,SN-BOI-47785,2011-06-04
EQ-02794,ST-0415,boiler,SN-BOI-53285,2010-09-12
EQ-02795,ST-0415,chiller,SN-CHI-18670,2018-01-28
EQ-02796,ST-0415,switchgear,SN-SWI-65466,2008-08-16
EQ-02797,ST-0416,furnace,SN-FUR-39674,2012-08-20
EQ-02798,ST-0416,control_panel,SN-CON-99902,2018-04-02
EQ-02799,ST-0416,hvac_unit,SN-HVA-78604,2006-06-08
EQ-02800,ST-0416,compressor,SN-COM-97078,2009-12-05
EQ-02801,ST-0416,storage_tank,SN-STO-25537,2011-06-28
EQ-02802,ST-0416,boiler,SN-BOI-14985,2010-10-17
EQ-02803,ST-0416,hvac_unit,SN-HVA-56798,2014-04-24
EQ-02804,ST-0416,boiler,SN-BOI-23023,2018-04-27
EQ-02805,ST-0416,storage_tank,SN-STO-83996,2012-12-10
EQ-02806,ST-0416,compressor,SN-COM-38078,2008-04-16
EQ-02807,ST-0417,furnace,SN-FUR-34029,2016-05-25
EQ-02808,ST-0417,industrial_pump,SN-IND-25130,2015-05-14
EQ-02809,ST-0417,control_panel,SN-CON-61936,2005-08-24
EQ-02810,ST-0417,switchgear,SN-SWI-36308,2005-10-09
EQ-02811,ST-0417,control_panel,SN-CON-85377,2013-03-28
EQ-02812,ST-0417,furnace,SN-FUR-25856,2018-05-21
EQ-02813,ST-0417,switchgear,SN-SWI-47062,2010-12-28
EQ-02814,ST-0418,boiler,SN-BOI-59076,2018-04-02
EQ-02815,ST-0418,conveyor_system,SN-CON-31098,2015-11-13
EQ-02816,ST-0418,control_panel,SN-CON-55668,2009-08-01
EQ-02817,ST-0418,conveyor_system,SN-CON-41837,2015-07-22
EQ-02818,ST-0418,industrial_pump,SN-IND-49545,2009-06-18
EQ-02819,ST-0418,switchgear,SN-SWI-58414,2010-01-22
EQ-02820,ST-0418,chiller,SN-CHI-21185,2013-01-13
EQ-02821,ST-0418,chiller,SN-CHI-86452,2007-05-21
EQ-02822,ST-0418,industrial_pump,SN-IND-59888,2006-04-24
EQ-02823,ST-0418,storage_tank,SN-STO-15791,2011-12-10
EQ-02824,ST-0418,chiller,SN-CHI-31004,2016-12-16
EQ-02825,ST-0418,hvac_unit,SN-HVA-43658,2008-05-14
EQ-02826,ST-0419,conveyor_system,SN-CON-61990,2008-05-02
EQ-02827,ST-0419,storage_tank,SN-STO-36926,2018-09-06
EQ-02828,ST-0419,control_panel,SN-CON-92542,2018-01-19
EQ-02829,ST-0419,compressor,SN-COM-90721,2009-01-02
EQ-02830,ST-0420,chiller,SN-CHI-43530,2009-12-24
EQ-02831,ST-0420,control_panel,SN-CON-35235,2015-01-01
EQ-02832,ST-0420,furnace,SN-FUR-98123,2011-01-17
EQ-02833,ST-0420,chiller,SN-CHI-29891,2013-06-22
EQ-02834,ST-0420,boiler,SN-BOI-11850,2013-10-04
EQ-02835,ST-0420,hvac_unit,SN-HVA-84800,2010-11-15
EQ-02836,ST-0421,hvac_unit,SN-HVA-47982,2017-05-13
EQ-02837,ST-0421,compressor,SN-COM-20044,2011-09-14
EQ-02838,ST-0421,boiler,SN-BOI-19488,2007-10-02
EQ-02839,ST-0422,switchgear,SN-SWI-17546,2014-06-24
EQ-02840,ST-0422,conveyor_system,SN-CON-51698,2015-12-08
EQ-02841,ST-0422,boiler,SN-BOI-94147,2016-10-09
EQ-02842,ST-0422,chiller,SN-CHI-51948,2016-10-14
EQ-02843,ST-0422,chiller,SN-CHI-53913,2013-06-27
EQ-02844,ST-0423,conveyor_system,SN-CON-40652,2011-07-05
EQ-02845,ST-0423,storage_tank,SN-STO-40829,2007-05-09
EQ-02846,ST-0423,furnace,SN-FUR-44681,2009-07-25
EQ-02847,ST-0424,compressor,SN-COM-30422,2013-04-27
EQ-02848,ST-0424,compressor,SN-COM-92370,2007-09-08
EQ-02849,ST-0424,furnace,SN-FUR-29416,2007-08-04
EQ-02850,ST-0424,hvac_unit,SN-HVA-70550,2005-03-10
EQ-02851,ST-0424,conveyor_system,SN-CON-47820,2018-11-09
EQ-02852,ST-0424,switchgear,SN-SWI-83650,2017-06-02
EQ-02853,ST-0424,conveyor_system,SN-CON-91181,2008-08-05
EQ-02854,ST-0425,switchgear,SN-SWI-51496,2016-02-26
EQ-02855,ST-0425,conveyor_system,SN-CON-21918,2015-06-02
EQ-02856,ST-0425,chiller,SN-CHI-30091,2007-06-26
EQ-02857,ST-0425,furnace,SN-FUR-60635,2018-03-27
EQ-02858,ST-0425,furnace,SN-FUR-53221,2006-11-11
EQ-02859,ST-0425,compressor,SN-COM-67834,2014-06-21
EQ-02860,ST-0425,chiller,SN-CHI-36991,2011-09-27
EQ-02861,ST-0425,storage_tank,SN-STO-38103,2005-08-19
EQ-02862,ST-0425,hvac_unit,SN-HVA-57527,2005-01-23
EQ-02863,ST-0425,boiler,SN-BOI-94095,2009-01-18
EQ-02864,ST-0425,boiler,SN-BOI-12946,2007-08-07
EQ-02865,ST-0426,furnace,SN-FUR-11002,2018-03-06
EQ-02866,ST-0426,hvac_unit,SN-HVA-62111,2006-06-16
EQ-02867,ST-0426,chiller,SN-CHI-75280,2013-03-10
EQ-02868,ST-0426,hvac_unit,SN-HVA-19698,2015-11-20
EQ-02869,ST-0426,chiller,SN-CHI-46720,2013-04-08
EQ-02870,ST-0426,storage_tank,SN-STO-46712,2012-05-07
EQ-02871,ST-0426,furnace,SN-FUR-64554,2011-07-22
EQ-02872,ST-0426,conveyor_system,SN-CON-72622,2014-01-11
EQ-02873,ST-0426,boiler,SN-BOI-88135,2005-04-17
EQ-02874,ST-0426,hvac_unit,SN-HVA-26977,2010-05-04
EQ-02875,ST-0427,industrial_pump,SN-IND-35804,2007-06-14
EQ-02876,ST-0427,chiller,SN-CHI-42709,2005-10-07
EQ-02877,ST-0427,conveyor_system,SN-CON-94709,2018-06-20
EQ-02878,ST-0427,industrial_pump,SN-IND-24220,2016-11-23
EQ-02879,ST-0427,chiller,SN-CHI-15099,2015-09-13
EQ-02880,ST-0427,switchgear,SN-SWI-77928,2012-09-03
EQ-02881,ST-0427,compressor,SN-COM-69328,2006-09-12
EQ-02882,ST-0427,compressor,SN-COM-54819,2018-09-03
EQ-02883,ST-0427,switchgear,SN-SWI-79348,2018-03-08
EQ-02884,ST-0427,chiller,SN-CHI-11774,2005-03-26
EQ-02885,ST-0427,boiler,SN-BOI-92653,2005-09-22
EQ-02886,ST-0427,control_panel,SN-CON-61089,2007-07-14
EQ-02887,ST-0428,furnace,SN-FUR-28615,2007-09-15
EQ-02888,ST-0428,conveyor_system,SN-CON-28379,2005-02-22
EQ-02889,ST-0428,control_panel,SN-CON-36870,2008-05-25
EQ-02890,ST-0428,control_panel,SN-CON-75773,2011-05-22
EQ-02891,ST-0428,switchgear,SN-SWI-35780,2010-07-04
EQ-02892,ST-0428,furnace,SN-FUR-68114,2015-10-27
EQ-02893,ST-0428,compressor,SN-COM-40947,2016-06-27
EQ-02894,ST-0428,industrial_pump,SN-IND-90479,2011-10-04
EQ-02895,ST-0428,boiler,SN-BOI-94483,2006-11-28
EQ-02896,ST-0428,chiller,SN-CHI-60574,2009-12-02
EQ-02897,ST-0428,control_panel,SN-CON-95699,2014-07-13
EQ-02898,ST-0429,conveyor_system,SN-CON-67284,2012-04-13
EQ-02899,ST-0429,switchgear,SN-SWI-33332,2012-12-16
EQ-02900,ST-0429,boiler,SN-BOI-83899,2015-09-26
EQ-02901,ST-0429,storage_tank,SN-STO-21710,2018-04-02
EQ-02902,ST-0429,industrial_pump,SN-IND-19728,2013-12-17
EQ-02903,ST-0429,storage_tank,SN-STO-96064,2014-08-22
EQ-02904,ST-0429,storage_tank,SN-STO-82091,2012-08-22
EQ-02905,ST-0429,hvac_unit,SN-HVA-26682,2015-10-28
EQ-02906,ST-0429,boiler,SN-BOI-91926,2011-09-12
EQ-02907,ST-0430,compressor,SN-COM-75628,2012-08-06
EQ-02908,ST-0430,industrial_pump,SN-IND-72842,2007-12-04
EQ-02909,ST-0430,boiler,SN-BOI-77554,2012-04-10
EQ-02910,ST-0430,control_panel,SN-CON-41529,2012-08-15
EQ-02911,ST-0430,conveyor_system,SN-CON-24486,2014-05-20
EQ-02912,ST-0430,storage_tank,SN-STO-62803,2013-01-02
EQ-02913,ST-0430,conveyor_system,SN-CON-92391,2011-11-06
EQ-02914,ST-0430,boiler,SN-BOI-54088,2012-01-21
EQ-02915,ST-0430,industrial_pump,SN-IND-17539,2009-08-11
EQ-02916,ST-0430,compressor,SN-COM-27109,2013-07-06
EQ-02917,ST-0430,conveyor_system,SN-CON-28079,2010-04-10
EQ-02918,ST-0430,furnace,SN-FUR-20446,2016-06-09
EQ-02919,ST-0431,compressor,SN-COM-88236,2018-03-14
EQ-02920,ST-0431,furnace,SN-FUR-70224,2009-11-16
EQ-02921,ST-0431,conveyor_system,SN-CON-78034,2016-07-08
EQ-02922,ST-0431,boiler,SN-BOI-88017,2018-07-10
EQ-02923,ST-0431,industrial_pump,SN-IND-11710,2016-12-10
EQ-02924,ST-0431,switchgear,SN-SWI-11330,2014-02-26
EQ-02925,ST-0431,hvac_unit,SN-HVA-87372,2015-05-13
EQ-02926,ST-0431,hvac_unit,SN-HVA-95897,2008-04-23
EQ-02927,ST-0432,chiller,SN-CHI-77460,2011-06-21
EQ-02928,ST-0432,chiller,SN-CHI-25673,2017-08-19
EQ-02929,ST-0432,industrial_pump,SN-IND-82286,2009-06-15
EQ-02930,ST-0432,control_panel,SN-CON-93996,2011-01-23
EQ-02931,ST-0432,control_panel,SN-CON-93155,2005-10-26
EQ-02932,ST-0432,switchgear,SN-SWI-98107,2008-06-26
EQ-02933,ST-0432,conveyor_system,SN-CON-86100,2013-10-16
EQ-02934,ST-0432,switchgear,SN-SWI-69975,2017-07-22
EQ-02935,ST-0432,industrial_pump,SN-IND-34750,2007-02-15
EQ-02936,ST-0432,boiler,SN-BOI-67747,2012-07-28
EQ-02937,ST-0433,storage_tank,SN-STO-86862,2006-05-23
EQ-02938,ST-0433,storage_tank,SN-STO-23737,2005-10-13
EQ-02939,ST-0433,control_panel,SN-CON-74172,2014-02-16
EQ-02940,ST-0433,compressor,SN-COM-58653,2005-12-17
EQ-02941,ST-0433,industrial_pump,SN-IND-22016,2017-10-28
EQ-02942,ST-0434,hvac_unit,SN-HVA-29212,2008-09-07
EQ-02943,ST-0434,switchgear,SN-SWI-34025,2012-07-24
EQ-02944,ST-0434,boiler,SN-BOI-71777,2005-06-24
EQ-02945,ST-0434,industrial_pump,SN-IND-13545,2017-12-08
EQ-02946,ST-0434,boiler,SN-BOI-39222,2012-04-04
EQ-02947,ST-0434,control_panel,SN-CON-96750,2017-09-25
EQ-02948,ST-0434,conveyor_system,SN-CON-71800,2015-08-12
EQ-02949,ST-0434,furnace,SN-FUR-72652,2008-09-16
EQ-02950,ST-0434,compressor,SN-COM-84018,2007-01-04
EQ-02951,ST-0434,industrial_pump,SN-IND-37160,2017-06-05
EQ-02952,ST-0434,control_panel,SN-CON-52922,2015-08-23
EQ-02953,ST-0435,furnace,SN-FUR-45349,2015-09-08
EQ-02954,ST-0435,boiler,SN-BOI-82416,2009-06-09
EQ-02955,ST-0436,control_panel,SN-CON-53183,2006-03-10
EQ-02956,ST-0436,boiler,SN-BOI-26728,2005-12-11
EQ-02957,ST-0436,switchgear,SN-SWI-84598,2012-06-11
EQ-02958,ST-0437,furnace,SN-FUR-55114,2014-01-03
EQ-02959,ST-0437,furnace,SN-FUR-53390,2018-12-24
EQ-02960,ST-0437,compressor,SN-COM-65049,2012-11-26
EQ-02961,ST-0437,industrial_pump,SN-IND-63094,2018-07-10
EQ-02962,ST-0437,control_panel,SN-CON-18553,2012-08-26
EQ-02963,ST-0437,chiller,SN-CHI-32848,2016-01-26
EQ-02964,ST-0437,chiller,SN-CHI-44295,2005-03-22
EQ-02965,ST-0438,storage_tank,SN-STO-98584,2016-11-06
EQ-02966,ST-0438,storage_tank,SN-STO-16822,2016-02-13
EQ-02967,ST-0438,control_panel,SN-CON-72376,2015-11-02
EQ-02968,ST-0438,industrial_pump,SN-IND-52865,2011-01-24
EQ-02969,ST-0438,hvac_unit,SN-HVA-67188,2005-08-26
EQ-02970,ST-0439,boiler,SN-BOI-20930,2007-04-28
EQ-02971,ST-0439,furnace,SN-FUR-10686,2011-09-20
EQ-02972,ST-0439,storage_tank,SN-STO-46569,2015-02-09
EQ-02973,ST-0439,chiller,SN-CHI-21433,2009-08-04
EQ-02974,ST-0439,chiller,SN-CHI-74377,2018-04-02
EQ-02975,ST-0440,control_panel,SN-CON-21769,2007-12-28
EQ-02976,ST-0440,boiler,SN-BOI-71910,2006-07-03
EQ-02977,ST-0441,control_panel,SN-CON-27136,2013-08-17
EQ-02978,ST-0441,industrial_pump,SN-IND-35729,2011-05-17
EQ-02979,ST-0441,switchgear,SN-SWI-45796,2008-10-12
EQ-02980,ST-0441,conveyor_system,SN-CON-21850,2005-10-06
EQ-02981,ST-0441,storage_tank,SN-STO-70213,2006-05-05
EQ-02982,ST-0441,boiler,SN-BOI-91618,2010-08-20
EQ-02983,ST-0442,switchgear,SN-SWI-49779,2006-10-14
EQ-02984,ST-0442,switchgear,SN-SWI-45492,2008-06-24
EQ-02985,ST-0442,compressor,SN-COM-60357,2014-09-21
EQ-02986,ST-0442,storage_tank,SN-STO-33510,2017-08-16
EQ-02987,ST-0442,furnace,SN-FUR-37813,2013-10-17
EQ-02988,ST-0442,switchgear,SN-SWI-32806,2006-01-13
EQ-02989,ST-0443,compressor,SN-COM-84143,2015-02-26
EQ-02990,ST-0443,storage_tank,SN-STO-80075,2016-04-21
EQ-02991,ST-0443,conveyor_system,SN-CON-30565,2017-06-23
EQ-02992,ST-0443,boiler,SN-BOI-38009,2005-10-03
EQ-02993,ST-0443,boiler,SN-BOI-66102,2006-05-23
EQ-02994,ST-0443,conveyor_system,SN-CON-95708,2011-01-18
EQ-02995,ST-0443,boiler,SN-BOI-69830,2011-09-28
EQ-02996,ST-0443,compressor,SN-COM-38270,2006-12-04
EQ-02997,ST-0443,boiler,SN-BOI-96900,2006-04-09
EQ-02998,ST-0444,control_panel,SN-CON-97169,2016-08-08
EQ-02999,ST-0444,switchgear,SN-SWI-72623,2015-09-14
EQ-03000,ST-0444,conveyor_system,SN-CON-75541,2018-04-05
EQ-03001,ST-0444,switchgear,SN-SWI-77965,2011-02-03
EQ-03002,ST-0444,furnace,SN-FUR-34053,2015-09-05
EQ-03003,ST-0444,furnace,SN-FUR-74712,2016-11-11
EQ-03004,ST-0444,conveyor_system,SN-CON-77531,2008-03-28
EQ-03005,ST-0444,compressor,SN-COM-70536,2007-12-15
EQ-03006,ST-0444,control_panel,SN-CON-38925,2017-03-18
EQ-03007,ST-0444,switchgear,SN-SWI-95982,2005-03-20
EQ-03008,ST-0444,compressor,SN-COM-94905,2010-12-04
EQ-03009,ST-0444,storage_tank,SN-STO-70356,2005-03-04
EQ-03010,ST-0445,hvac_unit,SN-HVA-17907,2006-10-05
EQ-03011,ST-0445,furnace,SN-FUR-83611,2015-04-12
EQ-03012,ST-0445,compressor,SN-COM-34348,2005-01-13
EQ-03013,ST-0445,hvac_unit,SN-HVA-77098,2007-11-23
EQ-03014,ST-0445,industrial_pump,SN-IND-11162,2016-04-12
EQ-03015,ST-0445,boiler,SN-BOI-91100,2006-12-23
EQ-03016,ST-0446,boiler,SN-BOI-67504,2008-08-19
EQ-03017,ST-0446,switchgear,SN-SWI-29764,2016-12-21
EQ-03018,ST-0446,hvac_unit,SN-HVA-58185,2016-04-10
EQ-03019,ST-0446,boiler,SN-BOI-17396,2007-08-04
EQ-03020,ST-0446,hvac_unit,SN-HVA-61651,2018-11-07
EQ-03021,ST-0446,chiller,SN-CHI-98732,2014-07-07
EQ-03022,ST-0446,furnace,SN-FUR-12734,2009-11-08
EQ-03023,ST-0446,industrial_pump,SN-IND-78638,2005-08-06
EQ-03024,ST-0447,switchgear,SN-SWI-76342,2013-03-21
EQ-03025,ST-0447,furnace,SN-FUR-33298,2006-06-16
EQ-03026,ST-0447,compressor,SN-COM-51220,2007-08-17
EQ-03027,ST-0447,chiller,SN-CHI-21057,2005-06-03
EQ-03028,ST-0447,hvac_unit,SN-HVA-33301,2009-04-28
EQ-03029,ST-0447,boiler,SN-BOI-37630,2009-06-01
EQ-03030,ST-0447,furnace,SN-FUR-33593,2005-08-16
EQ-03031,ST-0448,switchgear,SN-SWI-65509,2005-04-19
EQ-03032,ST-0448,furnace,SN-FUR-79665,2017-03-19
EQ-03033,ST-0448,conveyor_system,SN-CON-90301,2018-11-21
EQ-03034,ST-0448,hvac_unit,SN-HVA-56986,2016-08-26
EQ-03035,ST-0448,chiller,SN-CHI-34434,2012-11-13
EQ-03036,ST-0449,boiler,SN-BOI-17507,2008-08-13
EQ-03037,ST-0449,switchgear,SN-SWI-10387,2018-11-16
EQ-03038,ST-0449,conveyor_system,SN-CON-68178,2013-09-22
EQ-03039,ST-0449,hvac_unit,SN-HVA-80570,2009-07-27
EQ-03040,ST-0449,storage_tank,SN-STO-32302,2008-05-07
EQ-03041,ST-0449,furnace,SN-FUR-49509,2006-06-11
EQ-03042,ST-0449,hvac_unit,SN-HVA-70437,2005-10-03
EQ-03043,ST-0449,switchgear,SN-SWI-88440,2009-12-02
EQ-03044,ST-0449,control_panel,SN-CON-97341,2015-02-24
EQ-03045,ST-0449,control_panel,SN-CON-87466,2007-09-07
EQ-03046,ST-0450,storage_tank,SN-STO-17824,2012-03-26
EQ-03047,ST-0450,storage_tank,SN-STO-68457,2015-08-09
EQ-03048,ST-0450,hvac_unit,SN-HVA-56274,2013-09-23
EQ-03049,ST-0451,chiller,SN-CHI-72497,2013-03-27
EQ-03050,ST-0451,hvac_unit,SN-HVA-41666,2016-11-21
EQ-03051,ST-0451,switchgear,SN-SWI-21519,2014-10-17
EQ-03052,ST-0451,conveyor_system,SN-CON-32915,2010-07-20
EQ-03053,ST-0451,compressor,SN-COM-15152,2013-11-05
EQ-03054,ST-0451,hvac_unit,SN-HVA-21736,2009-06-10
EQ-03055,ST-0451,storage_tank,SN-STO-52710,2008-03-25
EQ-03056,ST-0451,switchgear,SN-SWI-93071,2015-01-15
EQ-03057,ST-0451,conveyor_system,SN-CON-15105,2010-06-25
EQ-03058,ST-0451,industrial_pump,SN-IND-64944,2006-02-18
EQ-03059,ST-0452,furnace,SN-FUR-24997,2015-04-13
EQ-03060,ST-0452,industrial_pump,SN-IND-15444,2010-06-15
EQ-03061,ST-0452,switchgear,SN-SWI-10591,2011-11-19
EQ-03062,ST-0452,compressor,SN-COM-29108,2007-09-04
EQ-03063,ST-0452,switchgear,SN-SWI-92889,2015-11-08
EQ-03064,ST-0452,industrial_pump,SN-IND-71657,2010-06-16
EQ-03065,ST-0452,control_panel,SN-CON-34881,2015-01-12
EQ-03066,ST-0452,compressor,SN-COM-69999,2007-12-24
EQ-03067,ST-0453,storage_tank,SN-STO-51693,2014-01-10
EQ-03068,ST-0453,control_panel,SN-CON-73090,2016-01-03
EQ-03069,ST-0453,hvac_unit,SN-HVA-59711,2014-05-03
EQ-03070,ST-0453,industrial_pump,SN-IND-15942,2015-02-03
EQ-03071,ST-0453,furnace,SN-FUR-33518,2018-08-10
EQ-03072,ST-0453,control_panel,SN-CON-38524,2016-01-02
EQ-03073,ST-0453,furnace,SN-FUR-61199,2007-06-09
EQ-03074,ST-0454,switchgear,SN-SWI-27893,2006-04-25
EQ-03075,ST-0454,conveyor_system,SN-CON-68646,2012-04-03
EQ-03076,ST-0454,furnace,SN-FUR-15170,2005-06-13
EQ-03077,ST-0454,compressor,SN-COM-29149,2008-11-08
EQ-03078,ST-0454,control_panel,SN-CON-91631,2017-08-18
EQ-03079,ST-0455,hvac_unit,SN-HVA-18389,2009-01-12
EQ-03080,ST-0455,industrial_pump,SN-IND-80444,2016-05-11
EQ-03081,ST-0455,industrial_pump,SN-IND-88175,2011-08-17
EQ-03082,ST-0455,control_panel,SN-CON-60368,2008-07-20
EQ-03083,ST-0455,industrial_pump,SN-IND-87388,2007-05-20
EQ-03084,ST-0455,storage_tank,SN-STO-91541,2007-12-17
EQ-03085,ST-0455,chiller,SN-CHI-11377,2018-09-20
EQ-03086,ST-0456,storage_tank,SN-STO-74502,2008-02-12
EQ-03087,ST-0456,control_panel,SN-CON-81112,2009-07-19
EQ-03088,ST-0456,conveyor_system,SN-CON-80685,2012-04-13
EQ-03089,ST-0456,hvac_unit,SN-HVA-29103,2014-09-11
EQ-03090,ST-0456,furnace,SN-FUR-15753,2014-05-16
EQ-03091,ST-0456,storage_tank,SN-STO-52176,2006-08-04
EQ-03092,ST-0456,furnace,SN-FUR-82161,2008-01-19
EQ-03093,ST-0456,hvac_unit,SN-HVA-18794,2009-06-03
EQ-03094,ST-0456,furnace,SN-FUR-27380,2011-09-09
EQ-03095,ST-0457,boiler,SN-BOI-77930,2012-07-24
EQ-03096,ST-0457,switchgear,SN-SWI-65101,2017-12-18
EQ-03097,ST-0457,hvac_unit,SN-HVA-84047,2012-09-04
EQ-03098,ST-0457,switchgear,SN-SWI-66219,2011-06-26
EQ-03099,ST-0457,storage_tank,SN-STO-43026,2007-11-20
EQ-03100,ST-0457,furnace,SN-FUR-26267,2011-07-25
EQ-03101,ST-0457,switchgear,SN-SWI-86666,2012-08-03
EQ-03102,ST-0457,furnace,SN-FUR-85551,2011-02-21
EQ-03103,ST-0457,chiller,SN-CHI-66509,2013-09-12
EQ-03104,ST-0458,industrial_pump,SN-IND-85725,2017-09-26
EQ-03105,ST-0458,furnace,SN-FUR-51279,2016-07-20
EQ-03106,ST-0458,industrial_pump,SN-IND-51149,2016-07-20
EQ-03107,ST-0458,furnace,SN-FUR-60261,2014-08-28
EQ-03108,ST-0458,boiler,SN-BOI-20552,2016-11-03
EQ-03109,ST-0458,control_panel,SN-CON-33964,2018-09-17
EQ-03110,ST-0458,conveyor_system,SN-CON-52789,2005-02-18
EQ-03111,ST-0458,boiler,SN-BOI-73566,2012-08-23
EQ-03112,ST-0458,industrial_pump,SN-IND-67308,2014-06-03
EQ-03113,ST-0458,boiler,SN-BOI-68511,2011-01-03
EQ-03114,ST-0458,furnace,SN-FUR-21005,2011-11-27
EQ-03115,ST-0458,conveyor_system,SN-CON-18112,2015-01-05
EQ-03116,ST-0459,industrial_pump,SN-IND-92667,2006-01-26
EQ-03117,ST-0459,chiller,SN-CHI-85540,2018-06-17
EQ-03118,ST-0459,control_panel,SN-CON-97900,2012-08-27
EQ-03119,ST-0459,chiller,SN-CHI-99006,2005-09-21
EQ-03120,ST-0459,storage_tank,SN-STO-29349,2011-03-19
EQ-03121,ST-0459,control_panel,SN-CON-66664,2010-01-06
EQ-03122,ST-0459,industrial_pump,SN-IND-94406,2014-12-25
EQ-03123,ST-0459,boiler,SN-BOI-55268,2010-12-18
EQ-03124,ST-0459,boiler,SN-BOI-51449,2018-11-23
EQ-03125,ST-0460,switchgear,SN-SWI-29663,2006-05-25
EQ-03126,ST-0460,boiler,SN-BOI-17395,2012-11-14
EQ-03127,ST-0460,control_panel,SN-CON-49383,2009-08-12
EQ-03128,ST-0460,compressor,SN-COM-81567,2006-07-24
EQ-03129,ST-0460,chiller,SN-CHI-22853,2005-08-04
EQ-03130,ST-0461,control_panel,SN-CON-85614,2014-07-13
EQ-03131,ST-0461,switchgear,SN-SWI-14701,2010-04-10
EQ-03132,ST-0461,conveyor_system,SN-CON-71585,2013-01-25
EQ-03133,ST-0461,furnace,SN-FUR-57679,2009-12-22
EQ-03134,ST-0461,control_panel,SN-CON-10964,2007-09-06
EQ-03135,ST-0461,control_panel,SN-CON-97423,2010-07-16
EQ-03136,ST-0461,storage_tank,SN-STO-73987,2009-07-11
EQ-03137,ST-0461,conveyor_system,SN-CON-57576,2010-06-15
EQ-03138,ST-0461,chiller,SN-CHI-31601,2005-07-06
EQ-03139,ST-0461,industrial_pump,SN-IND-12149,2018-09-04
EQ-03140,ST-0462,conveyor_system,SN-CON-78678,2016-10-16
EQ-03141,ST-0462,furnace,SN-FUR-56387,2009-06-18
EQ-03142,ST-0462,conveyor_system,SN-CON-42421,2007-10-18
EQ-03143,ST-0462,conveyor_system,SN-CON-16911,2010-05-27
EQ-03144,ST-0462,switchgear,SN-SWI-73397,2014-04-18
EQ-03145,ST-0462,control_panel,SN-CON-46789,2012-04-05
EQ-03146,ST-0462,chiller,SN-CHI-61101,2017-07-22
EQ-03147,ST-0462,switchgear,SN-SWI-43699,2010-06-09
EQ-03148,ST-0462,control_panel,SN-CON-79525,2018-02-17
EQ-03149,ST-0463,hvac_unit,SN-HVA-88278,2018-03-06
EQ-03150,ST-0463,industrial_pump,SN-IND-56188,2009-04-07
EQ-03151,ST-0464,industrial_pump,SN-IND-21364,2018-09-18
EQ-03152,ST-0464,furnace,SN-FUR-90686,2009-03-05
EQ-03153,ST-0464,hvac_unit,SN-HVA-90910,2013-05-19
EQ-03154,ST-0464,switchgear,SN-SWI-65860,2006-11-01
EQ-03155,ST-0464,switchgear,SN-SWI-48618,2007-10-26
EQ-03156,ST-0464,chiller,SN-CHI-75020,2008-03-17
EQ-03157,ST-0465,boiler,SN-BOI-12230,2011-02-13
EQ-03158,ST-0465,hvac_unit,SN-HVA-28912,2014-02-19
EQ-03159,ST-0465,industrial_pump,SN-IND-50507,2015-02-06
EQ-03160,ST-0465,control_panel,SN-CON-16084,2016-08-25
EQ-03161,ST-0465,storage_tank,SN-STO-40469,2014-06-14
EQ-03162,ST-0465,control_panel,SN-CON-58061,2010-08-28
EQ-03163,ST-0465,conveyor_system,SN-CON-35600,2010-07-17
EQ-03164,ST-0465,control_panel,SN-CON-31799,2008-09-13
EQ-03165,ST-0466,conveyor_system,SN-CON-15856,2018-07-24
EQ-03166,ST-0466,furnace,SN-FUR-76767,2016-09-16
EQ-03167,ST-0466,switchgear,SN-SWI-50046,2015-10-18
EQ-03168,ST-0466,control_panel,SN-CON-10568,2012-02-09
EQ-03169,ST-0466,furnace,SN-FUR-85358,2018-12-19
EQ-03170,ST-0466,control_panel,SN-CON-29753,2016-10-21
EQ-03171,ST-0466,storage_tank,SN-STO-29860,2011-07-15
EQ-03172,ST-0466,hvac_unit,SN-HVA-12561,2012-04-08
EQ-03173,ST-0466,compressor,SN-COM-44716,2005-07-21
EQ-03174,ST-0467,industrial_pump,SN-IND-25111,2006-05-26
EQ-03175,ST-0467,furnace,SN-FUR-87267,2013-02-08
EQ-03176,ST-0468,control_panel,SN-CON-79029,2012-05-17
EQ-03177,ST-0468,storage_tank,SN-STO-14998,2011-03-13
EQ-03178,ST-0468,boiler,SN-BOI-55267,2015-08-14
EQ-03179,ST-0468,conveyor_system,SN-CON-45793,2012-08-27
EQ-03180,ST-0468,furnace,SN-FUR-45307,2014-03-08
EQ-03181,ST-0468,furnace,SN-FUR-67214,2009-05-28
EQ-03182,ST-0468,industrial_pump,SN-IND-55463,2015-06-21
EQ-03183,ST-0468,storage_tank,SN-STO-47065,2008-08-25
EQ-03184,ST-0468,furnace,SN-FUR-22372,2005-11-20
EQ-03185,ST-0468,industrial_pump,SN-IND-33451,2017-01-19
EQ-03186,ST-0469,chiller,SN-CHI-17757,2008-11-12
EQ-03187,ST-0469,chiller,SN-CHI-24908,2009-05-02
EQ-03188,ST-0469,compressor,SN-COM-15348,2011-07-08
EQ-03189,ST-0469,switchgear,SN-SWI-63187,2008-08-14
EQ-03190,ST-0469,hvac_unit,SN-HVA-61552,2015-05-13
EQ-03191,ST-0469,industrial_pump,SN-IND-57627,2012-08-03
EQ-03192,ST-0470,hvac_unit,SN-HVA-55905,2018-11-18
EQ-03193,ST-0470,boiler,SN-BOI-49317,2011-12-11
EQ-03194,ST-0471,conveyor_system,SN-CON-78952,2016-05-25
EQ-03195,ST-0471,industrial_pump,SN-IND-22587,2014-05-04
EQ-03196,ST-0471,compressor,SN-COM-44558,2015-05-17
EQ-03197,ST-0471,storage_tank,SN-STO-10729,2012-05-07
EQ-03198,ST-0471,compressor,SN-COM-36915,2014-05-03
EQ-03199,ST-0471,industrial_pump,SN-IND-18106,2014-08-15
EQ-03200,ST-0471,industrial_pump,SN-IND-82208,2016-09-02
EQ-03201,ST-0471,boiler,SN-BOI-53303,2018-05-17
EQ-03202,ST-0471,industrial_pump,SN-IND-91060,2015-09-11
EQ-03203,ST-0471,boiler,SN-BOI-50608,2014-11-25
EQ-03204,ST-0471,industrial_pump,SN-IND-82215,2010-08-03
EQ-03205,ST-0471,hvac_unit,SN-HVA-38147,2010-02-24
EQ-03206,ST-0472,industrial_pump,SN-IND-22331,2013-09-07
EQ-03207,ST-0472,control_panel,SN-CON-85950,2013-09-09
EQ-03208,ST-0472,control_panel,SN-CON-72018,2014-02-24
EQ-03209,ST-0472,furnace,SN-FUR-56950,2014-12-24
EQ-03210,ST-0472,conveyor_system,SN-CON-57011,2016-10-09
EQ-03211,ST-0472,boiler,SN-BOI-70823,2006-03-26
EQ-03212,ST-0473,switchgear,SN-SWI-47825,2006-09-21
EQ-03213,ST-0473,storage_tank,SN-STO-72081,2007-01-06
EQ-03214,ST-0473,storage_tank,SN-STO-98047,2014-08-05
EQ-03215,ST-0473,industrial_pump,SN-IND-69673,2008-05-03
EQ-03216,ST-0473,compressor,SN-COM-25952,2005-10-07
EQ-03217,ST-0473,compressor,SN-COM-41742,2018-07-21
EQ-03218,ST-0473,conveyor_system,SN-CON-63542,2007-10-14
EQ-03219,ST-0473,hvac_unit,SN-HVA-27289,2010-02-27
EQ-03220,ST-0474,storage_tank,SN-STO-14629,2009-09-21
EQ-03221,ST-0474,storage_tank,SN-STO-42094,2005-02-17
EQ-03222,ST-0474,furnace,SN-FUR-99628,2017-09-04
EQ-03223,ST-0474,industrial_pump,SN-IND-41839,2010-06-21
EQ-03224,ST-0474,hvac_unit,SN-HVA-68942,2008-07-07
EQ-03225,ST-0474,storage_tank,SN-STO-13881,2014-05-24
EQ-03226,ST-0475,storage_tank,SN-STO-53061,2015-08-04
EQ-03227,ST-0475,conveyor_system,SN-CON-76981,2011-03-13
EQ-03228,ST-0475,industrial_pump,SN-IND-21566,2014-10-15
EQ-03229,ST-0475,switchgear,SN-SWI-98806,2010-11-05
EQ-03230,ST-0475,chiller,SN-CHI-22553,2008-07-08
EQ-03231,ST-0475,storage_tank,SN-STO-85484,2010-09-03
EQ-03232,ST-0475,hvac_unit,SN-HVA-89428,2011-08-24
EQ-03233,ST-0475,compressor,SN-COM-17829,2007-02-21
EQ-03234,ST-0475,boiler,SN-BOI-31755,2018-09-27
EQ-03235,ST-0476,industrial_pump,SN-IND-55564,2018-02-19
EQ-03236,ST-0476,hvac_unit,SN-HVA-12273,2006-04-10
EQ-03237,ST-0476,switchgear,SN-SWI-14898,2013-09-28
EQ-03238,ST-0477,boiler,SN-BOI-75129,2015-03-28
EQ-03239,ST-0477,storage_tank,SN-STO-30542,2017-09-21
EQ-03240,ST-0477,storage_tank,SN-STO-96712,2009-11-26
EQ-03241,ST-0477,conveyor_system,SN-CON-25297,2010-02-05
EQ-03242,ST-0477,furnace,SN-FUR-63313,2008-03-14
EQ-03243,ST-0477,industrial_pump,SN-IND-98938,2018-11-12
EQ-03244,ST-0477,hvac_unit,SN-HVA-36329,2017-08-16
EQ-03245,ST-0477,switchgear,SN-SWI-12481,2015-12-10
EQ-03246,ST-0477,switchgear,SN-SWI-28925,2016-02-04
EQ-03247,ST-0477,furnace,SN-FUR-24097,2016-08-14
EQ-03248,ST-0478,switchgear,SN-SWI-82310,2013-06-23
EQ-03249,ST-0478,industrial_pump,SN-IND-12366,2018-06-15
EQ-03250,ST-0478,boiler,SN-BOI-55651,2005-02-05
EQ-03251,ST-0478,compressor,SN-COM-87520,2017-01-04
EQ-03252,ST-0478,compressor,SN-COM-40882,2015-09-17
EQ-03253,ST-0479,compressor,SN-COM-20259,2014-08-21
EQ-03254,ST-0479,compressor,SN-COM-41938,2015-08-14
EQ-03255,ST-0479,boiler,SN-BOI-66620,2017-10-24
EQ-03256,ST-0479,compressor,SN-COM-23907,2007-12-02
EQ-03257,ST-0479,control_panel,SN-CON-98711,2012-05-13
EQ-03258,ST-0480,boiler,SN-BOI-11702,2006-09-16
EQ-03259,ST-0480,conveyor_system,SN-CON-65343,2010-05-13
EQ-03260,ST-0480,conveyor_system,SN-CON-64019,2014-08-28
EQ-03261,ST-0480,compressor,SN-COM-11579,2011-02-28
EQ-03262,ST-0480,compressor,SN-COM-85259,2007-04-04
EQ-03263,ST-0480,compressor,SN-COM-81358,2012-09-16
EQ-03264,ST-0480,switchgear,SN-SWI-36020,2010-11-15
EQ-03265,ST-0480,hvac_unit,SN-HVA-89544,2007-08-23
EQ-03266,ST-0480,boiler,SN-BOI-53315,2005-09-18
EQ-03267,ST-0481,switchgear,SN-SWI-55300,2008-05-17
EQ-03268,ST-0481,conveyor_system,SN-CON-82780,2007-02-13
EQ-03269,ST-0481,storage_tank,SN-STO-53241,2009-09-01
EQ-03270,ST-0481,conveyor_system,SN-CON-66872,2011-06-12
EQ-03271,ST-0481,compressor,SN-COM-63133,2011-03-19
EQ-03272,ST-0481,compressor,SN-COM-34406,2009-12-04
EQ-03273,ST-0481,conveyor_system,SN-CON-12686,2016-09-08
EQ-03274,ST-0481,switchgear,SN-SWI-12355,2018-06-18
EQ-03275,ST-0481,switchgear,SN-SWI-58184,2006-02-07
EQ-03276,ST-0481,storage_tank,SN-STO-39020,2017-10-22
EQ-03277,ST-0482,conveyor_system,SN-CON-61389,2007-04-07
EQ-03278,ST-0482,boiler,SN-BOI-81145,2010-08-03
EQ-03279,ST-0482,hvac_unit,SN-HVA-47771,2007-01-06
EQ-03280,ST-0482,chiller,SN-CHI-51867,2017-01-06
EQ-03281,ST-0482,boiler,SN-BOI-78925,2008-03-24
EQ-03282,ST-0483,switchgear,SN-SWI-31024,2014-01-22
EQ-03283,ST-0483,storage_tank,SN-STO-18495,2012-02-07
EQ-03284,ST-0483,storage_tank,SN-STO-55362,2006-08-10
EQ-03285,ST-0483,chiller,SN-CHI-16535,2012-09-11
EQ-03286,ST-0483,switchgear,SN-SWI-11360,2016-05-22
EQ-03287,ST-0483,compressor,SN-COM-97193,2009-01-24
EQ-03288,ST-0483,switchgear,SN-SWI-65225,2007-11-19
EQ-03289,ST-0484,hvac_unit,SN-HVA-49553,2017-10-14
EQ-03290,ST-0484,hvac_unit,SN-HVA-86039,2012-08-27
EQ-03291,ST-0485,furnace,SN-FUR-91975,2011-07-11
EQ-03292,ST-0485,control_panel,SN-CON-38910,2015-01-03
EQ-03293,ST-0485,hvac_unit,SN-HVA-46207,2006-08-02
EQ-03294,ST-0486,furnace,SN-FUR-26113,2015-06-06
EQ-03295,ST-0486,storage_tank,SN-STO-31849,2017-02-01
EQ-03296,ST-0486,conveyor_system,SN-CON-70825,2012-08-24
EQ-03297,ST-0486,control_panel,SN-CON-93403,2015-04-28
EQ-03298,ST-0486,industrial_pump,SN-IND-21748,2006-01-06
EQ-03299,ST-0487,boiler,SN-BOI-54041,2009-10-02
EQ-03300,ST-0487,industrial_pump,SN-IND-75700,2014-08-22
EQ-03301,ST-0487,boiler,SN-BOI-35467,2013-12-06
EQ-03302,ST-0487,conveyor_system,SN-CON-43365,2011-01-13
EQ-03303,ST-0487,hvac_unit,SN-HVA-74641,2016-07-25
EQ-03304,ST-0487,chiller,SN-CHI-63025,2017-03-17
EQ-03305,ST-0487,switchgear,SN-SWI-33442,2010-09-10
EQ-03306,ST-0487,industrial_pump,SN-IND-74692,2016-03-01
EQ-03307,ST-0487,furnace,SN-FUR-92665,2010-11-07
EQ-03308,ST-0487,chiller,SN-CHI-43496,2006-12-16
EQ-03309,ST-0488,hvac_unit,SN-HVA-79137,2010-10-19
EQ-03310,ST-0488,conveyor_system,SN-CON-60062,2007-03-10
EQ-03311,ST-0488,furnace,SN-FUR-80717,2018-06-05
EQ-03312,ST-0488,chiller,SN-CHI-25971,2009-09-20
EQ-03313,ST-0488,hvac_unit,SN-HVA-25705,2009-12-16
EQ-03314,ST-0488,conveyor_system,SN-CON-74781,2006-10-12
EQ-03315,ST-0488,chiller,SN-CHI-65527,2006-03-07
EQ-03316,ST-0488,storage_tank,SN-STO-94347,2018-11-20
EQ-03317,ST-0489,storage_tank,SN-STO-48986,2015-04-23
EQ-03318,ST-0489,hvac_unit,SN-HVA-65173,2013-01-21
EQ-03319,ST-0489,switchgear,SN-SWI-48745,2018-10-23
EQ-03320,ST-0489,hvac_unit,SN-HVA-60770,2010-12-20
EQ-03321,ST-0489,storage_tank,SN-STO-55391,2018-12-15
EQ-03322,ST-0489,boiler,SN-BOI-40052,2005-01-12
EQ-03323,ST-0490,chiller,SN-CHI-77868,2014-05-08
EQ-03324,ST-0490,control_panel,SN-CON-84012,2014-02-17
EQ-03325,ST-0490,industrial_pump,SN-IND-99864,2011-07-26
EQ-03326,ST-0490,switchgear,SN-SWI-77647,2010-04-27
EQ-03327,ST-0490,switchgear,SN-SWI-14793,2008-06-14
EQ-03328,ST-0490,conveyor_system,SN-CON-39654,2016-11-12
EQ-03329,ST-0490,switchgear,SN-SWI-70230,2011-08-06
EQ-03330,ST-0490,hvac_unit,SN-HVA-17982,2007-12-03
EQ-03331,ST-0490,furnace,SN-FUR-76864,2017-12-22
EQ-03332,ST-0490,switchgear,SN-SWI-95444,2014-02-12
EQ-03333,ST-0490,furnace,SN-FUR-93627,2005-11-17
EQ-03334,ST-0491,industrial_pump,SN-IND-34703,2006-03-09
EQ-03335,ST-0491,boiler,SN-BOI-50935,2008-05-22
EQ-03336,ST-0491,storage_tank,SN-STO-14250,2014-10-12
EQ-03337,ST-0491,storage_tank,SN-STO-13255,2009-03-20
EQ-03338,ST-0491,switchgear,SN-SWI-63502,2007-08-11
EQ-03339,ST-0491,storage_tank,SN-STO-85568,2017-02-01
EQ-03340,ST-0491,compressor,SN-COM-50190,2018-04-22
EQ-03341,ST-0491,compressor,SN-COM-21301,2008-08-27
EQ-03342,ST-0491,compressor,SN-COM-86455,2010-03-07
EQ-03343,ST-0492,compressor,SN-COM-51034,2018-02-07
EQ-03344,ST-0492,compressor,SN-COM-42066,2011-10-23
EQ-03345,ST-0492,chiller,SN-CHI-60676,2013-08-22
EQ-03346,ST-0492,furnace,SN-FUR-34856,2010-06-09
EQ-03347,ST-0492,chiller,SN-CHI-59194,2013-11-23
EQ-03348,ST-0492,conveyor_system,SN-CON-68531,2009-12-20
EQ-03349,ST-0492,storage_tank,SN-STO-42323,2006-05-11
EQ-03350,ST-0492,compressor,SN-COM-65140,2017-04-26
EQ-03351,ST-0493,furnace,SN-FUR-77780,2014-10-14
EQ-03352,ST-0493,hvac_unit,SN-HVA-81417,2007-05-07
EQ-03353,ST-0493,hvac_unit,SN-HVA-53938,2012-07-14
EQ-03354,ST-0493,chiller,SN-CHI-58081,2016-04-02
EQ-03355,ST-0493,furnace,SN-FUR-35130,2011-04-16
EQ-03356,ST-0493,boiler,SN-BOI-73324,2014-07-26
EQ-03357,ST-0493,hvac_unit,SN-HVA-45760,2018-05-25
EQ-03358,ST-0493,boiler,SN-BOI-57132,2017-10-16
EQ-03359,ST-0493,control_panel,SN-CON-79826,2017-03-11
EQ-03360,ST-0493,hvac_unit,SN-HVA-16964,2009-02-07
EQ-03361,ST-0493,boiler,SN-BOI-36769,2015-12-04
EQ-03362,ST-0493,industrial_pump,SN-IND-18288,2010-10-06
EQ-03363,ST-0494,furnace,SN-FUR-31985,2015-05-03
EQ-03364,ST-0494,control_panel,SN-CON-98665,2018-01-20
EQ-03365,ST-0494,switchgear,SN-SWI-48738,2010-04-15
EQ-03366,ST-0494,industrial_pump,SN-IND-69570,2015-12-27
EQ-03367,ST-0495,conveyor_system,SN-CON-23046,2012-09-10
EQ-03368,ST-0495,furnace,SN-FUR-65201,2011-11-11
EQ-03369,ST-0495,industrial_pump,SN-IND-23512,2007-04-26
EQ-03370,ST-0496,chiller,SN-CHI-18795,2016-02-13
EQ-03371,ST-0496,furnace,SN-FUR-48437,2017-08-11
EQ-03372,ST-0496,furnace,SN-FUR-23352,2006-02-17
EQ-03373,ST-0496,boiler,SN-BOI-50000,2007-05-17
EQ-03374,ST-0496,conveyor_system,SN-CON-42917,2007-04-10
EQ-03375,ST-0496,furnace,SN-FUR-77677,2018-02-01
EQ-03376,ST-0496,hvac_unit,SN-HVA-81983,2010-08-19
EQ-03377,ST-0496,boiler,SN-BOI-67890,2010-11-05
EQ-03378,ST-0496,switchgear,SN-SWI-43865,2017-06-16
EQ-03379,ST-0496,boiler,SN-BOI-11951,2013-04-18
EQ-03380,ST-0497,control_panel,SN-CON-22208,2010-02-20
EQ-03381,ST-0497,switchgear,SN-SWI-88593,2006-02-26
EQ-03382,ST-0497,conveyor_system,SN-CON-63849,2018-01-14
EQ-03383,ST-0497,conveyor_system,SN-CON-85493,2008-08-28
EQ-03384,ST-0497,chiller,SN-CHI-31207,2013-03-02
EQ-03385,ST-0497,conveyor_system,SN-CON-82992,2013-01-07
EQ-03386,ST-0497,storage_tank,SN-STO-59268,2010-08-02
EQ-03387,ST-0497,compressor,SN-COM-30501,2017-01-12
EQ-03388,ST-0497,switchgear,SN-SWI-96375,2012-02-08
EQ-03389,ST-0497,storage_tank,SN-STO-21827,2009-10-06
EQ-03390,ST-0497,chiller,SN-CHI-27003,2018-03-22
EQ-03391,ST-0497,control_panel,SN-CON-38580,2017-02-14
EQ-03392,ST-0498,chiller,SN-CHI-21706,2017-08-07
EQ-03393,ST-0498,furnace,SN-FUR-24837,2006-05-12
EQ-03394,ST-0498,control_panel,SN-CON-46117,2011-11-14
EQ-03395,ST-0498,boiler,SN-BOI-94472,2018-06-11
EQ-03396,ST-0498,boiler,SN-BOI-88448,2016-07-13
EQ-03397,ST-0498,boiler,SN-BOI-53372,2013-05-26
EQ-03398,ST-0498,hvac_unit,SN-HVA-72354,2010-02-07
EQ-03399,ST-0498,boiler,SN-BOI-94940,2015-05-14
EQ-03400,ST-0498,conveyor_system,SN-CON-52522,2015-10-11
EQ-03401,ST-0498,boiler,SN-BOI-55493,2005-03-02
EQ-03402,ST-0498,switchgear,SN-SWI-10326,2005-04-01
EQ-03403,ST-0499,boiler,SN-BOI-33012,2010-04-19
EQ-03404,ST-0499,industrial_pump,SN-IND-52628,2011-02-13
EQ-03405,ST-0499,chiller,SN-CHI-73215,2016-10-21
EQ-03406,ST-0500,storage_tank,SN-STO-89633,2008-06-17
EQ-03407,ST-0500,chiller,SN-CHI-23548,2018-02-20
EQ-03408,ST-0500,control_panel,SN-CON-37783,2017-02-17
EQ-03409,ST-0500,control_panel,SN-CON-59456,2016-09-10
EQ-03410,ST-0500,storage_tank,SN-STO-91047,2006-10-06
EQ-03411,ST-0500,chiller,SN-CHI-23406,2007-12-26
EQ-03412,ST-0501,industrial_pump,SN-IND-33368,2016-09-05
EQ-03413,ST-0501,furnace,SN-FUR-53938,2013-12-17
EQ-03414,ST-0501,industrial_pump,SN-IND-64852,2010-06-11
EQ-03415,ST-0501,switchgear,SN-SWI-67187,2006-06-09
EQ-03416,ST-0501,chiller,SN-CHI-47398,2010-09-19
EQ-03417,ST-0501,conveyor_system,SN-CON-18490,2009-08-14
EQ-03418,ST-0502,compressor,SN-COM-32464,2013-05-13
EQ-03419,ST-0502,industrial_pump,SN-IND-87495,2016-07-24
EQ-03420,ST-0502,switchgear,SN-SWI-78086,2005-05-20
EQ-03421,ST-0503,boiler,SN-BOI-50704,2015-11-04
EQ-03422,ST-0503,storage_tank,SN-STO-70092,2016-05-02
EQ-03423,ST-0503,chiller,SN-CHI-94209,2007-07-07
EQ-03424,ST-0503,industrial_pump,SN-IND-23836,2007-10-11
EQ-03425,ST-0503,hvac_unit,SN-HVA-71992,2016-04-16
EQ-03426,ST-0503,conveyor_system,SN-CON-44317,2018-11-21
EQ-03427,ST-0503,boiler,SN-BOI-59171,2015-02-20
EQ-03428,ST-0503,switchgear,SN-SWI-33064,2010-07-17
EQ-03429,ST-0503,boiler,SN-BOI-79015,2008-07-18
EQ-03430,ST-0504,storage_tank,SN-STO-18748,2018-04-21
EQ-03431,ST-0504,industrial_pump,SN-IND-84287,2014-10-10
EQ-03432,ST-0505,compressor,SN-COM-98479,2007-11-28
EQ-03433,ST-0505,switchgear,SN-SWI-62542,2012-05-16
EQ-03434,ST-0506,industrial_pump,SN-IND-61289,2017-01-05
EQ-03435,ST-0506,furnace,SN-FUR-43103,2009-09-12
EQ-03436,ST-0506,chiller,SN-CHI-88937,2013-02-22
EQ-03437,ST-0506,conveyor_system,SN-CON-45283,2008-06-21
EQ-03438,ST-0506,compressor,SN-COM-36351,2018-08-26
EQ-03439,ST-0506,conveyor_system,SN-CON-10753,2017-06-28
EQ-03440,ST-0506,chiller,SN-CHI-67249,2016-11-15
EQ-03441,ST-0506,hvac_unit,SN-HVA-41815,2005-09-09
EQ-03442,ST-0506,control_panel,SN-CON-39414,2005-06-21
EQ-03443,ST-0506,compressor,SN-COM-19389,2011-09-02
EQ-03444,ST-0506,hvac_unit,SN-HVA-90319,2016-08-04
EQ-03445,ST-0507,conveyor_system,SN-CON-54834,2006-12-09
EQ-03446,ST-0507,storage_tank,SN-STO-23721,2005-01-26
EQ-03447,ST-0507,industrial_pump,SN-IND-29762,2013-12-06
EQ-03448,ST-0507,conveyor_system,SN-CON-36964,2013-11-20
EQ-03449,ST-0507,conveyor_system,SN-CON-45639,2006-04-14
EQ-03450,ST-0507,chiller,SN-CHI-75534,2011-04-09
EQ-03451,ST-0507,conveyor_system,SN-CON-38833,2013-12-24
EQ-03452,ST-0508,boiler,SN-BOI-37546,2012-05-04
EQ-03453,ST-0508,compressor,SN-COM-70652,2010-03-07
EQ-03454,ST-0509,furnace,SN-FUR-73709,2007-03-26
EQ-03455,ST-0509,industrial_pump,SN-IND-16461,2008-05-01
EQ-03456,ST-0509,conveyor_system,SN-CON-11344,2006-10-16
EQ-03457,ST-0509,control_panel,SN-CON-95852,2006-03-24
EQ-03458,ST-0509,switchgear,SN-SWI-27865,2007-12-04
EQ-03459,ST-0510,furnace,SN-FUR-72966,2015-07-13
EQ-03460,ST-0510,switchgear,SN-SWI-43351,2011-05-09
EQ-03461,ST-0510,switchgear,SN-SWI-76353,2018-08-19
EQ-03462,ST-0510,hvac_unit,SN-HVA-59152,2006-10-10
EQ-03463,ST-0510,compressor,SN-COM-43596,2010-03-25
EQ-03464,ST-0510,furnace,SN-FUR-48316,2017-07-14
EQ-03465,ST-0510,hvac_unit,SN-HVA-44446,2013-03-08
EQ-03466,ST-0510,control_panel,SN-CON-23531,2012-06-19
EQ-03467,ST-0510,furnace,SN-FUR-39492,2014-08-10
EQ-03468,ST-0511,switchgear,SN-SWI-77103,2015-09-26
EQ-03469,ST-0511,chiller,SN-CHI-34379,2012-07-07
EQ-03470,ST-0512,boiler,SN-BOI-95687,2006-05-26
EQ-03471,ST-0512,control_panel,SN-CON-71127,2011-01-01
EQ-03472,ST-0512,conveyor_system,SN-CON-69014,2009-09-23
EQ-03473,ST-0512,conveyor_system,SN-CON-86350,2014-02-02
EQ-03474,ST-0512,furnace,SN-FUR-63817,2013-10-06
EQ-03475,ST-0512,control_panel,SN-CON-64080,2010-02-12
EQ-03476,ST-0512,hvac_unit,SN-HVA-65132,2018-02-13
EQ-03477,ST-0512,storage_tank,SN-STO-11861,2013-02-04
EQ-03478,ST-0512,industrial_pump,SN-IND-55414,2009-06-16
EQ-03479,ST-0512,industrial_pump,SN-IND-92716,2013-11-16
EQ-03480,ST-0512,storage_tank,SN-STO-67257,2018-06-03
EQ-03481,ST-0513,conveyor_system,SN-CON-79017,2017-04-25
EQ-03482,ST-0513,chiller,SN-CHI-61759,2013-03-04
EQ-03483,ST-0514,hvac_unit,SN-HVA-89409,2006-10-04
EQ-03484,ST-0514,switchgear,SN-SWI-39231,2011-02-11
EQ-03485,ST-0515,control_panel,SN-CON-67168,2008-02-05
EQ-03486,ST-0515,furnace,SN-FUR-10399,2012-01-09
EQ-03487,ST-0516,industrial_pump,SN-IND-79452,2013-02-20
EQ-03488,ST-0516,boiler,SN-BOI-21801,2013-03-10
EQ-03489,ST-0516,boiler,SN-BOI-84196,2007-08-15
EQ-03490,ST-0516,furnace,SN-FUR-98694,2007-05-26
EQ-03491,ST-0516,industrial_pump,SN-IND-60932,2016-09-18
EQ-03492,ST-0516,boiler,SN-BOI-26126,2011-03-11
EQ-03493,ST-0516,compressor,SN-COM-34915,2015-06-18
EQ-03494,ST-0516,hvac_unit,SN-HVA-34219,2016-11-28
EQ-03495,ST-0516,control_panel,SN-CON-99865,2013-03-20
EQ-03496,ST-0516,compressor,SN-COM-89162,2018-12-07
EQ-03497,ST-0516,control_panel,SN-CON-39959,2006-08-13
EQ-03498,ST-0517,compressor,SN-COM-17653,2014-05-23
EQ-03499,ST-0517,chiller,SN-CHI-49627,2015-10-23
EQ-03500,ST-0517,compressor,SN-COM-46663,2010-08-02
EQ-03501,ST-0517,compressor,SN-COM-88031,2014-09-11
EQ-03502,ST-0517,industrial_pump,SN-IND-92393,2011-03-28
EQ-03503,ST-0517,storage_tank,SN-STO-82420,2009-04-11
EQ-03504,ST-0517,chiller,SN-CHI-24667,2010-03-11
EQ-03505,ST-0517,boiler,SN-BOI-78388,2018-07-26
EQ-03506,ST-0518,compressor,SN-COM-37459,2015-05-09
EQ-03507,ST-0518,hvac_unit,SN-HVA-26309,2006-08-28
EQ-03508,ST-0518,control_panel,SN-CON-72891,2007-05-11
EQ-03509,ST-0518,switchgear,SN-SWI-83998,2009-12-14
EQ-03510,ST-0518,furnace,SN-FUR-60568,2010-05-23
EQ-03511,ST-0518,industrial_pump,SN-IND-56570,2012-08-22
EQ-03512,ST-0518,chiller,SN-CHI-26327,2016-10-28
EQ-03513,ST-0518,storage_tank,SN-STO-58730,2018-08-23
EQ-03514,ST-0518,conveyor_system,SN-CON-30026,2015-04-24
EQ-03515,ST-0518,boiler,SN-BOI-15264,2012-09-10
EQ-03516,ST-0519,switchgear,SN-SWI-23496,2008-06-06
EQ-03517,ST-0519,conveyor_system,SN-CON-31293,2011-04-16
EQ-03518,ST-0519,hvac_unit,SN-HVA-10002,2017-09-20
EQ-03519,ST-0519,hvac_unit,SN-HVA-70484,2012-01-14
EQ-03520,ST-0519,furnace,SN-FUR-42551,2005-04-26
EQ-03521,ST-0519,chiller,SN-CHI-65045,2016-08-19
EQ-03522,ST-0519,industrial_pump,SN-IND-38272,2006-10-15
EQ-03523,ST-0519,compressor,SN-COM-82736,2008-08-23
EQ-03524,ST-0520,switchgear,SN-SWI-76283,2018-12-06
EQ-03525,ST-0520,furnace,SN-FUR-26201,2010-09-28
EQ-03526,ST-0520,control_panel,SN-CON-97604,2011-02-23
EQ-03527,ST-0520,compressor,SN-COM-29517,2007-09-09
EQ-03528,ST-0520,hvac_unit,SN-HVA-44125,2008-05-02
EQ-03529,ST-0520,hvac_unit,SN-HVA-70148,2008-09-07
EQ-03530,ST-0520,chiller,SN-CHI-98979,2006-01-13
EQ-03531,ST-0521,boiler,SN-BOI-13946,2011-01-08
EQ-03532,ST-0521,industrial_pump,SN-IND-24525,2015-11-13
EQ-03533,ST-0522,conveyor_system,SN-CON-11280,2014-05-19
EQ-03534,ST-0522,chiller,SN-CHI-86394,2010-12-18
EQ-03535,ST-0522,storage_tank,SN-STO-29318,2010-01-22
EQ-03536,ST-0522,conveyor_system,SN-CON-31832,2013-06-10
EQ-03537,ST-0522,hvac_unit,SN-HVA-78914,2006-04-15
EQ-03538,ST-0522,industrial_pump,SN-IND-27063,2018-10-04
EQ-03539,ST-0522,compressor,SN-COM-75362,2007-01-13
EQ-03540,ST-0522,boiler,SN-BOI-64508,2015-06-19
EQ-03541,ST-0522,furnace,SN-FUR-65766,2016-07-03
EQ-03542,ST-0522,furnace,SN-FUR-27482,2015-05-19
EQ-03543,ST-0523,conveyor_system,SN-CON-74160,2008-02-18
EQ-03544,ST-0523,hvac_unit,SN-HVA-30237,2013-09-17
EQ-03545,ST-0523,conveyor_system,SN-CON-94882,2017-07-06
EQ-03546,ST-0523,switchgear,SN-SWI-77847,2008-05-10
EQ-03547,ST-0523,boiler,SN-BOI-19055,2016-12-01
EQ-03548,ST-0523,furnace,SN-FUR-63123,2017-09-10
EQ-03549,ST-0523,storage_tank,SN-STO-42747,2007-04-04
EQ-03550,ST-0523,compressor,SN-COM-89927,2016-05-25
EQ-03551,ST-0523,storage_tank,SN-STO-99221,2008-04-12
EQ-03552,ST-0523,furnace,SN-FUR-78014,2007-09-24
EQ-03553,ST-0523,furnace,SN-FUR-26782,2015-03-26
EQ-03554,ST-0524,compressor,SN-COM-94211,2015-10-05
EQ-03555,ST-0524,industrial_pump,SN-IND-14543,2008-06-06
EQ-03556,ST-0524,compressor,SN-COM-16186,2012-12-25
EQ-03557,ST-0524,switchgear,SN-SWI-40720,2010-07-17
EQ-03558,ST-0524,compressor,SN-COM-82126,2005-07-12
EQ-03559,ST-0524,chiller,SN-CHI-94393,2018-07-10
EQ-03560,ST-0525,furnace,SN-FUR-34443,2005-08-27
EQ-03561,ST-0525,industrial_pump,SN-IND-77625,2015-07-08
EQ-03562,ST-0525,storage_tank,SN-STO-88742,2017-08-04
EQ-03563,ST-0525,storage_tank,SN-STO-19012,2005-12-24
EQ-03564,ST-0525,conveyor_system,SN-CON-84528,2018-02-04
EQ-03565,ST-0525,switchgear,SN-SWI-96080,2011-04-14
EQ-03566,ST-0525,storage_tank,SN-STO-29803,2007-11-14
EQ-03567,ST-0525,furnace,SN-FUR-45016,2006-03-28
EQ-03568,ST-0525,control_panel,SN-CON-99566,2008-09-12
EQ-03569,ST-0525,compressor,SN-COM-15482,2009-06-16
EQ-03570,ST-0526,conveyor_system,SN-CON-65068,2006-12-21
EQ-03571,ST-0526,storage_tank,SN-STO-60725,2014-12-03
EQ-03572,ST-0526,storage_tank,SN-STO-20692,2012-02-14
EQ-03573,ST-0526,industrial_pump,SN-IND-89554,2011-01-07
EQ-03574,ST-0526,storage_tank,SN-STO-98957,2016-01-08
EQ-03575,ST-0526,conveyor_system,SN-CON-84294,2014-02-04
EQ-03576,ST-0526,switchgear,SN-SWI-50319,2008-03-02
EQ-03577,ST-0526,storage_tank,SN-STO-38526,2016-12-25
EQ-03578,ST-0526,switchgear,SN-SWI-23375,2015-07-04
EQ-03579,ST-0526,furnace,SN-FUR-82195,2014-07-24
EQ-03580,ST-0526,compressor,SN-COM-77743,2014-09-22
EQ-03581,ST-0527,furnace,SN-FUR-28925,2011-05-23
EQ-03582,ST-0527,hvac_unit,SN-HVA-54679,2017-04-27
EQ-03583,ST-0527,chiller,SN-CHI-54281,2012-08-27
EQ-03584,ST-0527,boiler,SN-BOI-84173,2018-06-01
EQ-03585,ST-0527,switchgear,SN-SWI-78959,2006-09-15
EQ-03586,ST-0527,control_panel,SN-CON-65621,2008-03-16
EQ-03587,ST-0528,furnace,SN-FUR-80800,2012-07-20
EQ-03588,ST-0528,hvac_unit,SN-HVA-73267,2006-04-05
EQ-03589,ST-0528,compressor,SN-COM-19183,2008-09-13
EQ-03590,ST-0528,control_panel,SN-CON-80463,2005-08-05
EQ-03591,ST-0528,chiller,SN-CHI-84713,2007-08-12
EQ-03592,ST-0528,control_panel,SN-CON-17665,2011-02-23
EQ-03593,ST-0528,chiller,SN-CHI-49834,2010-12-16
EQ-03594,ST-0528,chiller,SN-CHI-46629,2015-06-17
EQ-03595,ST-0528,storage_tank,SN-STO-25946,2005-09-16
EQ-03596,ST-0529,switchgear,SN-SWI-16921,2011-06-04
EQ-03597,ST-0529,storage_tank,SN-STO-95193,2018-06-24
EQ-03598,ST-0529,industrial_pump,SN-IND-50985,2016-02-19
EQ-03599,ST-0530,furnace,SN-FUR-82714,2016-01-21
EQ-03600,ST-0530,compressor,SN-COM-73490,2017-11-13
EQ-03601,ST-0530,furnace,SN-FUR-76866,2018-12-27
EQ-03602,ST-0530,furnace,SN-FUR-96018,2016-07-26
EQ-03603,ST-0531,conveyor_system,SN-CON-85424,2009-01-03
EQ-03604,ST-0531,control_panel,SN-CON-29657,2016-02-02
EQ-03605,ST-0531,furnace,SN-FUR-25995,2013-06-01
EQ-03606,ST-0531,industrial_pump,SN-IND-13172,2006-03-16
EQ-03607,ST-0531,industrial_pump,SN-IND-20950,2015-11-16
EQ-03608,ST-0531,compressor,SN-COM-37368,2015-08-26
EQ-03609,ST-0532,switchgear,SN-SWI-18045,2011-08-07
EQ-03610,ST-0532,boiler,SN-BOI-12861,2005-04-09
EQ-03611,ST-0532,furnace,SN-FUR-99970,2011-01-16
EQ-03612,ST-0532,compressor,SN-COM-70544,2011-03-12
EQ-03613,ST-0532,control_panel,SN-CON-66828,2008-11-27
EQ-03614,ST-0533,conveyor_system,SN-CON-41182,2012-07-14
EQ-03615,ST-0533,boiler,SN-BOI-41724,2014-08-04
EQ-03616,ST-0533,switchgear,SN-SWI-81529,2016-03-14
EQ-03617,ST-0533,conveyor_system,SN-CON-29578,2011-06-10
EQ-03618,ST-0533,storage_tank,SN-STO-62977,2010-03-10
EQ-03619,ST-0533,switchgear,SN-SWI-20045,2015-11-21
EQ-03620,ST-0533,chiller,SN-CHI-49061,2010-10-03
EQ-03621,ST-0533,control_panel,SN-CON-31021,2007-02-27
EQ-03622,ST-0533,switchgear,SN-SWI-47234,2017-07-20
EQ-03623,ST-0533,switchgear,SN-SWI-11389,2007-07-25
EQ-03624,ST-0533,chiller,SN-CHI-41126,2008-02-27
EQ-03625,ST-0533,industrial_pump,SN-IND-10080,2015-10-07
EQ-03626,ST-0534,hvac_unit,SN-HVA-54156,2018-07-22
EQ-03627,ST-0534,control_panel,SN-CON-96218,2008-04-18
EQ-03628,ST-0534,furnace,SN-FUR-49019,2007-12-20
EQ-03629,ST-0534,industrial_pump,SN-IND-34653,2006-07-27
EQ-03630,ST-0534,boiler,SN-BOI-31630,2008-01-07
EQ-03631,ST-0534,hvac_unit,SN-HVA-70718,2005-12-16
EQ-03632,ST-0534,compressor,SN-COM-66249,2011-01-21
