work_order_id,equipment_unit_id
WO-000001,EQ-01742
WO-000001,EQ-01743
WO-000001,EQ-01740
WO-000001,EQ-01741
WO-000002,EQ-00823
WO-000003,EQ-00649
WO-000003,EQ-00650
WO-000004,EQ-02285
WO-000005,EQ-00566
WO-000006,EQ-02838
WO-000006,EQ-02837
WO-000006,EQ-02836
WO-000007,EQ-02599
WO-000007,EQ-02596
WO-000008,EQ-02949
WO-000008,EQ-02944
WO-000009,EQ-01196
WO-000010,EQ-01577
WO-000011,EQ-01387
WO-000011,EQ-01385
WO-000011,EQ-01382
WO-000012,EQ-03348
WO-000013,EQ-01012
WO-000013,EQ-01013
WO-000014,EQ-00999
WO-000014,EQ-01000
WO-000015,EQ-03608
WO-000016,EQ-03365
WO-000017,EQ-02841
WO-000017,EQ-02842
WO-000018,EQ-03510
WO-000019,EQ-02561
WO-000019,EQ-02565
WO-000019,EQ-02562
WO-000019,EQ-02559
WO-000020,EQ-03277
WO-000021,EQ-00222
WO-000021,EQ-00213
WO-000021,EQ-00223
WO-000021,EQ-00216
WO-000022,EQ-01361
WO-000023,EQ-00843
WO-000024,EQ-02633
WO-000024,EQ-02636
WO-000024,EQ-02635
WO-000024,EQ-02634
WO-000025,EQ-00373
WO-000025,EQ-00369
WO-000026,EQ-03369
WO-000027,EQ-00967
WO-000028,EQ-00391
WO-000028,EQ-00392
WO-000028,EQ-00390
WO-000029,EQ-01962
WO-000030,EQ-01236
WO-000030,EQ-01231
WO-000031,EQ-02554
WO-000032,EQ-01529
WO-000033,EQ-02971
WO-000033,EQ-02973
WO-000033,EQ-02974
WO-000034,EQ-02218
WO-000035,EQ-01166
WO-000036,EQ-00140
WO-000036,EQ-00138
WO-000036,EQ-00135
WO-000037,EQ-01094
WO-000037,EQ-01096
WO-000037,EQ-01095
WO-000038,EQ-03468
WO-000038,EQ-03469
WO-000039,EQ-01281
WO-000039,EQ-01274
WO-000040,EQ-02833
WO-000040,EQ-02832
WO-000041,EQ-01425
WO-000041,EQ-01426
WO-000042,EQ-03016
WO-000042,EQ-03020
WO-000043,EQ-00134
WO-000043,EQ-00132
WO-000044,EQ-00052
WO-000045,EQ-00953
WO-000046,EQ-00110
WO-000046,EQ-00112
WO-000047,EQ-02631
WO-000048,EQ-01164
WO-000049,EQ-03520
WO-000049,EQ-03521
WO-000049,EQ-03517
WO-000049,EQ-03516
WO-000050,EQ-01132
WO-000051,EQ-02351
WO-000051,EQ-02349
WO-000051,EQ-02345
WO-000052,EQ-00824
WO-000052,EQ-00823
WO-000053,EQ-01811
WO-000053,EQ-01813
WO-000053,EQ-01812
WO-000054,EQ-00667
WO-000055,EQ-02645
WO-000056,EQ-01358
WO-000057,EQ-03243
WO-000058,EQ-00128
WO-000059,EQ-02462
WO-000059,EQ-02465
WO-000059,EQ-02461
WO-000059,EQ-02463
WO-000060,EQ-01556
WO-000061,EQ-01191
WO-000062,EQ-02126
WO-000063,EQ-03105
WO-000063,EQ-03109
WO-000063,EQ-03111
WO-000063,EQ-03108
WO-000064,EQ-01470
WO-000065,EQ-00547
WO-000065,EQ-00541
WO-000066,EQ-00060
WO-000067,EQ-00379
WO-000068,EQ-01290
WO-000068,EQ-01291
WO-000069,EQ-02493
WO-000070,EQ-01758
WO-000071,EQ-01958
WO-000072,EQ-02745
WO-000073,EQ-01343
WO-000074,EQ-01742
WO-000074,EQ-01740
WO-000074,EQ-01741
WO-000074,EQ-01743
WO-000075,EQ-01842
WO-000076,EQ-03521
WO-000076,EQ-03520
WO-000076,EQ-03522
WO-000076,EQ-03516
WO-000077,EQ-02415
WO-000077,EQ-02422
WO-000078,EQ-01012
WO-000079,EQ-00846
WO-000079,EQ-00844
WO-000080,EQ-01442
WO-000081,EQ-00517
WO-000082,EQ-01621
WO-000082,EQ-01617
WO-000083,EQ-00188
WO-000083,EQ-00189
WO-000084,EQ-00427
WO-000084,EQ-00424
WO-000084,EQ-00425
WO-000084,EQ-00422
WO-000085,EQ-00575
WO-000085,EQ-00572
WO-000085,EQ-00573
WO-000085,EQ-00574
WO-000086,EQ-03351
WO-000086,EQ-03362
WO-000087,EQ-01087
WO-000087,EQ-01089
WO-000088,EQ-02496
WO-000089,EQ-01225
WO-000089,EQ-01227
WO-000089,EQ-01228
WO-000090,EQ-01598
WO-000091,EQ-03175
WO-000091,EQ-03174
WO-000092,EQ-03443
WO-000092,EQ-03434
WO-000093,EQ-02218
WO-000094,EQ-01154
WO-000094,EQ-01150
WO-000095,EQ-01483
WO-000095,EQ-01477
WO-000096,EQ-00882
WO-000097,EQ-01502
WO-000097,EQ-01503
WO-000098,EQ-02382
WO-000099,EQ-02933
WO-000100,EQ-00646
WO-000100,EQ-00647
WO-000100,EQ-00648
WO-000101,EQ-00120
WO-000102,EQ-03468
WO-000102,EQ-03469
WO-000103,EQ-00009
WO-000103,EQ-00006
WO-000103,EQ-00005
WO-000104,EQ-01974
WO-000105,EQ-00932
WO-000105,EQ-00933
WO-000105,EQ-00929
WO-000106,EQ-00062
WO-000106,EQ-00061
WO-000107,EQ-03223
WO-000107,EQ-03221
WO-000108,EQ-01128
WO-000108,EQ-01124
WO-000109,EQ-01760
WO-000109,EQ-01761
WO-000109,EQ-01762
WO-000110,EQ-00567
WO-000110,EQ-00566
WO-000111,EQ-00819
WO-000111,EQ-00817
WO-000112,EQ-01447
WO-000112,EQ-01448
WO-000112,EQ-01449
WO-000113,EQ-01881
WO-000114,EQ-02047
WO-000114,EQ-02048
WO-000114,EQ-02049
WO-000114,EQ-02050
WO-000115,EQ-00446
WO-000115,EQ-00453
WO-000115,EQ-00448
WO-000116,EQ-01901
WO-000117,EQ-01843
WO-000118,EQ-00188
WO-000119,EQ-00151
WO-000120,EQ-03088
WO-000121,EQ-01757
WO-000122,EQ-01050
WO-000123,EQ-01376
WO-000124,EQ-03345
WO-000124,EQ-03347
WO-000124,EQ-03346
WO-000125,EQ-02078
WO-000126,EQ-00713
WO-000127,EQ-01012
WO-000127,EQ-01013
WO-000128,EQ-00091
WO-000129,EQ-02178
WO-000129,EQ-02179
WO-000129,EQ-02177
WO-000130,EQ-02971
WO-000130,EQ-02973
WO-000130,EQ-02970
WO-000130,EQ-02972
WO-000131,EQ-01869
WO-000131,EQ-01868
WO-000132,EQ-01110
WO-000133,EQ-00230
WO-000134,EQ-01829
WO-000134,EQ-01828
WO-000134,EQ-01827
WO-000134,EQ-01826
WO-000135,EQ-01305
WO-000135,EQ-01307
WO-000135,EQ-01306
WO-000136,EQ-00900
WO-000137,EQ-02899
WO-000137,EQ-02898
WO-000138,EQ-00681
WO-000139,EQ-02009
WO-000139,EQ-02012
WO-000139,EQ-02011
WO-000140,EQ-01673
WO-000141,EQ-00818
WO-000142,EQ-01823
WO-000142,EQ-01821
WO-000142,EQ-01822
WO-000143,EQ-03022
WO-000144,EQ-01284
WO-000144,EQ-01285
WO-000144,EQ-01283
WO-000145,EQ-00467
WO-000145,EQ-00470
WO-000146,EQ-03158
WO-000147,EQ-02404
WO-000147,EQ-02412
WO-000147,EQ-02405
WO-000147,EQ-02411
WO-000148,EQ-00677
WO-000148,EQ-00676
WO-000149,EQ-02943
WO-000150,EQ-00748
WO-000151,EQ-02129
WO-000152,EQ-01255
WO-000153,EQ-01471
WO-000154,EQ-03331
WO-000154,EQ-03327
WO-000155,EQ-01437
WO-000155,EQ-01440
WO-000155,EQ-01433
WO-000155,EQ-01441
WO-000156,EQ-00174
WO-000156,EQ-00175
WO-000157,EQ-01300
WO-000157,EQ-01301
WO-000158,EQ-03281
WO-000159,EQ-02179
WO-000160,EQ-00261
WO-000161,EQ-02492
WO-000161,EQ-02493
WO-000162,EQ-03348
WO-000162,EQ-03347
WO-000163,EQ-02378
WO-000163,EQ-02375
WO-000163,EQ-02371
WO-000164,EQ-01978
WO-000164,EQ-01979
WO-000165,EQ-00331
WO-000165,EQ-00330
WO-000166,EQ-01823
WO-000166,EQ-01824
WO-000166,EQ-01821
WO-000167,EQ-00067
WO-000168,EQ-03559
WO-000169,EQ-03297
WO-000169,EQ-03294
WO-000170,EQ-03168
WO-000171,EQ-00504
WO-000171,EQ-00509
WO-000172,EQ-00096
WO-000173,EQ-02657
WO-000173,EQ-02653
WO-000173,EQ-02658
WO-000174,EQ-03234
WO-000174,EQ-03231
WO-000175,EQ-02238
WO-000176,EQ-02197
WO-000176,EQ-02199
WO-000177,EQ-02630
WO-000178,EQ-01953
WO-000179,EQ-03395
WO-000179,EQ-03400
WO-000179,EQ-03397
WO-000180,EQ-01368
WO-000180,EQ-01367
WO-000181,EQ-03192
WO-000181,EQ-03193
WO-000182,EQ-01099
WO-000182,EQ-01095
WO-000182,EQ-01100
WO-000182,EQ-01096
WO-000183,EQ-02857
WO-000183,EQ-02860
WO-000184,EQ-00651
WO-000184,EQ-00653
WO-000184,EQ-00654
WO-000184,EQ-00652
WO-000185,EQ-02164
WO-000186,EQ-01782
WO-000186,EQ-01783
WO-000187,EQ-01220
WO-000187,EQ-01227
WO-000188,EQ-03286
WO-000189,EQ-02646
WO-000190,EQ-02390
WO-000191,EQ-00135
WO-000191,EQ-00137
WO-000192,EQ-01488
WO-000193,EQ-00550
WO-000194,EQ-01123
WO-000195,EQ-03026
WO-000196,EQ-02132
WO-000196,EQ-02131
WO-000197,EQ-00378
WO-000198,EQ-00866
WO-000199,EQ-00677
WO-000199,EQ-00676
WO-000200,EQ-00671
WO-000200,EQ-00672
WO-000201,EQ-02234
WO-000201,EQ-02236
WO-000201,EQ-02238
WO-000202,EQ-01573
WO-000203,EQ-00152
WO-000203,EQ-00156
WO-000203,EQ-00161
WO-000203,EQ-00151
WO-000204,EQ-03512
WO-000205,EQ-03084
WO-000205,EQ-03085
WO-000206,EQ-02209
WO-000207,EQ-02072
WO-000208,EQ-00110
WO-000209,EQ-03264
WO-000209,EQ-03261
WO-000209,EQ-03260
WO-000209,EQ-03258
WO-000210,EQ-02046
WO-000210,EQ-02045
WO-000211,EQ-03034
WO-000212,EQ-00252
WO-000212,EQ-00249
WO-000212,EQ-00248
WO-000213,EQ-03147
WO-000214,EQ-01760
WO-000215,EQ-01673
WO-000215,EQ-01674
WO-000216,EQ-00784
WO-000216,EQ-00782
WO-000217,EQ-00887
WO-000217,EQ-00892
WO-000217,EQ-00889
WO-000218,EQ-00482
WO-000219,EQ-03186
WO-000219,EQ-03191
WO-000219,EQ-03188
WO-000220,EQ-01652
WO-000220,EQ-01655
WO-000220,EQ-01660
WO-000221,EQ-00300
WO-000221,EQ-00299
WO-000221,EQ-00301
WO-000222,EQ-01710
WO-000223,EQ-00628
WO-000224,EQ-03025
WO-000225,EQ-02954
WO-000226,EQ-00836
WO-000227,EQ-02283
WO-000228,EQ-02815
WO-000228,EQ-02818
WO-000229,EQ-00157
WO-000230,EQ-01782
WO-000231,EQ-01261
WO-000231,EQ-01253
WO-000232,EQ-01796
WO-000232,EQ-01799
WO-000233,EQ-00217
WO-000233,EQ-00215
WO-000234,EQ-03545
WO-000234,EQ-03553
WO-000234,EQ-03543
WO-000235,EQ-02117
WO-000236,EQ-03246
WO-000237,EQ-03056
WO-000238,EQ-00481
WO-000238,EQ-00483
WO-000239,EQ-02875
WO-000239,EQ-02886
WO-000240,EQ-01460
WO-000241,EQ-01360
WO-000241,EQ-01356
WO-000242,EQ-03569
WO-000243,EQ-00236
WO-000243,EQ-00239
WO-000243,EQ-00243
WO-000243,EQ-00242
WO-000244,EQ-01348
WO-000245,EQ-01166
WO-000245,EQ-01165
WO-000246,EQ-02132
WO-000246,EQ-02131
WO-000247,EQ-01795
WO-000248,EQ-00712
WO-000249,EQ-02182
WO-000249,EQ-02189
WO-000250,EQ-02188
WO-000250,EQ-02184
WO-000251,EQ-01870
WO-000252,EQ-02642
WO-000252,EQ-02644
WO-000253,EQ-00871
WO-000253,EQ-00870
WO-000253,EQ-00872
WO-000254,EQ-01091
WO-000255,EQ-02159
WO-000255,EQ-02156
WO-000256,EQ-03127
WO-000256,EQ-03126
WO-000257,EQ-00619
WO-000257,EQ-00618
WO-000258,EQ-01190
WO-000259,EQ-03279
WO-000260,EQ-01724
WO-000261,EQ-02095
WO-000261,EQ-02086
WO-000262,EQ-02683
WO-000262,EQ-02674
WO-000262,EQ-02682
WO-000263,EQ-03289
WO-000264,EQ-02375
WO-000264,EQ-02378
WO-000264,EQ-02374
WO-000265,EQ-01742
WO-000265,EQ-01743
WO-000266,EQ-00659
WO-000267,EQ-01564
WO-000267,EQ-01573
WO-000267,EQ-01569
WO-000267,EQ-01567
WO-000268,EQ-02493
WO-000269,EQ-01737
WO-000270,EQ-01459
WO-000271,EQ-00212
WO-000271,EQ-00209
WO-000271,EQ-00206
WO-000271,EQ-00205
WO-000272,EQ-03164
WO-000273,EQ-00436
WO-000274,EQ-02043
WO-000274,EQ-02041
WO-000275,EQ-01686
WO-000276,EQ-01396
WO-000276,EQ-01393
WO-000276,EQ-01390
WO-000277,EQ-02027
WO-000277,EQ-02028
WO-000277,EQ-02029
WO-000278,EQ-02973
WO-000279,EQ-01704
WO-000280,EQ-00668
WO-000281,EQ-01989
WO-000281,EQ-01990
WO-000282,EQ-02014
WO-000283,EQ-02271
WO-000283,EQ-02270
WO-000284,EQ-02905
WO-000284,EQ-02904
WO-000285,EQ-03290
WO-000285,EQ-03289
WO-000286,EQ-01146
WO-000287,EQ-02103
WO-000287,EQ-02098
WO-000287,EQ-02101
WO-000287,EQ-02104
WO-000288,EQ-01598
WO-000289,EQ-00571
WO-000289,EQ-00572
WO-000290,EQ-00600
WO-000291,EQ-03315
WO-000291,EQ-03314
WO-000292,EQ-03442
WO-000292,EQ-03437
WO-000292,EQ-03434
WO-000293,EQ-01504
WO-000294,EQ-00621
WO-000294,EQ-00618
WO-000294,EQ-00620
WO-000295,EQ-03531
WO-000295,EQ-03532
WO-000296,EQ-02429
WO-000296,EQ-02430
WO-000297,EQ-00881
WO-000297,EQ-00882
WO-000298,EQ-02499
WO-000299,EQ-03597
WO-000299,EQ-03598
WO-000299,EQ-03596
WO-000300,EQ-01043
WO-000300,EQ-01038
WO-000301,EQ-00716
WO-000302,EQ-02735
WO-000302,EQ-02742
WO-000302,EQ-02738
WO-000303,EQ-03431
WO-000304,EQ-02359
WO-000304,EQ-02358
WO-000305,EQ-02975
WO-000305,EQ-02976
WO-000306,EQ-01040
WO-000306,EQ-01044
WO-000307,EQ-00014
WO-000307,EQ-00015
WO-000308,EQ-03368
WO-000308,EQ-03369
WO-000308,EQ-03367
WO-000309,EQ-00412
WO-000310,EQ-00158
WO-000311,EQ-02078
WO-000312,EQ-00018
WO-000312,EQ-00016
WO-000312,EQ-00021
WO-000313,EQ-01013
WO-000314,EQ-00094
WO-000314,EQ-00093
WO-000314,EQ-00092
WO-000315,EQ-02699
WO-000316,EQ-01303
WO-000316,EQ-01302
WO-000317,EQ-02691
WO-000317,EQ-02690
WO-000317,EQ-02692
WO-000318,EQ-03451
WO-000318,EQ-03450
WO-000319,EQ-01628
WO-000320,EQ-03236
WO-000321,EQ-00071
WO-000322,EQ-02425
WO-000323,EQ-01272
WO-000324,EQ-01635
WO-000324,EQ-01633
WO-000324,EQ-01639
WO-000325,EQ-03229
WO-000326,EQ-03432
WO-000327,EQ-02041
WO-000327,EQ-02042
WO-000328,EQ-03581
WO-000329,EQ-03193
WO-000329,EQ-03192
WO-000330,EQ-02752
WO-000331,EQ-03034
WO-000332,EQ-02834
WO-000333,EQ-01041
WO-000333,EQ-01044
WO-000333,EQ-01043
WO-000334,EQ-02643
WO-000334,EQ-02642
WO-000334,EQ-02644
WO-000335,EQ-00109
WO-000336,EQ-02450
WO-000336,EQ-02451
WO-000336,EQ-02447
WO-000337,EQ-00365
WO-000338,EQ-02568
WO-000339,EQ-00440
WO-000339,EQ-00441
WO-000339,EQ-00438
WO-000339,EQ-00442
WO-000340,EQ-01730
WO-000341,EQ-00324
WO-000341,EQ-00326
WO-000341,EQ-00327
WO-000342,EQ-02867
WO-000343,EQ-01369
WO-000343,EQ-01367
WO-000343,EQ-01368
WO-000344,EQ-02595
WO-000345,EQ-00674
WO-000345,EQ-00675
WO-000346,EQ-00925
WO-000347,EQ-00067
WO-000348,EQ-00708
WO-000348,EQ-00709
WO-000349,EQ-02130
WO-000349,EQ-02129
WO-000350,EQ-01791
WO-000351,EQ-00137
WO-000351,EQ-00138
WO-000351,EQ-00139
WO-000351,EQ-00140
WO-000352,EQ-03357
WO-000352,EQ-03360
WO-000353,EQ-01905
WO-000353,EQ-01907
WO-000353,EQ-01906
WO-000354,EQ-01715
WO-000354,EQ-01714
WO-000355,EQ-01924
WO-000355,EQ-01920
WO-000355,EQ-01921
WO-000355,EQ-01923
WO-000356,EQ-00714
WO-000357,EQ-00171
WO-000357,EQ-00164
WO-000357,EQ-00169
WO-000357,EQ-00163
WO-000358,EQ-01931
WO-000358,EQ-01934
WO-000359,EQ-03514
WO-000359,EQ-03509
WO-000359,EQ-03513
WO-000360,EQ-01574
WO-000360,EQ-01579
WO-000361,EQ-00107
WO-000362,EQ-00060
WO-000362,EQ-00062
WO-000363,EQ-02133
WO-000364,EQ-00110
WO-000364,EQ-00111
WO-000365,EQ-00849
WO-000366,EQ-01160
WO-000366,EQ-01162
WO-000366,EQ-01161
WO-000367,EQ-02294
WO-000368,EQ-02437
WO-000369,EQ-03419
WO-000369,EQ-03420
WO-000369,EQ-03418
WO-000370,EQ-01448
WO-000371,EQ-03559
WO-000372,EQ-03207
WO-000373,EQ-03134
WO-000373,EQ-03133
WO-000374,EQ-01500
WO-000374,EQ-01497
WO-000375,EQ-03601
WO-000375,EQ-03599
WO-000376,EQ-02327
WO-000377,EQ-02564
WO-000378,EQ-02576
WO-000379,EQ-03528
WO-000379,EQ-03526
WO-000380,EQ-00365
WO-000381,EQ-01525
WO-000382,EQ-00176
WO-000383,EQ-01936
WO-000384,EQ-00990
WO-000385,EQ-01826
WO-000386,EQ-00094
WO-000386,EQ-00093
WO-000386,EQ-00092
WO-000387,EQ-03273
WO-000388,EQ-01600
WO-000388,EQ-01602
WO-000389,EQ-02943
WO-000389,EQ-02950
WO-000390,EQ-00583
WO-000391,EQ-00282
WO-000392,EQ-01087
WO-000392,EQ-01090
WO-000393,EQ-00494
WO-000394,EQ-02279
WO-000395,EQ-00438
WO-000396,EQ-01202
WO-000397,EQ-02168
WO-000397,EQ-02171
WO-000397,EQ-02173
WO-000398,EQ-02842
WO-000398,EQ-02839
WO-000398,EQ-02841
WO-000399,EQ-01566
WO-000400,EQ-02029
WO-000401,EQ-01183
WO-000401,EQ-01181
WO-000401,EQ-01182
WO-000402,EQ-01472
WO-000402,EQ-01473
WO-000402,EQ-01474
WO-000403,EQ-02152
WO-000403,EQ-02151
WO-000404,EQ-00935
WO-000405,EQ-02982
WO-000405,EQ-02978
WO-000405,EQ-02980
WO-000405,EQ-02981
WO-000406,EQ-00147
WO-000406,EQ-00142
WO-000407,EQ-00702
WO-000407,EQ-00704
WO-000408,EQ-03158
WO-000408,EQ-03161
WO-000408,EQ-03159
WO-000408,EQ-03160
WO-000409,EQ-02534
WO-000409,EQ-02535
WO-000410,EQ-02074
WO-000411,EQ-03175
WO-000412,EQ-00972
WO-000412,EQ-00979
WO-000413,EQ-00633
WO-000413,EQ-00631
WO-000414,EQ-02064
WO-000414,EQ-02065
WO-000415,EQ-02281
WO-000415,EQ-02280
WO-000416,EQ-02581
WO-000416,EQ-02583
WO-000416,EQ-02582
WO-000416,EQ-02580
WO-000417,EQ-00779
WO-000418,EQ-01301
WO-000419,EQ-02528
WO-000420,EQ-00912
WO-000420,EQ-00914
WO-000421,EQ-01966
WO-000422,EQ-02313
WO-000422,EQ-02314
WO-000422,EQ-02315
WO-000423,EQ-00646
WO-000423,EQ-00648
WO-000423,EQ-00647
WO-000424,EQ-02524
WO-000424,EQ-02522
WO-000424,EQ-02527
WO-000425,EQ-02152
WO-000426,EQ-02983
WO-000426,EQ-02985
WO-000427,EQ-03549
WO-000427,EQ-03547
WO-000427,EQ-03546
WO-000428,EQ-00669
WO-000429,EQ-01643
WO-000430,EQ-00407
WO-000431,EQ-01422
WO-000432,EQ-02461
WO-000433,EQ-01836
WO-000434,EQ-01158
WO-000434,EQ-01149
WO-000434,EQ-01148
WO-000435,EQ-02764
WO-000436,EQ-01041
WO-000436,EQ-01039
WO-000437,EQ-02834
WO-000438,EQ-00901
WO-000438,EQ-00899
WO-000438,EQ-00902
WO-000439,EQ-02696
WO-000439,EQ-02699
WO-000439,EQ-02694
WO-000439,EQ-02693
WO-000440,EQ-01317
WO-000440,EQ-01319
WO-000441,EQ-01749
WO-000441,EQ-01754
WO-000442,EQ-02274
WO-000442,EQ-02275
WO-000443,EQ-02527
WO-000443,EQ-02522
WO-000444,EQ-00825
WO-000445,EQ-02977
WO-000445,EQ-02978
WO-000445,EQ-02981
WO-000445,EQ-02982
WO-000446,EQ-00409
WO-000446,EQ-00413
WO-000447,EQ-00096
WO-000448,EQ-02813
WO-000448,EQ-02812
WO-000448,EQ-02811
WO-000448,EQ-02807
WO-000449,EQ-01352
WO-000449,EQ-01354
WO-000450,EQ-01780
WO-000450,EQ-01779
WO-000450,EQ-01781
WO-000451,EQ-01663
WO-000452,EQ-00133
WO-000453,EQ-01266
WO-000453,EQ-01269
WO-000454,EQ-00670
WO-000454,EQ-00673
WO-000454,EQ-00668
WO-000454,EQ-00669
WO-000455,EQ-00654
WO-000455,EQ-00651
WO-000455,EQ-00653
WO-000455,EQ-00652
WO-000456,EQ-03482
WO-000457,EQ-03371
WO-000458,EQ-03254
WO-000458,EQ-03253
WO-000459,EQ-03139
WO-000460,EQ-01059
WO-000460,EQ-01054
WO-000460,EQ-01057
WO-000461,EQ-00228
WO-000462,EQ-00393
WO-000463,EQ-01677
WO-000464,EQ-01204
WO-000465,EQ-00829
WO-000466,EQ-02547
WO-000466,EQ-02549
WO-000466,EQ-02551
WO-000466,EQ-02548
WO-000467,EQ-01499
WO-000467,EQ-01498
WO-000468,EQ-03268
WO-000468,EQ-03273
WO-000469,EQ-02312
WO-000469,EQ-02311
WO-000470,EQ-00712
WO-000470,EQ-00713
WO-000471,EQ-01101
WO-000471,EQ-01094
WO-000472,EQ-01627
WO-000473,EQ-00328
WO-000474,EQ-02364
WO-000474,EQ-02367
WO-000474,EQ-02363
WO-000475,EQ-00773
WO-000476,EQ-03080
WO-000477,EQ-00193
WO-000477,EQ-00196
WO-000477,EQ-00198
WO-000477,EQ-00197
WO-000478,EQ-02114
WO-000478,EQ-02113
WO-000478,EQ-02112
WO-000479,EQ-03541
WO-000480,EQ-02249
WO-000481,EQ-00722
WO-000481,EQ-00721
WO-000481,EQ-00727
WO-000481,EQ-00726
WO-000482,EQ-01829
WO-000482,EQ-01827
WO-000483,EQ-03529
WO-000483,EQ-03528
WO-000484,EQ-02505
WO-000485,EQ-00438
WO-000485,EQ-00439
WO-000486,EQ-01189
WO-000487,EQ-02267
WO-000487,EQ-02268
WO-000487,EQ-02269
WO-000488,EQ-00500
WO-000489,EQ-02987
WO-000490,EQ-03069
WO-000491,EQ-01981
WO-000492,EQ-02130
WO-000492,EQ-02129
WO-000493,EQ-02500
WO-000493,EQ-02499
WO-000494,EQ-02372
WO-000494,EQ-02377
WO-000494,EQ-02376
WO-000495,EQ-01161
WO-000496,EQ-00120
WO-000497,EQ-00649
WO-000497,EQ-00650
WO-000498,EQ-00051
WO-000498,EQ-00048
WO-000499,EQ-02113
WO-000499,EQ-02114
WO-000499,EQ-02112
WO-000500,EQ-00428
WO-000501,EQ-03218
WO-000502,EQ-03543
WO-000503,EQ-03405
WO-000503,EQ-03404
WO-000503,EQ-03403
WO-000504,EQ-02785
WO-000505,EQ-02687
WO-000505,EQ-02685
WO-000506,EQ-01502
WO-000507,EQ-00184
WO-000508,EQ-03431
WO-000509,EQ-00649
WO-000509,EQ-00650
WO-000510,EQ-00617
WO-000510,EQ-00616
WO-000510,EQ-00615
WO-000511,EQ-00695
WO-000511,EQ-00694
WO-000511,EQ-00698
WO-000511,EQ-00696
WO-000512,EQ-02778
WO-000513,EQ-00419
WO-000514,EQ-01362
WO-000514,EQ-01356
WO-000515,EQ-01129
WO-000515,EQ-01133
WO-000516,EQ-03470
WO-000517,EQ-02264
WO-000517,EQ-02265
WO-000517,EQ-02266
WO-000517,EQ-02261
WO-000518,EQ-00967
WO-000519,EQ-00492
WO-000520,EQ-00501
WO-000521,EQ-00429
WO-000522,EQ-00500
WO-000523,EQ-01340
WO-000523,EQ-01336
WO-000524,EQ-01909
WO-000524,EQ-01910
WO-000524,EQ-01911
WO-000524,EQ-01913
WO-000525,EQ-01733
WO-000526,EQ-02907
WO-000527,EQ-00429
WO-000527,EQ-00426
WO-000527,EQ-00423
WO-000527,EQ-00424
WO-000528,EQ-01030
WO-000529,EQ-00154
WO-000530,EQ-02281
WO-000531,EQ-00776
WO-000531,EQ-00775
WO-000531,EQ-00778
WO-000532,EQ-01868
WO-000532,EQ-01866
WO-000533,EQ-03237
WO-000533,EQ-03235
WO-000534,EQ-01600
WO-000535,EQ-03526
WO-000535,EQ-03528
WO-000535,EQ-03530
WO-000536,EQ-01500
WO-000537,EQ-00639
WO-000537,EQ-00637
WO-000537,EQ-00634
WO-000538,EQ-00707
WO-000539,EQ-03575
WO-000540,EQ-02979
WO-000541,EQ-01656
WO-000541,EQ-01660
WO-000542,EQ-01210
WO-000543,EQ-03597
WO-000543,EQ-03598
WO-000543,EQ-03596
WO-000544,EQ-00453
WO-000544,EQ-00445
WO-000544,EQ-00450
WO-000544,EQ-00449
WO-000545,EQ-02292
WO-000545,EQ-02298
WO-000546,EQ-01592
WO-000546,EQ-01589
WO-000547,EQ-00180
WO-000547,EQ-00185
WO-000548,EQ-00344
WO-000548,EQ-00355
WO-000548,EQ-00348
WO-000548,EQ-00345
WO-000549,EQ-03403
WO-000550,EQ-03589
WO-000551,EQ-01888
WO-000552,EQ-01932
WO-000553,EQ-00124
WO-000553,EQ-00126
WO-000554,EQ-02628
WO-000554,EQ-02629
WO-000554,EQ-02623
WO-000554,EQ-02627
WO-000555,EQ-02216
WO-000555,EQ-02217
WO-000555,EQ-02218
WO-000556,EQ-02572
WO-000556,EQ-02577
WO-000556,EQ-02570
WO-000556,EQ-02566
WO-000557,EQ-00648
WO-000557,EQ-00647
WO-000557,EQ-00646
WO-000558,EQ-03590
WO-000558,EQ-03591
WO-000558,EQ-03588
WO-000558,EQ-03589
WO-000559,EQ-02301
WO-000560,EQ-02355
WO-000561,EQ-00377
WO-000562,EQ-02312
WO-000562,EQ-02311
WO-000563,EQ-00291
WO-000564,EQ-01601
WO-000564,EQ-01602
WO-000564,EQ-01600
WO-000565,EQ-03290
WO-000566,EQ-03149
WO-000567,EQ-03432
WO-000568,EQ-00391
WO-000569,EQ-01789
WO-000570,EQ-02299
WO-000571,EQ-00919
WO-000571,EQ-00918
WO-000571,EQ-00916
WO-000572,EQ-03253
WO-000572,EQ-03257
WO-000572,EQ-03255
WO-000572,EQ-03254
WO-000573,EQ-00560
WO-000574,EQ-02398
WO-000575,EQ-02361
WO-000576,EQ-00477
WO-000576,EQ-00476
WO-000576,EQ-00474
WO-000576,EQ-00478
WO-000577,EQ-03278
WO-000578,EQ-02558
WO-000578,EQ-02555
WO-000578,EQ-02554
WO-000578,EQ-02556
WO-000579,EQ-01160
WO-000580,EQ-00319
WO-000580,EQ-00321
WO-000580,EQ-00320
WO-000580,EQ-00318
WO-000581,EQ-02280
WO-000582,EQ-01751
WO-000582,EQ-01750
WO-000583,EQ-01122
WO-000584,EQ-02871
WO-000584,EQ-02867
WO-000585,EQ-02403
WO-000585,EQ-02412
WO-000586,EQ-00190
WO-000587,EQ-01647
WO-000588,EQ-00070
WO-000588,EQ-00064
WO-000588,EQ-00066
WO-000589,EQ-02502
WO-000590,EQ-00749
WO-000590,EQ-00748
WO-000591,EQ-03234
WO-000591,EQ-03232
WO-000592,EQ-02524
WO-000593,EQ-02132
WO-000593,EQ-02131
WO-000594,EQ-00615
WO-000595,EQ-01389
WO-000596,EQ-01063
WO-000597,EQ-03236
WO-000598,EQ-01449
WO-000599,EQ-01753
WO-000599,EQ-01751
WO-000600,EQ-03059
WO-000600,EQ-03062
WO-000601,EQ-01885
WO-000602,EQ-01337
WO-000602,EQ-01340
WO-000603,EQ-02999
WO-000604,EQ-01223
WO-000605,EQ-02888
WO-000605,EQ-02897
WO-000606,EQ-03607
WO-000606,EQ-03603
WO-000607,EQ-02103
WO-000608,EQ-02701
WO-000609,EQ-01143
WO-000609,EQ-01144
WO-000610,EQ-01150
WO-000610,EQ-01157
WO-000610,EQ-01148
WO-000610,EQ-01156
WO-000611,EQ-02852
WO-000612,EQ-03409
WO-000613,EQ-03521
WO-000613,EQ-03517
WO-000614,EQ-01420
WO-000614,EQ-01419
WO-000614,EQ-01423
WO-000614,EQ-01422
WO-000615,EQ-02575
WO-000616,EQ-02498
WO-000616,EQ-02494
WO-000616,EQ-02495
WO-000616,EQ-02496
WO-000617,EQ-03581
WO-000617,EQ-03582
WO-000617,EQ-03585
WO-000618,EQ-01907
WO-000618,EQ-01906
WO-000618,EQ-01905
WO-000619,EQ-01527
WO-000620,EQ-01354
WO-000621,EQ-00239
WO-000622,EQ-00605
WO-000622,EQ-00599
WO-000622,EQ-00601
WO-000623,EQ-03515
WO-000624,EQ-01512
WO-000624,EQ-01509
WO-000625,EQ-01616
WO-000625,EQ-01618
WO-000625,EQ-01621
WO-000626,EQ-02953
WO-000626,EQ-02954
WO-000627,EQ-02502
WO-000628,EQ-00172
WO-000628,EQ-00167
WO-000629,EQ-00222
WO-000630,EQ-01045
WO-000630,EQ-01049
WO-000630,EQ-01047
WO-000631,EQ-00245
WO-000632,EQ-03075
WO-000632,EQ-03077
WO-000633,EQ-01395
WO-000634,EQ-00024
WO-000635,EQ-00716
WO-000636,EQ-01562
WO-000637,EQ-00801
WO-000637,EQ-00800
WO-000637,EQ-00803
WO-000638,EQ-01181
WO-000638,EQ-01184
WO-000638,EQ-01183
WO-000638,EQ-01182
WO-000639,EQ-02214
WO-000640,EQ-02747
WO-000640,EQ-02745
WO-000641,EQ-02944
WO-000642,EQ-02301
WO-000643,EQ-00041
WO-000644,EQ-00055
WO-000644,EQ-00054
WO-000645,EQ-01991
WO-000646,EQ-00343
WO-000646,EQ-00339
WO-000647,EQ-01330
WO-000648,EQ-01039
WO-000648,EQ-01044
WO-000648,EQ-01038
WO-000649,EQ-02879
WO-000650,EQ-02349
WO-000650,EQ-02347
WO-000651,EQ-00928
WO-000651,EQ-00932
WO-000651,EQ-00927
WO-000651,EQ-00929
WO-000652,EQ-00298
WO-000653,EQ-03027
WO-000653,EQ-03028
WO-000653,EQ-03025
WO-000653,EQ-03026
WO-000654,EQ-02682
WO-000655,EQ-01244
WO-000655,EQ-01241
WO-000656,EQ-02230
WO-000656,EQ-02224
WO-000657,EQ-01376
WO-000658,EQ-00400
WO-000659,EQ-02692
WO-000659,EQ-02690
WO-000659,EQ-02691
WO-000660,EQ-02672
WO-000661,EQ-02303
WO-000662,EQ-02020
WO-000662,EQ-02022
WO-000663,EQ-01082
WO-000663,EQ-01083
WO-000664,EQ-00191
WO-000664,EQ-00195
WO-000664,EQ-00196
WO-000664,EQ-00194
WO-000665,EQ-03418
WO-000666,EQ-02467
WO-000666,EQ-02473
WO-000666,EQ-02471
WO-000667,EQ-00148
WO-000667,EQ-00150
WO-000668,EQ-00559
WO-000668,EQ-00560
WO-000668,EQ-00558
WO-000669,EQ-02057
WO-000669,EQ-02060
WO-000669,EQ-02054
WO-000669,EQ-02062
WO-000670,EQ-01721
WO-000671,EQ-01009
WO-000672,EQ-01654
WO-000673,EQ-00203
WO-000674,EQ-02591
WO-000674,EQ-02588
WO-000674,EQ-02590
WO-000675,EQ-03048
WO-000675,EQ-03046
WO-000675,EQ-03047
WO-000676,EQ-01914
WO-000677,EQ-00176
WO-000677,EQ-00174
WO-000678,EQ-00572
WO-000679,EQ-00511
WO-000679,EQ-00505
WO-000680,EQ-00748
WO-000681,EQ-02310
WO-000681,EQ-02308
WO-000682,EQ-00414
WO-000683,EQ-00444
WO-000684,EQ-01651
WO-000685,EQ-02641
WO-000686,EQ-01469
WO-000686,EQ-01468
WO-000687,EQ-00480
WO-000688,EQ-03338
WO-000688,EQ-03340
WO-000689,EQ-00455
WO-000689,EQ-00458
WO-000690,EQ-02046
WO-000691,EQ-01906
WO-000692,EQ-02779
WO-000693,EQ-03469
WO-000693,EQ-03468
WO-000694,EQ-01321
WO-000694,EQ-01320
WO-000694,EQ-01322
WO-000695,EQ-01944
WO-000695,EQ-01950
WO-000696,EQ-02017
WO-000696,EQ-02019
WO-000697,EQ-03631
WO-000697,EQ-03629
WO-000697,EQ-03627
WO-000698,EQ-02165
WO-000698,EQ-02170
WO-000698,EQ-02171
WO-000699,EQ-00567
WO-000700,EQ-03149
WO-000701,EQ-00024
WO-000702,EQ-02747
WO-000703,EQ-02937
WO-000704,EQ-02115
WO-000704,EQ-02118
WO-000704,EQ-02116
WO-000705,EQ-01488
WO-000706,EQ-03624
WO-000707,EQ-00709
WO-000708,EQ-03125
WO-000709,EQ-01562
WO-000709,EQ-01567
WO-000710,EQ-02643
WO-000711,EQ-01985
WO-000712,EQ-00561
WO-000712,EQ-00567
WO-000713,EQ-02667
WO-000714,EQ-02927
WO-000714,EQ-02929
WO-000715,EQ-01058
WO-000715,EQ-01054
WO-000715,EQ-01057
WO-000715,EQ-01051
WO-000716,EQ-01759
WO-000716,EQ-01756
WO-000716,EQ-01755
WO-000717,EQ-00704
WO-000717,EQ-00699
WO-000718,EQ-00709
WO-000718,EQ-00708
WO-000719,EQ-00956
WO-000720,EQ-03074
WO-000721,EQ-01801
WO-000721,EQ-01803
WO-000722,EQ-02687
WO-000722,EQ-02688
WO-000723,EQ-00289
WO-000723,EQ-00286
WO-000724,EQ-00176
WO-000724,EQ-00174
WO-000724,EQ-00173
WO-000724,EQ-00175
WO-000725,EQ-01527
WO-000726,EQ-00934
WO-000726,EQ-00936
WO-000726,EQ-00937
WO-000727,EQ-02480
WO-000727,EQ-02484
WO-000727,EQ-02482
WO-000728,EQ-02043
WO-000728,EQ-02044
WO-000729,EQ-01826
WO-000730,EQ-01959
WO-000730,EQ-01961
WO-000731,EQ-00710
WO-000731,EQ-00711
WO-000732,EQ-03216
WO-000733,EQ-01487
WO-000734,EQ-00838
WO-000734,EQ-00833
WO-000734,EQ-00836
WO-000734,EQ-00839
WO-000735,EQ-00315
WO-000736,EQ-00362
WO-000737,EQ-00712
WO-000738,EQ-01826
WO-000738,EQ-01828
WO-000739,EQ-03046
WO-000740,EQ-00375
WO-000741,EQ-01186
WO-000742,EQ-00064
WO-000742,EQ-00066
WO-000743,EQ-02630
WO-000744,EQ-03149
WO-000744,EQ-03150
WO-000745,EQ-02494
WO-000746,EQ-01700
WO-000746,EQ-01702
WO-000747,EQ-03427
WO-000747,EQ-03429
WO-000748,EQ-01121
WO-000748,EQ-01119
WO-000748,EQ-01122
WO-000749,EQ-01779
WO-000750,EQ-02237
WO-000750,EQ-02234
WO-000750,EQ-02235
WO-000751,EQ-00395
WO-000751,EQ-00399
WO-000752,EQ-02579
WO-000753,EQ-03149
WO-000754,EQ-02647
WO-000755,EQ-02358
WO-000755,EQ-02359
WO-000756,EQ-01451
WO-000756,EQ-01454
WO-000757,EQ-00957
WO-000758,EQ-02608
WO-000759,EQ-00883
WO-000760,EQ-00820
WO-000760,EQ-00816
WO-000761,EQ-00095
WO-000762,EQ-02084
WO-000763,EQ-01582
WO-000764,EQ-02464
WO-000764,EQ-02462
WO-000764,EQ-02465
WO-000764,EQ-02461
WO-000765,EQ-01919
WO-000766,EQ-00673
WO-000767,EQ-00665
WO-000768,EQ-01791
WO-000769,EQ-02828
WO-000769,EQ-02826
WO-000770,EQ-02383
WO-000771,EQ-02889
WO-000772,EQ-02372
WO-000773,EQ-02252
WO-000774,EQ-00359
WO-000774,EQ-00357
WO-000774,EQ-00362
WO-000775,EQ-00570
WO-000776,EQ-00380
WO-000777,EQ-01821
WO-000777,EQ-01825
WO-000778,EQ-02790
WO-000778,EQ-02796
WO-000778,EQ-02789
WO-000779,EQ-01281
WO-000779,EQ-01273
WO-000779,EQ-01276
WO-000779,EQ-01275
WO-000780,EQ-03571
WO-000780,EQ-03574
WO-000781,EQ-00101
WO-000781,EQ-00103
WO-000781,EQ-00100
WO-000782,EQ-00192
WO-000783,EQ-00484
WO-000783,EQ-00488
WO-000783,EQ-00491
WO-000784,EQ-02643
WO-000784,EQ-02642
WO-000784,EQ-02644
WO-000785,EQ-01663
WO-000785,EQ-01661
WO-000785,EQ-01667
WO-000785,EQ-01668
WO-000786,EQ-02492
WO-000787,EQ-01648
WO-000788,EQ-01257
WO-000789,EQ-00761
WO-000789,EQ-00762
WO-000789,EQ-00764
WO-000790,EQ-00393
WO-000790,EQ-00391
WO-000791,EQ-02773
WO-000791,EQ-02769
WO-000792,EQ-03134
WO-000792,EQ-03136
WO-000792,EQ-03131
WO-000793,EQ-00900
WO-000794,EQ-00632
WO-000795,EQ-02852
WO-000796,EQ-02801
WO-000797,EQ-00830
WO-000798,EQ-02315
WO-000798,EQ-02313
WO-000799,EQ-02269
WO-000799,EQ-02268
WO-000799,EQ-02267
WO-000800,EQ-02609
WO-000800,EQ-02600
WO-000801,EQ-03272
WO-000801,EQ-03276
WO-000802,EQ-02639
WO-000802,EQ-02638
WO-000803,EQ-03172
WO-000804,EQ-00209
WO-000805,EQ-03224
WO-000805,EQ-03223
WO-000806,EQ-02640
WO-000807,EQ-00726
WO-000807,EQ-00724
WO-000808,EQ-00823
WO-000808,EQ-00824
WO-000809,EQ-02546
WO-000809,EQ-02545
WO-000810,EQ-01317
WO-000811,EQ-02911
WO-000811,EQ-02916
WO-000811,EQ-02915
WO-000811,EQ-02912
WO-000812,EQ-01314
WO-000812,EQ-01313
WO-000813,EQ-03020
WO-000814,EQ-00713
WO-000814,EQ-00712
WO-000815,EQ-02966
WO-000816,EQ-01733
WO-000816,EQ-01735
WO-000817,EQ-03487
WO-000818,EQ-02552
WO-000818,EQ-02550
WO-000818,EQ-02551
WO-000819,EQ-00688
WO-000820,EQ-00531
WO-000820,EQ-00523
WO-000821,EQ-01538
WO-000822,EQ-01702
WO-000823,EQ-01039
WO-000823,EQ-01044
WO-000823,EQ-01043
WO-000824,EQ-01471
WO-000824,EQ-01473
WO-000824,EQ-01472
WO-000825,EQ-00320
WO-000825,EQ-00322
WO-000826,EQ-02195
WO-000826,EQ-02193
WO-000826,EQ-02198
WO-000826,EQ-02199
WO-000827,EQ-01339
WO-000828,EQ-01885
WO-000828,EQ-01884
WO-000829,EQ-03536
WO-000830,EQ-03017
WO-000831,EQ-00470
WO-000831,EQ-00468
WO-000832,EQ-01228
WO-000833,EQ-02048
WO-000834,EQ-00508
WO-000834,EQ-00509
WO-000834,EQ-00507
WO-000834,EQ-00504
WO-000835,EQ-01423
WO-000836,EQ-00545
WO-000836,EQ-00548
WO-000836,EQ-00546
WO-000837,EQ-02843
WO-000838,EQ-00800
WO-000839,EQ-00177
WO-000839,EQ-00178
WO-000840,EQ-02453
WO-000841,EQ-02203
WO-000842,EQ-02939
WO-000843,EQ-03599
WO-000844,EQ-00700
WO-000844,EQ-00704
WO-000845,EQ-02417
WO-000845,EQ-02415
WO-000846,EQ-03275
WO-000846,EQ-03271
WO-000847,EQ-00691
WO-000848,EQ-02008
WO-000848,EQ-02001
WO-000849,EQ-02615
WO-000850,EQ-01480
WO-000851,EQ-02594
WO-000852,EQ-00190
WO-000852,EQ-00191
WO-000852,EQ-00196
WO-000852,EQ-00195
WO-000853,EQ-00230
WO-000854,EQ-03499
WO-000855,EQ-01812
WO-000855,EQ-01811
WO-000856,EQ-01319
WO-000857,EQ-00922
WO-000858,EQ-01114
WO-000859,EQ-03483
WO-000860,EQ-03023
WO-000860,EQ-03020
WO-000861,EQ-03552
WO-000862,EQ-02429
WO-000863,EQ-03514
WO-000863,EQ-03508
WO-000864,EQ-03318
WO-000864,EQ-03322
WO-000865,EQ-02956
WO-000865,EQ-02957
WO-000865,EQ-02955
WO-000866,EQ-01577
WO-000866,EQ-01581
WO-000866,EQ-01574
WO-000867,EQ-00150
WO-000867,EQ-00148
WO-000867,EQ-00149
WO-000868,EQ-02030
WO-000869,EQ-02767
WO-000870,EQ-02566
WO-000871,EQ-02399
WO-000872,EQ-03270
WO-000872,EQ-03267
WO-000873,EQ-03134
WO-000873,EQ-03130
WO-000874,EQ-02331
WO-000874,EQ-02333
WO-000875,EQ-03340
WO-000876,EQ-03486
WO-000877,EQ-00329
WO-000878,EQ-02494
WO-000878,EQ-02495
WO-000879,EQ-03154
WO-000880,EQ-00312
WO-000881,EQ-01230
WO-000882,EQ-01384
WO-000882,EQ-01387
WO-000883,EQ-02285
WO-000884,EQ-00245
WO-000884,EQ-00244
WO-000885,EQ-02136
WO-000886,EQ-00896
WO-000887,EQ-01010
WO-000887,EQ-01002
WO-000888,EQ-02042
WO-000889,EQ-02450
WO-000890,EQ-00996
WO-000891,EQ-00557
WO-000892,EQ-00749
WO-000893,EQ-02364
WO-000893,EQ-02368
WO-000894,EQ-03587
WO-000894,EQ-03593
WO-000894,EQ-03588
WO-000895,EQ-01762
WO-000895,EQ-01761
WO-000896,EQ-01079
WO-000897,EQ-01012
WO-000897,EQ-01013
WO-000898,EQ-03263
WO-000899,EQ-03154
WO-000900,EQ-00188
WO-000900,EQ-00189
WO-000901,EQ-00295
WO-000902,EQ-02376
WO-000902,EQ-02373
WO-000902,EQ-02371
WO-000903,EQ-02253
WO-000904,EQ-00208
WO-000905,EQ-02496
WO-000905,EQ-02494
WO-000905,EQ-02498
WO-000906,EQ-00746
WO-000907,EQ-01496
WO-000908,EQ-02939
WO-000908,EQ-02937
WO-000909,EQ-00784
WO-000910,EQ-01942
WO-000911,EQ-02469
WO-000911,EQ-02473
WO-000911,EQ-02471
WO-000911,EQ-02468
WO-000912,EQ-00150
WO-000913,EQ-02644
WO-000913,EQ-02643
WO-000914,EQ-00166
WO-000914,EQ-00169
WO-000915,EQ-01008
WO-000916,EQ-01825
WO-000916,EQ-01822
WO-000917,EQ-01814
WO-000917,EQ-01820
WO-000918,EQ-00098
WO-000919,EQ-00560
WO-000920,EQ-01674
WO-000920,EQ-01673
WO-000920,EQ-01675
WO-000921,EQ-02551
WO-000921,EQ-02548
WO-000921,EQ-02547
WO-000922,EQ-02280
WO-000922,EQ-02281
WO-000923,EQ-01956
WO-000923,EQ-01955
WO-000923,EQ-01962
WO-000924,EQ-02356
WO-000925,EQ-02963
WO-000926,EQ-02984
WO-000926,EQ-02983
WO-000926,EQ-02987
WO-000927,EQ-02442
WO-000927,EQ-02439
WO-000928,EQ-00277
WO-000929,EQ-01474
WO-000929,EQ-01472
WO-000930,EQ-00906
WO-000931,EQ-00967
WO-000932,EQ-01918
WO-000932,EQ-01917
WO-000933,EQ-00773
WO-000933,EQ-00774
WO-000934,EQ-01678
WO-000934,EQ-01677
WO-000935,EQ-03043
WO-000935,EQ-03042
WO-000936,EQ-02985
WO-000936,EQ-02983
WO-000936,EQ-02986
WO-000936,EQ-02984
WO-000937,EQ-03468
WO-000938,EQ-01308
WO-000939,EQ-01694
WO-000940,EQ-03616
WO-000941,EQ-01444
WO-000942,EQ-01798
WO-000943,EQ-03146
WO-000944,EQ-01720
WO-000945,EQ-03583
WO-000946,EQ-00427
WO-000947,EQ-03256
WO-000947,EQ-03254
WO-000947,EQ-03253
WO-000948,EQ-01337
WO-000949,EQ-02438
WO-000950,EQ-02643
WO-000951,EQ-01645
WO-000952,EQ-01092
WO-000953,EQ-03482
WO-000953,EQ-03481
WO-000954,EQ-02785
WO-000954,EQ-02784
WO-000954,EQ-02786
WO-000955,EQ-02803
WO-000955,EQ-02802
WO-000956,EQ-00570
WO-000957,EQ-01036
WO-000958,EQ-01471
WO-000959,EQ-02202
WO-000960,EQ-03620
WO-000961,EQ-01082
WO-000962,EQ-00752
WO-000962,EQ-00755
WO-000962,EQ-00751
WO-000962,EQ-00754
WO-000963,EQ-02488
WO-000964,EQ-02838
WO-000964,EQ-02837
WO-000965,EQ-03469
WO-000966,EQ-00919
WO-000966,EQ-00917
WO-000967,EQ-02290
WO-000968,EQ-02982
WO-000969,EQ-02219
WO-000970,EQ-02810
WO-000970,EQ-02807
WO-000970,EQ-02809
WO-000971,EQ-02148
WO-000971,EQ-02149
WO-000972,EQ-02787
WO-000972,EQ-02792
WO-000973,EQ-00391
WO-000974,EQ-01075
WO-000975,EQ-02522
WO-000975,EQ-02521
WO-000975,EQ-02525
WO-000975,EQ-02527
WO-000976,EQ-02679
WO-000976,EQ-02676
WO-000976,EQ-02681
WO-000977,EQ-03193
WO-000977,EQ-03192
WO-000978,EQ-02689
WO-000979,EQ-00067
WO-000980,EQ-03035
WO-000981,EQ-02058
WO-000981,EQ-02056
WO-000982,EQ-03525
WO-000983,EQ-03533
WO-000983,EQ-03541
WO-000984,EQ-00956
WO-000985,EQ-01726
WO-000985,EQ-01722
WO-000985,EQ-01725
WO-000985,EQ-01727
WO-000986,EQ-03249
WO-000987,EQ-01269
WO-000988,EQ-01032
WO-000989,EQ-02228
WO-000989,EQ-02229
WO-000989,EQ-02230
WO-000990,EQ-03254
WO-000990,EQ-03255
WO-000990,EQ-03257
WO-000991,EQ-02219
WO-000991,EQ-02220
WO-000992,EQ-02124
WO-000992,EQ-02126
WO-000993,EQ-02128
WO-000993,EQ-02129
WO-000993,EQ-02130
WO-000994,EQ-03049
WO-000994,EQ-03056
WO-000994,EQ-03055
WO-000994,EQ-03052
WO-000995,EQ-00843
WO-000996,EQ-01729
WO-000996,EQ-01728
WO-000997,EQ-03237
WO-000998,EQ-03009
WO-000999,EQ-03096
WO-000999,EQ-03097
WO-000999,EQ-03103
WO-000999,EQ-03101
WO-001000,EQ-00915
WO-001000,EQ-00918
WO-001000,EQ-00917
WO-001001,EQ-00026
WO-001002,EQ-01106
WO-001003,EQ-02672
WO-001003,EQ-02673
WO-001003,EQ-02671
WO-001004,EQ-02477
WO-001004,EQ-02475
WO-001004,EQ-02478
WO-001005,EQ-00962
WO-001006,EQ-02604
WO-001007,EQ-00677
WO-001007,EQ-00676
WO-001008,EQ-03523
WO-001009,EQ-02158
WO-001009,EQ-02157
WO-001010,EQ-00415
WO-001011,EQ-03528
WO-001012,EQ-03558
WO-001013,EQ-00096
WO-001013,EQ-00098
WO-001013,EQ-00097
WO-001013,EQ-00095
WO-001014,EQ-00571
WO-001014,EQ-00574
WO-001014,EQ-00570
WO-001014,EQ-00573
WO-001015,EQ-01432
WO-001016,EQ-01541
WO-001017,EQ-03290
WO-001017,EQ-03289
WO-001018,EQ-00113
WO-001018,EQ-00110
WO-001018,EQ-00112
WO-001019,EQ-01265
WO-001019,EQ-01266
WO-001019,EQ-01269
WO-001019,EQ-01272
WO-001020,EQ-01843
WO-001020,EQ-01842
WO-001021,EQ-03207
WO-001022,EQ-03454
WO-001022,EQ-03455
WO-001023,EQ-00144
WO-001023,EQ-00146
WO-001023,EQ-00147
WO-001024,EQ-02549
WO-001024,EQ-02547
WO-001024,EQ-02552
WO-001025,EQ-00900
WO-001025,EQ-00902
WO-001025,EQ-00899
WO-001026,EQ-01733
WO-001026,EQ-01731
WO-001027,EQ-02526
WO-001028,EQ-01729
WO-001029,EQ-01012
WO-001029,EQ-01013
WO-001030,EQ-00550
WO-001030,EQ-00549
WO-001030,EQ-00547
WO-001030,EQ-00544
WO-001031,EQ-01505
WO-001031,EQ-01503
WO-001032,EQ-01758
WO-001032,EQ-01757
WO-001033,EQ-01924
WO-001033,EQ-01923
WO-001033,EQ-01922
WO-001034,EQ-01997
WO-001034,EQ-01992
WO-001034,EQ-01999
WO-001035,EQ-02362
WO-001035,EQ-02364
WO-001036,EQ-00881
WO-001037,EQ-02175
WO-001038,EQ-02257
WO-001038,EQ-02255
WO-001039,EQ-02919
WO-001039,EQ-02926
WO-001040,EQ-00304
WO-001041,EQ-00714
WO-001041,EQ-00719
WO-001041,EQ-00716
WO-001041,EQ-00717
WO-001042,EQ-03227
WO-001043,EQ-01816
WO-001044,EQ-01977
WO-001044,EQ-01975
WO-001044,EQ-01978
WO-001044,EQ-01974
WO-001045,EQ-02284
WO-001046,EQ-01760
WO-001046,EQ-01761
WO-001047,EQ-00313
WO-001048,EQ-00500
WO-001048,EQ-00499
WO-001049,EQ-02234
WO-001049,EQ-02235
WO-001049,EQ-02237
WO-001050,EQ-00846
WO-001050,EQ-00842
WO-001050,EQ-00841
WO-001050,EQ-00844
WO-001051,EQ-00939
WO-001051,EQ-00942
WO-001052,EQ-01720
WO-001052,EQ-01721
WO-001053,EQ-00281
WO-001054,EQ-01472
WO-001055,EQ-02493
WO-001056,EQ-00105
WO-001056,EQ-00107
WO-001056,EQ-00108
WO-001056,EQ-00106
WO-001057,EQ-00494
WO-001057,EQ-00496
WO-001058,EQ-03346
WO-001059,EQ-03583
WO-001059,EQ-03584
WO-001060,EQ-01146
WO-001060,EQ-01142
WO-001060,EQ-01145
WO-001061,EQ-00919
WO-001061,EQ-00916
WO-001062,EQ-00483
WO-001062,EQ-00481
WO-001063,EQ-01322
WO-001064,EQ-03004
WO-001065,EQ-03443
WO-001066,EQ-03555
WO-001066,EQ-03556
WO-001067,EQ-03293
WO-001068,EQ-02634
WO-001068,EQ-02635
WO-001068,EQ-02636
WO-001068,EQ-02637
WO-001069,EQ-03323
WO-001070,EQ-01207
WO-001071,EQ-00193
WO-001072,EQ-03430
WO-001073,EQ-03407
WO-001073,EQ-03410
WO-001073,EQ-03409
WO-001074,EQ-02404
WO-001075,EQ-02175
WO-001076,EQ-03594
WO-001077,EQ-02044
WO-001077,EQ-02042
WO-001077,EQ-02043
WO-001078,EQ-01037
WO-001079,EQ-02622
WO-001079,EQ-02621
WO-001080,EQ-00649
WO-001081,EQ-02359
WO-001081,EQ-02358
WO-001082,EQ-00206
WO-001083,EQ-02977
WO-001083,EQ-02982
WO-001084,EQ-00554
WO-001085,EQ-02354
WO-001085,EQ-02356
WO-001086,EQ-01291
WO-001086,EQ-01286
WO-001086,EQ-01283
WO-001086,EQ-01287
WO-001087,EQ-02455
WO-001088,EQ-02694
WO-001089,EQ-01941
WO-001089,EQ-01942
WO-001090,EQ-01550
WO-001091,EQ-00912
WO-001092,EQ-00652
WO-001093,EQ-02361
WO-001094,EQ-01961
WO-001095,EQ-01917
WO-001095,EQ-01918
WO-001095,EQ-01919
WO-001096,EQ-01826
WO-001097,EQ-03475
WO-001097,EQ-03473
WO-001097,EQ-03480
WO-001098,EQ-00325
WO-001098,EQ-00323
WO-001099,EQ-00228
WO-001099,EQ-00226
WO-001099,EQ-00224
WO-001100,EQ-02534
WO-001100,EQ-02532
WO-001100,EQ-02529
WO-001100,EQ-02535
WO-001101,EQ-00801
WO-001101,EQ-00800
WO-001102,EQ-02785
WO-001102,EQ-02784
WO-001102,EQ-02786
WO-001103,EQ-01191
WO-001104,EQ-01045
WO-001105,EQ-00677
WO-001106,EQ-00695
WO-001107,EQ-02517
WO-001107,EQ-02516
WO-001108,EQ-02278
WO-001109,EQ-01623
WO-001109,EQ-01629
WO-001110,EQ-00725
WO-001110,EQ-00726
WO-001110,EQ-00724
WO-001111,EQ-01989
WO-001112,EQ-02129
WO-001113,EQ-03154
WO-001114,EQ-03520
WO-001115,EQ-03262
WO-001115,EQ-03265
WO-001116,EQ-00711
WO-001117,EQ-01871
WO-001117,EQ-01876
WO-001118,EQ-01901
WO-001118,EQ-01902
WO-001118,EQ-01904
WO-001118,EQ-01899
WO-001119,EQ-00544
WO-001119,EQ-00541
WO-001120,EQ-01400
WO-001120,EQ-01404
WO-001121,EQ-00123
WO-001121,EQ-00122
WO-001121,EQ-00127
WO-001121,EQ-00124
WO-001122,EQ-03051
WO-001122,EQ-03056
WO-001123,EQ-01604
WO-001124,EQ-02647
WO-001124,EQ-02646
WO-001125,EQ-00223
WO-001126,EQ-01733
WO-001126,EQ-01735
WO-001126,EQ-01734
WO-001127,EQ-03484
WO-001127,EQ-03483
WO-001128,EQ-01855
WO-001129,EQ-00456
WO-001130,EQ-02578
WO-001131,EQ-01737
WO-001132,EQ-00848
WO-001133,EQ-03183
WO-001134,EQ-00486
WO-001134,EQ-00485
WO-001134,EQ-00491
WO-001135,EQ-03630
WO-001136,EQ-02112
WO-001137,EQ-02578
WO-001138,EQ-02386
WO-001139,EQ-00382
WO-001139,EQ-00389
WO-001139,EQ-00387
WO-001140,EQ-01197
WO-001140,EQ-01193
WO-001141,EQ-02838
WO-001142,EQ-02330
WO-001143,EQ-01031
WO-001144,EQ-03411
WO-001144,EQ-03410
WO-001144,EQ-03408
WO-001145,EQ-00709
WO-001146,EQ-03223
WO-001147,EQ-00556
WO-001148,EQ-00540
WO-001148,EQ-00533
WO-001148,EQ-00536
WO-001148,EQ-00535
WO-001149,EQ-00177
WO-001150,EQ-00679
WO-001150,EQ-00681
WO-001151,EQ-00826
WO-001151,EQ-00825
WO-001152,EQ-00664
WO-001152,EQ-00666
WO-001152,EQ-00667
WO-001153,EQ-00862
WO-001154,EQ-01339
WO-001155,EQ-03388
WO-001155,EQ-03381
WO-001155,EQ-03389
WO-001156,EQ-02281
WO-001157,EQ-01415
WO-001158,EQ-02118
WO-001158,EQ-02116
WO-001159,EQ-01837
WO-001159,EQ-01833
WO-001159,EQ-01838
WO-001160,EQ-01866
WO-001160,EQ-01868
WO-001160,EQ-01867
WO-001160,EQ-01869
WO-001161,EQ-01036
WO-001161,EQ-01028
WO-001162,EQ-01645
WO-001163,EQ-02286
WO-001164,EQ-00437
WO-001165,EQ-02210
WO-001165,EQ-02213
WO-001166,EQ-03445
WO-001166,EQ-03447
WO-001167,EQ-02256
WO-001168,EQ-03367
WO-001168,EQ-03369
WO-001169,EQ-03236
WO-001170,EQ-00817
WO-001171,EQ-03284
WO-001172,EQ-03485
WO-001173,EQ-00434
WO-001174,EQ-00459
WO-001175,EQ-01255
WO-001175,EQ-01261
WO-001175,EQ-01253
WO-001175,EQ-01263
WO-001176,EQ-03295
WO-001177,EQ-02975
WO-001178,EQ-00984
WO-001178,EQ-00986
WO-001179,EQ-02373
WO-001179,EQ-02376
WO-001180,EQ-01585
WO-001181,EQ-02395
WO-001181,EQ-02401
WO-001182,EQ-03555
WO-001182,EQ-03557
WO-001183,EQ-03487
WO-001183,EQ-03492
WO-001183,EQ-03496
WO-001183,EQ-03497
WO-001184,EQ-02083
WO-001185,EQ-03483
WO-001186,EQ-01266
WO-001186,EQ-01272
WO-001186,EQ-01268
WO-001187,EQ-01864
WO-001188,EQ-02755
WO-001189,EQ-02420
WO-001190,EQ-00012
WO-001190,EQ-00011
WO-001191,EQ-01463
WO-001192,EQ-01485
WO-001192,EQ-01486
WO-001193,EQ-02084
WO-001193,EQ-02083
WO-001194,EQ-01475
WO-001194,EQ-01478
WO-001194,EQ-01481
WO-001194,EQ-01482
WO-001195,EQ-00869
WO-001196,EQ-03048
WO-001196,EQ-03047
WO-001196,EQ-03046
WO-001197,EQ-02788
WO-001197,EQ-02790
WO-001198,EQ-01690
WO-001198,EQ-01692
WO-001198,EQ-01696
WO-001199,EQ-01161
WO-001200,EQ-02358
WO-001200,EQ-02359
WO-001201,EQ-02638
WO-001201,EQ-02641
WO-001201,EQ-02640
WO-001202,EQ-01171
WO-001202,EQ-01167
WO-001202,EQ-01168
WO-001203,EQ-03241
WO-001203,EQ-03245
WO-001204,EQ-01079
WO-001204,EQ-01080
WO-001205,EQ-01587
WO-001205,EQ-01585
WO-001205,EQ-01586
WO-001206,EQ-00487
WO-001206,EQ-00488
WO-001207,EQ-03395
WO-001208,EQ-00231
WO-001209,EQ-02450
WO-001209,EQ-02452
WO-001210,EQ-03218
WO-001211,EQ-00035
WO-001211,EQ-00041
WO-001211,EQ-00040
WO-001212,EQ-03306
WO-001213,EQ-02941
WO-001213,EQ-02937
WO-001213,EQ-02940
WO-001214,EQ-03138
WO-001215,EQ-01236
WO-001216,EQ-00153
WO-001216,EQ-00151
WO-001217,EQ-03264
WO-001218,EQ-02546
WO-001218,EQ-02544
WO-001218,EQ-02545
WO-001219,EQ-01826
WO-001219,EQ-01829
WO-001220,EQ-00589
WO-001220,EQ-00597
WO-001221,EQ-01230
WO-001221,EQ-01229
WO-001222,EQ-01013
WO-001222,EQ-01012
WO-001223,EQ-02329
WO-001223,EQ-02328
WO-001224,EQ-02028
WO-001225,EQ-02976
WO-001226,EQ-00799
WO-001227,EQ-00980
WO-001227,EQ-00981
WO-001227,EQ-00971
WO-001227,EQ-00976
WO-001228,EQ-03266
WO-001229,EQ-00634
WO-001229,EQ-00644
WO-001229,EQ-00636
WO-001230,EQ-00956
WO-001231,EQ-00353
WO-001232,EQ-01169
WO-001232,EQ-01167
WO-001232,EQ-01171
WO-001232,EQ-01170
WO-001233,EQ-02453
WO-001234,EQ-00548
WO-001234,EQ-00545
WO-001235,EQ-02794
WO-001235,EQ-02796
WO-001235,EQ-02790
WO-001236,EQ-02732
WO-001236,EQ-02728
WO-001236,EQ-02734
WO-001237,EQ-02624
WO-001237,EQ-02629
WO-001237,EQ-02628
WO-001237,EQ-02623
WO-001238,EQ-03164
WO-001239,EQ-03567
WO-001239,EQ-03565
WO-001240,EQ-01551
WO-001241,EQ-03588
WO-001242,EQ-02426
WO-001242,EQ-02427
WO-001243,EQ-01613
WO-001243,EQ-01609
WO-001244,EQ-00829
WO-001244,EQ-00830
WO-001245,EQ-01317
WO-001246,EQ-01918
WO-001246,EQ-01919
WO-001247,EQ-01642
WO-001248,EQ-02090
WO-001248,EQ-02085
WO-001249,EQ-01486
WO-001250,EQ-01345
WO-001251,EQ-00652
WO-001252,EQ-01470
WO-001253,EQ-02579
WO-001254,EQ-00198
WO-001255,EQ-01325
WO-001256,EQ-02730
WO-001257,EQ-01330
WO-001257,EQ-01325
WO-001257,EQ-01335
WO-001258,EQ-03138
WO-001258,EQ-03137
WO-001259,EQ-00262
WO-001260,EQ-00427
WO-001260,EQ-00429
WO-001260,EQ-00424
WO-001260,EQ-00426
WO-001261,EQ-01049
WO-001261,EQ-01045
WO-001261,EQ-01050
WO-001261,EQ-01048
WO-001262,EQ-03270
WO-001262,EQ-03272
WO-001262,EQ-03269
WO-001262,EQ-03271
WO-001263,EQ-01645
WO-001264,EQ-02179
WO-001265,EQ-02625
WO-001266,EQ-00798
WO-001267,EQ-01302
WO-001267,EQ-01303
WO-001268,EQ-01561
WO-001268,EQ-01556
WO-001268,EQ-01558
WO-001269,EQ-01012
WO-001270,EQ-01833
WO-001271,EQ-02870
WO-001272,EQ-01013
WO-001273,EQ-03141
WO-001273,EQ-03144
WO-001273,EQ-03143
WO-001274,EQ-00234
WO-001275,EQ-02775
WO-001275,EQ-02770
WO-001276,EQ-01267
WO-001277,EQ-02870
WO-001277,EQ-02867
WO-001278,EQ-01777
WO-001278,EQ-01778
WO-001279,EQ-01864
WO-001280,EQ-00431
WO-001280,EQ-00437
WO-001281,EQ-00662
WO-001281,EQ-00656
WO-001282,EQ-02915
WO-001283,EQ-02483
WO-001283,EQ-02481
WO-001284,EQ-01906
WO-001285,EQ-02345
WO-001286,EQ-01489
WO-001287,EQ-02785
WO-001288,EQ-00968
WO-001289,EQ-00196
WO-001289,EQ-00191
WO-001289,EQ-00200
WO-001290,EQ-03501
WO-001291,EQ-00148
WO-001291,EQ-00150
WO-001292,EQ-00378
WO-001293,EQ-01760
WO-001294,EQ-02087
WO-001294,EQ-02085
WO-001294,EQ-02090
WO-001294,EQ-02086
WO-001295,EQ-01302
WO-001295,EQ-01303
WO-001296,EQ-02024
WO-001296,EQ-02019
WO-001296,EQ-02021
WO-001297,EQ-02957
WO-001298,EQ-02131
WO-001298,EQ-02132
WO-001299,EQ-00629
WO-001299,EQ-00626
WO-001299,EQ-00628
WO-001300,EQ-01021
WO-001300,EQ-01014
WO-001300,EQ-01018
WO-001300,EQ-01016
WO-001301,EQ-01760
WO-001301,EQ-01762
WO-001302,EQ-00116
WO-001302,EQ-00117
WO-001303,EQ-01941
WO-001304,EQ-00990
WO-001305,EQ-01124
WO-001305,EQ-01128
WO-001305,EQ-01127
WO-001306,EQ-02275
WO-001307,EQ-01487
WO-001307,EQ-01486
WO-001308,EQ-03013
WO-001309,EQ-01637
WO-001309,EQ-01635
WO-001309,EQ-01641
WO-001309,EQ-01638
WO-001310,EQ-01080
WO-001311,EQ-01888
WO-001312,EQ-01164
WO-001312,EQ-01163
WO-001313,EQ-00501
WO-001314,EQ-01413
WO-001315,EQ-02604
WO-001316,EQ-03192
WO-001316,EQ-03193
WO-001317,EQ-02855
WO-001317,EQ-02856
WO-001317,EQ-02859
WO-001318,EQ-02405
WO-001318,EQ-02413
WO-001318,EQ-02407
WO-001319,EQ-02678
WO-001320,EQ-00629
WO-001320,EQ-00626
WO-001321,EQ-01934
WO-001321,EQ-01936
WO-001322,EQ-03469
WO-001322,EQ-03468
WO-001323,EQ-00652
WO-001324,EQ-02098
WO-001325,EQ-01578
WO-001325,EQ-01576
WO-001325,EQ-01583
WO-001326,EQ-00120
WO-001326,EQ-00115
WO-001327,EQ-00976
WO-001328,EQ-03070
WO-001328,EQ-03073
WO-001328,EQ-03067
WO-001329,EQ-02496
WO-001329,EQ-02495
WO-001330,EQ-01862
WO-001330,EQ-01864
WO-001331,EQ-02478
WO-001331,EQ-02474
WO-001332,EQ-00126
WO-001332,EQ-00123
WO-001333,EQ-03564
WO-001334,EQ-02634
WO-001334,EQ-02633
WO-001334,EQ-02636
WO-001334,EQ-02635
WO-001335,EQ-01726
WO-001335,EQ-01723
WO-001335,EQ-01724
WO-001336,EQ-00756
WO-001336,EQ-00752
WO-001336,EQ-00753
WO-001337,EQ-02294
WO-001337,EQ-02292
WO-001337,EQ-02297
WO-001338,EQ-01916
WO-001338,EQ-01915
WO-001339,EQ-00732
WO-001340,EQ-00499
WO-001340,EQ-00502
WO-001341,EQ-03426
WO-001342,EQ-02381
WO-001343,EQ-01868
WO-001344,EQ-02306
WO-001344,EQ-02305
WO-001345,EQ-02825
WO-001345,EQ-02815
WO-001345,EQ-02814
WO-001345,EQ-02819
WO-001346,EQ-03418
WO-001347,EQ-02974
WO-001347,EQ-02970
WO-001347,EQ-02973
WO-001347,EQ-02972
WO-001348,EQ-02307
WO-001348,EQ-02303
WO-001348,EQ-02301
WO-001349,EQ-03597
WO-001349,EQ-03598
WO-001350,EQ-00124
WO-001351,EQ-01916
WO-001352,EQ-00626
WO-001352,EQ-00628
WO-001352,EQ-00627
WO-001352,EQ-00629
WO-001353,EQ-01217
WO-001353,EQ-01212
WO-001353,EQ-01211
WO-001354,EQ-03308
WO-001354,EQ-03304
WO-001354,EQ-03303
WO-001354,EQ-03306
WO-001355,EQ-03363
WO-001356,EQ-00619
WO-001356,EQ-00624
WO-001356,EQ-00618
WO-001357,EQ-02658
WO-001357,EQ-02648
WO-001358,EQ-03266
WO-001359,EQ-01855
WO-001360,EQ-00418
WO-001360,EQ-00419
WO-001361,EQ-02280
WO-001361,EQ-02281
WO-001362,EQ-00317
WO-001363,EQ-03186
WO-001364,EQ-00439
WO-001364,EQ-00442
WO-001364,EQ-00438
WO-001365,EQ-01493
WO-001366,EQ-00488
WO-001367,EQ-02785
WO-001367,EQ-02786
WO-001368,EQ-01497
WO-001368,EQ-01498
WO-001369,EQ-01905
WO-001370,EQ-00735
WO-001370,EQ-00730
WO-001370,EQ-00734
WO-001370,EQ-00737
WO-001371,EQ-01245
WO-001372,EQ-03161
WO-001373,EQ-00052
WO-001374,EQ-01886
WO-001375,EQ-01605
WO-001375,EQ-01607
WO-001376,EQ-02746
WO-001377,EQ-01497
WO-001378,EQ-01380
WO-001379,EQ-00920
WO-001380,EQ-01291
WO-001380,EQ-01287
WO-001381,EQ-00449
WO-001381,EQ-00448
WO-001381,EQ-00452
WO-001382,EQ-00480
WO-001382,EQ-00479
WO-001383,EQ-03142
WO-001383,EQ-03146
WO-001383,EQ-03143
WO-001383,EQ-03148
WO-001384,EQ-01165
WO-001384,EQ-01168
WO-001385,EQ-00715
WO-001385,EQ-00714
WO-001386,EQ-03291
WO-001387,EQ-02408
WO-001388,EQ-01536
WO-001389,EQ-02577
WO-001389,EQ-02572
WO-001390,EQ-01779
WO-001390,EQ-01780
WO-001391,EQ-02470
WO-001391,EQ-02468
WO-001392,EQ-00528
WO-001392,EQ-00531
WO-001392,EQ-00530
WO-001392,EQ-00523
WO-001393,EQ-02180
WO-001393,EQ-02181
WO-001394,EQ-03373
WO-001395,EQ-02368
WO-001396,EQ-03339
WO-001396,EQ-03340
WO-001396,EQ-03342
WO-001397,EQ-00492
WO-001397,EQ-00497
WO-001398,EQ-00591
WO-001398,EQ-00595
WO-001398,EQ-00597
WO-001399,EQ-03298
WO-001399,EQ-03297
WO-001400,EQ-00878
WO-001400,EQ-00877
WO-001400,EQ-00876
WO-001400,EQ-00880
WO-001401,EQ-00245
WO-001402,EQ-03079
WO-001403,EQ-02047
WO-001404,EQ-02271
WO-001405,EQ-01792
WO-001406,EQ-00414
WO-001407,EQ-00607
WO-001408,EQ-02222
WO-001409,EQ-00929
WO-001409,EQ-00932
WO-001410,EQ-01293
WO-001411,EQ-02124
WO-001411,EQ-02127
WO-001411,EQ-02123
WO-001411,EQ-02119
WO-001412,EQ-03173
WO-001413,EQ-01125
WO-001413,EQ-01126
WO-001413,EQ-01127
WO-001414,EQ-01720
WO-001415,EQ-02631
WO-001416,EQ-03439
WO-001416,EQ-03444
WO-001416,EQ-03443
WO-001416,EQ-03441
WO-001417,EQ-03237
WO-001417,EQ-03236
WO-001417,EQ-03235
WO-001418,EQ-02840
WO-001418,EQ-02843
WO-001418,EQ-02842
WO-001418,EQ-02839
WO-001419,EQ-01509
WO-001419,EQ-01510
WO-001419,EQ-01513
WO-001419,EQ-01511
WO-001420,EQ-00881
WO-001421,EQ-01676
WO-001422,EQ-00903
WO-001422,EQ-00905
WO-001422,EQ-00906
WO-001422,EQ-00904
WO-001423,EQ-03366
WO-001424,EQ-01974
WO-001425,EQ-00372
WO-001426,EQ-01423
WO-001427,EQ-00766
WO-001428,EQ-02288
WO-001428,EQ-02289
WO-001428,EQ-02283
WO-001429,EQ-01755
WO-001429,EQ-01758
WO-001430,EQ-02043
WO-001431,EQ-01445
WO-001431,EQ-01444
WO-001432,EQ-01522
WO-001432,EQ-01518
WO-001433,EQ-00101
WO-001434,EQ-00455
WO-001435,EQ-00189
WO-001436,EQ-01691
WO-001437,EQ-02447
WO-001438,EQ-01921
WO-001439,EQ-00628
WO-001440,EQ-03098
WO-001441,EQ-00395
WO-001441,EQ-00394
WO-001441,EQ-00396
WO-001442,EQ-02563
WO-001442,EQ-02559
WO-001442,EQ-02564
WO-001442,EQ-02560
WO-001443,EQ-02051
WO-001444,EQ-00677
WO-001444,EQ-00676
WO-001445,EQ-00461
WO-001446,EQ-01753
WO-001447,EQ-01849
WO-001447,EQ-01845
WO-001447,EQ-01854
WO-001448,EQ-02185
WO-001449,EQ-01352
WO-001450,EQ-03329
WO-001451,EQ-03630
WO-001452,EQ-02682
WO-001452,EQ-02683
WO-001453,EQ-02533
WO-001453,EQ-02534
WO-001454,EQ-02351
WO-001454,EQ-02350
WO-001454,EQ-02349
WO-001455,EQ-02180
WO-001456,EQ-00302
WO-001456,EQ-00300
WO-001456,EQ-00299
WO-001456,EQ-00304
WO-001457,EQ-00871
WO-001458,EQ-03161
WO-001459,EQ-00687
WO-001459,EQ-00689
WO-001459,EQ-00688
WO-001460,EQ-02665
WO-001460,EQ-02660
WO-001460,EQ-02669
WO-001460,EQ-02663
WO-001461,EQ-00487
WO-001462,EQ-00240
WO-001462,EQ-00239
WO-001463,EQ-03419
WO-001463,EQ-03420
WO-001463,EQ-03418
WO-001464,EQ-02691
WO-001464,EQ-02692
WO-001464,EQ-02690
WO-001465,EQ-03400
WO-001466,EQ-00916
WO-001466,EQ-00915
WO-001467,EQ-02017
WO-001468,EQ-00300
WO-001469,EQ-03405
WO-001469,EQ-03403
WO-001470,EQ-00061
WO-001470,EQ-00060
WO-001471,EQ-01748
WO-001471,EQ-01746
WO-001471,EQ-01745
WO-001472,EQ-03632
WO-001472,EQ-03631
WO-001472,EQ-03629
WO-001472,EQ-03626
WO-001473,EQ-01687
WO-001473,EQ-01692
WO-001474,EQ-02050
WO-001475,EQ-00319
WO-001475,EQ-00317
WO-001476,EQ-00676
WO-001476,EQ-00677
WO-001477,EQ-00073
WO-001477,EQ-00076
WO-001478,EQ-02859
WO-001478,EQ-02861
WO-001478,EQ-02858
WO-001479,EQ-03272
WO-001480,EQ-02563
WO-001480,EQ-02561
WO-001481,EQ-00061
WO-001481,EQ-00060
WO-001481,EQ-00062
WO-001482,EQ-00137
WO-001482,EQ-00139
WO-001483,EQ-02920
WO-001484,EQ-00739
WO-001484,EQ-00744
WO-001485,EQ-00420
WO-001486,EQ-02526
WO-001487,EQ-01758
WO-001488,EQ-01547
WO-001489,EQ-03223
WO-001490,EQ-02546
WO-001491,EQ-02645
WO-001491,EQ-02647
WO-001492,EQ-00960
WO-001493,EQ-02088
WO-001493,EQ-02090
WO-001493,EQ-02091
WO-001494,EQ-02389
WO-001494,EQ-02393
WO-001495,EQ-02533
WO-001496,EQ-00434
WO-001497,EQ-01879
WO-001498,EQ-03607
WO-001498,EQ-03606
WO-001499,EQ-01100
WO-001499,EQ-01097
WO-001499,EQ-01101
WO-001499,EQ-01102
WO-001500,EQ-02128
WO-001501,EQ-00373
WO-001502,EQ-00285
WO-001502,EQ-00283
WO-001503,EQ-00624
WO-001503,EQ-00622
WO-001503,EQ-00625
WO-001503,EQ-00618
WO-001504,EQ-01540
WO-001504,EQ-01543
WO-001504,EQ-01541
WO-001505,EQ-03322
WO-001505,EQ-03321
WO-001505,EQ-03317
WO-001505,EQ-03318
WO-001506,EQ-00420
WO-001507,EQ-03083
WO-001508,EQ-01888
WO-001509,EQ-00080
WO-001509,EQ-00078
WO-001509,EQ-00077
WO-001510,EQ-02552
WO-001511,EQ-02045
WO-001511,EQ-02046
WO-001512,EQ-00359
WO-001513,EQ-00848
WO-001514,EQ-03289
WO-001514,EQ-03290
WO-001515,EQ-03420
WO-001516,EQ-03081
WO-001517,EQ-02959
WO-001518,EQ-01068
WO-001519,EQ-00699
WO-001520,EQ-02838
WO-001520,EQ-02836
WO-001521,EQ-00751
WO-001521,EQ-00755
WO-001521,EQ-00753
WO-001522,EQ-00148
WO-001522,EQ-00149
WO-001523,EQ-02514
WO-001523,EQ-02515
WO-001523,EQ-02510
WO-001524,EQ-02438
WO-001525,EQ-02396
WO-001526,EQ-02356
WO-001526,EQ-02355
WO-001527,EQ-00295
WO-001528,EQ-01235
WO-001528,EQ-01233
WO-001528,EQ-01237
WO-001528,EQ-01231
WO-001529,EQ-02797
WO-001529,EQ-02801
WO-001530,EQ-01736
WO-001531,EQ-00815
WO-001531,EQ-00822
WO-001532,EQ-02365
WO-001533,EQ-00709
WO-001534,EQ-00695
WO-001534,EQ-00693
WO-001535,EQ-02178
WO-001535,EQ-02177
WO-001535,EQ-02179
WO-001536,EQ-00100
WO-001537,EQ-02838
WO-001537,EQ-02836
WO-001538,EQ-03407
WO-001538,EQ-03410
WO-001539,EQ-01709
WO-001539,EQ-01711
WO-001539,EQ-01710
WO-001540,EQ-01569
WO-001540,EQ-01564
WO-001540,EQ-01572
WO-001541,EQ-01459
WO-001541,EQ-01462
WO-001542,EQ-00157
WO-001543,EQ-01915
WO-001544,EQ-01835
WO-001545,EQ-02869
WO-001546,EQ-03310
WO-001547,EQ-02829
WO-001548,EQ-02352
WO-001549,EQ-02321
WO-001549,EQ-02319
WO-001550,EQ-00861
WO-001550,EQ-00867
WO-001551,EQ-00060
WO-001552,EQ-02102
WO-001553,EQ-02322
WO-001553,EQ-02320
WO-001553,EQ-02317
WO-001553,EQ-02318
WO-001554,EQ-02266
WO-001554,EQ-02264
WO-001554,EQ-02263
WO-001555,EQ-00102
WO-001555,EQ-00103
WO-001555,EQ-00100
WO-001555,EQ-00101
WO-001556,EQ-00289
WO-001556,EQ-00291
WO-001556,EQ-00286
WO-001557,EQ-00055
WO-001557,EQ-00054
WO-001558,EQ-01275
WO-001558,EQ-01277
WO-001558,EQ-01273
WO-001558,EQ-01281
WO-001559,EQ-01443
WO-001560,EQ-01197
WO-001561,EQ-00538
WO-001561,EQ-00533
WO-001562,EQ-00471
WO-001562,EQ-00469
WO-001563,EQ-00773
WO-001563,EQ-00774
WO-001564,EQ-02183
WO-001564,EQ-02191
WO-001564,EQ-02189
WO-001565,EQ-00472
WO-001566,EQ-02206
WO-001567,EQ-02090
WO-001568,EQ-01506
WO-001569,EQ-00189
WO-001570,EQ-01722
WO-001570,EQ-01726
WO-001571,EQ-00681
WO-001572,EQ-03310
WO-001573,EQ-00439
WO-001573,EQ-00441
WO-001573,EQ-00442
WO-001573,EQ-00440
WO-001574,EQ-02206
WO-001575,EQ-02330
WO-001575,EQ-02325
WO-001575,EQ-02324
WO-001576,EQ-00724
WO-001577,EQ-03238
WO-001577,EQ-03243
WO-001578,EQ-02972
WO-001579,EQ-02088
WO-001579,EQ-02089
WO-001580,EQ-02545
WO-001581,EQ-00536
WO-001581,EQ-00535
WO-001581,EQ-00539
WO-001582,EQ-01217
WO-001582,EQ-01210
WO-001583,EQ-01165
WO-001583,EQ-01167
WO-001584,EQ-00483
WO-001585,EQ-01092
WO-001585,EQ-01090
WO-001585,EQ-01088
WO-001586,EQ-01149
WO-001586,EQ-01156
WO-001586,EQ-01154
WO-001587,EQ-02545
WO-001587,EQ-02544
WO-001587,EQ-02546
WO-001588,EQ-01494
WO-001588,EQ-01489
WO-001588,EQ-01495
WO-001589,EQ-00985
WO-001589,EQ-00982
WO-001590,EQ-01271
WO-001591,EQ-00132
WO-001591,EQ-00134
WO-001592,EQ-02565
WO-001592,EQ-02564
WO-001593,EQ-01498
WO-001593,EQ-01497
WO-001593,EQ-01499
WO-001593,EQ-01500
WO-001594,EQ-00234
WO-001595,EQ-01940
WO-001596,EQ-01410
WO-001597,EQ-00669
WO-001598,EQ-00581
WO-001599,EQ-01648
WO-001600,EQ-02704
WO-001601,EQ-02399
WO-001601,EQ-02402
WO-001601,EQ-02398
WO-001602,EQ-00956
WO-001603,EQ-03234
WO-001603,EQ-03228
WO-001603,EQ-03232
WO-001604,EQ-01074
WO-001604,EQ-01081
WO-001604,EQ-01072
WO-001605,EQ-01849
WO-001605,EQ-01844
WO-001606,EQ-01470
WO-001607,EQ-01614
WO-001607,EQ-01621
WO-001608,EQ-01652
WO-001608,EQ-01656
WO-001608,EQ-01660
WO-001608,EQ-01654
WO-001609,EQ-02955
WO-001609,EQ-02956
WO-001609,EQ-02957
WO-001610,EQ-01417
WO-001611,EQ-02954
WO-001612,EQ-01316
WO-001612,EQ-01315
WO-001613,EQ-03141
WO-001613,EQ-03146
WO-001613,EQ-03145
WO-001613,EQ-03147
WO-001614,EQ-03482
WO-001615,EQ-00455
WO-001615,EQ-00457
WO-001615,EQ-00456
WO-001615,EQ-00458
WO-001616,EQ-02492
WO-001617,EQ-03002
WO-001618,EQ-01943
WO-001618,EQ-01953
WO-001619,EQ-00497
WO-001619,EQ-00492
WO-001620,EQ-01041
WO-001621,EQ-00470
WO-001621,EQ-00468
WO-001621,EQ-00473
WO-001622,EQ-00555
WO-001622,EQ-00554
WO-001623,EQ-00098
WO-001624,EQ-00474
WO-001624,EQ-00477
WO-001625,EQ-00749
WO-001626,EQ-02312
WO-001627,EQ-01453
WO-001628,EQ-00905
WO-001629,EQ-00201
WO-001629,EQ-00203
WO-001629,EQ-00202
WO-001630,EQ-02116
WO-001630,EQ-02117
WO-001630,EQ-02118
WO-001631,EQ-02867
WO-001631,EQ-02871
WO-001632,EQ-02021
WO-001632,EQ-02026
WO-001633,EQ-00716
WO-001633,EQ-00718
WO-001634,EQ-02987
WO-001634,EQ-02983
WO-001634,EQ-02985
WO-001634,EQ-02988
WO-001635,EQ-02549
WO-001635,EQ-02552
WO-001636,EQ-01608
WO-001636,EQ-01609
WO-001637,EQ-02933
WO-001637,EQ-02929
WO-001637,EQ-02934
WO-001637,EQ-02930
WO-001638,EQ-02620
WO-001639,EQ-02116
WO-001639,EQ-02117
WO-001640,EQ-01942
WO-001641,EQ-01300
WO-001641,EQ-01301
WO-001642,EQ-02431
WO-001642,EQ-02429
WO-001643,EQ-01879
WO-001644,EQ-00177
WO-001644,EQ-00178
WO-001645,EQ-02690
WO-001646,EQ-02682
WO-001647,EQ-01706
WO-001648,EQ-02816
WO-001649,EQ-03498
WO-001650,EQ-01375
WO-001650,EQ-01372
WO-001651,EQ-00675
WO-001651,EQ-00674
WO-001652,EQ-00392
WO-001652,EQ-00393
WO-001653,EQ-02823
WO-001653,EQ-02821
WO-001654,EQ-01394
WO-001654,EQ-01396
WO-001654,EQ-01393
WO-001655,EQ-00167
WO-001655,EQ-00172
WO-001656,EQ-02828
WO-001656,EQ-02829
WO-001657,EQ-01033
WO-001657,EQ-01030
WO-001658,EQ-01462
WO-001659,EQ-01842
WO-001659,EQ-01843
WO-001660,EQ-03514
WO-001660,EQ-03513
WO-001661,EQ-01861
WO-001661,EQ-01860
WO-001662,EQ-03569
WO-001663,EQ-00881
WO-001663,EQ-00882
WO-001664,EQ-00713
WO-001665,EQ-01285
WO-001666,EQ-01942
WO-001667,EQ-00333
WO-001668,EQ-01644
WO-001669,EQ-02358
WO-001669,EQ-02359
WO-001670,EQ-03288
WO-001670,EQ-03286
WO-001671,EQ-02938
WO-001671,EQ-02941
WO-001672,EQ-01850
WO-001673,EQ-00470
WO-001674,EQ-00231
WO-001674,EQ-00233
WO-001674,EQ-00232
WO-001674,EQ-00230
WO-001675,EQ-01323
WO-001676,EQ-02742
WO-001676,EQ-02744
WO-001676,EQ-02738
WO-001677,EQ-01765
WO-001677,EQ-01763
WO-001678,EQ-01696
WO-001678,EQ-01692
WO-001678,EQ-01695
WO-001678,EQ-01693
WO-001679,EQ-02332
WO-001679,EQ-02333
WO-001679,EQ-02334
WO-001679,EQ-02335
WO-001680,EQ-03541
WO-001680,EQ-03538
WO-001681,EQ-00943
WO-001682,EQ-02288
WO-001683,EQ-00674
WO-001684,EQ-03215
WO-001684,EQ-03219
WO-001685,EQ-00773
WO-001685,EQ-00774
WO-001686,EQ-00751
WO-001686,EQ-00755
WO-001686,EQ-00753
WO-001686,EQ-00750
WO-001687,EQ-02500
WO-001687,EQ-02499
WO-001688,EQ-02589
WO-001688,EQ-02590
WO-001688,EQ-02588
WO-001688,EQ-02585
WO-001689,EQ-01184
WO-001690,EQ-01490
WO-001691,EQ-02048
WO-001692,EQ-03099
WO-001692,EQ-03097
WO-001693,EQ-00322
WO-001693,EQ-00319
WO-001693,EQ-00318
WO-001693,EQ-00321
WO-001694,EQ-01426
WO-001695,EQ-03065
WO-001696,EQ-00901
WO-001696,EQ-00900
WO-001697,EQ-02152
WO-001697,EQ-02153
WO-001697,EQ-02154
WO-001698,EQ-02484
WO-001699,EQ-02967
WO-001699,EQ-02965
WO-001700,EQ-00676
WO-001701,EQ-00762
WO-001701,EQ-00763
WO-001702,EQ-01228
WO-001703,EQ-00689
WO-001704,EQ-03252
WO-001704,EQ-03248
WO-001704,EQ-03251
WO-001705,EQ-03168
WO-001705,EQ-03173
WO-001705,EQ-03167
WO-001706,EQ-03175
WO-001706,EQ-03174
WO-001707,EQ-01788
WO-001707,EQ-01785
WO-001707,EQ-01789
WO-001708,EQ-01971
WO-001708,EQ-01964
WO-001709,EQ-02599
WO-001709,EQ-02598
WO-001709,EQ-02596
WO-001710,EQ-00093
WO-001711,EQ-02031
WO-001711,EQ-02035
WO-001712,EQ-01758
WO-001712,EQ-01757
WO-001712,EQ-01756
WO-001712,EQ-01759
WO-001713,EQ-03210
WO-001713,EQ-03207
WO-001713,EQ-03208
WO-001713,EQ-03206
WO-001714,EQ-00534
WO-001714,EQ-00539
WO-001714,EQ-00533
WO-001715,EQ-02459
WO-001715,EQ-02458
WO-001715,EQ-02454
WO-001716,EQ-00710
WO-001716,EQ-00711
WO-001717,EQ-03598
WO-001718,EQ-00712
WO-001718,EQ-00713
WO-001719,EQ-00208
WO-001720,EQ-02312
WO-001720,EQ-02311
WO-001721,EQ-00719
WO-001722,EQ-00299
WO-001723,EQ-03352
WO-001723,EQ-03354
WO-001724,EQ-00415
WO-001725,EQ-00709
WO-001725,EQ-00708
WO-001726,EQ-02179
WO-001727,EQ-02523
WO-001728,EQ-02639
WO-001729,EQ-02476
WO-001729,EQ-02478
WO-001730,EQ-02451
WO-001730,EQ-02447
WO-001730,EQ-02446
WO-001730,EQ-02450
WO-001731,EQ-02301
WO-001732,EQ-00429
WO-001732,EQ-00424
WO-001732,EQ-00422
WO-001732,EQ-00423
WO-001733,EQ-03531
WO-001734,EQ-03026
WO-001734,EQ-03030
WO-001734,EQ-03028
WO-001734,EQ-03025
WO-001735,EQ-02252
WO-001736,EQ-02311
WO-001737,EQ-02271
WO-001738,EQ-01376
WO-001738,EQ-01374
WO-001738,EQ-01371
WO-001738,EQ-01370
WO-001739,EQ-00822
WO-001739,EQ-00816
WO-001740,EQ-03214
WO-001741,EQ-03374
WO-001742,EQ-00349
WO-001742,EQ-00346
WO-001743,EQ-00922
WO-001743,EQ-00923
WO-001744,EQ-00196
WO-001745,EQ-02187
WO-001746,EQ-00940
WO-001746,EQ-00948
WO-001746,EQ-00946
WO-001747,EQ-02757
WO-001747,EQ-02751
WO-001748,EQ-02235
WO-001748,EQ-02234
WO-001749,EQ-01965
WO-001749,EQ-01967
WO-001750,EQ-00923
WO-001751,EQ-02240
WO-001752,EQ-02994
WO-001753,EQ-00396
WO-001753,EQ-00398
WO-001754,EQ-00104
WO-001754,EQ-00099
WO-001755,EQ-00707
WO-001755,EQ-00699
WO-001755,EQ-00703
WO-001756,EQ-01301
WO-001757,EQ-02964
WO-001758,EQ-01497
WO-001759,EQ-01444
WO-001760,EQ-00852
WO-001761,EQ-00203
WO-001762,EQ-02819
WO-001763,EQ-02868
WO-001763,EQ-02873
WO-001763,EQ-02865
WO-001764,EQ-02555
WO-001765,EQ-02911
WO-001766,EQ-02400
WO-001766,EQ-02395
WO-001767,EQ-00818
WO-001767,EQ-00814
WO-001767,EQ-00812
WO-001768,EQ-00178
WO-001769,EQ-01875
WO-001769,EQ-01873
WO-001770,EQ-02512
WO-001771,EQ-02410
WO-001771,EQ-02405
WO-001772,EQ-02815
WO-001773,EQ-01642
WO-001774,EQ-02811
WO-001774,EQ-02812
WO-001775,EQ-01509
WO-001776,EQ-01378
WO-001777,EQ-01878
WO-001777,EQ-01882
WO-001777,EQ-01881
WO-001777,EQ-01883
WO-001778,EQ-01820
WO-001779,EQ-03469
WO-001780,EQ-00184
WO-001780,EQ-00181
WO-001780,EQ-00187
WO-001780,EQ-00185
WO-001781,EQ-03583
WO-001782,EQ-02646
WO-001782,EQ-02645
WO-001782,EQ-02647
WO-001783,EQ-02671
WO-001783,EQ-02670
WO-001783,EQ-02672
WO-001784,EQ-02746
WO-001785,EQ-02263
WO-001786,EQ-00902
WO-001786,EQ-00900
WO-001786,EQ-00899
WO-001786,EQ-00901
WO-001787,EQ-00331
WO-001788,EQ-02515
WO-001789,EQ-02339
WO-001790,EQ-01303
WO-001791,EQ-02893
WO-001791,EQ-02895
WO-001791,EQ-02891
WO-001791,EQ-02888
WO-001792,EQ-03174
WO-001793,EQ-00244
WO-001793,EQ-00245
WO-001794,EQ-00939
WO-001795,EQ-01529
WO-001795,EQ-01531
WO-001795,EQ-01533
WO-001796,EQ-03118
WO-001796,EQ-03119
WO-001796,EQ-03120
WO-001797,EQ-02537
WO-001797,EQ-02536
WO-001798,EQ-01394
WO-001798,EQ-01392
WO-001799,EQ-03158
WO-001799,EQ-03159
WO-001799,EQ-03162
WO-001799,EQ-03161
WO-001800,EQ-00588
WO-001801,EQ-00948
WO-001801,EQ-00943
WO-001802,EQ-03352
WO-001803,EQ-02788
WO-001804,EQ-02621
WO-001805,EQ-00844
WO-001806,EQ-03460
WO-001806,EQ-03463
WO-001806,EQ-03462
WO-001807,EQ-00652
WO-001807,EQ-00654
WO-001807,EQ-00651
WO-001807,EQ-00653
WO-001808,EQ-02431
WO-001808,EQ-02432
WO-001809,EQ-01469
WO-001810,EQ-02421
WO-001810,EQ-02423
WO-001811,EQ-02924
WO-001812,EQ-01584
WO-001812,EQ-01575
WO-001813,EQ-01045
WO-001813,EQ-01046
WO-001813,EQ-01049
WO-001814,EQ-01918
WO-001814,EQ-01917
WO-001815,EQ-02625
WO-001816,EQ-00059
WO-001816,EQ-00058
WO-001817,EQ-01308
WO-001818,EQ-00061
WO-001818,EQ-00060
WO-001819,EQ-03216
WO-001820,EQ-02034
WO-001821,EQ-01556
WO-001821,EQ-01560
WO-001822,EQ-00548
WO-001823,EQ-00623
WO-001824,EQ-00774
WO-001825,EQ-03174
WO-001826,EQ-00699
WO-001826,EQ-00707
WO-001827,EQ-03570
WO-001827,EQ-03577
WO-001828,EQ-00293
WO-001829,EQ-02211
WO-001829,EQ-02215
WO-001829,EQ-02209
WO-001830,EQ-01907
WO-001830,EQ-01906
WO-001830,EQ-01905
WO-001831,EQ-00658
WO-001832,EQ-00399
WO-001832,EQ-00395
WO-001833,EQ-00370
WO-001833,EQ-00375
WO-001834,EQ-02728
WO-001834,EQ-02731
WO-001835,EQ-01294
WO-001835,EQ-01299
WO-001835,EQ-01293
WO-001835,EQ-01295
WO-001836,EQ-02969
WO-001837,EQ-01657
WO-001838,EQ-00427
WO-001839,EQ-01885
WO-001839,EQ-01886
WO-001839,EQ-01884
WO-001840,EQ-01173
WO-001840,EQ-01172
WO-001840,EQ-01174
WO-001841,EQ-02756
WO-001842,EQ-01560
WO-001842,EQ-01557
WO-001842,EQ-01558
WO-001843,EQ-02309
WO-001843,EQ-02308
WO-001844,EQ-00649
WO-001844,EQ-00650
WO-001845,EQ-00672
WO-001846,EQ-00070
WO-001846,EQ-00066
WO-001847,EQ-00586
WO-001848,EQ-01621
WO-001848,EQ-01614
WO-001849,EQ-03021
WO-001850,EQ-00494
WO-001850,EQ-00495
WO-001850,EQ-00493
WO-001850,EQ-00497
WO-001851,EQ-03150
WO-001851,EQ-03149
WO-001852,EQ-00342
WO-001852,EQ-00334
WO-001852,EQ-00340
WO-001852,EQ-00343
WO-001853,EQ-00196
WO-001854,EQ-00024
WO-001854,EQ-00023
WO-001855,EQ-00633
WO-001855,EQ-00630
WO-001856,EQ-00392
WO-001857,EQ-01807
WO-001858,EQ-00039
WO-001858,EQ-00038
WO-001858,EQ-00033
WO-001858,EQ-00035
WO-001859,EQ-02109
WO-001859,EQ-02111
WO-001859,EQ-02110
WO-001860,EQ-02275
WO-001861,EQ-02702
WO-001861,EQ-02698
WO-001862,EQ-03075
WO-001863,EQ-00713
WO-001864,EQ-02597
WO-001865,EQ-00415
WO-001865,EQ-00416
WO-001866,EQ-00168
WO-001866,EQ-00172
WO-001866,EQ-00167
WO-001867,EQ-01744
WO-001868,EQ-00906
WO-001869,EQ-00795
WO-001870,EQ-02217
WO-001871,EQ-02614
WO-001871,EQ-02613
WO-001872,EQ-02558
WO-001873,EQ-02763
WO-001873,EQ-02760
WO-001874,EQ-03216
WO-001875,EQ-03247
WO-001875,EQ-03244
WO-001875,EQ-03240
WO-001875,EQ-03241
WO-001876,EQ-02466
WO-001877,EQ-03572
WO-001877,EQ-03578
WO-001877,EQ-03577
WO-001878,EQ-02325
WO-001879,EQ-02094
WO-001880,EQ-03603
WO-001880,EQ-03606
WO-001880,EQ-03605
WO-001880,EQ-03608
WO-001881,EQ-02516
WO-001881,EQ-02517
WO-001882,EQ-00266
WO-001882,EQ-00262
WO-001883,EQ-00428
WO-001884,EQ-02741
WO-001885,EQ-01354
WO-001886,EQ-02402
WO-001886,EQ-02400
WO-001886,EQ-02397
WO-001886,EQ-02395
WO-001887,EQ-00420
WO-001888,EQ-03253
WO-001889,EQ-01940
WO-001889,EQ-01935
WO-001890,EQ-03368
WO-001891,EQ-03152
WO-001892,EQ-02596
WO-001892,EQ-02598
WO-001893,EQ-01181
WO-001893,EQ-01183
WO-001894,EQ-00480
WO-001895,EQ-00200
WO-001896,EQ-02923
WO-001897,EQ-01536
WO-001897,EQ-01533
WO-001897,EQ-01528
WO-001897,EQ-01529
WO-001898,EQ-01843
WO-001899,EQ-00664
WO-001899,EQ-00666
WO-001899,EQ-00665
WO-001900,EQ-02469
WO-001901,EQ-02517
WO-001901,EQ-02516
WO-001902,EQ-00875
WO-001903,EQ-00884
WO-001903,EQ-00883
WO-001904,EQ-01889
WO-001905,EQ-01793
WO-001906,EQ-01088
WO-001906,EQ-01089
WO-001907,EQ-02576
WO-001907,EQ-02566
WO-001908,EQ-01654
WO-001909,EQ-01522
WO-001910,EQ-02178
WO-001910,EQ-02179
WO-001910,EQ-02177
WO-001911,EQ-00274
WO-001912,EQ-01041
WO-001912,EQ-01044
WO-001913,EQ-03390
WO-001913,EQ-03387
WO-001913,EQ-03383
WO-001914,EQ-01493
WO-001915,EQ-02497
WO-001915,EQ-02498
WO-001916,EQ-00584
WO-001917,EQ-03125
WO-001917,EQ-03129
WO-001917,EQ-03128
WO-001917,EQ-03127
WO-001918,EQ-02246
WO-001919,EQ-02844
WO-001920,EQ-02383
WO-001920,EQ-02385
WO-001921,EQ-01598
WO-001922,EQ-01263
WO-001923,EQ-00689
WO-001924,EQ-00646
WO-001925,EQ-01171
WO-001926,EQ-02112
WO-001927,EQ-00687
WO-001927,EQ-00688
WO-001927,EQ-00689
WO-001928,EQ-01355
WO-001929,EQ-01730
WO-001930,EQ-01084
WO-001931,EQ-01886
WO-001932,EQ-00933
WO-001932,EQ-00932
WO-001932,EQ-00930
WO-001933,EQ-00169
WO-001933,EQ-00164
WO-001933,EQ-00168
WO-001933,EQ-00163
WO-001934,EQ-00680
WO-001934,EQ-00682
WO-001935,EQ-02355
WO-001935,EQ-02357
WO-001936,EQ-00923
WO-001937,EQ-00374
WO-001937,EQ-00368
WO-001938,EQ-00425
WO-001938,EQ-00423
WO-001938,EQ-00426
WO-001938,EQ-00427
WO-001939,EQ-02131
WO-001940,EQ-00690
WO-001940,EQ-00691
WO-001941,EQ-00270
WO-001942,EQ-03391
WO-001942,EQ-03388
WO-001943,EQ-00575
WO-001944,EQ-00223
WO-001944,EQ-00217
WO-001944,EQ-00222
WO-001944,EQ-00218
WO-001945,EQ-02493
WO-001946,EQ-03165
WO-001947,EQ-01182
WO-001947,EQ-01183
WO-001947,EQ-01184
WO-001948,EQ-02413
WO-001949,EQ-01532
WO-001949,EQ-01535
WO-001950,EQ-02243
WO-001950,EQ-02241
WO-001951,EQ-03224
WO-001951,EQ-03221
WO-001951,EQ-03223
WO-001951,EQ-03225
WO-001952,EQ-03193
WO-001952,EQ-03192
WO-001953,EQ-01636
WO-001953,EQ-01640
WO-001954,EQ-01368
WO-001955,EQ-01922
WO-001955,EQ-01924
WO-001956,EQ-02424
WO-001957,EQ-02545
WO-001958,EQ-02936
WO-001958,EQ-02927
WO-001959,EQ-02159
WO-001960,EQ-03191
WO-001961,EQ-02364
WO-001961,EQ-02363
WO-001961,EQ-02365
WO-001962,EQ-03083
WO-001962,EQ-03082
WO-001963,EQ-01428
WO-001963,EQ-01427
WO-001963,EQ-01425
WO-001964,EQ-00128
WO-001964,EQ-00129
WO-001964,EQ-00130
WO-001965,EQ-00814
WO-001966,EQ-01834
WO-001966,EQ-01838
WO-001966,EQ-01841
WO-001967,EQ-00572
WO-001967,EQ-00575
WO-001968,EQ-03458
WO-001969,EQ-00655
WO-001970,EQ-00939
WO-001970,EQ-00938
WO-001971,EQ-02286
WO-001971,EQ-02283
WO-001972,EQ-02178
WO-001973,EQ-01733
WO-001973,EQ-01735
WO-001974,EQ-01643
WO-001975,EQ-00482
WO-001975,EQ-00483
WO-001975,EQ-00481
WO-001976,EQ-00227
WO-001976,EQ-00225
WO-001976,EQ-00226
WO-001976,EQ-00228
WO-001977,EQ-00009
WO-001977,EQ-00006
WO-001977,EQ-00004
WO-001978,EQ-02430
WO-001979,EQ-01884
WO-001979,EQ-01885
WO-001979,EQ-01886
WO-001980,EQ-00818
WO-001981,EQ-03237
WO-001982,EQ-00654
WO-001983,EQ-02460
WO-001983,EQ-02459
WO-001984,EQ-03154
WO-001984,EQ-03151
WO-001984,EQ-03152
WO-001985,EQ-03004
WO-001986,EQ-01525
WO-001986,EQ-01515
WO-001987,EQ-03249
WO-001987,EQ-03248
WO-001988,EQ-01418
WO-001988,EQ-01412
WO-001989,EQ-00084
WO-001990,EQ-03068
WO-001990,EQ-03073
WO-001990,EQ-03070
WO-001991,EQ-00062
WO-001991,EQ-00060
WO-001991,EQ-00061
WO-001992,EQ-00907
WO-001993,EQ-02369
WO-001993,EQ-02363
WO-001994,EQ-01190
WO-001995,EQ-00475
WO-001995,EQ-00478
WO-001996,EQ-00675
WO-001996,EQ-00674
WO-001997,EQ-00147
WO-001997,EQ-00145
WO-001998,EQ-02728
WO-001998,EQ-02733
WO-001999,EQ-00437
WO-001999,EQ-00431
WO-001999,EQ-00435
WO-001999,EQ-00430
WO-002000,EQ-00008
WO-002000,EQ-00004
WO-002001,EQ-01431
WO-002001,EQ-01427
WO-002002,EQ-02312
WO-002003,EQ-00058
WO-002003,EQ-00056
WO-002004,EQ-02136
WO-002005,EQ-01890
WO-002006,EQ-03002
WO-002006,EQ-03004
WO-002006,EQ-03000
WO-002006,EQ-03006
WO-002007,EQ-00737
WO-002007,EQ-00731
WO-002007,EQ-00728
WO-002007,EQ-00733
WO-002008,EQ-02578
WO-002009,EQ-03200
WO-002009,EQ-03201
WO-002009,EQ-03205
WO-002010,EQ-00257
WO-002010,EQ-00258
WO-002011,EQ-02255
WO-002012,EQ-02373
WO-002012,EQ-02375
WO-002013,EQ-01771
WO-002014,EQ-02014
WO-002014,EQ-02009
WO-002015,EQ-01057
WO-002016,EQ-03472
WO-002017,EQ-00447
WO-002018,EQ-01196
WO-002018,EQ-01195
WO-002019,EQ-00986
WO-002020,EQ-01602
WO-002020,EQ-01600
WO-002021,EQ-02205
WO-002022,EQ-02957
WO-002022,EQ-02956
WO-002022,EQ-02955
WO-002023,EQ-03342
WO-002024,EQ-01916
WO-002025,EQ-01374
WO-002026,EQ-02171
WO-002026,EQ-02170
WO-002027,EQ-02548
WO-002027,EQ-02550
WO-002028,EQ-01215
WO-002029,EQ-03364
WO-002029,EQ-03363
WO-002029,EQ-03366
WO-002030,EQ-01800
WO-002030,EQ-01794
WO-002031,EQ-03244
WO-002031,EQ-03243
WO-002031,EQ-03240
WO-002032,EQ-01936
WO-002033,EQ-02615
WO-002033,EQ-02617
WO-002034,EQ-00561
WO-002034,EQ-00563
WO-002034,EQ-00569
WO-002034,EQ-00565
WO-002035,EQ-03211
WO-002036,EQ-01700
WO-002037,EQ-01295
WO-002037,EQ-01292
WO-002038,EQ-01381
WO-002038,EQ-01385
WO-002039,EQ-02931
WO-002040,EQ-02647
WO-002041,EQ-03432
WO-002042,EQ-02330
WO-002043,EQ-01051
WO-002044,EQ-00787
WO-002044,EQ-00782
WO-002045,EQ-00872
WO-002045,EQ-00874
WO-002046,EQ-00648
WO-002046,EQ-00646
WO-002046,EQ-00647
WO-002047,EQ-01180
WO-002048,EQ-02316
WO-002048,EQ-02315
WO-002049,EQ-01463
WO-002049,EQ-01457
WO-002050,EQ-00067
WO-002050,EQ-00070
WO-002051,EQ-00456
WO-002051,EQ-00458
WO-002052,EQ-00899
WO-002052,EQ-00900
WO-002053,EQ-03116
WO-002053,EQ-03123
WO-002054,EQ-02426
WO-002055,EQ-00380
WO-002055,EQ-00378
WO-002056,EQ-01680
WO-002056,EQ-01685
WO-002057,EQ-01984
WO-002058,EQ-00852
WO-002059,EQ-02655
WO-002060,EQ-02740
WO-002060,EQ-02737
WO-002060,EQ-02742
WO-002061,EQ-02846
WO-002062,EQ-01306
WO-002063,EQ-02587
WO-002063,EQ-02584
WO-002064,EQ-02386
WO-002065,EQ-01994
WO-002065,EQ-01992
WO-002066,EQ-01809
WO-002067,EQ-03424
WO-002068,EQ-02691
WO-002069,EQ-01921
WO-002069,EQ-01924
WO-002070,EQ-02046
WO-002071,EQ-01298
WO-002071,EQ-01293
WO-002071,EQ-01295
WO-002071,EQ-01296
WO-002072,EQ-00477
WO-002073,EQ-01229
WO-002074,EQ-00755
WO-002074,EQ-00756
WO-002074,EQ-00751
WO-002074,EQ-00750
WO-002075,EQ-00259
WO-002076,EQ-01469
WO-002076,EQ-01468
WO-002076,EQ-01470
WO-002077,EQ-02900
WO-002078,EQ-03190
WO-002079,EQ-02275
WO-002079,EQ-02274
WO-002080,EQ-01401
WO-002080,EQ-01397
WO-002080,EQ-01403
WO-002081,EQ-01818
WO-002081,EQ-01814
WO-002081,EQ-01815
WO-002082,EQ-02775
WO-002082,EQ-02766
WO-002082,EQ-02774
WO-002083,EQ-00937
WO-002084,EQ-02478
WO-002084,EQ-02476
WO-002085,EQ-00258
WO-002085,EQ-00257
WO-002085,EQ-00256
WO-002086,EQ-03603
WO-002086,EQ-03605
WO-002086,EQ-03608
WO-002087,EQ-00122
WO-002087,EQ-00127
WO-002087,EQ-00124
WO-002088,EQ-02369
WO-002088,EQ-02366
WO-002088,EQ-02368
WO-002088,EQ-02370
WO-002089,EQ-02320
WO-002089,EQ-02321
WO-002089,EQ-02322
WO-002089,EQ-02317
WO-002090,EQ-00042
WO-002091,EQ-00062
WO-002091,EQ-00060
WO-002092,EQ-03567
WO-002093,EQ-02873
WO-002093,EQ-02871
WO-002094,EQ-00333
WO-002094,EQ-00330
WO-002094,EQ-00328
WO-002095,EQ-01750
WO-002096,EQ-02640
WO-002096,EQ-02639
WO-002096,EQ-02638
WO-002096,EQ-02641
WO-002097,EQ-02493
WO-002097,EQ-02492
WO-002098,EQ-03424
WO-002099,EQ-01040
WO-002099,EQ-01038
WO-002099,EQ-01041
WO-002100,EQ-02595
WO-002100,EQ-02594
WO-002101,EQ-01699
WO-002101,EQ-01700
WO-002102,EQ-02983
WO-002103,EQ-00454
WO-002103,EQ-00450
WO-002104,EQ-02953
WO-002104,EQ-02954
WO-002105,EQ-02542
WO-002106,EQ-03577
WO-002107,EQ-00103
WO-002107,EQ-00101
WO-002107,EQ-00100
WO-002107,EQ-00104
WO-002108,EQ-01553
WO-002108,EQ-01548
WO-002108,EQ-01551
WO-002109,EQ-01325
WO-002109,EQ-01324
WO-002109,EQ-01332
WO-002110,EQ-02693
WO-002111,EQ-02272
WO-002111,EQ-02269
WO-002111,EQ-02267
WO-002111,EQ-02271
WO-002112,EQ-00800
WO-002112,EQ-00801
WO-002113,EQ-00317
WO-002113,EQ-00321
WO-002113,EQ-00320
WO-002114,EQ-00672
WO-002115,EQ-00188
WO-002115,EQ-00189
WO-002116,EQ-02422
WO-002116,EQ-02416
WO-002116,EQ-02418
WO-002117,EQ-02814
WO-002118,EQ-02644
WO-002119,EQ-00460
WO-002119,EQ-00464
WO-002119,EQ-00466
WO-002119,EQ-00462
WO-002120,EQ-02019
WO-002121,EQ-02456
WO-002121,EQ-02459
WO-002122,EQ-00061
WO-002122,EQ-00060
WO-002123,EQ-00175
WO-002124,EQ-03368
WO-002124,EQ-03367
WO-002125,EQ-02497
WO-002126,EQ-00096
WO-002126,EQ-00095
WO-002127,EQ-03559
WO-002128,EQ-01418
WO-002128,EQ-01410
WO-002129,EQ-01202
WO-002129,EQ-01205
WO-002129,EQ-01201
WO-002130,EQ-03137
WO-002131,EQ-02690
WO-002132,EQ-00708
WO-002132,EQ-00709
WO-002133,EQ-01934
WO-002134,EQ-02801
WO-002135,EQ-03377
WO-002136,EQ-02044
WO-002136,EQ-02043
WO-002137,EQ-00630
WO-002137,EQ-00631
WO-002138,EQ-02668
WO-002139,EQ-03239
WO-002140,EQ-01460
WO-002141,EQ-00692
WO-002141,EQ-00698
WO-002142,EQ-02437
WO-002143,EQ-00202
WO-002144,EQ-00244
WO-002144,EQ-00245
WO-002145,EQ-02838
WO-002145,EQ-02837
WO-002146,EQ-01659
WO-002147,EQ-02695
WO-002148,EQ-03151
WO-002148,EQ-03152
WO-002149,EQ-01791
WO-002149,EQ-01790
WO-002150,EQ-00278
WO-002150,EQ-00276
WO-002150,EQ-00277
WO-002151,EQ-01161
WO-002151,EQ-01160
WO-002151,EQ-01162
WO-002152,EQ-00954
WO-002152,EQ-00955
WO-002153,EQ-02769
WO-002154,EQ-02992
WO-002155,EQ-00308
WO-002155,EQ-00307
WO-002155,EQ-00314
WO-002156,EQ-03087
WO-002157,EQ-00841
WO-002157,EQ-00845
WO-002157,EQ-00847
WO-002158,EQ-03192
WO-002159,EQ-01132
WO-002159,EQ-01138
WO-002159,EQ-01139
WO-002159,EQ-01131
WO-002160,EQ-02557
WO-002160,EQ-02558
WO-002161,EQ-02747
WO-002162,EQ-02493
WO-002162,EQ-02492
WO-002163,EQ-01743
WO-002163,EQ-01740
WO-002163,EQ-01742
WO-002163,EQ-01741
WO-002164,EQ-02879
WO-002165,EQ-01258
WO-002165,EQ-01259
WO-002165,EQ-01253
WO-002166,EQ-01861
WO-002166,EQ-01860
WO-002167,EQ-00724
WO-002167,EQ-00726
WO-002167,EQ-00727
WO-002168,EQ-00662
WO-002169,EQ-03224
WO-002169,EQ-03225
WO-002169,EQ-03220
WO-002170,EQ-01332
WO-002171,EQ-01888
WO-002171,EQ-01895
WO-002171,EQ-01893
WO-002172,EQ-03486
WO-002172,EQ-03485
WO-002173,EQ-02661
WO-002174,EQ-02837
WO-002175,EQ-00295
WO-002176,EQ-00200
WO-002177,EQ-03481
WO-002177,EQ-03482
WO-002178,EQ-03531
WO-002179,EQ-01036
WO-002179,EQ-01029
WO-002179,EQ-01033
WO-002180,EQ-02561
WO-002180,EQ-02565
WO-002180,EQ-02563
WO-002180,EQ-02559
WO-002181,EQ-01967
WO-002181,EQ-01965
WO-002182,EQ-02905
WO-002183,EQ-00452
WO-002184,EQ-00073
WO-002184,EQ-00072
WO-002184,EQ-00071
WO-002184,EQ-00079
WO-002185,EQ-00650
WO-002186,EQ-00830
WO-002187,EQ-01592
WO-002188,EQ-02542
WO-002188,EQ-02536
WO-002188,EQ-02540
WO-002189,EQ-00936
WO-002189,EQ-00937
WO-002190,EQ-01941
WO-002191,EQ-01128
WO-002192,EQ-02256
WO-002193,EQ-02505
WO-002193,EQ-02501
WO-002194,EQ-02164
WO-002194,EQ-02156
WO-002194,EQ-02163
WO-002195,EQ-02014
WO-002195,EQ-02011
WO-002195,EQ-02013
WO-002195,EQ-02010
WO-002196,EQ-00103
WO-002197,EQ-00130
WO-002198,EQ-02382
WO-002199,EQ-00456
WO-002200,EQ-01246
WO-002200,EQ-01243
WO-002200,EQ-01245
WO-002200,EQ-01240
WO-002201,EQ-02323
WO-002202,EQ-02040
WO-002203,EQ-00496
WO-002204,EQ-02944
WO-002204,EQ-02943
WO-002205,EQ-02643
WO-002205,EQ-02644
WO-002205,EQ-02642
WO-002206,EQ-01575
WO-002206,EQ-01574
WO-002207,EQ-02630
WO-002208,EQ-00194
WO-002209,EQ-00844
WO-002210,EQ-00832
WO-002210,EQ-00839
WO-002211,EQ-00784
WO-002211,EQ-00780
WO-002212,EQ-03001
WO-002212,EQ-02999
WO-002212,EQ-03007
WO-002213,EQ-02119
WO-002214,EQ-01509
WO-002215,EQ-00098
WO-002215,EQ-00096
WO-002215,EQ-00097
WO-002215,EQ-00095
WO-002216,EQ-00558
WO-002216,EQ-00560
WO-002216,EQ-00559
WO-002217,EQ-00911
WO-002218,EQ-00856
WO-002218,EQ-00853
WO-002218,EQ-00852
WO-002219,EQ-01086
WO-002219,EQ-01085
WO-002220,EQ-02471
WO-002220,EQ-02473
WO-002220,EQ-02466
WO-002220,EQ-02469
WO-002221,EQ-00567
WO-002221,EQ-00566
WO-002221,EQ-00568
WO-002222,EQ-02354
WO-002223,EQ-01886
WO-002224,EQ-02112
WO-002225,EQ-01411
WO-002225,EQ-01418
WO-002225,EQ-01409
WO-002226,EQ-01880
WO-002227,EQ-03509
WO-002228,EQ-03515
WO-002229,EQ-01481
WO-002230,EQ-03365
WO-002230,EQ-03366
WO-002230,EQ-03363
WO-002231,EQ-03453
WO-002231,EQ-03452
WO-002232,EQ-01369
WO-002233,EQ-03155
WO-002234,EQ-00865
WO-002235,EQ-01811
WO-002235,EQ-01812
WO-002235,EQ-01813
WO-002236,EQ-03382
WO-002236,EQ-03383
WO-002237,EQ-03610
WO-002238,EQ-02930
WO-002238,EQ-02932
WO-002238,EQ-02929
WO-002239,EQ-01864
WO-002239,EQ-01860
WO-002239,EQ-01857
WO-002239,EQ-01856
WO-002240,EQ-02485
WO-002241,EQ-03419
WO-002242,EQ-01162
WO-002243,EQ-01986
WO-002243,EQ-01981
WO-002244,EQ-00254
WO-002244,EQ-00255
WO-002244,EQ-00252
WO-002244,EQ-00248
WO-002245,EQ-00473
WO-002246,EQ-00927
WO-002247,EQ-01163
WO-002247,EQ-01164
WO-002248,EQ-01857
WO-002248,EQ-01864
WO-002249,EQ-00216
WO-002250,EQ-02712
WO-002251,EQ-03032
WO-002251,EQ-03034
WO-002252,EQ-03606
WO-002252,EQ-03608
WO-002253,EQ-00250
WO-002253,EQ-00251
WO-002254,EQ-02055
WO-002255,EQ-02176
WO-002255,EQ-02175
WO-002256,EQ-01340
WO-002257,EQ-01791
WO-002257,EQ-01790
WO-002258,EQ-02772
WO-002259,EQ-02766
WO-002260,EQ-02972
WO-002261,EQ-02311
WO-002261,EQ-02312
WO-002262,EQ-01457
WO-002263,EQ-02117
WO-002264,EQ-00727
WO-002265,EQ-02808
WO-002265,EQ-02810
WO-002266,EQ-00188
WO-002267,EQ-00202
WO-002268,EQ-00235
WO-002268,EQ-00236
WO-002268,EQ-00239
WO-002268,EQ-00241
WO-002269,EQ-03175
WO-002270,EQ-00574
WO-002270,EQ-00573
WO-002270,EQ-00571
WO-002270,EQ-00570
WO-002271,EQ-00942
WO-002271,EQ-00944
WO-002271,EQ-00940
WO-002272,EQ-01234
WO-002273,EQ-01255
WO-002274,EQ-02848
WO-002274,EQ-02853
WO-002274,EQ-02849
WO-002275,EQ-02959
WO-002275,EQ-02961
WO-002275,EQ-02963
WO-002276,EQ-01655
WO-002276,EQ-01659
WO-002277,EQ-02517
WO-002277,EQ-02516
WO-002278,EQ-02621
WO-002278,EQ-02622
WO-002279,EQ-03187
WO-002280,EQ-01719
WO-002280,EQ-01721
WO-002281,EQ-03328
WO-002281,EQ-03325
WO-002282,EQ-02456
WO-002282,EQ-02459
WO-002282,EQ-02460
WO-002282,EQ-02454
WO-002283,EQ-00387
WO-002283,EQ-00384
WO-002284,EQ-01482
WO-002285,EQ-00275
WO-002286,EQ-00085
WO-002287,EQ-00657
WO-002287,EQ-00662
WO-002287,EQ-00658
WO-002287,EQ-00656
WO-002288,EQ-01627
WO-002289,EQ-03193
WO-002290,EQ-01509
WO-002291,EQ-02864
WO-002292,EQ-02613
WO-002292,EQ-02611
WO-002293,EQ-03597
WO-002293,EQ-03598
WO-002294,EQ-01049
WO-002295,EQ-02337
WO-002295,EQ-02340
WO-002296,EQ-02308
WO-002296,EQ-02309
WO-002297,EQ-03056
WO-002297,EQ-03058
WO-002298,EQ-02175
WO-002299,EQ-03601
WO-002299,EQ-03599
WO-002299,EQ-03600
WO-002300,EQ-03308
WO-002301,EQ-02354
WO-002302,EQ-01461
WO-002302,EQ-01458
WO-002303,EQ-02075
WO-002304,EQ-01807
WO-002305,EQ-03482
WO-002306,EQ-02643
WO-002307,EQ-00116
WO-002307,EQ-00117
WO-002308,EQ-00522
WO-002309,EQ-03452
WO-002309,EQ-03453
WO-002310,EQ-01576
WO-002311,EQ-02327
WO-002312,EQ-01340
WO-002312,EQ-01341
WO-002312,EQ-01336
WO-002313,EQ-03368
WO-002313,EQ-03367
WO-002314,EQ-00767
WO-002314,EQ-00771
WO-002314,EQ-00768
WO-002314,EQ-00772
WO-002315,EQ-01321
WO-002315,EQ-01322
WO-002315,EQ-01320
WO-002316,EQ-03494
WO-002317,EQ-00463
WO-002318,EQ-00703
WO-002318,EQ-00702
WO-002318,EQ-00707
WO-002319,EQ-02057
WO-002320,EQ-03514
WO-002320,EQ-03513
WO-002321,EQ-02178
WO-002322,EQ-03031
WO-002322,EQ-03035
WO-002323,EQ-03136
WO-002323,EQ-03132
WO-002324,EQ-00479
WO-002324,EQ-00480
WO-002325,EQ-00092
WO-002326,EQ-00268
WO-002326,EQ-00267
WO-002327,EQ-01775
WO-002328,EQ-01127
WO-002329,EQ-03385
WO-002330,EQ-02129
WO-002331,EQ-03022
WO-002332,EQ-02167
WO-002332,EQ-02171
WO-002333,EQ-01505
WO-002334,EQ-01719
WO-002334,EQ-01721
WO-002335,EQ-01812
WO-002335,EQ-01811
WO-002335,EQ-01813
WO-002336,EQ-01770
WO-002336,EQ-01763
WO-002336,EQ-01766
WO-002336,EQ-01764
WO-002337,EQ-00229
WO-002338,EQ-02842
WO-002339,EQ-01230
WO-002339,EQ-01229
WO-002340,EQ-03430
WO-002341,EQ-00631
WO-002342,EQ-02767
WO-002343,EQ-00664
WO-002344,EQ-03150
WO-002345,EQ-02177
WO-002345,EQ-02179
WO-002345,EQ-02178
WO-002346,EQ-03254
WO-002347,EQ-03295
WO-002348,EQ-02428
WO-002349,EQ-01934
WO-002349,EQ-01931
WO-002349,EQ-01939
WO-002350,EQ-02784
WO-002351,EQ-00642
WO-002352,EQ-02185
WO-002353,EQ-00690
WO-002353,EQ-00691
WO-002354,EQ-01669
WO-002354,EQ-01668
WO-002354,EQ-01672
WO-002355,EQ-01781
WO-002355,EQ-01780
WO-002356,EQ-02144
WO-002357,EQ-00881
WO-002357,EQ-00882
WO-002358,EQ-01929
WO-002358,EQ-01925
WO-002359,EQ-03319
WO-002359,EQ-03317
WO-002360,EQ-03297
WO-002361,EQ-00644
WO-002361,EQ-00645
WO-002361,EQ-00636
WO-002362,EQ-03175
WO-002363,EQ-00702
WO-002364,EQ-02482
WO-002364,EQ-02484
WO-002365,EQ-02280
WO-002366,EQ-00690
WO-002366,EQ-00691
WO-002367,EQ-00333
WO-002368,EQ-02381
WO-002368,EQ-02382
WO-002369,EQ-00717
WO-002369,EQ-00715
WO-002370,EQ-00241
WO-002370,EQ-00237
WO-002371,EQ-01471
WO-002371,EQ-01474
WO-002372,EQ-00665
WO-002372,EQ-00664
WO-002372,EQ-00667
WO-002372,EQ-00666
WO-002373,EQ-02395
WO-002374,EQ-03443
WO-002375,EQ-02261
WO-002375,EQ-02262
WO-002376,EQ-01072
WO-002377,EQ-02965
WO-002378,EQ-00015
WO-002378,EQ-00018
WO-002379,EQ-01165
WO-002379,EQ-01166
WO-002379,EQ-01170
WO-002379,EQ-01171
WO-002380,EQ-02424
WO-002380,EQ-02423
WO-002380,EQ-02419
WO-002380,EQ-02417
WO-002381,EQ-01226
WO-002381,EQ-01224
WO-002382,EQ-02125
WO-002382,EQ-02126
WO-002382,EQ-02120
WO-002383,EQ-02908
WO-002383,EQ-02910
WO-002383,EQ-02913
WO-002384,EQ-03161
WO-002385,EQ-01674
WO-002386,EQ-03411
WO-002387,EQ-00395
WO-002387,EQ-00396
WO-002387,EQ-00401
WO-002387,EQ-00394
WO-002388,EQ-03067
WO-002389,EQ-01072
WO-002390,EQ-02496
WO-002391,EQ-03626
WO-002392,EQ-01530
WO-002392,EQ-01533
WO-002393,EQ-00832
WO-002394,EQ-01743
WO-002395,EQ-01276
WO-002396,EQ-00121
WO-002396,EQ-00120
WO-002397,EQ-02838
WO-002397,EQ-02836
WO-002397,EQ-02837
WO-002398,EQ-02411
WO-002399,EQ-00745
WO-002400,EQ-00669
WO-002401,EQ-01014
WO-002402,EQ-00483
WO-002403,EQ-02833
WO-002404,EQ-01639
WO-002404,EQ-01641
WO-002405,EQ-00633
WO-002405,EQ-00630
WO-002406,EQ-03296
WO-002406,EQ-03294
WO-002406,EQ-03298
WO-002407,EQ-02738
WO-002407,EQ-02740
WO-002408,EQ-02308
WO-002409,EQ-00982
WO-002410,EQ-01092
WO-002411,EQ-03586
WO-002412,EQ-02175
WO-002413,EQ-01220
WO-002414,EQ-01365
WO-002415,EQ-00056
WO-002415,EQ-00058
WO-002416,EQ-01762
WO-002416,EQ-01760
WO-002417,EQ-03542
WO-002418,EQ-00207
WO-002419,EQ-01126
WO-002419,EQ-01125
WO-002419,EQ-01124
WO-002419,EQ-01127
WO-002420,EQ-00449
WO-002421,EQ-02947
WO-002422,EQ-02909
WO-002423,EQ-02281
WO-002424,EQ-02355
WO-002424,EQ-02357
WO-002424,EQ-02356
WO-002425,EQ-01607
WO-002425,EQ-01611
WO-002425,EQ-01613
WO-002426,EQ-03592
WO-002426,EQ-03587
WO-002426,EQ-03595
WO-002426,EQ-03593
WO-002427,EQ-02530
WO-002427,EQ-02532
WO-002427,EQ-02533
WO-002428,EQ-00107
WO-002429,EQ-03210
WO-002429,EQ-03209
WO-002429,EQ-03208
WO-002430,EQ-03431
WO-002430,EQ-03430
WO-002431,EQ-01783
WO-002431,EQ-01782
WO-002432,EQ-02898
WO-002432,EQ-02904
WO-002433,EQ-01781
WO-002433,EQ-01780
WO-002434,EQ-01428
WO-002435,EQ-01739
WO-002436,EQ-00636
WO-002436,EQ-00639
WO-002437,EQ-02845
WO-002438,EQ-00458
WO-002438,EQ-00455
WO-002439,EQ-03050
WO-002439,EQ-03058
WO-002439,EQ-03055
WO-002440,EQ-03176
WO-002441,EQ-01314
WO-002441,EQ-01318
WO-002442,EQ-00827
WO-002442,EQ-00828
WO-002443,EQ-03622
WO-002443,EQ-03618
WO-002443,EQ-03619
WO-002444,EQ-02941
WO-002445,EQ-01901
WO-002446,EQ-01767
WO-002446,EQ-01771
WO-002446,EQ-01764
WO-002446,EQ-01763
WO-002447,EQ-01323
WO-002448,EQ-02974
WO-002448,EQ-02971
WO-002448,EQ-02972
WO-002448,EQ-02970
WO-002449,EQ-03474
WO-002449,EQ-03472
WO-002449,EQ-03476
WO-002449,EQ-03478
WO-002450,EQ-02344
WO-002450,EQ-02342
WO-002450,EQ-02340
WO-002450,EQ-02336
WO-002451,EQ-02748
WO-002452,EQ-01121
WO-002453,EQ-02353
WO-002454,EQ-02181
WO-002454,EQ-02180
WO-002455,EQ-02760
WO-002456,EQ-02926
WO-002456,EQ-02924
WO-002456,EQ-02922
WO-002456,EQ-02925
WO-002457,EQ-02874
WO-002458,EQ-02689
WO-002459,EQ-01280
WO-002460,EQ-02869
WO-002461,EQ-01658
WO-002461,EQ-01652
WO-002461,EQ-01651
WO-002461,EQ-01659
WO-002462,EQ-02561
WO-002462,EQ-02563
WO-002462,EQ-02562
WO-002463,EQ-02473
WO-002464,EQ-00748
WO-002464,EQ-00749
WO-002465,EQ-00318
WO-002465,EQ-00321
WO-002466,EQ-01644
WO-002466,EQ-01647
WO-002466,EQ-01648
WO-002466,EQ-01642
WO-002467,EQ-01819
WO-002468,EQ-01723
WO-002469,EQ-02264
WO-002470,EQ-02461
WO-002470,EQ-02464
WO-002471,EQ-03127
WO-002472,EQ-02329
WO-002473,EQ-02976
WO-002473,EQ-02975
WO-002474,EQ-01471
WO-002475,EQ-03532
WO-002476,EQ-01822
WO-002477,EQ-03010
WO-002477,EQ-03013
WO-002478,EQ-01991
WO-002479,EQ-03492
WO-002479,EQ-03490
WO-002480,EQ-00614
WO-002481,EQ-03403
WO-002481,EQ-03404
WO-002482,EQ-01245
WO-002482,EQ-01242
WO-002482,EQ-01244
WO-002483,EQ-01730
WO-002484,EQ-01533
WO-002485,EQ-01163
WO-002486,EQ-03291
WO-002487,EQ-02734
WO-002487,EQ-02729
WO-002487,EQ-02730
WO-002488,EQ-02331
WO-002489,EQ-02616
WO-002490,EQ-03039
WO-002490,EQ-03043
WO-002491,EQ-01444
WO-002491,EQ-01445
WO-002492,EQ-00915
WO-002493,EQ-01302
WO-002494,EQ-01758
WO-002494,EQ-01759
WO-002495,EQ-00320
WO-002495,EQ-00321
WO-002496,EQ-02216
WO-002497,EQ-00270
WO-002498,EQ-03291
WO-002499,EQ-00911
WO-002500,EQ-01813
WO-002500,EQ-01812
WO-002501,EQ-01789
WO-002501,EQ-01785
WO-002501,EQ-01786
WO-002502,EQ-02132
WO-002503,EQ-01119
WO-002503,EQ-01122
WO-002504,EQ-01235
WO-002505,EQ-00416
WO-002506,EQ-00340
WO-002507,EQ-01155
WO-002508,EQ-00486
WO-002508,EQ-00488
WO-002508,EQ-00491
WO-002509,EQ-03232
WO-002509,EQ-03228
WO-002509,EQ-03229
WO-002509,EQ-03230
WO-002510,EQ-00267
WO-002511,EQ-02583
WO-002512,EQ-03223
WO-002513,EQ-01466
WO-002513,EQ-01464
WO-002514,EQ-00117
WO-002515,EQ-02974
WO-002515,EQ-02973
WO-002515,EQ-02972
WO-002516,EQ-03064
WO-002517,EQ-01905
WO-002517,EQ-01906
WO-002518,EQ-01962
WO-002518,EQ-01959
WO-002519,EQ-00749
WO-002520,EQ-00775
WO-002520,EQ-00776
WO-002520,EQ-00778
WO-002521,EQ-01737
WO-002522,EQ-01701
WO-002523,EQ-02553
WO-002524,EQ-00628
WO-002524,EQ-00627
WO-002524,EQ-00626
WO-002524,EQ-00629
WO-002525,EQ-01735
WO-002525,EQ-01731
WO-002525,EQ-01734
WO-002526,EQ-01434
WO-002527,EQ-02976
WO-002528,EQ-01545
WO-002529,EQ-01558
WO-002530,EQ-01896
WO-002530,EQ-01893
WO-002530,EQ-01898
WO-002531,EQ-00725
WO-002532,EQ-01885
WO-002532,EQ-01886
WO-002533,EQ-02560
WO-002533,EQ-02561
WO-002533,EQ-02565
WO-002533,EQ-02564
WO-002534,EQ-02497
WO-002534,EQ-02498
WO-002535,EQ-03223
WO-002536,EQ-00201
WO-002536,EQ-00202
WO-002537,EQ-03599
WO-002538,EQ-02125
WO-002538,EQ-02123
WO-002539,EQ-02781
WO-002539,EQ-02779
WO-002540,EQ-02786
WO-002540,EQ-02785
WO-002540,EQ-02784
WO-002541,EQ-01651
WO-002542,EQ-01498
WO-002542,EQ-01500
WO-002543,EQ-02758
WO-002544,EQ-02556
WO-002545,EQ-01857
WO-002545,EQ-01855
WO-002546,EQ-02951
WO-002546,EQ-02942
WO-002546,EQ-02945
WO-002547,EQ-00761
WO-002547,EQ-00766
WO-002547,EQ-00762
WO-002548,EQ-02311
WO-002548,EQ-02312
WO-002549,EQ-02991
WO-002550,EQ-02561
WO-002550,EQ-02565
WO-002551,EQ-01909
WO-002552,EQ-01110
WO-002552,EQ-01106
WO-002552,EQ-01103
WO-002552,EQ-01113
WO-002553,EQ-00455
WO-002553,EQ-00456
WO-002553,EQ-00457
WO-002553,EQ-00458
WO-002554,EQ-03536
WO-002555,EQ-00503
WO-002555,EQ-00508
WO-002555,EQ-00511
WO-002556,EQ-00012
WO-002556,EQ-00011
WO-002557,EQ-00106
WO-002558,EQ-00438
WO-002558,EQ-00442
WO-002559,EQ-00177
WO-002559,EQ-00178
WO-002560,EQ-01336
WO-002560,EQ-01337
WO-002561,EQ-03077
WO-002561,EQ-03074
WO-002561,EQ-03076
WO-002562,EQ-02617
WO-002562,EQ-02615
WO-002562,EQ-02616
WO-002563,EQ-01883
WO-002563,EQ-01878
WO-002563,EQ-01880
WO-002564,EQ-00801
WO-002564,EQ-00802
WO-002565,EQ-02029
WO-002565,EQ-02027
WO-002565,EQ-02028
WO-002566,EQ-01658
WO-002566,EQ-01652
WO-002566,EQ-01660
WO-002566,EQ-01655
WO-002567,EQ-00202
WO-002567,EQ-00203
WO-002568,EQ-00429
WO-002568,EQ-00427
WO-002568,EQ-00426
WO-002569,EQ-00542
WO-002569,EQ-00541
WO-002569,EQ-00543
WO-002569,EQ-00550
WO-002570,EQ-02194
WO-002570,EQ-02195
WO-002571,EQ-01487
WO-002572,EQ-02883
WO-002573,EQ-02599
WO-002573,EQ-02598
WO-002573,EQ-02596
WO-002573,EQ-02597
WO-002574,EQ-01724
WO-002575,EQ-01322
WO-002576,EQ-03265
WO-002576,EQ-03259
WO-002577,EQ-03246
WO-002578,EQ-03089
WO-002579,EQ-03321
WO-002580,EQ-02113
WO-002580,EQ-02112
WO-002580,EQ-02114
WO-002581,EQ-02506
WO-002581,EQ-02501
WO-002581,EQ-02502
WO-002582,EQ-03420
WO-002582,EQ-03419
WO-002582,EQ-03418
WO-002583,EQ-02372
WO-002583,EQ-02379
WO-002583,EQ-02377
WO-002583,EQ-02375
WO-002584,EQ-00511
WO-002585,EQ-02845
WO-002585,EQ-02846
WO-002586,EQ-01601
WO-002587,EQ-01842
WO-002587,EQ-01843
WO-002588,EQ-01738
WO-002589,EQ-00626
WO-002589,EQ-00629
WO-002590,EQ-02830
WO-002591,EQ-01792
WO-002591,EQ-01796
WO-002592,EQ-03531
WO-002592,EQ-03532
WO-002593,EQ-03293
WO-002593,EQ-03292
WO-002593,EQ-03291
WO-002594,EQ-03430
WO-002594,EQ-03431
WO-002595,EQ-03469
WO-002596,EQ-02605
WO-002597,EQ-01435
WO-002598,EQ-01042
WO-002598,EQ-01038
WO-002598,EQ-01040
WO-002599,EQ-01722
WO-002599,EQ-01726
WO-002599,EQ-01723
WO-002600,EQ-00829
WO-002600,EQ-00830
WO-002601,EQ-01494
WO-002601,EQ-01493
WO-002602,EQ-01815
WO-002602,EQ-01819
WO-002602,EQ-01814
WO-002603,EQ-00666
WO-002603,EQ-00664
WO-002603,EQ-00667
WO-002603,EQ-00665
WO-002604,EQ-01747
WO-002604,EQ-01745
WO-002604,EQ-01746
WO-002604,EQ-01744
WO-002605,EQ-00949
WO-002606,EQ-02666
WO-002607,EQ-01340
WO-002608,EQ-01423
WO-002608,EQ-01419
WO-002609,EQ-02324
WO-002610,EQ-02763
WO-002611,EQ-00279
WO-002612,EQ-00188
WO-002613,EQ-02524
WO-002613,EQ-02521
WO-002613,EQ-02527
WO-002614,EQ-03128
WO-002614,EQ-03129
WO-002614,EQ-03125
WO-002614,EQ-03127
WO-002615,EQ-00497
WO-002616,EQ-01486
WO-002617,EQ-01260
WO-002617,EQ-01261
WO-002617,EQ-01262
WO-002617,EQ-01253
WO-002618,EQ-01723
WO-002618,EQ-01722
WO-002619,EQ-02288
WO-002620,EQ-03361
WO-002621,EQ-00455
WO-002622,EQ-02216
WO-002623,EQ-01830
WO-002623,EQ-01838
WO-002623,EQ-01841
WO-002624,EQ-02353
WO-002624,EQ-02352
WO-002625,EQ-00987
WO-002625,EQ-00991
WO-002625,EQ-00992
WO-002625,EQ-00989
WO-002626,EQ-01118
WO-002626,EQ-01119
WO-002626,EQ-01123
WO-002627,EQ-02662
WO-002627,EQ-02660
WO-002628,EQ-03403
WO-002628,EQ-03404
WO-002628,EQ-03405
WO-002629,EQ-00564
WO-002629,EQ-00565
WO-002630,EQ-00900
WO-002631,EQ-00843
WO-002632,EQ-01811
WO-002633,EQ-02836
WO-002633,EQ-02838
WO-002634,EQ-00381
WO-002635,EQ-03262
WO-002636,EQ-02985
WO-002637,EQ-01994
WO-002637,EQ-01999
WO-002637,EQ-01989
WO-002638,EQ-02150
WO-002639,EQ-00070
WO-002639,EQ-00065
WO-002640,EQ-00786
WO-002641,EQ-01441
WO-002641,EQ-01432
WO-002641,EQ-01433
WO-002642,EQ-00435
WO-002642,EQ-00430
WO-002642,EQ-00431
WO-002643,EQ-00475
WO-002644,EQ-00417
WO-002644,EQ-00415
WO-002644,EQ-00414
WO-002644,EQ-00416
WO-002645,EQ-01629
WO-002646,EQ-00990
WO-002646,EQ-00993
WO-002647,EQ-03255
WO-002648,EQ-01071
WO-002649,EQ-02630
WO-002650,EQ-00925
WO-002650,EQ-00923
WO-002651,EQ-01319
WO-002651,EQ-01318
WO-002652,EQ-00558
WO-002652,EQ-00560
WO-002653,EQ-00034
WO-002654,EQ-00122
WO-002655,EQ-03369
WO-002655,EQ-03368
WO-002655,EQ-03367
WO-002656,EQ-03406
WO-002657,EQ-02846
WO-002657,EQ-02845
WO-002658,EQ-00675
WO-002658,EQ-00674
WO-002659,EQ-02647
WO-002660,EQ-02218
WO-002660,EQ-02216
WO-002660,EQ-02217
WO-002661,EQ-00411
WO-002661,EQ-00402
WO-002662,EQ-03596
WO-002663,EQ-03535
WO-002663,EQ-03542
WO-002663,EQ-03538
WO-002664,EQ-01646
WO-002665,EQ-02790
WO-002666,EQ-01200
WO-002667,EQ-02120
WO-002668,EQ-00303
WO-002668,EQ-00300
WO-002668,EQ-00304
WO-002669,EQ-00711
WO-002670,EQ-02811
WO-002670,EQ-02807
WO-002671,EQ-02003
WO-002671,EQ-02001
WO-002671,EQ-02006
WO-002671,EQ-02004
WO-002672,EQ-01755
WO-002673,EQ-00808
WO-002673,EQ-00811
WO-002673,EQ-00809
WO-002673,EQ-00807
WO-002674,EQ-02635
WO-002675,EQ-00559
WO-002675,EQ-00558
WO-002676,EQ-03355
WO-002677,EQ-00883
WO-002677,EQ-00892
WO-002677,EQ-00889
WO-002678,EQ-03485
WO-002678,EQ-03486
WO-002679,EQ-02346
WO-002679,EQ-02345
WO-002680,EQ-00772
WO-002681,EQ-01953
WO-002681,EQ-01945
WO-002682,EQ-02928
WO-002683,EQ-01238
WO-002683,EQ-01237
WO-002683,EQ-01231
WO-002683,EQ-01236
WO-002684,EQ-03154
WO-002684,EQ-03156
WO-002684,EQ-03155
WO-002685,EQ-02921
WO-002686,EQ-02737
WO-002686,EQ-02739
WO-002686,EQ-02742
WO-002686,EQ-02743
WO-002687,EQ-01842
WO-002687,EQ-01843
WO-002688,EQ-00061
WO-002688,EQ-00062
WO-002688,EQ-00060
WO-002689,EQ-00256
WO-002689,EQ-00258
WO-002689,EQ-00257
WO-002690,EQ-01303
WO-002690,EQ-01302
WO-002691,EQ-02379
WO-002692,EQ-03063
WO-002692,EQ-03061
WO-002693,EQ-03632
WO-002694,EQ-01721
WO-002694,EQ-01719
WO-002695,EQ-01942
WO-002695,EQ-01941
WO-002696,EQ-00035
WO-002696,EQ-00037
WO-002696,EQ-00041
WO-002697,EQ-03360
WO-002697,EQ-03362
WO-002697,EQ-03355
WO-002697,EQ-03361
WO-002698,EQ-00172
WO-002699,EQ-00885
WO-002699,EQ-00890
WO-002700,EQ-01140
WO-002700,EQ-01145
WO-002701,EQ-00259
WO-002701,EQ-00266
WO-002701,EQ-00261
WO-002702,EQ-00719
WO-002702,EQ-00715
WO-002702,EQ-00717
WO-002702,EQ-00716
WO-002703,EQ-01161
WO-002703,EQ-01160
WO-002704,EQ-02976
WO-002705,EQ-02954
WO-002705,EQ-02953
WO-002706,EQ-01779
WO-002706,EQ-01781
WO-002707,EQ-02154
WO-002707,EQ-02151
WO-002708,EQ-03174
WO-002708,EQ-03175
WO-002709,EQ-01012
WO-002709,EQ-01013
WO-002710,EQ-03439
WO-002710,EQ-03438
WO-002711,EQ-00508
WO-002712,EQ-01151
WO-002713,EQ-03166
WO-002713,EQ-03171
WO-002714,EQ-02330
WO-002715,EQ-02838
WO-002715,EQ-02837
WO-002715,EQ-02836
WO-002716,EQ-01354
WO-002716,EQ-01355
WO-002716,EQ-01352
WO-002717,EQ-00831
WO-002717,EQ-00836
WO-002718,EQ-01752
WO-002718,EQ-01753
WO-002718,EQ-01750
WO-002719,EQ-00989
WO-002719,EQ-00994
WO-002719,EQ-00991
WO-002720,EQ-02961
WO-002721,EQ-02602
WO-002722,EQ-00518
WO-002722,EQ-00520
WO-002722,EQ-00516
WO-002722,EQ-00513
WO-002723,EQ-03126
WO-002724,EQ-00428
WO-002724,EQ-00423
WO-002725,EQ-03162
WO-002725,EQ-03157
WO-002726,EQ-00121
WO-002727,EQ-00708
WO-002728,EQ-03269
WO-002728,EQ-03273
WO-002729,EQ-01790
WO-002729,EQ-01791
WO-002730,EQ-02491
WO-002731,EQ-02378
WO-002731,EQ-02371
WO-002732,EQ-01740
WO-002733,EQ-00014
WO-002733,EQ-00015
WO-002734,EQ-01151
WO-002735,EQ-02220
WO-002736,EQ-02844
WO-002736,EQ-02845
WO-002736,EQ-02846
WO-002737,EQ-01675
WO-002738,EQ-03251
WO-002738,EQ-03249
WO-002738,EQ-03252
WO-002739,EQ-01378
WO-002739,EQ-01379
WO-002739,EQ-01385
WO-002739,EQ-01380
WO-002740,EQ-01305
WO-002740,EQ-01304
WO-002741,EQ-00588
WO-002741,EQ-00595
WO-002742,EQ-03540
WO-002743,EQ-00164
WO-002743,EQ-00165
WO-002744,EQ-02495
WO-002744,EQ-02496
WO-002745,EQ-00365
WO-002745,EQ-00359
WO-002745,EQ-00362
WO-002746,EQ-02637
WO-002747,EQ-01052
WO-002747,EQ-01057
WO-002748,EQ-00301
WO-002748,EQ-00303
WO-002748,EQ-00302
WO-002748,EQ-00304
WO-002749,EQ-03613
WO-002749,EQ-03611
WO-002750,EQ-02889
WO-002750,EQ-02887
WO-002750,EQ-02897
WO-002751,EQ-02274
WO-002751,EQ-02275
WO-002752,EQ-01126
WO-002753,EQ-00308
WO-002753,EQ-00314
WO-002754,EQ-01721
WO-002755,EQ-00692
WO-002755,EQ-00694
WO-002756,EQ-02309
WO-002757,EQ-01433
WO-002758,EQ-02513
WO-002758,EQ-02510
WO-002758,EQ-02515
WO-002758,EQ-02512
WO-002759,EQ-03148
WO-002760,EQ-03395
WO-002760,EQ-03393
WO-002760,EQ-03402
WO-002761,EQ-00601
WO-002762,EQ-00675
WO-002762,EQ-00674
WO-002763,EQ-02328
WO-002763,EQ-02330
WO-002763,EQ-02326
WO-002763,EQ-02325
WO-002764,EQ-03482
WO-002764,EQ-03481
WO-002765,EQ-01198
WO-002765,EQ-01194
WO-002765,EQ-01193
WO-002766,EQ-00117
WO-002766,EQ-00118
WO-002766,EQ-00116
WO-002767,EQ-00470
WO-002768,EQ-01484
WO-002769,EQ-01730
WO-002769,EQ-01728
WO-002770,EQ-02978
WO-002770,EQ-02979
WO-002771,EQ-02116
WO-002772,EQ-02745
WO-002772,EQ-02747
WO-002773,EQ-02443
WO-002774,EQ-00457
WO-002775,EQ-02924
WO-002775,EQ-02926
WO-002776,EQ-02028
WO-002776,EQ-02029
WO-002777,EQ-02118
WO-002777,EQ-02116
WO-002778,EQ-00688
WO-002779,EQ-01721
WO-002779,EQ-01720
WO-002780,EQ-00478
WO-002780,EQ-00475
WO-002780,EQ-00477
WO-002780,EQ-00476
WO-002781,EQ-00118
WO-002781,EQ-00115
WO-002782,EQ-00148
WO-002782,EQ-00149
WO-002782,EQ-00150
WO-002783,EQ-01828
WO-002784,EQ-01091
WO-002785,EQ-00352
WO-002786,EQ-00065
WO-002787,EQ-02424
WO-002788,EQ-01391
WO-002788,EQ-01393
WO-002788,EQ-01394
WO-002789,EQ-03405
WO-002789,EQ-03403
WO-002790,EQ-01420
WO-002790,EQ-01421
WO-002791,EQ-00602
WO-002791,EQ-00604
WO-002792,EQ-01742
WO-002792,EQ-01740
WO-002792,EQ-01741
WO-002793,EQ-01301
WO-002793,EQ-01300
WO-002794,EQ-01986
WO-002794,EQ-01982
WO-002795,EQ-02070
WO-002796,EQ-01499
WO-002796,EQ-01500
WO-002796,EQ-01498
WO-002796,EQ-01497
WO-002797,EQ-00097
WO-002797,EQ-00098
WO-002798,EQ-01999
WO-002799,EQ-01390
WO-002800,EQ-00877
WO-002800,EQ-00878
WO-002801,EQ-00470
WO-002801,EQ-00467
WO-002801,EQ-00469
WO-002801,EQ-00471
WO-002802,EQ-01740
WO-002802,EQ-01742
WO-002803,EQ-03291
WO-002803,EQ-03293
WO-002804,EQ-00256
WO-002805,EQ-02830
WO-002806,EQ-01646
WO-002806,EQ-01644
WO-002807,EQ-03315
WO-002808,EQ-00989
WO-002809,EQ-03093
WO-002809,EQ-03089
WO-002809,EQ-03091
WO-002810,EQ-03448
WO-002811,EQ-02217
WO-002811,EQ-02216
WO-002811,EQ-02218
WO-002812,EQ-02877
WO-002813,EQ-02180
WO-002814,EQ-00007
WO-002815,EQ-01905
WO-002815,EQ-01907
WO-002816,EQ-00886
WO-002816,EQ-00888
WO-002816,EQ-00884
WO-002816,EQ-00890
WO-002817,EQ-02629
WO-002817,EQ-02623
WO-002818,EQ-02545
WO-002819,EQ-03193
WO-002819,EQ-03192
WO-002820,EQ-03370
WO-002821,EQ-01733
WO-002821,EQ-01731
WO-002822,EQ-00173
WO-002822,EQ-00176
WO-002823,EQ-02382
WO-002824,EQ-01711
WO-002824,EQ-01709
WO-002825,EQ-01882
WO-002826,EQ-00056
WO-002827,EQ-03225
WO-002827,EQ-03222
WO-002827,EQ-03221
WO-002828,EQ-01000
WO-002828,EQ-00998
WO-002828,EQ-00996
WO-002829,EQ-01404
WO-002830,EQ-02949
WO-002830,EQ-02947
WO-002830,EQ-02946
WO-002830,EQ-02952
WO-002831,EQ-01419
WO-002832,EQ-02576
WO-002833,EQ-01730
WO-002833,EQ-01729
WO-002834,EQ-03121
WO-002835,EQ-01891
WO-002836,EQ-03517
WO-002836,EQ-03519
WO-002836,EQ-03521
WO-002836,EQ-03520
WO-002837,EQ-00700
WO-002838,EQ-01055
WO-002838,EQ-01058
WO-002838,EQ-01052
WO-002839,EQ-01581
WO-002840,EQ-01306
WO-002841,EQ-00543
WO-002842,EQ-00869
WO-002842,EQ-00871
WO-002843,EQ-01457
WO-002843,EQ-01465
WO-002843,EQ-01458
WO-002844,EQ-02359
WO-002845,EQ-03469
WO-002846,EQ-01730
WO-002846,EQ-01728
WO-002847,EQ-01728
WO-002848,EQ-02642
WO-002849,EQ-03590
WO-002850,EQ-01450
WO-002850,EQ-01448
WO-002850,EQ-01446
WO-002851,EQ-02363
WO-002851,EQ-02360
WO-002852,EQ-03307
WO-002852,EQ-03303
WO-002853,EQ-02894
WO-002854,EQ-00479
WO-002854,EQ-00480
WO-002855,EQ-02221
WO-002856,EQ-01651
WO-002857,EQ-01989
WO-002858,EQ-00935
WO-002858,EQ-00934
WO-002859,EQ-02176
WO-002859,EQ-02175
WO-002860,EQ-01599
WO-002860,EQ-01598
WO-002861,EQ-02073
WO-002862,EQ-02812
WO-002862,EQ-02810
WO-002862,EQ-02813
WO-002863,EQ-01422
WO-002863,EQ-01420
WO-002863,EQ-01419
WO-002864,EQ-03217
WO-002865,EQ-01335
WO-002865,EQ-01334
WO-002866,EQ-01808
WO-002867,EQ-02227
WO-002867,EQ-02224
WO-002867,EQ-02230
WO-002867,EQ-02226
WO-002868,EQ-02830
WO-002868,EQ-02831
WO-002868,EQ-02832
WO-002869,EQ-02904
WO-002870,EQ-00352
WO-002870,EQ-00346
WO-002871,EQ-00177
WO-002871,EQ-00178
WO-002872,EQ-03367
WO-002872,EQ-03368
WO-002873,EQ-02499
WO-002873,EQ-02500
WO-002874,EQ-02151
WO-002874,EQ-02153
WO-002875,EQ-00509
WO-002876,EQ-03180
WO-002877,EQ-03445
WO-002878,EQ-02628
WO-002879,EQ-01091
WO-002880,EQ-00327
WO-002880,EQ-00324
WO-002881,EQ-02221
WO-002882,EQ-02307
WO-002883,EQ-01336
WO-002884,EQ-01460
WO-002884,EQ-01461
WO-002885,EQ-01889
WO-002885,EQ-01890
WO-002886,EQ-03431
WO-002886,EQ-03430
WO-002887,EQ-02408
WO-002888,EQ-00899
WO-002888,EQ-00900
WO-002889,EQ-00533
WO-002890,EQ-02894
WO-002890,EQ-02893
WO-002891,EQ-00755
WO-002892,EQ-02070
WO-002892,EQ-02069
WO-002893,EQ-00834
WO-002894,EQ-03077
WO-002894,EQ-03075
WO-002895,EQ-00740
WO-002896,EQ-00370
WO-002896,EQ-00371
WO-002896,EQ-00368
WO-002896,EQ-00376
WO-002897,EQ-00648
WO-002898,EQ-02275
WO-002899,EQ-03269
WO-002899,EQ-03276
WO-002900,EQ-03148
WO-002901,EQ-00565
WO-002902,EQ-00417
WO-002903,EQ-03625
WO-002903,EQ-03614
WO-002903,EQ-03617
WO-002904,EQ-01726
WO-002904,EQ-01724
WO-002905,EQ-02982
WO-002906,EQ-00888
WO-002906,EQ-00885
WO-002907,EQ-02046
WO-002908,EQ-01360
WO-002909,EQ-03047
WO-002909,EQ-03048
WO-002909,EQ-03046
WO-002910,EQ-01852
WO-002911,EQ-01916
WO-002912,EQ-01651
WO-002913,EQ-00749
WO-002914,EQ-01460
WO-002915,EQ-02769
WO-002916,EQ-00688
WO-002917,EQ-00385
WO-002917,EQ-00389
WO-002917,EQ-00386
WO-002918,EQ-01408
WO-002918,EQ-01400
WO-002918,EQ-01397
WO-002919,EQ-02217
WO-002920,EQ-03252
WO-002921,EQ-02516
WO-002921,EQ-02517
WO-002922,EQ-01636
WO-002923,EQ-01518
WO-002923,EQ-01515
WO-002924,EQ-01438
WO-002925,EQ-01075
WO-002926,EQ-01410
WO-002927,EQ-01218
WO-002928,EQ-00708
WO-002928,EQ-00709
WO-002929,EQ-02045
WO-002930,EQ-00205
WO-002930,EQ-00208
WO-002930,EQ-00210
WO-002931,EQ-00483
WO-002932,EQ-02176
WO-002933,EQ-01919
WO-002934,EQ-02902
WO-002935,EQ-01548
WO-002935,EQ-01546
WO-002935,EQ-01554
WO-002936,EQ-00366
WO-002936,EQ-00356
WO-002937,EQ-02231
WO-002938,EQ-01493
WO-002939,EQ-03116
WO-002939,EQ-03123
WO-002939,EQ-03120
WO-002939,EQ-03124
WO-002940,EQ-01012
WO-002940,EQ-01013
WO-002941,EQ-03406
WO-002941,EQ-03411
WO-002942,EQ-01309
WO-002943,EQ-02907
WO-002944,EQ-02940
WO-002945,EQ-01065
WO-002946,EQ-00332
WO-002947,EQ-01700
WO-002948,EQ-03441
WO-002948,EQ-03442
WO-002949,EQ-03473
WO-002949,EQ-03478
WO-002950,EQ-02850
WO-002951,EQ-02621
WO-002951,EQ-02618
WO-002952,EQ-02630
WO-002953,EQ-00034
WO-002953,EQ-00038
WO-002954,EQ-00256
WO-002955,EQ-01309
WO-002956,EQ-01878
WO-002956,EQ-01883
WO-002956,EQ-01881
WO-002957,EQ-01380
WO-002957,EQ-01382
WO-002957,EQ-01387
WO-002957,EQ-01385
WO-002958,EQ-02935
WO-002958,EQ-02932
WO-002958,EQ-02929
WO-002959,EQ-01014
WO-002959,EQ-01016
WO-002960,EQ-01678
WO-002961,EQ-02482
WO-002961,EQ-02480
WO-002962,EQ-00807
WO-002962,EQ-00806
WO-002963,EQ-00059
WO-002964,EQ-01150
WO-002965,EQ-01474
WO-002965,EQ-01473
WO-002966,EQ-03394
WO-002967,EQ-03172
WO-002968,EQ-02557
WO-002968,EQ-02558
WO-002968,EQ-02556
WO-002969,EQ-00570
WO-002969,EQ-00573
WO-002969,EQ-00572
WO-002969,EQ-00574
WO-002970,EQ-01749
WO-002970,EQ-01752
WO-002970,EQ-01753
WO-002970,EQ-01751
WO-002971,EQ-03590
WO-002971,EQ-03587
WO-002972,EQ-02285
WO-002972,EQ-02284
WO-002973,EQ-01730
WO-002973,EQ-01729
WO-002974,EQ-00956
WO-002975,EQ-00644
WO-002975,EQ-00643
WO-002975,EQ-00634
WO-002976,EQ-01479
WO-002977,EQ-00108
WO-002977,EQ-00109
WO-002978,EQ-03014
WO-002978,EQ-03012
WO-002978,EQ-03010
WO-002978,EQ-03013
WO-002979,EQ-01513
WO-002979,EQ-01512
WO-002980,EQ-02424
WO-002980,EQ-02418
WO-002980,EQ-02419
WO-002980,EQ-02420
WO-002981,EQ-01950
WO-002981,EQ-01953
WO-002982,EQ-01728
WO-002983,EQ-00324
WO-002984,EQ-03412
WO-002984,EQ-03415
WO-002985,EQ-01205
WO-002985,EQ-01204
WO-002985,EQ-01202
WO-002986,EQ-00482
WO-002986,EQ-00483
WO-002987,EQ-00799
WO-002987,EQ-00791
WO-002987,EQ-00798
WO-002987,EQ-00796
WO-002988,EQ-02470
WO-002989,EQ-02425
WO-002990,EQ-03177
WO-002990,EQ-03183
WO-002990,EQ-03179
WO-002990,EQ-03180
WO-002991,EQ-01811
WO-002991,EQ-01812
WO-002991,EQ-01813
WO-002992,EQ-00189
WO-002992,EQ-00188
WO-002993,EQ-03030
WO-002993,EQ-03029
WO-002993,EQ-03027
WO-002994,EQ-02784
WO-002994,EQ-02786
WO-002995,EQ-00444
WO-002996,EQ-01471
WO-002997,EQ-02048
WO-002997,EQ-02049
WO-002998,EQ-00857
WO-002999,EQ-00735
WO-003000,EQ-00504
WO-003000,EQ-00506
WO-003001,EQ-01654
WO-003002,EQ-02825
WO-003002,EQ-02816
WO-003002,EQ-02822
WO-003003,EQ-03558
WO-003004,EQ-00570
WO-003005,EQ-01624
WO-003005,EQ-01628
WO-003006,EQ-02062
WO-003006,EQ-02055
WO-003006,EQ-02053
WO-003007,EQ-03145
WO-003008,EQ-03484
WO-003008,EQ-03483
WO-003009,EQ-01252
WO-003009,EQ-01251
WO-003010,EQ-02517
WO-003011,EQ-01308
WO-003011,EQ-01304
WO-003011,EQ-01307
WO-003012,EQ-00173
WO-003012,EQ-00176
WO-003012,EQ-00175
WO-003013,EQ-00998
WO-003014,EQ-01531
WO-003014,EQ-01534
WO-003015,EQ-03612
WO-003016,EQ-02444
WO-003016,EQ-02439
WO-003017,EQ-02799
WO-003018,EQ-00753
WO-003019,EQ-00176
WO-003020,EQ-03311
WO-003020,EQ-03309
WO-003020,EQ-03314
WO-003021,EQ-02581
WO-003021,EQ-02583
WO-003022,EQ-00302
WO-003023,EQ-02491
WO-003024,EQ-03067
WO-003025,EQ-02836
WO-003025,EQ-02838
WO-003026,EQ-01909
WO-003027,EQ-03605
WO-003027,EQ-03608
WO-003028,EQ-00073
WO-003029,EQ-03563
WO-003030,EQ-00903
WO-003030,EQ-00904
WO-003030,EQ-00905
WO-003030,EQ-00906
WO-003031,EQ-01037
WO-003031,EQ-01026
WO-003031,EQ-01030
WO-003032,EQ-00663
WO-003033,EQ-01132
WO-003034,EQ-00948
WO-003034,EQ-00942
WO-003034,EQ-00943
WO-003034,EQ-00938
WO-003035,EQ-01013
WO-003035,EQ-01012
WO-003036,EQ-03616
WO-003037,EQ-00439
WO-003037,EQ-00442
WO-003038,EQ-00189
WO-003039,EQ-02221
WO-003040,EQ-03192
WO-003041,EQ-00449
WO-003041,EQ-00452
WO-003041,EQ-00447
WO-003042,EQ-00391
WO-003042,EQ-00392
WO-003042,EQ-00393
WO-003043,EQ-03308
WO-003044,EQ-03289
WO-003044,EQ-03290
WO-003045,EQ-02009
WO-003046,EQ-02609
WO-003047,EQ-03272
WO-003047,EQ-03274
WO-003048,EQ-00674
WO-003048,EQ-00675
WO-003049,EQ-01934
WO-003050,EQ-02539
WO-003051,EQ-03541
WO-003052,EQ-01539
WO-003052,EQ-01545
WO-003053,EQ-02593
WO-003053,EQ-02594
WO-003054,EQ-02128
WO-003054,EQ-02130
WO-003055,EQ-01547
WO-003055,EQ-01553
WO-003056,EQ-01561
WO-003057,EQ-03469
WO-003057,EQ-03468
WO-003058,EQ-02011
WO-003058,EQ-02009
WO-003058,EQ-02016
WO-003059,EQ-02672
WO-003060,EQ-00319
WO-003060,EQ-00322
WO-003060,EQ-00317
WO-003060,EQ-00320
WO-003061,EQ-00319
WO-003062,EQ-03174
WO-003062,EQ-03175
WO-003063,EQ-01224
WO-003063,EQ-01227
WO-003064,EQ-01429
WO-003064,EQ-01424
WO-003064,EQ-01428
WO-003064,EQ-01430
WO-003065,EQ-02320
WO-003066,EQ-00653
WO-003067,EQ-00862
WO-003068,EQ-01783
WO-003068,EQ-01782
WO-003069,EQ-02353
WO-003069,EQ-02352
WO-003070,EQ-03253
WO-003071,EQ-02517
WO-003071,EQ-02516
WO-003072,EQ-00681
WO-003073,EQ-01399
WO-003074,EQ-01416
WO-003074,EQ-01414
WO-003075,EQ-00896
WO-003076,EQ-01302
WO-003076,EQ-01303
WO-003077,EQ-02027
WO-003078,EQ-00245
WO-003078,EQ-00244
WO-003079,EQ-02119
WO-003080,EQ-00886
WO-003080,EQ-00892
WO-003081,EQ-00097
WO-003082,EQ-02084
WO-003083,EQ-00203
WO-003084,EQ-02323
WO-003085,EQ-01972
WO-003086,EQ-02176
WO-003087,EQ-01728
WO-003087,EQ-01729
WO-003088,EQ-03066
WO-003088,EQ-03059
WO-003088,EQ-03061
WO-003089,EQ-02642
WO-003089,EQ-02643
WO-003089,EQ-02644
WO-003090,EQ-03191
WO-003090,EQ-03187
WO-003091,EQ-00854
WO-003092,EQ-00881
WO-003092,EQ-00882
WO-003093,EQ-03083
WO-003093,EQ-03084
WO-003094,EQ-03154
WO-003095,EQ-01091
WO-003095,EQ-01092
WO-003096,EQ-01925
WO-003096,EQ-01926
WO-003096,EQ-01928
WO-003096,EQ-01927
WO-003097,EQ-03497
WO-003097,EQ-03488
WO-003097,EQ-03487
WO-003098,EQ-00312
WO-003098,EQ-00311
WO-003098,EQ-00310
WO-003099,EQ-01018
WO-003099,EQ-01025
WO-003100,EQ-01038
WO-003100,EQ-01044
WO-003101,EQ-03510
WO-003102,EQ-01827
WO-003102,EQ-01826
WO-003102,EQ-01828
WO-003103,EQ-02196
WO-003104,EQ-01188
WO-003105,EQ-02677
WO-003106,EQ-00559
WO-003107,EQ-03145
WO-003108,EQ-01897
WO-003108,EQ-01896
WO-003109,EQ-00364
WO-003110,EQ-00541
WO-003111,EQ-01329
WO-003112,EQ-03480
WO-003112,EQ-03470
WO-003113,EQ-00467
WO-003114,EQ-00969
WO-003115,EQ-01867
WO-003115,EQ-01865
WO-003115,EQ-01866
WO-003115,EQ-01869
WO-003116,EQ-00216
WO-003117,EQ-01734
WO-003117,EQ-01733
WO-003118,EQ-02615
WO-003118,EQ-02617
WO-003119,EQ-00004
WO-003119,EQ-00008
WO-003120,EQ-00749
WO-003121,EQ-00245
WO-003121,EQ-00244
WO-003122,EQ-00420
WO-003122,EQ-00419
WO-003123,EQ-02849
WO-003124,EQ-01385
WO-003125,EQ-01066
WO-003126,EQ-02726
WO-003126,EQ-02718
WO-003127,EQ-02982
WO-003127,EQ-02979
WO-003128,EQ-01282
WO-003128,EQ-01290
WO-003129,EQ-01078
WO-003129,EQ-01081
WO-003129,EQ-01077
WO-003129,EQ-01075
WO-003130,EQ-00096
WO-003131,EQ-01263
WO-003131,EQ-01261
WO-003132,EQ-02622
WO-003132,EQ-02618
WO-003132,EQ-02619
WO-003133,EQ-01469
WO-003134,EQ-01717
WO-003135,EQ-02517
WO-003135,EQ-02516
WO-003136,EQ-01317
WO-003136,EQ-01316
WO-003136,EQ-01319
WO-003137,EQ-02791
WO-003137,EQ-02793
WO-003138,EQ-01323
WO-003139,EQ-02038
WO-003139,EQ-02032
WO-003140,EQ-00034
WO-003140,EQ-00033
WO-003141,EQ-03290
WO-003141,EQ-03289
WO-003142,EQ-01705
WO-003143,EQ-01813
WO-003143,EQ-01811
WO-003144,EQ-03397
WO-003144,EQ-03401
WO-003145,EQ-01587
WO-003146,EQ-00711
WO-003147,EQ-03235
WO-003147,EQ-03237
WO-003147,EQ-03236
WO-003148,EQ-03033
WO-003149,EQ-02385
WO-003150,EQ-00267
WO-003151,EQ-00615
WO-003152,EQ-01097
WO-003152,EQ-01102
WO-003152,EQ-01094
WO-003153,EQ-03312
WO-003153,EQ-03310
WO-003154,EQ-00425
WO-003155,EQ-00029
WO-003156,EQ-00487
WO-003157,EQ-00058
WO-003158,EQ-00114
WO-003159,EQ-00824
WO-003159,EQ-00823
WO-003160,EQ-01865
WO-003161,EQ-00390
WO-003161,EQ-00391
WO-003161,EQ-00393
WO-003162,EQ-01963
WO-003163,EQ-00013
WO-003164,EQ-02447
WO-003164,EQ-02448
WO-003164,EQ-02452
WO-003165,EQ-00723
WO-003166,EQ-01738
WO-003167,EQ-02033
WO-003168,EQ-00769
WO-003169,EQ-01735
WO-003170,EQ-01323
WO-003170,EQ-01320
WO-003170,EQ-01321
WO-003170,EQ-01322
WO-003171,EQ-01885
WO-003171,EQ-01886
WO-003172,EQ-02084
WO-003172,EQ-02083
WO-003173,EQ-03043
WO-003174,EQ-03203
WO-003175,EQ-00709
WO-003175,EQ-00708
WO-003176,EQ-03161
WO-003176,EQ-03162
WO-003177,EQ-00773
WO-003177,EQ-00774
WO-003178,EQ-00457
WO-003179,EQ-03310
WO-003180,EQ-00285
WO-003181,EQ-03074
WO-003181,EQ-03075
WO-003182,EQ-00618
WO-003183,EQ-03056
WO-003184,EQ-03410
WO-003185,EQ-02741
WO-003185,EQ-02740
WO-003185,EQ-02744
WO-003186,EQ-00047
WO-003187,EQ-02126
WO-003188,EQ-02559
WO-003188,EQ-02562
WO-003189,EQ-02335
WO-003190,EQ-01444
WO-003191,EQ-03035
WO-003191,EQ-03034
WO-003191,EQ-03033
WO-003191,EQ-03031
WO-003192,EQ-00611
WO-003193,EQ-02511
WO-003194,EQ-00973
WO-003195,EQ-03486
WO-003196,EQ-02257
WO-003197,EQ-02944
WO-003197,EQ-02945
WO-003198,EQ-00189
WO-003199,EQ-03450
WO-003199,EQ-03451
WO-003199,EQ-03448
WO-003200,EQ-03509
WO-003201,EQ-01113
WO-003201,EQ-01105
WO-003201,EQ-01103
WO-003202,EQ-03449
WO-003202,EQ-03448
WO-003202,EQ-03447
WO-003203,EQ-02457
WO-003204,EQ-02873
WO-003204,EQ-02865
WO-003205,EQ-00201
WO-003205,EQ-00202
WO-003206,EQ-02001
WO-003206,EQ-02002
WO-003207,EQ-02988
WO-003208,EQ-03469
WO-003208,EQ-03468
WO-003209,EQ-01941
WO-003209,EQ-01942
WO-003210,EQ-02975
WO-003210,EQ-02976
WO-003211,EQ-02128
WO-003212,EQ-02885
WO-003213,EQ-03041
WO-003214,EQ-00295
WO-003214,EQ-00298
WO-003215,EQ-01320
WO-003215,EQ-01323
WO-003215,EQ-01322
WO-003215,EQ-01321
WO-003216,EQ-00911
WO-003217,EQ-01067
WO-003217,EQ-01065
WO-003218,EQ-01968
WO-003218,EQ-01969
WO-003218,EQ-01965
WO-003219,EQ-02310
WO-003220,EQ-01085
WO-003221,EQ-00378
WO-003222,EQ-03209
WO-003223,EQ-00998
WO-003224,EQ-02840
WO-003225,EQ-03602
WO-003226,EQ-03456
WO-003226,EQ-03455
WO-003226,EQ-03454
WO-003227,EQ-02208
WO-003228,EQ-01311
WO-003229,EQ-01924
WO-003230,EQ-01046
WO-003231,EQ-01584
WO-003231,EQ-01582
WO-003231,EQ-01579
WO-003231,EQ-01576
WO-003232,EQ-02205
WO-003233,EQ-00315
WO-003234,EQ-02200
WO-003235,EQ-02108
WO-003236,EQ-01453
WO-003236,EQ-01454
WO-003237,EQ-00117
WO-003238,EQ-01471
WO-003239,EQ-01910
WO-003239,EQ-01909
WO-003239,EQ-01911
WO-003239,EQ-01914
WO-003240,EQ-01635
WO-003240,EQ-01634
WO-003241,EQ-00277
WO-003241,EQ-00275
WO-003242,EQ-02598
WO-003242,EQ-02597
WO-003243,EQ-00122
WO-003243,EQ-00123
WO-003244,EQ-02310
WO-003244,EQ-02309
WO-003245,EQ-03048
WO-003246,EQ-02066
WO-003246,EQ-02071
WO-003246,EQ-02065
WO-003247,EQ-03174
WO-003248,EQ-00348
WO-003248,EQ-00353
WO-003248,EQ-00352
WO-003249,EQ-01881
WO-003250,EQ-02055
WO-003251,EQ-02637
WO-003251,EQ-02635
WO-003252,EQ-01633
WO-003252,EQ-01631
WO-003253,EQ-00449
WO-003253,EQ-00447
WO-003254,EQ-03523
WO-003255,EQ-02868
WO-003256,EQ-01383
WO-003257,EQ-02135
WO-003258,EQ-03428
WO-003259,EQ-02225
WO-003259,EQ-02223
WO-003259,EQ-02227
WO-003260,EQ-01791
WO-003260,EQ-01790
WO-003261,EQ-01089
WO-003261,EQ-01091
WO-003262,EQ-02083
WO-003262,EQ-02084
WO-003263,EQ-02614
WO-003264,EQ-02674
WO-003264,EQ-02684
WO-003264,EQ-02683
WO-003265,EQ-02042
WO-003265,EQ-02040
WO-003265,EQ-02041
WO-003266,EQ-02510
WO-003267,EQ-00207
WO-003267,EQ-00206
WO-003268,EQ-02794
WO-003269,EQ-02371
WO-003269,EQ-02374
WO-003270,EQ-02180
WO-003271,EQ-01187
WO-003272,EQ-00621
WO-003273,EQ-02925
WO-003273,EQ-02923
WO-003274,EQ-01043
WO-003275,EQ-01866
WO-003275,EQ-01867
WO-003276,EQ-03295
WO-003277,EQ-02638
WO-003277,EQ-02641
WO-003277,EQ-02639
WO-003278,EQ-00097
WO-003278,EQ-00096
WO-003278,EQ-00095
WO-003278,EQ-00098
WO-003279,EQ-02700
WO-003279,EQ-02702
WO-003279,EQ-02699
WO-003279,EQ-02697
WO-003280,EQ-01852
WO-003281,EQ-02578
WO-003281,EQ-02579
WO-003281,EQ-02582
WO-003281,EQ-02583
WO-003282,EQ-02177
WO-003282,EQ-02179
WO-003283,EQ-03547
WO-003283,EQ-03543
WO-003284,EQ-00299
WO-003285,EQ-03289
WO-003285,EQ-03290
WO-003286,EQ-00377
WO-003287,EQ-00668
WO-003287,EQ-00671
WO-003287,EQ-00672
WO-003287,EQ-00670
WO-003288,EQ-01824
WO-003288,EQ-01825
WO-003288,EQ-01821
WO-003289,EQ-02318
WO-003289,EQ-02321
WO-003290,EQ-02556
WO-003291,EQ-00663
WO-003291,EQ-00655
WO-003292,EQ-00220
WO-003292,EQ-00215
WO-003292,EQ-00216
WO-003293,EQ-02380
WO-003294,EQ-01844
WO-003294,EQ-01848
WO-003295,EQ-00270
WO-003295,EQ-00274
WO-003296,EQ-01116
WO-003296,EQ-01118
WO-003297,EQ-03192
WO-003297,EQ-03193
WO-003298,EQ-03532
WO-003298,EQ-03531
WO-003299,EQ-02845
WO-003300,EQ-02593
WO-003300,EQ-02594
WO-003300,EQ-02595
WO-003301,EQ-02305
WO-003302,EQ-00326
WO-003302,EQ-00323
WO-003302,EQ-00325
WO-003302,EQ-00324
WO-003303,EQ-00616
WO-003303,EQ-00613
WO-003303,EQ-00615
WO-003303,EQ-00612
WO-003304,EQ-02447
WO-003304,EQ-02452
WO-003304,EQ-02450
WO-003304,EQ-02451
WO-003305,EQ-02428
WO-003306,EQ-03366
WO-003306,EQ-03363
WO-003307,EQ-00947
WO-003307,EQ-00945
WO-003308,EQ-01455
WO-003309,EQ-03125
WO-003310,EQ-02638
WO-003311,EQ-02681
WO-003312,EQ-00582
WO-003312,EQ-00583
WO-003313,EQ-00914
WO-003314,EQ-02618
WO-003314,EQ-02622
WO-003314,EQ-02621
WO-003315,EQ-01065
WO-003316,EQ-02255
WO-003316,EQ-02254
WO-003316,EQ-02259
WO-003316,EQ-02251
WO-003317,EQ-00215
WO-003317,EQ-00222
WO-003318,EQ-02173
WO-003318,EQ-02165
WO-003319,EQ-00725
WO-003319,EQ-00723
WO-003320,EQ-01387
WO-003320,EQ-01386
WO-003321,EQ-00187
WO-003322,EQ-01252
WO-003323,EQ-00752
WO-003324,EQ-01160
WO-003325,EQ-02371
WO-003326,EQ-00878
WO-003326,EQ-00876
WO-003327,EQ-00037
WO-003327,EQ-00034
WO-003328,EQ-01304
WO-003328,EQ-01306
WO-003329,EQ-03436
WO-003329,EQ-03439
WO-003330,EQ-01068
WO-003331,EQ-02976
WO-003332,EQ-00950
WO-003333,EQ-01322
WO-003333,EQ-01323
WO-003333,EQ-01321
WO-003333,EQ-01320
WO-003334,EQ-02875
WO-003335,EQ-02277
WO-003335,EQ-02276
WO-003335,EQ-02279
WO-003335,EQ-02278
WO-003336,EQ-02035
WO-003337,EQ-02508
WO-003337,EQ-02509
WO-003337,EQ-02507
WO-003338,EQ-03206
WO-003338,EQ-03207
WO-003338,EQ-03209
WO-003339,EQ-01201
WO-003339,EQ-01203
WO-003339,EQ-01204
WO-003339,EQ-01202
WO-003340,EQ-03506
WO-003340,EQ-03508
WO-003340,EQ-03513
WO-003341,EQ-00560
WO-003342,EQ-01257
WO-003343,EQ-02233
WO-003343,EQ-02238
WO-003344,EQ-02262
WO-003345,EQ-02045
WO-003346,EQ-01587
WO-003346,EQ-01585
WO-003347,EQ-01775
WO-003347,EQ-01776
WO-003347,EQ-01777
WO-003348,EQ-02014
WO-003348,EQ-02010
WO-003349,EQ-02954
WO-003350,EQ-00884
WO-003351,EQ-01884
WO-003351,EQ-01886
WO-003351,EQ-01885
WO-003352,EQ-01901
WO-003353,EQ-00225
WO-003353,EQ-00224
WO-003354,EQ-02427
WO-003354,EQ-02428
WO-003354,EQ-02425
WO-003355,EQ-03284
WO-003356,EQ-03469
WO-003357,EQ-02431
WO-003358,EQ-00899
WO-003358,EQ-00900
WO-003358,EQ-00901
WO-003359,EQ-01481
WO-003360,EQ-03559
WO-003361,EQ-01445
WO-003362,EQ-01799
WO-003362,EQ-01798
WO-003362,EQ-01793
WO-003363,EQ-03228
WO-003363,EQ-03231
WO-003364,EQ-03192
WO-003365,EQ-00986
WO-003365,EQ-00982
WO-003366,EQ-01528
WO-003367,EQ-01793
WO-003367,EQ-01796
WO-003368,EQ-02925
WO-003368,EQ-02926
WO-003369,EQ-03447
WO-003369,EQ-03451
WO-003369,EQ-03448
WO-003370,EQ-00065
WO-003370,EQ-00068
WO-003371,EQ-00637
WO-003371,EQ-00643
WO-003371,EQ-00639
WO-003371,EQ-00641
WO-003372,EQ-00317
WO-003372,EQ-00320
WO-003373,EQ-03068
WO-003374,EQ-00314
WO-003374,EQ-00309
WO-003374,EQ-00316
WO-003375,EQ-02358
WO-003375,EQ-02359
WO-003376,EQ-00052
WO-003377,EQ-02583
WO-003378,EQ-00633
WO-003379,EQ-03035
WO-003379,EQ-03034
WO-003380,EQ-00039
WO-003380,EQ-00036
WO-003380,EQ-00041
WO-003380,EQ-00037
WO-003381,EQ-00101
WO-003382,EQ-02620
WO-003383,EQ-00764
WO-003384,EQ-00507
WO-003385,EQ-01373
WO-003385,EQ-01371
WO-003386,EQ-02829
WO-003387,EQ-01612
WO-003388,EQ-02580
WO-003389,EQ-01340
WO-003389,EQ-01336
WO-003389,EQ-01337
WO-003390,EQ-02083
WO-003391,EQ-00132
WO-003391,EQ-00133
WO-003392,EQ-01230
WO-003393,EQ-02483
WO-003394,EQ-00745
WO-003394,EQ-00742
WO-003395,EQ-00131
WO-003395,EQ-00128
WO-003395,EQ-00130
WO-003396,EQ-03175
WO-003396,EQ-03174
WO-003397,EQ-03554
WO-003397,EQ-03558
WO-003397,EQ-03557
WO-003398,EQ-01027
WO-003399,EQ-02276
WO-003400,EQ-03290
WO-003400,EQ-03289
WO-003401,EQ-03589
WO-003401,EQ-03594
WO-003401,EQ-03587
WO-003401,EQ-03595
WO-003402,EQ-02936
WO-003402,EQ-02933
WO-003402,EQ-02928
WO-003403,EQ-01644
WO-003404,EQ-03207
WO-003404,EQ-03208
WO-003404,EQ-03206
WO-003404,EQ-03210
WO-003405,EQ-03613
WO-003406,EQ-01202
WO-003407,EQ-02002
WO-003407,EQ-02001
WO-003408,EQ-02152
WO-003408,EQ-02153
WO-003409,EQ-01672
WO-003409,EQ-01669
WO-003410,EQ-02225
WO-003411,EQ-02213
WO-003412,EQ-00419
WO-003413,EQ-01762
WO-003413,EQ-01760
WO-003414,EQ-02523
WO-003414,EQ-02526
WO-003414,EQ-02522
WO-003414,EQ-02527
WO-003415,EQ-02913
WO-003415,EQ-02914
WO-003416,EQ-00320
WO-003416,EQ-00321
WO-003416,EQ-00319
WO-003416,EQ-00322
WO-003417,EQ-00479
WO-003418,EQ-00413
WO-003418,EQ-00411
WO-003418,EQ-00409
WO-003419,EQ-01353
WO-003419,EQ-01355
WO-003419,EQ-01354
WO-003419,EQ-01352
WO-003420,EQ-00570
WO-003421,EQ-02429
WO-003422,EQ-03606
WO-003422,EQ-03607
WO-003423,EQ-01428
WO-003423,EQ-01427
WO-003424,EQ-00230
WO-003424,EQ-00231
WO-003425,EQ-00788
WO-003426,EQ-00176
WO-003427,EQ-00334
WO-003427,EQ-00342
WO-003428,EQ-00503
WO-003428,EQ-00506
WO-003428,EQ-00509
WO-003428,EQ-00507
WO-003429,EQ-00478
WO-003430,EQ-02465
WO-003431,EQ-01306
WO-003431,EQ-01307
WO-003432,EQ-00845
WO-003433,EQ-03247
WO-003434,EQ-00471
WO-003434,EQ-00470
WO-003434,EQ-00468
WO-003435,EQ-01789
WO-003435,EQ-01784
WO-003436,EQ-03498
WO-003436,EQ-03505
WO-003437,EQ-02643
WO-003437,EQ-02644
WO-003437,EQ-02642
WO-003438,EQ-02992
WO-003439,EQ-03586
WO-003439,EQ-03583
WO-003440,EQ-02582
WO-003441,EQ-03409
WO-003442,EQ-02877
WO-003443,EQ-02278
WO-003443,EQ-02276
WO-003444,EQ-00258
WO-003445,EQ-03078
WO-003445,EQ-03077
WO-003445,EQ-03075
WO-003446,EQ-03122
WO-003447,EQ-00131
WO-003448,EQ-02738
WO-003449,EQ-01815
WO-003449,EQ-01820
WO-003449,EQ-01818
WO-003450,EQ-01263
WO-003450,EQ-01261
WO-003450,EQ-01259
WO-003450,EQ-01257
WO-003451,EQ-00459
WO-003452,EQ-00202
WO-003452,EQ-00201
WO-003453,EQ-00389
WO-003454,EQ-00352
WO-003454,EQ-00353
WO-003455,EQ-00280
WO-003455,EQ-00279
WO-003455,EQ-00281
WO-003456,EQ-01078
WO-003456,EQ-01076
WO-003456,EQ-01075
WO-003456,EQ-01079
WO-003457,EQ-02759
WO-003457,EQ-02753
WO-003457,EQ-02751
WO-003458,EQ-01312
WO-003458,EQ-01309
WO-003458,EQ-01311
WO-003459,EQ-02401
WO-003460,EQ-00633
WO-003460,EQ-00631
WO-003460,EQ-00632
WO-003461,EQ-01009
WO-003462,EQ-01079
WO-003463,EQ-01443
WO-003464,EQ-02596
WO-003465,EQ-02221
WO-003466,EQ-01910
WO-003466,EQ-01912
WO-003467,EQ-01111
WO-003468,EQ-00012
WO-003469,EQ-03557
WO-003469,EQ-03558
WO-003470,EQ-01045
WO-003471,EQ-02962
WO-003472,EQ-02306
WO-003472,EQ-02303
WO-003472,EQ-02301
WO-003472,EQ-02305
WO-003473,EQ-03294
WO-003473,EQ-03295
WO-003474,EQ-03612
WO-003474,EQ-03611
WO-003474,EQ-03610
WO-003474,EQ-03609
WO-003475,EQ-00706
WO-003476,EQ-00905
WO-003476,EQ-00904
WO-003476,EQ-00903
WO-003477,EQ-03021
WO-003477,EQ-03023
WO-003478,EQ-01095
WO-003479,EQ-01686
WO-003479,EQ-01682
WO-003480,EQ-01705
WO-003480,EQ-01702
WO-003481,EQ-02612
WO-003481,EQ-02613
WO-003481,EQ-02614
WO-003482,EQ-02359
WO-003483,EQ-02665
WO-003484,EQ-03452
WO-003484,EQ-03453
WO-003485,EQ-00607
WO-003485,EQ-00599
WO-003486,EQ-02278
WO-003487,EQ-03070
WO-003487,EQ-03073
WO-003487,EQ-03071
WO-003487,EQ-03069
WO-003488,EQ-02012
WO-003489,EQ-03532
WO-003490,EQ-00346
WO-003490,EQ-00345
WO-003490,EQ-00352
WO-003490,EQ-00351
WO-003491,EQ-01706
WO-003492,EQ-02283
WO-003492,EQ-02289
WO-003493,EQ-00761
WO-003494,EQ-01230
WO-003494,EQ-01229
WO-003495,EQ-01926
WO-003495,EQ-01928
WO-003495,EQ-01925
WO-003495,EQ-01927
WO-003496,EQ-01552
WO-003497,EQ-01229
WO-003497,EQ-01230
WO-003498,EQ-02500
WO-003498,EQ-02499
WO-003499,EQ-03024
WO-003499,EQ-03027
WO-003500,EQ-03444
WO-003500,EQ-03435
WO-003500,EQ-03442
WO-003500,EQ-03441
WO-003501,EQ-01498
WO-003501,EQ-01499
WO-003502,EQ-03460
WO-003502,EQ-03463
WO-003502,EQ-03461
WO-003503,EQ-01898
WO-003503,EQ-01897
WO-003503,EQ-01887
WO-003504,EQ-03253
WO-003505,EQ-02137
WO-003506,EQ-01338
WO-003506,EQ-01337
WO-003506,EQ-01336
WO-003507,EQ-00823
WO-003508,EQ-01127
WO-003509,EQ-03439
WO-003510,EQ-03145
WO-003510,EQ-03144
WO-003510,EQ-03141
WO-003510,EQ-03148
WO-003511,EQ-00825
WO-003512,EQ-02337
WO-003512,EQ-02343
WO-003512,EQ-02341
WO-003513,EQ-00433
WO-003513,EQ-00437
WO-003514,EQ-00609
WO-003515,EQ-00211
WO-003515,EQ-00210
WO-003516,EQ-00220
WO-003516,EQ-00218
WO-003517,EQ-00476
WO-003518,EQ-03468
WO-003519,EQ-03587
WO-003520,EQ-01025
WO-003521,EQ-00205
WO-003521,EQ-00207
WO-003522,EQ-02627
WO-003522,EQ-02623
WO-003522,EQ-02629
WO-003522,EQ-02625
WO-003523,EQ-03518
WO-003524,EQ-02835
WO-003525,EQ-02968
WO-003526,EQ-00903
WO-003526,EQ-00905
WO-003527,EQ-00468
WO-003527,EQ-00467
WO-003527,EQ-00470
WO-003528,EQ-01951
WO-003529,EQ-03476
WO-003529,EQ-03471
WO-003529,EQ-03473
WO-003530,EQ-00185
WO-003530,EQ-00179
WO-003531,EQ-02832
WO-003531,EQ-02830
WO-003531,EQ-02834
WO-003532,EQ-02001
WO-003532,EQ-02006
WO-003532,EQ-02000
WO-003533,EQ-00155
WO-003534,EQ-00178
WO-003534,EQ-00177
WO-003535,EQ-02847
WO-003535,EQ-02852
WO-003535,EQ-02849
WO-003535,EQ-02848
WO-003536,EQ-01725
WO-003537,EQ-00492
WO-003538,EQ-00194
WO-003538,EQ-00198
WO-003539,EQ-02786
WO-003539,EQ-02785
WO-003540,EQ-01092
WO-003541,EQ-01090
WO-003542,EQ-03312
WO-003543,EQ-03182
WO-003544,EQ-01917
WO-003545,EQ-02923
WO-003546,EQ-00987
WO-003547,EQ-03302
WO-003548,EQ-00539
WO-003548,EQ-00537
WO-003548,EQ-00534
WO-003549,EQ-03094
WO-003549,EQ-03090
WO-003550,EQ-03603
WO-003550,EQ-03606
WO-003550,EQ-03607
WO-003550,EQ-03605
WO-003551,EQ-00308
WO-003552,EQ-02302
WO-003553,EQ-01728
WO-003554,EQ-03578
WO-003554,EQ-03576
WO-003555,EQ-03532
WO-003555,EQ-03531
WO-003556,EQ-01912
WO-003557,EQ-03034
WO-003557,EQ-03032
WO-003557,EQ-03035
WO-003558,EQ-03301
WO-003558,EQ-03299
WO-003558,EQ-03304
WO-003558,EQ-03303
WO-003559,EQ-00113
WO-003560,EQ-02921
WO-003560,EQ-02923
WO-003560,EQ-02924
WO-003560,EQ-02920
WO-003561,EQ-00838
WO-003561,EQ-00832
WO-003562,EQ-02176
WO-003562,EQ-02175
WO-003563,EQ-00265
WO-003563,EQ-00264
WO-003563,EQ-00263
WO-003564,EQ-00820
WO-003564,EQ-00818
WO-003565,EQ-01864
WO-003565,EQ-01858
WO-003565,EQ-01861
WO-003566,EQ-03595
WO-003567,EQ-02678
WO-003567,EQ-02682
WO-003567,EQ-02684
WO-003568,EQ-00467
WO-003569,EQ-00524
WO-003569,EQ-00523
WO-003569,EQ-00527
WO-003569,EQ-00531
WO-003570,EQ-02160
WO-003570,EQ-02164
WO-003570,EQ-02155
WO-003571,EQ-00682
WO-003571,EQ-00685
WO-003572,EQ-02680
WO-003572,EQ-02678
WO-003573,EQ-02499
WO-003573,EQ-02500
WO-003574,EQ-01783
WO-003574,EQ-01782
WO-003575,EQ-02535
WO-003576,EQ-00969
WO-003576,EQ-00968
WO-003576,EQ-00967
WO-003577,EQ-01585
WO-003578,EQ-03532
WO-003579,EQ-00761
WO-003579,EQ-00765
WO-003579,EQ-00762
WO-003580,EQ-02309
WO-003581,EQ-01718
WO-003581,EQ-01716
WO-003582,EQ-02175
WO-003582,EQ-02176
WO-003583,EQ-01805
WO-003583,EQ-01802
WO-003584,EQ-02713
WO-003584,EQ-02712
WO-003584,EQ-02711
WO-003585,EQ-03413
WO-003585,EQ-03415
WO-003585,EQ-03412
WO-003585,EQ-03416
WO-003586,EQ-02741
WO-003587,EQ-00435
WO-003587,EQ-00432
WO-003587,EQ-00431
WO-003588,EQ-01514
WO-003589,EQ-01418
WO-003589,EQ-01417
WO-003590,EQ-00366
WO-003591,EQ-03250
WO-003592,EQ-02079
WO-003593,EQ-01322
WO-003593,EQ-01320
WO-003593,EQ-01323
WO-003594,EQ-02929
WO-003594,EQ-02927
WO-003595,EQ-01780
WO-003595,EQ-01779
WO-003596,EQ-03048
WO-003597,EQ-03275
WO-003597,EQ-03271
WO-003597,EQ-03274
WO-003598,EQ-03176
WO-003598,EQ-03180
WO-003598,EQ-03183
WO-003598,EQ-03179
WO-003599,EQ-00094
WO-003600,EQ-01098
WO-003600,EQ-01093
WO-003600,EQ-01101
WO-003601,EQ-01485
WO-003602,EQ-02152
WO-003603,EQ-02537
WO-003603,EQ-02541
WO-003603,EQ-02543
WO-003603,EQ-02542
WO-003604,EQ-03601
WO-003604,EQ-03602
WO-003605,EQ-03137
WO-003605,EQ-03131
WO-003605,EQ-03138
WO-003605,EQ-03135
WO-003606,EQ-01836
WO-003607,EQ-03224
WO-003608,EQ-00808
WO-003608,EQ-00807
WO-003608,EQ-00809
WO-003609,EQ-01155
WO-003610,EQ-02112
WO-003610,EQ-02114
WO-003611,EQ-00548
WO-003611,EQ-00546
WO-003611,EQ-00549
WO-003611,EQ-00550
WO-003612,EQ-02046
WO-003612,EQ-02045
WO-003613,EQ-02923
WO-003613,EQ-02924
WO-003614,EQ-02641
WO-003614,EQ-02638
WO-003615,EQ-00964
WO-003616,EQ-00117
WO-003617,EQ-01099
WO-003617,EQ-01095
WO-003617,EQ-01094
WO-003618,EQ-00481
WO-003618,EQ-00483
WO-003618,EQ-00482
WO-003619,EQ-01498
WO-003620,EQ-01717
WO-003621,EQ-00065
WO-003621,EQ-00063
WO-003621,EQ-00070
WO-003621,EQ-00064
WO-003622,EQ-03309
WO-003623,EQ-03556
WO-003624,EQ-03598
WO-003624,EQ-03597
WO-003624,EQ-03596
WO-003625,EQ-00240
WO-003625,EQ-00241
WO-003625,EQ-00235
WO-003626,EQ-00100
WO-003626,EQ-00102
WO-003627,EQ-03235
WO-003628,EQ-00436
WO-003628,EQ-00435
WO-003628,EQ-00430
WO-003628,EQ-00431
WO-003629,EQ-03430
WO-003630,EQ-00074
WO-003631,EQ-02440
WO-003631,EQ-02439
WO-003632,EQ-02475
WO-003633,EQ-00953
WO-003633,EQ-00949
WO-003634,EQ-00540
WO-003634,EQ-00538
WO-003635,EQ-01748
WO-003635,EQ-01745
WO-003636,EQ-00690
WO-003637,EQ-02429
WO-003638,EQ-03265
WO-003639,EQ-00427
WO-003639,EQ-00429
WO-003639,EQ-00422
WO-003640,EQ-02404
WO-003640,EQ-02409
WO-003640,EQ-02414
WO-003640,EQ-02408
WO-003641,EQ-01694
WO-003642,EQ-01306
WO-003643,EQ-00848
WO-003644,EQ-00135
WO-003644,EQ-00138
WO-003645,EQ-01793
WO-003646,EQ-03015
WO-003647,EQ-00343
WO-003647,EQ-00335
WO-003648,EQ-02462
WO-003649,EQ-02208
WO-003650,EQ-02160
WO-003650,EQ-02155
WO-003651,EQ-03080
WO-003652,EQ-02853
WO-003652,EQ-02852
WO-003653,EQ-03191
WO-003654,EQ-02179
WO-003655,EQ-01728
WO-003655,EQ-01729
WO-003655,EQ-01730
WO-003656,EQ-02690
WO-003657,EQ-03395
WO-003657,EQ-03399
WO-003657,EQ-03394
WO-003658,EQ-00964
WO-003659,EQ-00033
WO-003660,EQ-00385
WO-003660,EQ-00381
WO-003661,EQ-00761
WO-003662,EQ-02526
WO-003662,EQ-02527
WO-003663,EQ-00676
WO-003663,EQ-00677
WO-003664,EQ-02935
WO-003664,EQ-02933
WO-003664,EQ-02928
WO-003664,EQ-02934
WO-003665,EQ-03288
WO-003665,EQ-03287
WO-003666,EQ-00904
WO-003666,EQ-00906
WO-003667,EQ-02548
WO-003668,EQ-01917
WO-003669,EQ-01453
WO-003670,EQ-01850
WO-003671,EQ-02839
WO-003672,EQ-02882
WO-003673,EQ-00834
WO-003674,EQ-00653
WO-003674,EQ-00654
WO-003674,EQ-00652
WO-003675,EQ-01265
WO-003676,EQ-01545
WO-003677,EQ-01953
WO-003678,EQ-02072
WO-003678,EQ-02071
WO-003679,EQ-03408
WO-003679,EQ-03407
WO-003680,EQ-01868
WO-003681,EQ-02176
WO-003682,EQ-03453
WO-003682,EQ-03452
WO-003683,EQ-03464
WO-003684,EQ-00390
WO-003684,EQ-00392
WO-003685,EQ-00813
WO-003685,EQ-00816
WO-003686,EQ-02327
WO-003687,EQ-01930
WO-003687,EQ-01932
WO-003687,EQ-01934
WO-003688,EQ-03443
WO-003688,EQ-03442
WO-003689,EQ-00786
WO-003690,EQ-02988
WO-003691,EQ-00028
WO-003692,EQ-00853
WO-003693,EQ-02991
WO-003694,EQ-00554
WO-003694,EQ-00552
WO-003695,EQ-01450
WO-003695,EQ-01449
WO-003696,EQ-03027
WO-003696,EQ-03029
WO-003696,EQ-03030
WO-003697,EQ-00142
WO-003697,EQ-00146
WO-003697,EQ-00143
WO-003698,EQ-02941
WO-003699,EQ-01919
WO-003699,EQ-01917
WO-003700,EQ-00166
WO-003700,EQ-00170
WO-003701,EQ-01866
WO-003701,EQ-01867
WO-003701,EQ-01869
WO-003701,EQ-01865
WO-003702,EQ-00689
WO-003702,EQ-00687
WO-003703,EQ-01294
WO-003704,EQ-01754
WO-003705,EQ-03072
WO-003705,EQ-03071
WO-003706,EQ-01859
WO-003707,EQ-01087
WO-003707,EQ-01090
WO-003707,EQ-01092
WO-003707,EQ-01089
WO-003708,EQ-03620
WO-003709,EQ-02033
WO-003710,EQ-02311
WO-003710,EQ-02312
WO-003711,EQ-00434
WO-003712,EQ-02711
WO-003713,EQ-00419
WO-003714,EQ-02618
WO-003714,EQ-02620
WO-003715,EQ-00807
WO-003715,EQ-00809
WO-003716,EQ-02939
WO-003717,EQ-00173
WO-003717,EQ-00175
WO-003717,EQ-00174
WO-003718,EQ-03028
WO-003718,EQ-03029
WO-003719,EQ-02924
WO-003720,EQ-01703
WO-003721,EQ-03048
WO-003721,EQ-03046
WO-003721,EQ-03047
WO-003722,EQ-00060
WO-003722,EQ-00062
WO-003723,EQ-02657
WO-003724,EQ-03035
WO-003724,EQ-03032
WO-003725,EQ-01949
WO-003726,EQ-03604
WO-003726,EQ-03608
WO-003726,EQ-03607
WO-003727,EQ-03226
WO-003727,EQ-03233
WO-003727,EQ-03234
WO-003728,EQ-00337
WO-003728,EQ-00338
WO-003728,EQ-00343
WO-003728,EQ-00341
WO-003729,EQ-01288
WO-003729,EQ-01291
WO-003730,EQ-02111
WO-003730,EQ-02110
WO-003731,EQ-03295
WO-003732,EQ-00496
WO-003732,EQ-00495
WO-003732,EQ-00497
WO-003733,EQ-01573
WO-003734,EQ-01738
WO-003734,EQ-01737
WO-003734,EQ-01739
WO-003735,EQ-00244
WO-003736,EQ-02743
WO-003736,EQ-02741
WO-003737,EQ-01885
WO-003737,EQ-01884
WO-003737,EQ-01886
WO-003738,EQ-01036
WO-003739,EQ-02774
WO-003740,EQ-01955
WO-003740,EQ-01958
WO-003740,EQ-01961
WO-003741,EQ-00697
WO-003741,EQ-00693
WO-003741,EQ-00696
WO-003742,EQ-03418
WO-003742,EQ-03420
WO-003743,EQ-02623
WO-003743,EQ-02624
WO-003744,EQ-00012
WO-003744,EQ-00011
WO-003745,EQ-02837
WO-003746,EQ-01039
WO-003747,EQ-02079
WO-003747,EQ-02082
WO-003748,EQ-01246
WO-003749,EQ-00012
WO-003750,EQ-01812
WO-003751,EQ-01852
WO-003752,EQ-01622
WO-003752,EQ-01618
WO-003752,EQ-01616
WO-003753,EQ-02408
WO-003754,EQ-00030
WO-003755,EQ-00824
WO-003756,EQ-01134
WO-003756,EQ-01137
WO-003757,EQ-00900
WO-003758,EQ-01683
WO-003759,EQ-02089
WO-003759,EQ-02085
WO-003760,EQ-00986
WO-003761,EQ-03014
WO-003761,EQ-03015
WO-003761,EQ-03011
WO-003762,EQ-00752
WO-003763,EQ-02792
WO-003763,EQ-02791
WO-003763,EQ-02788
WO-003764,EQ-02813
WO-003764,EQ-02811
WO-003765,EQ-00694
WO-003765,EQ-00695
WO-003765,EQ-00696
WO-003766,EQ-01053
WO-003766,EQ-01057
WO-003766,EQ-01054
WO-003766,EQ-01058
WO-003767,EQ-02829
WO-003767,EQ-02826
WO-003768,EQ-02870
WO-003768,EQ-02865
WO-003768,EQ-02871
WO-003768,EQ-02869
WO-003769,EQ-03609
WO-003770,EQ-00848
WO-003771,EQ-02414
WO-003772,EQ-02747
WO-003772,EQ-02746
WO-003772,EQ-02745
WO-003773,EQ-00957
WO-003774,EQ-03237
WO-003775,EQ-03445
WO-003776,EQ-02979
WO-003776,EQ-02978
WO-003777,EQ-03014
WO-003778,EQ-01332
WO-003779,EQ-00937
WO-003780,EQ-03130
WO-003780,EQ-03133
WO-003780,EQ-03138
WO-003780,EQ-03134
WO-003781,EQ-01434
WO-003782,EQ-02467
WO-003783,EQ-01590
WO-003783,EQ-01594
WO-003784,EQ-00123
WO-003785,EQ-01843
WO-003786,EQ-00960
WO-003787,EQ-01596
WO-003787,EQ-01591
WO-003788,EQ-01151
WO-003788,EQ-01159
WO-003788,EQ-01150
WO-003788,EQ-01154
WO-003789,EQ-03175
WO-003789,EQ-03174
WO-003790,EQ-02491
WO-003790,EQ-02485
WO-003791,EQ-00690
WO-003791,EQ-00691
WO-003792,EQ-01571
WO-003792,EQ-01570
WO-003792,EQ-01567
WO-003793,EQ-00444
WO-003794,EQ-02183
WO-003794,EQ-02186
WO-003795,EQ-01729
WO-003796,EQ-01048
WO-003796,EQ-01046
WO-003797,EQ-01535
WO-003798,EQ-03364
WO-003799,EQ-02505
WO-003800,EQ-01739
WO-003801,EQ-01670
WO-003801,EQ-01669
WO-003802,EQ-00666
WO-003802,EQ-00664
WO-003803,EQ-03058
WO-003804,EQ-00290
WO-003805,EQ-01249
WO-003806,EQ-03454
WO-003807,EQ-00259
WO-003808,EQ-00415
WO-003809,EQ-01162
WO-003809,EQ-01160
WO-003809,EQ-01161
WO-003810,EQ-01454
WO-003810,EQ-01451
WO-003810,EQ-01456
WO-003811,EQ-02928
WO-003811,EQ-02932
WO-003812,EQ-02641
WO-003813,EQ-03522
WO-003814,EQ-00750
WO-003815,EQ-02084
WO-003816,EQ-03065
WO-003817,EQ-02319
WO-003817,EQ-02322
WO-003818,EQ-00881
WO-003819,EQ-01566
WO-003819,EQ-01564
WO-003820,EQ-02282
WO-003821,EQ-00968
WO-003822,EQ-00073
WO-003823,EQ-00019
WO-003823,EQ-00014
WO-003824,EQ-00648
WO-003824,EQ-00646
WO-003824,EQ-00647
WO-003825,EQ-01658
WO-003825,EQ-01655
WO-003826,EQ-03247
WO-003826,EQ-03239
WO-003827,EQ-01252
WO-003828,EQ-03393
WO-003829,EQ-00379
WO-003829,EQ-00378
WO-003830,EQ-03624
WO-003830,EQ-03623
WO-003831,EQ-03627
WO-003831,EQ-03629
WO-003832,EQ-03461
WO-003833,EQ-03085
WO-003834,EQ-01842
WO-003834,EQ-01843
WO-003835,EQ-03157
WO-003836,EQ-03562
WO-003836,EQ-03566
WO-003837,EQ-02072
WO-003837,EQ-02063
WO-003838,EQ-02813
WO-003838,EQ-02810
WO-003839,EQ-03532
WO-003840,EQ-01206
WO-003841,EQ-02426
WO-003842,EQ-02687
WO-003843,EQ-00942
WO-003844,EQ-00237
WO-003845,EQ-01152
WO-003845,EQ-01155
WO-003845,EQ-01157
WO-003845,EQ-01150
WO-003846,EQ-00882
WO-003846,EQ-00881
WO-003847,EQ-00256
WO-003848,EQ-01906
WO-003848,EQ-01905
WO-003848,EQ-01907
WO-003849,EQ-02660
WO-003850,EQ-00676
WO-003850,EQ-00677
WO-003851,EQ-03398
WO-003851,EQ-03400
WO-003851,EQ-03395
WO-003852,EQ-00952
WO-003852,EQ-00955
WO-003852,EQ-00951
WO-003853,EQ-03571
WO-003853,EQ-03578
WO-003853,EQ-03577
WO-003854,EQ-00486
WO-003854,EQ-00491
WO-003855,EQ-02450
WO-003856,EQ-03023
WO-003856,EQ-03020
WO-003857,EQ-00883
WO-003857,EQ-00889
WO-003857,EQ-00886
WO-003858,EQ-02884
WO-003858,EQ-02885
WO-003859,EQ-00055
WO-003859,EQ-00054
WO-003860,EQ-03468
WO-003861,EQ-02544
WO-003862,EQ-01917
WO-003863,EQ-03360
WO-003864,EQ-01391
WO-003864,EQ-01389
WO-003865,EQ-02176
WO-003865,EQ-02175
WO-003866,EQ-01828
WO-003867,EQ-00673
WO-003868,EQ-02278
WO-003869,EQ-00416
WO-003869,EQ-00414
WO-003869,EQ-00417
WO-003869,EQ-00415
WO-003870,EQ-01081
WO-003871,EQ-02620
WO-003871,EQ-02619
WO-003871,EQ-02622
WO-003872,EQ-02844
WO-003872,EQ-02845
WO-003873,EQ-01350
WO-003874,EQ-00844
WO-003874,EQ-00841
WO-003874,EQ-00843
WO-003875,EQ-01460
WO-003875,EQ-01464
WO-003875,EQ-01466
WO-003876,EQ-01352
WO-003876,EQ-01354
WO-003877,EQ-00112
WO-003877,EQ-00110
WO-003877,EQ-00114
WO-003878,EQ-00761
WO-003878,EQ-00764
WO-003878,EQ-00762
WO-003878,EQ-00763
WO-003879,EQ-01832
WO-003880,EQ-00440
WO-003880,EQ-00441
WO-003881,EQ-00758
WO-003881,EQ-00760
WO-003881,EQ-00763
WO-003881,EQ-00759
WO-003882,EQ-00393
WO-003883,EQ-02280
WO-003884,EQ-03249
WO-003884,EQ-03248
WO-003885,EQ-03405
WO-003885,EQ-03403
WO-003885,EQ-03404
WO-003886,EQ-02055
WO-003886,EQ-02062
WO-003886,EQ-02052
WO-003886,EQ-02054
WO-003887,EQ-00049
WO-003888,EQ-00403
WO-003888,EQ-00408
WO-003888,EQ-00410
WO-003889,EQ-00665
WO-003890,EQ-02632
WO-003891,EQ-02938
WO-003891,EQ-02940
WO-003892,EQ-00465
WO-003892,EQ-00459
WO-003892,EQ-00463
WO-003892,EQ-00461
WO-003893,EQ-02285
WO-003893,EQ-02284
WO-003893,EQ-02288
WO-003894,EQ-01479
WO-003894,EQ-01478
WO-003894,EQ-01482
WO-003894,EQ-01477
WO-003895,EQ-01262
WO-003896,EQ-00627
WO-003896,EQ-00626
WO-003896,EQ-00629
WO-003897,EQ-02181
WO-003897,EQ-02180
WO-003898,EQ-02181
WO-003898,EQ-02180
WO-003899,EQ-02278
WO-003899,EQ-02276
WO-003899,EQ-02277
WO-003900,EQ-01702
WO-003901,EQ-02052
WO-003901,EQ-02062
WO-003901,EQ-02061
WO-003901,EQ-02055
WO-003902,EQ-03474
WO-003902,EQ-03476
WO-003902,EQ-03477
WO-003903,EQ-02648
WO-003904,EQ-00146
WO-003904,EQ-00142
WO-003904,EQ-00144
WO-003904,EQ-00145
WO-003905,EQ-00810
WO-003906,EQ-00988
WO-003906,EQ-00991
WO-003907,EQ-00995
WO-003908,EQ-01302
WO-003908,EQ-01303
WO-003909,EQ-03476
WO-003909,EQ-03480
WO-003910,EQ-03289
WO-003911,EQ-00644
WO-003911,EQ-00635
WO-003912,EQ-02208
WO-003912,EQ-02212
WO-003912,EQ-02215
WO-003913,EQ-03079
WO-003914,EQ-01600
WO-003915,EQ-02265
WO-003915,EQ-02264
WO-003916,EQ-03508
WO-003916,EQ-03510
WO-003916,EQ-03512
WO-003917,EQ-03372
WO-003918,EQ-02475
WO-003918,EQ-02474
WO-003919,EQ-00826
WO-003919,EQ-00827
WO-003920,EQ-02471
WO-003921,EQ-03330
WO-003922,EQ-02617
WO-003922,EQ-02616
WO-003922,EQ-02615
WO-003923,EQ-00631
WO-003923,EQ-00630
WO-003924,EQ-00934
WO-003925,EQ-02412
WO-003926,EQ-02185
WO-003926,EQ-02191
WO-003927,EQ-00112
WO-003927,EQ-00114
WO-003928,EQ-02719
WO-003929,EQ-02372
WO-003930,EQ-01764
WO-003930,EQ-01763
WO-003930,EQ-01767
WO-003931,EQ-00633
WO-003932,EQ-00874
WO-003932,EQ-00869
WO-003933,EQ-02930
WO-003933,EQ-02932
WO-003933,EQ-02931
WO-003933,EQ-02933
WO-003934,EQ-01186
WO-003934,EQ-01190
WO-003934,EQ-01189
WO-003935,EQ-02570
WO-003935,EQ-02576
WO-003936,EQ-01215
WO-003937,EQ-02954
WO-003938,EQ-01445
WO-003938,EQ-01444
WO-003939,EQ-02990
WO-003940,EQ-02415
WO-003940,EQ-02421
WO-003940,EQ-02416
WO-003941,EQ-03627
WO-003942,EQ-02331
WO-003942,EQ-02333
WO-003943,EQ-02544
WO-003944,EQ-01896
WO-003944,EQ-01897
WO-003944,EQ-01887
WO-003944,EQ-01890
WO-003945,EQ-01900
WO-003945,EQ-01899
WO-003945,EQ-01902
WO-003945,EQ-01904
WO-003946,EQ-01152
WO-003947,EQ-00457
WO-003947,EQ-00455
WO-003948,EQ-01829
WO-003948,EQ-01828
WO-003948,EQ-01826
WO-003949,EQ-01868
WO-003949,EQ-01865
WO-003950,EQ-03193
WO-003951,EQ-02631
WO-003951,EQ-02632
WO-003951,EQ-02630
WO-003952,EQ-00018
WO-003953,EQ-01843
WO-003953,EQ-01842
WO-003954,EQ-02689
WO-003954,EQ-02685
WO-003954,EQ-02688
WO-003954,EQ-02686
WO-003955,EQ-03532
WO-003955,EQ-03531
WO-003956,EQ-02976
WO-003957,EQ-02964
WO-003958,EQ-01086
WO-003959,EQ-01627
WO-003960,EQ-03574
WO-003961,EQ-01783
WO-003961,EQ-01782
WO-003962,EQ-01781
WO-003962,EQ-01780
WO-003962,EQ-01779
WO-003963,EQ-00947
WO-003964,EQ-02646
WO-003964,EQ-02645
WO-003964,EQ-02647
WO-003965,EQ-03059
WO-003966,EQ-00203
WO-003966,EQ-00201
WO-003967,EQ-02429
WO-003967,EQ-02430
WO-003968,EQ-00507
WO-003969,EQ-01309
WO-003969,EQ-01312
WO-003969,EQ-01310
WO-003969,EQ-01311
WO-003970,EQ-00479
WO-003971,EQ-00378
WO-003971,EQ-00379
WO-003971,EQ-00380
WO-003972,EQ-02485
WO-003972,EQ-02487
WO-003972,EQ-02488
WO-003973,EQ-00189
WO-003973,EQ-00188
WO-003974,EQ-01585
WO-003974,EQ-01586
WO-003975,EQ-00899
WO-003975,EQ-00902
WO-003976,EQ-00420
WO-003977,EQ-02128
WO-003977,EQ-02130
WO-003978,EQ-01850
WO-003978,EQ-01851
WO-003978,EQ-01853
WO-003978,EQ-01846
WO-003979,EQ-02841
WO-003980,EQ-00405
WO-003980,EQ-00408
WO-003980,EQ-00403
WO-003980,EQ-00406
WO-003981,EQ-00862
WO-003981,EQ-00865
WO-003981,EQ-00866
WO-003982,EQ-02280
WO-003982,EQ-02281
WO-003983,EQ-02175
WO-003983,EQ-02176
WO-003984,EQ-00692
WO-003985,EQ-01941
WO-003986,EQ-02476
WO-003986,EQ-02477
WO-003987,EQ-02671
WO-003988,EQ-00743
WO-003988,EQ-00738
WO-003988,EQ-00744
WO-003989,EQ-03285
WO-003989,EQ-03287
WO-003990,EQ-01449
WO-003991,EQ-03601
WO-003991,EQ-03599
WO-003991,EQ-03602
WO-003992,EQ-02954
WO-003993,EQ-01647
WO-003994,EQ-02132
WO-003995,EQ-00877
WO-003996,EQ-01123
WO-003996,EQ-01116
WO-003997,EQ-02593
WO-003997,EQ-02595
WO-003998,EQ-00405
WO-003999,EQ-03423
WO-003999,EQ-03428
WO-004000,EQ-01083
WO-004001,EQ-02301
WO-004001,EQ-02302
WO-004001,EQ-02305
WO-004002,EQ-00691
WO-004003,EQ-00911
WO-004003,EQ-00910
WO-004003,EQ-00907
WO-004004,EQ-02175
WO-004005,EQ-00203
WO-004006,EQ-02821
WO-004006,EQ-02823
WO-004006,EQ-02824
WO-004007,EQ-01728
WO-004007,EQ-01729
WO-004008,EQ-03336
WO-004008,EQ-03337
WO-004009,EQ-00775
WO-004010,EQ-00184
WO-004011,EQ-00688
WO-004012,EQ-00628
WO-004012,EQ-00629
WO-004012,EQ-00627
WO-004013,EQ-03276
WO-004014,EQ-02386
WO-004014,EQ-02383
WO-004014,EQ-02393
WO-004015,EQ-03430
WO-004015,EQ-03431
WO-004016,EQ-03146
WO-004017,EQ-02269
WO-004017,EQ-02270
WO-004018,EQ-03049
WO-004019,EQ-01632
WO-004020,EQ-02028
WO-004020,EQ-02027
WO-004020,EQ-02029
WO-004021,EQ-02670
WO-004021,EQ-02672
WO-004021,EQ-02671
WO-004021,EQ-02673
WO-004022,EQ-00462
WO-004023,EQ-00630
WO-004023,EQ-00631
WO-004024,EQ-00256
WO-004024,EQ-00257
WO-004025,EQ-01893
WO-004026,EQ-03310
WO-004027,EQ-03081
WO-004028,EQ-03193
WO-004028,EQ-03192
WO-004029,EQ-00748
WO-004030,EQ-01861
WO-004030,EQ-01862
WO-004031,EQ-01330
WO-004032,EQ-02141
WO-004032,EQ-02134
WO-004033,EQ-00094
WO-004033,EQ-00093
WO-004034,EQ-02899
WO-004034,EQ-02901
WO-004034,EQ-02900
WO-004035,EQ-01855
WO-004035,EQ-01861
WO-004036,EQ-00881
WO-004036,EQ-00882
WO-004037,EQ-03288
WO-004037,EQ-03286
WO-004038,EQ-00174
WO-004039,EQ-02614
WO-004039,EQ-02611
WO-004040,EQ-02458
WO-004040,EQ-02460
WO-004041,EQ-00616
WO-004041,EQ-00613
WO-004041,EQ-00615
WO-004042,EQ-02689
WO-004042,EQ-02687
WO-004043,EQ-00436
WO-004043,EQ-00434
WO-004043,EQ-00430
WO-004043,EQ-00432
WO-004044,EQ-00202
WO-004045,EQ-00135
WO-004046,EQ-01932
WO-004046,EQ-01930
WO-004047,EQ-01789
WO-004047,EQ-01786
WO-004048,EQ-01950
WO-004048,EQ-01946
WO-004049,EQ-00181
WO-004050,EQ-02600
WO-004051,EQ-01452
WO-004052,EQ-02548
WO-004052,EQ-02551
WO-004053,EQ-00572
WO-004053,EQ-00570
WO-004054,EQ-02562
WO-004055,EQ-02995
WO-004055,EQ-02992
WO-004055,EQ-02993
WO-004055,EQ-02994
WO-004056,EQ-03214
WO-004057,EQ-00620
WO-004057,EQ-00619
WO-004058,EQ-02621
WO-004059,EQ-03426
WO-004060,EQ-03013
WO-004061,EQ-03149
WO-004062,EQ-00202
WO-004062,EQ-00203
WO-004063,EQ-02644
WO-004064,EQ-02725
WO-004065,EQ-01693
WO-004065,EQ-01698
WO-004065,EQ-01691
WO-004066,EQ-02982
WO-004066,EQ-02981
WO-004066,EQ-02979
WO-004067,EQ-01041
WO-004067,EQ-01039
WO-004068,EQ-02883
WO-004068,EQ-02876
WO-004068,EQ-02886
WO-004069,EQ-03609
WO-004069,EQ-03612
WO-004069,EQ-03610
WO-004070,EQ-01900
WO-004070,EQ-01899
WO-004071,EQ-02353
WO-004071,EQ-02352
WO-004072,EQ-00012
WO-004073,EQ-02590
WO-004073,EQ-02591
WO-004073,EQ-02586
WO-004074,EQ-00104
WO-004074,EQ-00101
WO-004075,EQ-03609
WO-004075,EQ-03611
WO-004075,EQ-03612
WO-004076,EQ-00687
WO-004076,EQ-00689
WO-004077,EQ-03521
WO-004078,EQ-00626
WO-004079,EQ-00569
WO-004079,EQ-00561
WO-004080,EQ-02744
WO-004080,EQ-02741
WO-004080,EQ-02739
WO-004081,EQ-01401
WO-004082,EQ-02060
WO-004082,EQ-02061
WO-004083,EQ-00169
WO-004084,EQ-00573
WO-004084,EQ-00575
WO-004084,EQ-00572
WO-004085,EQ-02706
WO-004085,EQ-02703
WO-004086,EQ-00551
WO-004087,EQ-02355
WO-004087,EQ-02354
WO-004087,EQ-02356
WO-004088,EQ-00479
WO-004088,EQ-00480
WO-004089,EQ-01746
WO-004090,EQ-03607
WO-004091,EQ-02987
WO-004092,EQ-01195
WO-004092,EQ-01196
WO-004092,EQ-01199
WO-004093,EQ-00098
WO-004093,EQ-00096
WO-004093,EQ-00097
WO-004094,EQ-00469
WO-004095,EQ-00295
WO-004095,EQ-00297
WO-004096,EQ-00796
WO-004097,EQ-01022
WO-004097,EQ-01020
WO-004097,EQ-01018
WO-004098,EQ-03022
WO-004099,EQ-00055
WO-004099,EQ-00054
WO-004100,EQ-00056
WO-004100,EQ-00058
WO-004100,EQ-00059
WO-004101,EQ-01719
WO-004101,EQ-01721
WO-004101,EQ-01720
WO-004102,EQ-00681
WO-004102,EQ-00685
WO-004102,EQ-00682
WO-004102,EQ-00684
WO-004103,EQ-01235
WO-004103,EQ-01238
WO-004104,EQ-00157
WO-004105,EQ-02310
WO-004106,EQ-02326
WO-004106,EQ-02329
WO-004106,EQ-02324
WO-004107,EQ-02310
WO-004108,EQ-03196
WO-004108,EQ-03195
WO-004109,EQ-01072
WO-004109,EQ-01073
WO-004109,EQ-01080
WO-004110,EQ-02805
WO-004110,EQ-02804
WO-004110,EQ-02800
WO-004111,EQ-02455
WO-004111,EQ-02456
WO-004111,EQ-02458
WO-004112,EQ-01782
WO-004112,EQ-01783
WO-004113,EQ-03314
WO-004113,EQ-03311
WO-004114,EQ-02308
WO-004115,EQ-00178
WO-004115,EQ-00177
WO-004116,EQ-00915
WO-004117,EQ-00446
WO-004117,EQ-00449
WO-004117,EQ-00453
WO-004117,EQ-00454
WO-004118,EQ-01300
WO-004119,EQ-00328
WO-004120,EQ-01425
WO-004121,EQ-01821
WO-004121,EQ-01823
WO-004121,EQ-01824
WO-004122,EQ-01632
WO-004123,EQ-01148
WO-004124,EQ-01682
WO-004124,EQ-01683
WO-004124,EQ-01681
WO-004124,EQ-01684
WO-004125,EQ-02598
WO-004126,EQ-02162
WO-004126,EQ-02164
WO-004126,EQ-02156
WO-004127,EQ-03403
WO-004127,EQ-03404
WO-004128,EQ-01341
WO-004128,EQ-01338
WO-004128,EQ-01336
WO-004129,EQ-01811
WO-004130,EQ-00889
WO-004131,EQ-02846
WO-004131,EQ-02844
WO-004132,EQ-01906
WO-004132,EQ-01907
WO-004132,EQ-01905
WO-004133,EQ-00979
WO-004134,EQ-03046
WO-004135,EQ-03518
WO-004136,EQ-00737
WO-004137,EQ-03080
WO-004137,EQ-03084
WO-004138,EQ-01941
WO-004138,EQ-01942
WO-004139,EQ-03538
WO-004139,EQ-03534
WO-004140,EQ-03315
WO-004140,EQ-03310
WO-004140,EQ-03314
WO-004140,EQ-03313
WO-004141,EQ-02828
WO-004141,EQ-02826
WO-004142,EQ-01783
WO-004143,EQ-01914
WO-004144,EQ-02763
WO-004145,EQ-00088
WO-004145,EQ-00090
WO-004145,EQ-00085
WO-004145,EQ-00089
WO-004146,EQ-02130
WO-004146,EQ-02128
WO-004146,EQ-02129
WO-004147,EQ-02546
WO-004148,EQ-03242
WO-004148,EQ-03244
WO-004149,EQ-02121
WO-004150,EQ-02954
WO-004150,EQ-02953
WO-004151,EQ-00912
WO-004151,EQ-00914
WO-004151,EQ-00913
WO-004152,EQ-02474
WO-004153,EQ-00349
WO-004153,EQ-00352
WO-004154,EQ-02671
WO-004155,EQ-03592
WO-004156,EQ-02375
WO-004156,EQ-02371
WO-004156,EQ-02377
WO-004157,EQ-01089
WO-004158,EQ-00324
WO-004159,EQ-03419
WO-004159,EQ-03418
WO-004159,EQ-03420
WO-004160,EQ-02986
WO-004160,EQ-02984
WO-004160,EQ-02985
WO-004160,EQ-02987
WO-004161,EQ-00019
WO-004161,EQ-00017
WO-004162,EQ-00689
WO-004162,EQ-00688
WO-004162,EQ-00687
WO-004163,EQ-01645
WO-004163,EQ-01643
WO-004163,EQ-01642
WO-004163,EQ-01644
WO-004164,EQ-00258
WO-004164,EQ-00257
WO-004164,EQ-00256
WO-004165,EQ-00166
WO-004165,EQ-00168
WO-004166,EQ-02357
WO-004167,EQ-02933
WO-004167,EQ-02935
WO-004167,EQ-02936
WO-004168,EQ-01905
WO-004168,EQ-01906
WO-004169,EQ-01170
WO-004170,EQ-03326
WO-004170,EQ-03323
WO-004170,EQ-03333
WO-004171,EQ-02728
WO-004172,EQ-02817
WO-004173,EQ-01045
WO-004174,EQ-01645
WO-004174,EQ-01649
WO-004174,EQ-01644
WO-004174,EQ-01646
WO-004175,EQ-03345
WO-004176,EQ-02220
WO-004177,EQ-01480
WO-004178,EQ-01710
WO-004179,EQ-01892
WO-004180,EQ-01292
WO-004180,EQ-01296
WO-004180,EQ-01297
WO-004181,EQ-01199
WO-004182,EQ-03586
WO-004183,EQ-02309
WO-004183,EQ-02310
WO-004183,EQ-02308
WO-004184,EQ-00495
WO-004184,EQ-00494
WO-004184,EQ-00496
WO-004184,EQ-00497
WO-004185,EQ-03467
WO-004186,EQ-01915
WO-004186,EQ-01916
WO-004187,EQ-00897
WO-004187,EQ-00893
WO-004188,EQ-02048
WO-004189,EQ-01419
WO-004189,EQ-01420
WO-004190,EQ-01124
WO-004190,EQ-01125
WO-004190,EQ-01128
WO-004191,EQ-02672
WO-004191,EQ-02671
WO-004191,EQ-02670
WO-004192,EQ-00196
WO-004193,EQ-00749
WO-004193,EQ-00748
WO-004194,EQ-03589
WO-004195,EQ-00564
WO-004195,EQ-00562
WO-004196,EQ-00484
WO-004197,EQ-00997
WO-004197,EQ-00996
WO-004198,EQ-02347
WO-004198,EQ-02350
WO-004199,EQ-00844
WO-004199,EQ-00843
WO-004200,EQ-02367
WO-004201,EQ-02305
WO-004201,EQ-02304
WO-004202,EQ-00177
WO-004202,EQ-00178
WO-004203,EQ-02499
WO-004203,EQ-02500
WO-004204,EQ-02868
WO-004204,EQ-02873
WO-004204,EQ-02867
WO-004204,EQ-02871
WO-004205,EQ-01946
WO-004206,EQ-01284
WO-004206,EQ-01285
WO-004206,EQ-01288
WO-004206,EQ-01283
WO-004207,EQ-00694
WO-004208,EQ-01502
WO-004208,EQ-01506
WO-004208,EQ-01504
WO-004209,EQ-00627
WO-004209,EQ-00629
WO-004210,EQ-00840
WO-004211,EQ-02694
WO-004212,EQ-02882
WO-004212,EQ-02881
WO-004212,EQ-02879
WO-004212,EQ-02877
WO-004213,EQ-00863
WO-004213,EQ-00868
WO-004214,EQ-02311
WO-004215,EQ-01857
WO-004216,EQ-03342
WO-004217,EQ-01302
WO-004218,EQ-01406
WO-004219,EQ-02228
WO-004220,EQ-02351
WO-004221,EQ-00874
WO-004222,EQ-03234
WO-004223,EQ-02483
WO-004223,EQ-02480
WO-004224,EQ-03081
WO-004225,EQ-00431
WO-004225,EQ-00436
WO-004225,EQ-00435
WO-004225,EQ-00437
WO-004226,EQ-03355
WO-004226,EQ-03359
WO-004226,EQ-03353
WO-004227,EQ-01366
WO-004228,EQ-01785
WO-004229,EQ-02938
WO-004229,EQ-02939
WO-004230,EQ-02215
WO-004231,EQ-00347
WO-004231,EQ-00346
WO-004231,EQ-00353
WO-004232,EQ-02609
WO-004233,EQ-00948
WO-004234,EQ-01785
WO-004234,EQ-01787
WO-004234,EQ-01789
WO-004234,EQ-01784
WO-004235,EQ-01674
WO-004236,EQ-01904
WO-004236,EQ-01903
WO-004237,EQ-03602
WO-004238,EQ-02824
WO-004239,EQ-02616
WO-004239,EQ-02615
WO-004239,EQ-02617
WO-004240,EQ-00904
WO-004240,EQ-00906
WO-004241,EQ-00380
WO-004241,EQ-00379
WO-004242,EQ-02876
WO-004243,EQ-01920
WO-004244,EQ-01963
WO-004245,EQ-00850
WO-004246,EQ-02800
WO-004247,EQ-02178
WO-004248,EQ-03286
WO-004249,EQ-01509
WO-004249,EQ-01513
WO-004250,EQ-00998
WO-004251,EQ-02006
WO-004252,EQ-03094
WO-004253,EQ-00055
WO-004253,EQ-00054
WO-004254,EQ-00752
WO-004255,EQ-01695
WO-004255,EQ-01690
WO-004255,EQ-01688
WO-004256,EQ-01202
WO-004256,EQ-01204
WO-004257,EQ-03143
WO-004257,EQ-03144
WO-004257,EQ-03147
WO-004257,EQ-03145
WO-004258,EQ-00774
WO-004259,EQ-03424
WO-004260,EQ-00911
WO-004260,EQ-00907
WO-004260,EQ-00910
WO-004261,EQ-01973
WO-004261,EQ-01972
WO-004262,EQ-01966
WO-004263,EQ-02100
WO-004263,EQ-02101
WO-004263,EQ-02103
WO-004264,EQ-03014
WO-004264,EQ-03013
WO-004265,EQ-03601
WO-004266,EQ-00332
WO-004267,EQ-01809
WO-004267,EQ-01807
WO-004267,EQ-01808
WO-004267,EQ-01810
WO-004268,EQ-03466
WO-004269,EQ-02205
WO-004270,EQ-00200
WO-004270,EQ-00191
WO-004271,EQ-02029
WO-004271,EQ-02028
WO-004271,EQ-02027
WO-004272,EQ-02178
WO-004273,EQ-00708
WO-004274,EQ-02745
WO-004274,EQ-02746
WO-004275,EQ-00245
WO-004275,EQ-00244
WO-004276,EQ-01348
WO-004277,EQ-00673
WO-004278,EQ-02350
WO-004279,EQ-00124
WO-004279,EQ-00123
WO-004279,EQ-00122
WO-004279,EQ-00127
WO-004280,EQ-00471
WO-004281,EQ-01096
WO-004282,EQ-03129
WO-004283,EQ-02562
WO-004283,EQ-02565
WO-004284,EQ-03368
WO-004285,EQ-02689
WO-004285,EQ-02687
WO-004285,EQ-02688
WO-004285,EQ-02685
WO-004286,EQ-02310
WO-004287,EQ-00650
WO-004287,EQ-00649
WO-004288,EQ-00762
WO-004289,EQ-03586
WO-004290,EQ-03536
WO-004291,EQ-03236
WO-004292,EQ-02670
WO-004292,EQ-02671
WO-004293,EQ-03074
WO-004294,EQ-00458
WO-004295,EQ-02673
WO-004296,EQ-01807
WO-004296,EQ-01808
WO-004296,EQ-01810
WO-004296,EQ-01809
WO-004297,EQ-02175
WO-004298,EQ-02040
WO-004299,EQ-01247
WO-004300,EQ-00417
WO-004300,EQ-00416
WO-004300,EQ-00414
WO-004300,EQ-00415
WO-004301,EQ-02075
WO-004302,EQ-01594
WO-004303,EQ-02981
WO-004303,EQ-02978
WO-004303,EQ-02982
WO-004304,EQ-01453
WO-004305,EQ-00342
WO-004306,EQ-02622
WO-004307,EQ-03203
WO-004308,EQ-03183
WO-004308,EQ-03184
WO-004309,EQ-02037
WO-004309,EQ-02038
WO-004309,EQ-02031
WO-004310,EQ-02830
WO-004311,EQ-01930
WO-004311,EQ-01937
WO-004312,EQ-01433
WO-004312,EQ-01435
WO-004312,EQ-01438
WO-004313,EQ-03605
WO-004313,EQ-03603
WO-004313,EQ-03607
WO-004313,EQ-03604
WO-004314,EQ-02642
WO-004315,EQ-03469
WO-004315,EQ-03468
WO-004316,EQ-02137
WO-004316,EQ-02136
WO-004317,EQ-03419
WO-004317,EQ-03418
WO-004317,EQ-03420
WO-004318,EQ-02434
WO-004319,EQ-00534
WO-004320,EQ-02302
WO-004320,EQ-02307
WO-004321,EQ-01660
WO-004321,EQ-01659
WO-004321,EQ-01657
WO-004322,EQ-00325
WO-004322,EQ-00326
WO-004323,EQ-02083
WO-004323,EQ-02084
WO-004324,EQ-01782
WO-004325,EQ-00913
WO-004326,EQ-01601
WO-004327,EQ-02352
WO-004328,EQ-03550
WO-004328,EQ-03551
WO-004328,EQ-03544
WO-004328,EQ-03553
WO-004329,EQ-01592
WO-004330,EQ-00144
WO-004331,EQ-03211
WO-004332,EQ-01218
WO-004332,EQ-01219
WO-004332,EQ-01211
WO-004332,EQ-01213
WO-004333,EQ-00850
WO-004333,EQ-00849
WO-004333,EQ-00848
WO-004334,EQ-02105
WO-004335,EQ-01585
WO-004335,EQ-01587
WO-004335,EQ-01586
WO-004336,EQ-00912
WO-004336,EQ-00913
WO-004337,EQ-01920
WO-004338,EQ-01084
WO-004338,EQ-01085
WO-004338,EQ-01086
WO-004339,EQ-03588
WO-004340,EQ-03120
WO-004340,EQ-03117
WO-004340,EQ-03116
WO-004341,EQ-02103
WO-004341,EQ-02101
WO-004341,EQ-02104
WO-004342,EQ-03064
WO-004342,EQ-03066
WO-004342,EQ-03065
WO-004343,EQ-01464
WO-004344,EQ-03482
WO-004345,EQ-02525
WO-004346,EQ-00020
WO-004347,EQ-00294
WO-004347,EQ-00295
WO-004348,EQ-01908
WO-004349,EQ-02410
WO-004350,EQ-02642
WO-004350,EQ-02644
WO-004350,EQ-02643
WO-004351,EQ-03034
WO-004351,EQ-03035
WO-004351,EQ-03031
WO-004351,EQ-03033
WO-004352,EQ-01875
WO-004353,EQ-01214
WO-004353,EQ-01218
WO-004354,EQ-00152
WO-004355,EQ-01968
WO-004356,EQ-01356
WO-004356,EQ-01365
WO-004357,EQ-01012
WO-004357,EQ-01013
WO-004358,EQ-02216
WO-004358,EQ-02217
WO-004359,EQ-00769
WO-004360,EQ-00564
WO-004360,EQ-00568
WO-004360,EQ-00567
WO-004361,EQ-01260
WO-004361,EQ-01264
WO-004362,EQ-01537
WO-004363,EQ-01125
WO-004364,EQ-01776
WO-004365,EQ-03112
WO-004366,EQ-03485
WO-004367,EQ-03236
WO-004367,EQ-03235
WO-004367,EQ-03237
WO-004368,EQ-02356
WO-004368,EQ-02357
WO-004369,EQ-00138
WO-004369,EQ-00137
WO-004370,EQ-03482
WO-004371,EQ-02242
WO-004371,EQ-02248
WO-004372,EQ-03220
WO-004373,EQ-03487
WO-004373,EQ-03490
WO-004374,EQ-02421
WO-004374,EQ-02416
WO-004374,EQ-02417
WO-004375,EQ-00596
WO-004375,EQ-00590
WO-004376,EQ-02233
WO-004377,EQ-03152
WO-004378,EQ-02623
WO-004379,EQ-02020
WO-004379,EQ-02025
WO-004380,EQ-03023
WO-004380,EQ-03021
WO-004380,EQ-03019
WO-004381,EQ-02359
WO-004381,EQ-02358
WO-004382,EQ-00490
WO-004383,EQ-02802
WO-004383,EQ-02805
WO-004383,EQ-02798
WO-004384,EQ-00774
WO-004384,EQ-00773
WO-004385,EQ-02355
WO-004385,EQ-02357
WO-004386,EQ-01711
WO-004387,EQ-00351
WO-004388,EQ-02595
WO-004388,EQ-02594
WO-004388,EQ-02593
WO-004389,EQ-02492
WO-004390,EQ-00643
WO-004391,EQ-03096
WO-004391,EQ-03099
WO-004392,EQ-00514
WO-004392,EQ-00516
WO-004393,EQ-03393
WO-004394,EQ-00994
WO-004394,EQ-00992
WO-004394,EQ-00989
WO-004394,EQ-00993
WO-004395,EQ-02996
WO-004396,EQ-02015
WO-004396,EQ-02012
WO-004396,EQ-02009
WO-004397,EQ-03168
WO-004397,EQ-03172
WO-004397,EQ-03165
WO-004398,EQ-00002
WO-004399,EQ-01713
WO-004399,EQ-01712
WO-004399,EQ-01706
WO-004400,EQ-00304
WO-004400,EQ-00300
WO-004401,EQ-00415
WO-004402,EQ-02219
WO-004403,EQ-03034
WO-004404,EQ-02622
WO-004404,EQ-02621
WO-004404,EQ-02620
WO-004405,EQ-00709
WO-004406,EQ-03627
WO-004406,EQ-03629
WO-004407,EQ-00482
WO-004408,EQ-03058
WO-004408,EQ-03051
WO-004409,EQ-00645
WO-004409,EQ-00637
WO-004410,EQ-00181
WO-004410,EQ-00184
WO-004410,EQ-00185
WO-004410,EQ-00182
WO-004411,EQ-02264
WO-004412,EQ-01476
WO-004413,EQ-00601
WO-004413,EQ-00599
WO-004414,EQ-01943
WO-004415,EQ-02016
WO-004416,EQ-02812
WO-004416,EQ-02813
WO-004417,EQ-03485
WO-004417,EQ-03486
WO-004418,EQ-03176
WO-004418,EQ-03180
WO-004418,EQ-03179
WO-004419,EQ-03537
WO-004420,EQ-01113
WO-004421,EQ-02733
WO-004421,EQ-02731
WO-004421,EQ-02727
WO-004422,EQ-02144
WO-004422,EQ-02149
WO-004423,EQ-02117
WO-004423,EQ-02115
WO-004423,EQ-02116
WO-004424,EQ-01774
WO-004424,EQ-01777
WO-004425,EQ-00610
WO-004426,EQ-01118
WO-004427,EQ-03043
WO-004428,EQ-03431
WO-004429,EQ-02709
WO-004429,EQ-02712
WO-004429,EQ-02707
WO-004430,EQ-01147
WO-004430,EQ-01145
WO-004431,EQ-01862
WO-004432,EQ-01075
WO-004433,EQ-00330
WO-004434,EQ-01369
WO-004435,EQ-01751
WO-004436,EQ-01612
WO-004437,EQ-03499
WO-004437,EQ-03500
WO-004437,EQ-03502
WO-004438,EQ-02684
WO-004438,EQ-02682
WO-004438,EQ-02681
WO-004439,EQ-00391
WO-004439,EQ-00390
WO-004439,EQ-00393
WO-004439,EQ-00392
WO-004440,EQ-01114
WO-004441,EQ-01942
WO-004442,EQ-00615
WO-004443,EQ-00203
WO-004443,EQ-00201
WO-004443,EQ-00202
WO-004444,EQ-02668
WO-004444,EQ-02661
WO-004445,EQ-03598
WO-004446,EQ-02461
WO-004447,EQ-00393
WO-004448,EQ-01062
WO-004448,EQ-01071
WO-004449,EQ-03267
WO-004449,EQ-03270
WO-004449,EQ-03269
WO-004450,EQ-01923
WO-004451,EQ-03289
WO-004451,EQ-03290
WO-004452,EQ-02952
WO-004452,EQ-02951
WO-004453,EQ-00188
WO-004454,EQ-02402
WO-004455,EQ-03355
WO-004455,EQ-03362
WO-004456,EQ-01415
WO-004457,EQ-01447
WO-004458,EQ-03531
WO-004458,EQ-03532
WO-004459,EQ-01033
WO-004459,EQ-01031
WO-004459,EQ-01026
WO-004460,EQ-00710
WO-004461,EQ-01105
WO-004461,EQ-01106
WO-004461,EQ-01104
WO-004462,EQ-02132
WO-004463,EQ-01731
WO-004463,EQ-01735
WO-004463,EQ-01733
WO-004463,EQ-01734
WO-004464,EQ-00596
WO-004464,EQ-00589
WO-004465,EQ-00795
WO-004466,EQ-03089
WO-004466,EQ-03092
WO-004467,EQ-02233
WO-004468,EQ-01763
WO-004469,EQ-02850
WO-004470,EQ-00069
WO-004471,EQ-00297
WO-004471,EQ-00294
WO-004472,EQ-01526
WO-004472,EQ-01534
WO-004472,EQ-01533
WO-004473,EQ-02029
WO-004473,EQ-02028
WO-004474,EQ-00866
WO-004474,EQ-00864
WO-004475,EQ-00309
WO-004476,EQ-03209
WO-004477,EQ-00452
WO-004477,EQ-00454
WO-004477,EQ-00447
WO-004478,EQ-02460
WO-004478,EQ-02455
WO-004478,EQ-02459
WO-004478,EQ-02454
WO-004479,EQ-00330
WO-004479,EQ-00331
WO-004479,EQ-00328
WO-004480,EQ-03629
WO-004481,EQ-03001
WO-004481,EQ-03000
WO-004482,EQ-02740
WO-004483,EQ-00150
WO-004484,EQ-00900
WO-004485,EQ-02513
WO-004485,EQ-02511
WO-004486,EQ-03158
WO-004487,EQ-01876
WO-004488,EQ-02167
WO-004488,EQ-02174
WO-004488,EQ-02172
WO-004489,EQ-00514
WO-004490,EQ-00631
WO-004491,EQ-00691
WO-004492,EQ-01800
WO-004493,EQ-02288
WO-004493,EQ-02284
WO-004493,EQ-02290
WO-004493,EQ-02289
WO-004494,EQ-03108
WO-004495,EQ-02668
WO-004495,EQ-02662
WO-004496,EQ-00440
WO-004496,EQ-00438
WO-004496,EQ-00441
WO-004496,EQ-00439
WO-004497,EQ-02987
WO-004498,EQ-01438
WO-004499,EQ-02387
WO-004499,EQ-02390
WO-004500,EQ-03060
WO-004501,EQ-00775
WO-004501,EQ-00776
WO-004502,EQ-02126
WO-004502,EQ-02127
WO-004503,EQ-03458
WO-004504,EQ-00912
WO-004505,EQ-02204
WO-004506,EQ-00256
WO-004506,EQ-00258
WO-004507,EQ-00084
WO-004507,EQ-00089
WO-004507,EQ-00087
WO-004507,EQ-00090
WO-004508,EQ-02791
WO-004508,EQ-02790
WO-004509,EQ-00232
WO-004510,EQ-00786
WO-004511,EQ-02744
WO-004511,EQ-02738
WO-004512,EQ-02075
WO-004512,EQ-02080
WO-004513,EQ-01708
WO-004514,EQ-01144
WO-004515,EQ-02113
WO-004515,EQ-02114
WO-004515,EQ-02112
WO-004516,EQ-00638
WO-004516,EQ-00645
WO-004516,EQ-00639
WO-004516,EQ-00635
WO-004517,EQ-02387
WO-004518,EQ-01164
WO-004519,EQ-02124
WO-004520,EQ-01961
WO-004520,EQ-01957
WO-004520,EQ-01958
WO-004521,EQ-00540
WO-004522,EQ-02718
WO-004522,EQ-02715
WO-004523,EQ-01678
WO-004523,EQ-01677
WO-004524,EQ-01826
WO-004525,EQ-00440
WO-004525,EQ-00439
WO-004526,EQ-00987
WO-004526,EQ-00989
WO-004526,EQ-00988
WO-004526,EQ-00994
WO-004527,EQ-00645
WO-004527,EQ-00638
WO-004528,EQ-03067
WO-004529,EQ-01273
WO-004529,EQ-01274
WO-004529,EQ-01280
WO-004530,EQ-01436
WO-004531,EQ-02849
WO-004531,EQ-02850
WO-004532,EQ-03527
WO-004533,EQ-00278
WO-004533,EQ-00276
WO-004533,EQ-00275
WO-004534,EQ-02893
WO-004535,EQ-00203
WO-004535,EQ-00201
WO-004536,EQ-00281
WO-004536,EQ-00279
WO-004537,EQ-03519
WO-004537,EQ-03521
WO-004537,EQ-03518
WO-004537,EQ-03523
WO-004538,EQ-03382
WO-004539,EQ-00711
WO-004540,EQ-02778
WO-004540,EQ-02780
WO-004541,EQ-01543
WO-004541,EQ-01538
WO-004541,EQ-01540
WO-004542,EQ-02303
WO-004543,EQ-02702
WO-004543,EQ-02694
WO-004544,EQ-00369
WO-004545,EQ-02098
WO-004546,EQ-00225
WO-004546,EQ-00226
WO-004547,EQ-00142
WO-004548,EQ-00790
WO-004548,EQ-00796
WO-004549,EQ-01014
WO-004549,EQ-01020
WO-004550,EQ-01164
WO-004551,EQ-01422
WO-004551,EQ-01421
WO-004551,EQ-01420
WO-004552,EQ-01285
WO-004552,EQ-01286
WO-004553,EQ-00991
WO-004554,EQ-00523
WO-004555,EQ-03574
WO-004556,EQ-00969
WO-004556,EQ-00967
WO-004557,EQ-02429
WO-004557,EQ-02431
WO-004558,EQ-00900
WO-004558,EQ-00901
WO-004558,EQ-00899
WO-004559,EQ-01869
WO-004560,EQ-00831
WO-004560,EQ-00833
WO-004560,EQ-00835
WO-004560,EQ-00836
WO-004561,EQ-01587
WO-004561,EQ-01586
WO-004561,EQ-01585
WO-004562,EQ-03211
WO-004563,EQ-01596
WO-004563,EQ-01590
WO-004564,EQ-00461
WO-004565,EQ-00302
WO-004565,EQ-00299
WO-004565,EQ-00303
WO-004566,EQ-01379
WO-004566,EQ-01381
WO-004567,EQ-00139
WO-004568,EQ-03427
WO-004569,EQ-01502
WO-004569,EQ-01503
WO-004569,EQ-01506
WO-004569,EQ-01504
WO-004570,EQ-00600
WO-004571,EQ-03483
WO-004571,EQ-03484
WO-004572,EQ-03131
WO-004572,EQ-03130
WO-004572,EQ-03137
WO-004573,EQ-01345
WO-004573,EQ-01344
WO-004573,EQ-01342
WO-004574,EQ-00884
WO-004575,EQ-01740
WO-004576,EQ-02449
WO-004576,EQ-02447
WO-004577,EQ-02236
WO-004578,EQ-01262
WO-004579,EQ-00256
WO-004579,EQ-00257
WO-004580,EQ-00342
WO-004580,EQ-00340
WO-004581,EQ-00178
WO-004582,EQ-00023
WO-004582,EQ-00030
WO-004583,EQ-03561
WO-004583,EQ-03562
WO-004583,EQ-03563
WO-004584,EQ-01099
WO-004584,EQ-01095
WO-004584,EQ-01097
WO-004585,EQ-02625
WO-004585,EQ-02627
WO-004586,EQ-03174
WO-004587,EQ-00697
WO-004587,EQ-00696
WO-004588,EQ-01266
WO-004589,EQ-02972
WO-004590,EQ-00171
WO-004590,EQ-00172
WO-004590,EQ-00168
WO-004591,EQ-01002
WO-004591,EQ-01005
WO-004591,EQ-01004
WO-004592,EQ-01732
WO-004593,EQ-00804
WO-004594,EQ-02692
WO-004595,EQ-01444
WO-004596,EQ-03210
WO-004596,EQ-03209
WO-004596,EQ-03206
WO-004596,EQ-03211
WO-004597,EQ-02845
WO-004597,EQ-02844
WO-004598,EQ-00330
WO-004598,EQ-00328
WO-004599,EQ-02409
WO-004599,EQ-02405
WO-004600,EQ-00115
WO-004601,EQ-00010
WO-004602,EQ-01034
WO-004603,EQ-00058
WO-004604,EQ-02955
WO-004605,EQ-02610
WO-004605,EQ-02605
WO-004605,EQ-02608
WO-004606,EQ-00062
WO-004606,EQ-00060
WO-004606,EQ-00061
WO-004607,EQ-02382
WO-004608,EQ-01690
WO-004608,EQ-01694
WO-004608,EQ-01697
WO-004608,EQ-01695
WO-004609,EQ-02586
WO-004609,EQ-02589
WO-004609,EQ-02588
WO-004610,EQ-02253
WO-004610,EQ-02251
WO-004610,EQ-02259
WO-004610,EQ-02258
WO-004611,EQ-03132
WO-004611,EQ-03135
WO-004611,EQ-03133
WO-004612,EQ-03173
WO-004612,EQ-03165
WO-004613,EQ-01923
WO-004613,EQ-01924
WO-004614,EQ-02225
WO-004614,EQ-02228
WO-004614,EQ-02229
WO-004615,EQ-00033
WO-004615,EQ-00036
WO-004615,EQ-00042
WO-004615,EQ-00041
WO-004616,EQ-02565
WO-004617,EQ-02634
WO-004617,EQ-02636
WO-004617,EQ-02633
WO-004617,EQ-02635
WO-004618,EQ-01374
WO-004618,EQ-01371
WO-004618,EQ-01375
WO-004619,EQ-02630
WO-004620,EQ-01975
WO-004621,EQ-02888
WO-004621,EQ-02893
WO-004622,EQ-02251
WO-004623,EQ-01109
WO-004624,EQ-02048
WO-004625,EQ-01990
WO-004625,EQ-01995
WO-004626,EQ-02650
WO-004626,EQ-02648
WO-004627,EQ-00675
WO-004628,EQ-03192
WO-004629,EQ-02982
WO-004630,EQ-00886
WO-004630,EQ-00883
WO-004631,EQ-01619
WO-004632,EQ-00144
WO-004633,EQ-00178
WO-004634,EQ-01673
WO-004634,EQ-01674
WO-004635,EQ-01146
WO-004636,EQ-03041
WO-004637,EQ-02343
WO-004638,EQ-02690
WO-004639,EQ-00690
WO-004640,EQ-02895
WO-004640,EQ-02888
WO-004640,EQ-02894
WO-004641,EQ-02399
WO-004642,EQ-02336
WO-004642,EQ-02337
WO-004643,EQ-01718
WO-004644,EQ-00288
WO-004645,EQ-00113
WO-004646,EQ-00846
WO-004646,EQ-00847
WO-004647,EQ-01176
WO-004648,EQ-02760
WO-004648,EQ-02761
WO-004649,EQ-02203
WO-004649,EQ-02200
WO-004649,EQ-02204
WO-004649,EQ-02207
WO-004650,EQ-01548
WO-004650,EQ-01553
WO-004650,EQ-01546
WO-004651,EQ-00686
WO-004651,EQ-00681
WO-004652,EQ-01572
WO-004653,EQ-01651
WO-004654,EQ-02536
WO-004655,EQ-01300
WO-004656,EQ-02605
WO-004656,EQ-02607
WO-004656,EQ-02600
WO-004657,EQ-02903
WO-004658,EQ-00733
WO-004658,EQ-00728
WO-004658,EQ-00736
WO-004659,EQ-01916
WO-004659,EQ-01915
WO-004660,EQ-00755
WO-004661,EQ-00641
WO-004661,EQ-00636
WO-004662,EQ-00299
WO-004662,EQ-00300
WO-004662,EQ-00302
WO-004663,EQ-01199
WO-004663,EQ-01192
WO-004664,EQ-02134
WO-004664,EQ-02135
WO-004665,EQ-00226
WO-004665,EQ-00228
WO-004665,EQ-00225
WO-004666,EQ-01640
WO-004667,EQ-00797
WO-004667,EQ-00799
WO-004668,EQ-02830
WO-004668,EQ-02834
WO-004668,EQ-02833
WO-004668,EQ-02832
WO-004669,EQ-00720
WO-004670,EQ-01828
WO-004670,EQ-01829
WO-004671,EQ-02905
WO-004672,EQ-00064
WO-004673,EQ-03060
WO-004673,EQ-03061
WO-004674,EQ-02903
WO-004674,EQ-02905
WO-004674,EQ-02898
WO-004674,EQ-02900
WO-004675,EQ-02812
WO-004676,EQ-02945
WO-004676,EQ-02949
WO-004676,EQ-02951
WO-004677,EQ-00889
WO-004678,EQ-02081
WO-004678,EQ-02080
WO-004678,EQ-02074
WO-004679,EQ-00562
WO-004680,EQ-01831
WO-004681,EQ-01879
WO-004682,EQ-02977
WO-004682,EQ-02982
WO-004683,EQ-00756
WO-004683,EQ-00753
WO-004683,EQ-00755
WO-004683,EQ-00751
WO-004684,EQ-01754
WO-004685,EQ-02836
WO-004685,EQ-02838
WO-004686,EQ-02280
WO-004686,EQ-02281
WO-004687,EQ-00557
WO-004688,EQ-02718
WO-004689,EQ-01363
WO-004690,EQ-03252
WO-004691,EQ-02768
WO-004692,EQ-01851
WO-004692,EQ-01845
WO-004693,EQ-00784
WO-004693,EQ-00783
WO-004693,EQ-00786
WO-004693,EQ-00779
WO-004694,EQ-02585
WO-004694,EQ-02592
WO-004694,EQ-02589
WO-004695,EQ-02758
WO-004696,EQ-01498
WO-004696,EQ-01499
WO-004697,EQ-01572
WO-004698,EQ-01295
WO-004699,EQ-01871
WO-004700,EQ-01594
WO-004700,EQ-01599
WO-004701,EQ-02930
WO-004701,EQ-02933
WO-004701,EQ-02934
WO-004702,EQ-02311
WO-004702,EQ-02312
WO-004703,EQ-02224
WO-004704,EQ-02994
WO-004705,EQ-01804
WO-004706,EQ-00871
WO-004707,EQ-02686
WO-004708,EQ-02131
WO-004708,EQ-02132
WO-004709,EQ-01791
WO-004709,EQ-01790
WO-004710,EQ-01499
WO-004710,EQ-01498
WO-004710,EQ-01497
WO-004710,EQ-01500
WO-004711,EQ-01449
WO-004712,EQ-01954
WO-004712,EQ-01960
WO-004713,EQ-01230
WO-004713,EQ-01229
WO-004714,EQ-01759
WO-004715,EQ-03118
WO-004715,EQ-03116
WO-004715,EQ-03117
WO-004716,EQ-01760
WO-004717,EQ-03430
WO-004718,EQ-01213
WO-004719,EQ-00330
WO-004720,EQ-02975
WO-004720,EQ-02976
WO-004721,EQ-01730
WO-004722,EQ-00778
WO-004722,EQ-00776
WO-004722,EQ-00777
WO-004723,EQ-00838
WO-004724,EQ-03432
WO-004725,EQ-00709
WO-004725,EQ-00708
WO-004726,EQ-03395
WO-004726,EQ-03392
WO-004726,EQ-03396
WO-004727,EQ-03507
WO-004727,EQ-03512
WO-004727,EQ-03515
WO-004728,EQ-01065
WO-004729,EQ-02927
WO-004729,EQ-02933
WO-004730,EQ-02954
WO-004731,EQ-02109
WO-004732,EQ-02357
WO-004733,EQ-02692
WO-004734,EQ-01866
WO-004735,EQ-03504
WO-004735,EQ-03503
WO-004735,EQ-03501
WO-004735,EQ-03500
WO-004736,EQ-00054
WO-004736,EQ-00055
WO-004737,EQ-03472
WO-004738,EQ-03033
WO-004739,EQ-00527
WO-004740,EQ-02575
WO-004741,EQ-02334
WO-004742,EQ-03293
WO-004743,EQ-00488
WO-004743,EQ-00485
WO-004743,EQ-00484
WO-004744,EQ-01024
WO-004745,EQ-03232
WO-004745,EQ-03234
WO-004745,EQ-03229
WO-004746,EQ-03484
WO-004746,EQ-03483
WO-004747,EQ-02404
WO-004748,EQ-02303
WO-004748,EQ-02306
WO-004749,EQ-00803
WO-004750,EQ-03404
WO-004750,EQ-03405
WO-004750,EQ-03403
WO-004751,EQ-01452
WO-004751,EQ-01451
WO-004752,EQ-00168
WO-004752,EQ-00165
WO-004753,EQ-02837
WO-004753,EQ-02836
WO-004754,EQ-03323
WO-004754,EQ-03330
WO-004755,EQ-02975
WO-004755,EQ-02976
WO-004756,EQ-02747
WO-004756,EQ-02745
WO-004756,EQ-02746
WO-004757,EQ-03314
WO-004757,EQ-03315
WO-004757,EQ-03312
WO-004757,EQ-03311
WO-004758,EQ-01175
WO-004758,EQ-01172
WO-004758,EQ-01178
WO-004758,EQ-01180
WO-004759,EQ-03369
WO-004760,EQ-00821
WO-004761,EQ-03610
WO-004762,EQ-01739
WO-004763,EQ-03169
WO-004763,EQ-03173
WO-004763,EQ-03170
WO-004764,EQ-02271
WO-004764,EQ-02273
WO-004765,EQ-00421
WO-004765,EQ-00419
WO-004765,EQ-00418
WO-004765,EQ-00420
WO-004766,EQ-02374
WO-004766,EQ-02380
WO-004767,EQ-01437
WO-004768,EQ-02175
WO-004769,EQ-00628
WO-004769,EQ-00629
WO-004769,EQ-00626
WO-004770,EQ-00421
WO-004770,EQ-00418
WO-004770,EQ-00420
WO-004771,EQ-02226
WO-004771,EQ-02229
WO-004772,EQ-02313
WO-004772,EQ-02315
WO-004773,EQ-02827
WO-004774,EQ-01023
WO-004774,EQ-01021
WO-004774,EQ-01018
WO-004775,EQ-02077
WO-004775,EQ-02074
WO-004775,EQ-02081
WO-004775,EQ-02075
WO-004776,EQ-01905
WO-004777,EQ-02392
WO-004777,EQ-02393
WO-004778,EQ-03300
WO-004779,EQ-00795
WO-004780,EQ-02253
WO-004780,EQ-02258
WO-004781,EQ-01671
WO-004782,EQ-00434
WO-004782,EQ-00437
WO-004782,EQ-00433
WO-004783,EQ-00570
WO-004784,EQ-03249
WO-004784,EQ-03250
WO-004784,EQ-03251
WO-004784,EQ-03248
WO-004785,EQ-01473
WO-004785,EQ-01471
WO-004785,EQ-01472
WO-004786,EQ-00816
WO-004787,EQ-01730
WO-004787,EQ-01729
WO-004788,EQ-01080
WO-004788,EQ-01074
WO-004788,EQ-01076
WO-004789,EQ-02828
WO-004790,EQ-02500
WO-004790,EQ-02499
WO-004791,EQ-02617
WO-004791,EQ-02616
WO-004791,EQ-02615
WO-004792,EQ-01013
WO-004793,EQ-02508
WO-004793,EQ-02506
WO-004793,EQ-02502
WO-004794,EQ-02519
WO-004794,EQ-02520
WO-004795,EQ-00870
WO-004795,EQ-00873
WO-004795,EQ-00871
WO-004795,EQ-00872
WO-004796,EQ-00341
WO-004797,EQ-01871
WO-004798,EQ-02930
WO-004798,EQ-02934
WO-004798,EQ-02928
WO-004799,EQ-03158
WO-004799,EQ-03159
WO-004799,EQ-03163
WO-004799,EQ-03160
WO-004800,EQ-03531
WO-004801,EQ-02707
WO-004802,EQ-00849
WO-004803,EQ-00905
WO-004804,EQ-02288
WO-004805,EQ-02017
WO-004805,EQ-02024
WO-004805,EQ-02025
WO-004806,EQ-03111
WO-004806,EQ-03106
WO-004807,EQ-01070
WO-004807,EQ-01065
WO-004807,EQ-01060
WO-004807,EQ-01069
WO-004808,EQ-01741
WO-004808,EQ-01742
WO-004809,EQ-00922
WO-004810,EQ-02638
WO-004810,EQ-02641
WO-004811,EQ-02308
WO-004812,EQ-00690
WO-004813,EQ-03352
WO-004814,EQ-02793
WO-004815,EQ-03276
WO-004816,EQ-01754
WO-004816,EQ-01750
WO-004816,EQ-01753
WO-004817,EQ-00361
WO-004817,EQ-00366
WO-004817,EQ-00364
WO-004818,EQ-00237
WO-004818,EQ-00243
WO-004819,EQ-00181
WO-004820,EQ-03306
WO-004821,EQ-02472
WO-004821,EQ-02473
WO-004821,EQ-02468
WO-004822,EQ-00369
WO-004822,EQ-00376
WO-004823,EQ-02298
WO-004824,EQ-00775
WO-004825,EQ-01213
WO-004826,EQ-00032
WO-004827,EQ-03259
WO-004827,EQ-03260
WO-004827,EQ-03264
WO-004828,EQ-00475
WO-004828,EQ-00476
WO-004828,EQ-00478
WO-004829,EQ-02480
WO-004829,EQ-02484
WO-004829,EQ-02483
WO-004829,EQ-02481
WO-004830,EQ-01676
WO-004831,EQ-03621
WO-004831,EQ-03618
WO-004831,EQ-03622
WO-004832,EQ-03261
WO-004832,EQ-03265
WO-004832,EQ-03259
WO-004832,EQ-03263
WO-004833,EQ-00686
WO-004834,EQ-03453
WO-004834,EQ-03452
WO-004835,EQ-02544
WO-004835,EQ-02545
WO-004835,EQ-02546
WO-004836,EQ-01968
WO-004836,EQ-01966
WO-004836,EQ-01971
WO-004836,EQ-01964
WO-004837,EQ-00432
WO-004837,EQ-00434
WO-004838,EQ-03158
WO-004839,EQ-03161
WO-004840,EQ-00755
WO-004840,EQ-00752
WO-004841,EQ-02670
WO-004841,EQ-02672
WO-004842,EQ-03047
WO-004842,EQ-03046
WO-004842,EQ-03048
WO-004843,EQ-02864
WO-004843,EQ-02856
WO-004844,EQ-01737
WO-004844,EQ-01736
WO-004845,EQ-02308
WO-004845,EQ-02309
WO-004845,EQ-02310
WO-004846,EQ-01474
WO-004847,EQ-03159
WO-004847,EQ-03157
WO-004848,EQ-00418
WO-004848,EQ-00420
WO-004848,EQ-00421
WO-004849,EQ-02403
WO-004850,EQ-01842
WO-004851,EQ-02496
WO-004852,EQ-01105
WO-004852,EQ-01110
WO-004853,EQ-00177
WO-004853,EQ-00178
WO-004854,EQ-01323
WO-004855,EQ-01163
WO-004855,EQ-01164
WO-004856,EQ-02219
WO-004857,EQ-03407
WO-004857,EQ-03411
WO-004857,EQ-03409
WO-004857,EQ-03410
WO-004858,EQ-02163
WO-004858,EQ-02156
WO-004859,EQ-00339
WO-004859,EQ-00341
WO-004860,EQ-01405
WO-004861,EQ-01590
WO-004862,EQ-00493
WO-004863,EQ-00499
WO-004863,EQ-00502
WO-004863,EQ-00501
WO-004864,EQ-01340
WO-004865,EQ-02761
WO-004865,EQ-02764
WO-004865,EQ-02763
WO-004866,EQ-00263
WO-004867,EQ-01039
WO-004868,EQ-02364
WO-004868,EQ-02363
WO-004869,EQ-01261
WO-004870,EQ-02971
WO-004871,EQ-00631
WO-004872,EQ-01516
WO-004872,EQ-01520
WO-004872,EQ-01517
WO-004873,EQ-01459
WO-004873,EQ-01461
WO-004873,EQ-01462
WO-004874,EQ-00242
WO-004875,EQ-02014
WO-004876,EQ-02374
WO-004877,EQ-03117
WO-004878,EQ-02638
WO-004879,EQ-02747
WO-004879,EQ-02745
WO-004879,EQ-02746
WO-004880,EQ-02014
WO-004880,EQ-02009
WO-004880,EQ-02016
WO-004880,EQ-02015
WO-004881,EQ-01816
WO-004882,EQ-01148
WO-004882,EQ-01151
WO-004883,EQ-00756
WO-004883,EQ-00750
WO-004883,EQ-00755
WO-004883,EQ-00752
WO-004884,EQ-01840
WO-004885,EQ-00161
WO-004886,EQ-01885
WO-004886,EQ-01884
WO-004887,EQ-01375
WO-004887,EQ-01373
WO-004888,EQ-00356
WO-004888,EQ-00359
WO-004889,EQ-00740
WO-004890,EQ-01186
WO-004890,EQ-01190
WO-004891,EQ-01825
WO-004891,EQ-01821
WO-004892,EQ-02000
WO-004893,EQ-02714
WO-004893,EQ-02711
WO-004894,EQ-03318
WO-004895,EQ-00166
WO-004896,EQ-03298
WO-004896,EQ-03294
WO-004897,EQ-02908
WO-004898,EQ-03544
WO-004899,EQ-02643
WO-004900,EQ-02358
WO-004901,EQ-01518
WO-004902,EQ-03571
WO-004902,EQ-03580
WO-004903,EQ-01847
WO-004903,EQ-01851
WO-004904,EQ-00875
WO-004904,EQ-00874
WO-004905,EQ-01631
WO-004906,EQ-00803
WO-004906,EQ-00800
WO-004907,EQ-02282
WO-004908,EQ-03454
WO-004909,EQ-00181
WO-004910,EQ-03296
WO-004910,EQ-03294
WO-004911,EQ-02115
WO-004911,EQ-02116
WO-004912,EQ-02099
WO-004912,EQ-02097
WO-004912,EQ-02102
WO-004913,EQ-02844
WO-004914,EQ-00324
WO-004914,EQ-00326
WO-004914,EQ-00327
WO-004914,EQ-00323
WO-004915,EQ-03134
WO-004915,EQ-03132
WO-004915,EQ-03130
WO-004916,EQ-02102
WO-004917,EQ-01051
WO-004917,EQ-01052
WO-004918,EQ-01396
WO-004918,EQ-01393
WO-004919,EQ-02618
WO-004919,EQ-02619
WO-004919,EQ-02620
WO-004920,EQ-00510
WO-004921,EQ-01474
WO-004921,EQ-01473
WO-004922,EQ-03212
WO-004923,EQ-02150
WO-004924,EQ-00324
WO-004924,EQ-00325
WO-004924,EQ-00327
WO-004924,EQ-00326
WO-004925,EQ-00877
WO-004926,EQ-02953
WO-004927,EQ-00271
WO-004928,EQ-02784
WO-004929,EQ-01051
WO-004930,EQ-03618
WO-004931,EQ-02407
WO-004931,EQ-02405
WO-004931,EQ-02412
WO-004932,EQ-01083
WO-004932,EQ-01082
WO-004932,EQ-01086
WO-004933,EQ-00063
WO-004934,EQ-02154
WO-004935,EQ-01791
WO-004935,EQ-01790
WO-004936,EQ-01335
WO-004937,EQ-00494
WO-004937,EQ-00495
WO-004938,EQ-00304
WO-004938,EQ-00303
WO-004938,EQ-00301
WO-004939,EQ-01813
WO-004940,EQ-01012
WO-004941,EQ-00689
WO-004941,EQ-00687
WO-004942,EQ-02469
WO-004943,EQ-02674
WO-004943,EQ-02683
WO-004944,EQ-02016
WO-004944,EQ-02010
WO-004944,EQ-02014
WO-004944,EQ-02009
WO-004945,EQ-03600
WO-004946,EQ-01782
WO-004947,EQ-01798
WO-004947,EQ-01796
WO-004947,EQ-01792
WO-004947,EQ-01795
WO-004948,EQ-01687
WO-004948,EQ-01689
WO-004948,EQ-01690
WO-004949,EQ-03266
WO-004949,EQ-03258
WO-004949,EQ-03265
WO-004949,EQ-03264
WO-004950,EQ-02179
WO-004950,EQ-02177
WO-004951,EQ-03368
WO-004952,EQ-00407
WO-004953,EQ-02327
WO-004954,EQ-01886
WO-004955,EQ-01644
WO-004955,EQ-01648
WO-004956,EQ-00924
WO-004957,EQ-02599
WO-004958,EQ-02432
WO-004958,EQ-02430
WO-004959,EQ-00976
WO-004960,EQ-02515
WO-004960,EQ-02512
WO-004960,EQ-02510
WO-004960,EQ-02514
WO-004961,EQ-02722
WO-004961,EQ-02717
WO-004961,EQ-02716
WO-004961,EQ-02725
WO-004962,EQ-00810
WO-004962,EQ-00811
WO-004962,EQ-00807
WO-004962,EQ-00808
WO-004963,EQ-00177
WO-004963,EQ-00178
WO-004964,EQ-01081
WO-004964,EQ-01073
WO-004964,EQ-01077
WO-004964,EQ-01076
WO-004965,EQ-02527
WO-004965,EQ-02521
WO-004966,EQ-00183
WO-004967,EQ-01485
WO-004967,EQ-01486
WO-004968,EQ-03474
WO-004969,EQ-00807
WO-004970,EQ-03483
WO-004971,EQ-02382
WO-004971,EQ-02381
WO-004972,EQ-00679
WO-004973,EQ-00886
WO-004973,EQ-00892
WO-004973,EQ-00884
WO-004973,EQ-00891
WO-004974,EQ-03482
WO-004974,EQ-03481
WO-004975,EQ-00420
WO-004976,EQ-01394
WO-004977,EQ-00707
WO-004977,EQ-00700
WO-004977,EQ-00701
WO-004977,EQ-00702
WO-004978,EQ-01149
WO-004978,EQ-01148
WO-004978,EQ-01154
WO-004979,EQ-01257
WO-004980,EQ-02426
WO-004980,EQ-02425
WO-004981,EQ-00379
WO-004981,EQ-00377
WO-004981,EQ-00380
WO-004981,EQ-00378
WO-004982,EQ-03455
WO-004982,EQ-03458
WO-004982,EQ-03456
WO-004983,EQ-03188
WO-004984,EQ-00455
WO-004984,EQ-00457
WO-004984,EQ-00456
WO-004985,EQ-00617
WO-004985,EQ-00616
WO-004985,EQ-00613
WO-004985,EQ-00612
WO-004986,EQ-02358
WO-004987,EQ-03403
WO-004988,EQ-01267
WO-004989,EQ-00753
WO-004990,EQ-00989
WO-004991,EQ-00537
WO-004992,EQ-03423
WO-004993,EQ-02281
WO-004993,EQ-02280
WO-004994,EQ-02039
WO-004994,EQ-02030
WO-004994,EQ-02038
WO-004994,EQ-02036
WO-004995,EQ-03158
WO-004995,EQ-03162
WO-004996,EQ-01826
WO-004997,EQ-03452
WO-004998,EQ-01842
WO-004999,EQ-02920
WO-005000,EQ-00435
WO-005000,EQ-00430
WO-005001,EQ-02951
WO-005002,EQ-01759
WO-005002,EQ-01757
WO-005002,EQ-01758
WO-005002,EQ-01755
WO-005003,EQ-03248
WO-005003,EQ-03250
WO-005003,EQ-03252
WO-005004,EQ-01955
WO-005005,EQ-02835
WO-005006,EQ-00108
WO-005007,EQ-02714
WO-005007,EQ-02707
WO-005008,EQ-00493
WO-005009,EQ-02986
WO-005010,EQ-00708
WO-005010,EQ-00709
WO-005011,EQ-03239
WO-005012,EQ-02042
WO-005013,EQ-03079
WO-005013,EQ-03081
WO-005013,EQ-03080
WO-005014,EQ-03432
WO-005014,EQ-03433
WO-005015,EQ-02594
WO-005016,EQ-00703
WO-005017,EQ-00936
WO-005018,EQ-02493
WO-005019,EQ-00908
WO-005019,EQ-00907
WO-005019,EQ-00910
WO-005020,EQ-02223
WO-005021,EQ-00169
WO-005021,EQ-00170
WO-005021,EQ-00163
WO-005022,EQ-01373
WO-005022,EQ-01377
WO-005022,EQ-01372
WO-005022,EQ-01374
WO-005023,EQ-02558
WO-005024,EQ-00982
WO-005024,EQ-00985
WO-005025,EQ-02508
WO-005025,EQ-02502
WO-005026,EQ-00713
WO-005027,EQ-00615
WO-005028,EQ-02203
WO-005028,EQ-02201
WO-005029,EQ-01444
WO-005030,EQ-01321
WO-005030,EQ-01320
WO-005031,EQ-03509
WO-005032,EQ-00629
WO-005033,EQ-02181
WO-005034,EQ-01251
WO-005034,EQ-01252
WO-005035,EQ-00020
WO-005035,EQ-00017
WO-005035,EQ-00016
WO-005035,EQ-00014
WO-005036,EQ-02385
WO-005036,EQ-02392
WO-005036,EQ-02391
WO-005036,EQ-02393
WO-005037,EQ-01857
WO-005037,EQ-01859
WO-005037,EQ-01864
WO-005037,EQ-01855
WO-005038,EQ-01682
WO-005038,EQ-01683
WO-005039,EQ-02663
WO-005040,EQ-01761
WO-005041,EQ-01755
WO-005042,EQ-02016
WO-005043,EQ-03419
WO-005043,EQ-03420
WO-005044,EQ-02344
WO-005045,EQ-01829
WO-005046,EQ-03484
WO-005047,EQ-02054
WO-005048,EQ-02437
WO-005048,EQ-02433
WO-005049,EQ-00267
WO-005050,EQ-01173
WO-005050,EQ-01177
WO-005051,EQ-00412
WO-005051,EQ-00403
WO-005052,EQ-02863
WO-005052,EQ-02858
WO-005053,EQ-03056
WO-005054,EQ-01363
WO-005055,EQ-03094
WO-005056,EQ-02428
WO-005057,EQ-01782
WO-005057,EQ-01783
WO-005058,EQ-03223
WO-005058,EQ-03224
WO-005058,EQ-03225
WO-005059,EQ-01778
WO-005059,EQ-01774
WO-005060,EQ-03081
WO-005061,EQ-02672
WO-005062,EQ-01780
WO-005063,EQ-03430
WO-005063,EQ-03431
WO-005064,EQ-02936
WO-005065,EQ-03593
WO-005065,EQ-03587
WO-005066,EQ-03150
WO-005067,EQ-00749
WO-005068,EQ-02649
WO-005069,EQ-00456
WO-005069,EQ-00455
WO-005069,EQ-00458
WO-005069,EQ-00457
WO-005070,EQ-00908
WO-005071,EQ-02353
WO-005071,EQ-02352
WO-005072,EQ-02102
WO-005073,EQ-01468
WO-005074,EQ-01470
WO-005075,EQ-01317
WO-005075,EQ-01316
WO-005075,EQ-01315
WO-005075,EQ-01313
WO-005076,EQ-02845
WO-005076,EQ-02846
WO-005076,EQ-02844
WO-005077,EQ-02551
WO-005077,EQ-02549
WO-005078,EQ-01046
WO-005078,EQ-01047
WO-005079,EQ-00766
WO-005080,EQ-03597
WO-005080,EQ-03596
WO-005080,EQ-03598
WO-005081,EQ-01358
WO-005082,EQ-02045
WO-005082,EQ-02046
WO-005083,EQ-02598
WO-005084,EQ-01748
WO-005084,EQ-01746
WO-005085,EQ-02113
WO-005086,EQ-03551
WO-005086,EQ-03547
WO-005086,EQ-03544
WO-005086,EQ-03550
WO-005087,EQ-00238
WO-005087,EQ-00234
WO-005087,EQ-00241
WO-005088,EQ-02889
WO-005089,EQ-02262
WO-005090,EQ-00051
WO-005090,EQ-00048
WO-005090,EQ-00053
WO-005091,EQ-01736
WO-005092,EQ-00937
WO-005093,EQ-01451
WO-005094,EQ-01898
WO-005095,EQ-02211
WO-005095,EQ-02210
WO-005095,EQ-02209
WO-005095,EQ-02215
WO-005096,EQ-01402
WO-005096,EQ-01407
WO-005096,EQ-01401
WO-005096,EQ-01408
WO-005097,EQ-02506
WO-005098,EQ-03442
WO-005099,EQ-02810
WO-005099,EQ-02809
WO-005099,EQ-02813
WO-005100,EQ-00428
WO-005100,EQ-00426
WO-005100,EQ-00423
WO-005100,EQ-00425
WO-005101,EQ-02048
WO-005102,EQ-03419
WO-005102,EQ-03420
WO-005103,EQ-00882
WO-005103,EQ-00881
WO-005104,EQ-02176
WO-005104,EQ-02175
WO-005105,EQ-02321
WO-005106,EQ-01073
WO-005106,EQ-01076
WO-005107,EQ-02975
WO-005107,EQ-02976
WO-005108,EQ-01775
WO-005108,EQ-01774
WO-005108,EQ-01777
WO-005109,EQ-00177
WO-005109,EQ-00178
WO-005110,EQ-02992
WO-005110,EQ-02990
WO-005111,EQ-01229
WO-005111,EQ-01230
WO-005112,EQ-02873
WO-005112,EQ-02869
WO-005112,EQ-02865
WO-005113,EQ-01351
WO-005113,EQ-01349
WO-005113,EQ-01346
WO-005113,EQ-01345
WO-005114,EQ-00232
WO-005115,EQ-03142
WO-005115,EQ-03148
WO-005115,EQ-03143
WO-005116,EQ-00006
WO-005116,EQ-00009
WO-005116,EQ-00003
WO-005117,EQ-03068
WO-005117,EQ-03071
WO-005118,EQ-01858
WO-005119,EQ-03433
WO-005119,EQ-03432
WO-005120,EQ-02584
WO-005121,EQ-00562
WO-005122,EQ-00105
WO-005122,EQ-00107
WO-005122,EQ-00106
WO-005123,EQ-00709
WO-005124,EQ-02352
WO-005124,EQ-02353
WO-005125,EQ-00184
WO-005125,EQ-00187
WO-005126,EQ-03395
WO-005126,EQ-03402
WO-005127,EQ-03171
WO-005128,EQ-01509
WO-005128,EQ-01513
WO-005129,EQ-03616
WO-005130,EQ-02653
WO-005131,EQ-00982
WO-005131,EQ-00985
WO-005132,EQ-03547
WO-005132,EQ-03543
WO-005133,EQ-00994
WO-005133,EQ-00989
WO-005134,EQ-01502
WO-005135,EQ-02627
WO-005136,EQ-02176
WO-005136,EQ-02175
WO-005137,EQ-00599
WO-005137,EQ-00601
WO-005138,EQ-03078
WO-005139,EQ-01464
WO-005140,EQ-00610
WO-005140,EQ-00611
WO-005140,EQ-00609
WO-005141,EQ-01202
WO-005141,EQ-01201
WO-005142,EQ-02954
WO-005143,EQ-01791
WO-005143,EQ-01790
WO-005144,EQ-00429
WO-005145,EQ-00748
WO-005145,EQ-00749
WO-005146,EQ-01696
WO-005147,EQ-02820
WO-005147,EQ-02823
WO-005147,EQ-02816
WO-005148,EQ-00376
WO-005148,EQ-00368
WO-005148,EQ-00369
WO-005149,EQ-00530
WO-005150,EQ-00115
WO-005151,EQ-00801
WO-005151,EQ-00800
WO-005152,EQ-01522
WO-005153,EQ-01783
WO-005154,EQ-02685
WO-005154,EQ-02687
WO-005155,EQ-01547
WO-005155,EQ-01553
WO-005155,EQ-01546
WO-005156,EQ-01371
WO-005157,EQ-01928
WO-005157,EQ-01927
WO-005157,EQ-01925
WO-005158,EQ-01874
WO-005158,EQ-01870
WO-005158,EQ-01873
WO-005158,EQ-01875
WO-005159,EQ-01496
WO-005160,EQ-00949
WO-005160,EQ-00955
WO-005160,EQ-00952
WO-005161,EQ-03602
WO-005162,EQ-01301
WO-005163,EQ-01544
WO-005164,EQ-03485
WO-005164,EQ-03486
WO-005165,EQ-00284
WO-005166,EQ-02519
WO-005167,EQ-03087
WO-005168,EQ-03251
WO-005168,EQ-03252
WO-005168,EQ-03249
WO-005169,EQ-00097
WO-005170,EQ-03473
WO-005170,EQ-03479
WO-005171,EQ-01863
WO-005171,EQ-01860
WO-005171,EQ-01862
WO-005172,EQ-00195
WO-005173,EQ-00855
WO-005173,EQ-00856
WO-005173,EQ-00851
WO-005173,EQ-00852
WO-005174,EQ-02175
WO-005174,EQ-02176
WO-005175,EQ-00464
WO-005176,EQ-00512
WO-005176,EQ-00504
WO-005177,EQ-01478
WO-005177,EQ-01482
WO-005177,EQ-01483
WO-005178,EQ-01013
WO-005179,EQ-01953
WO-005180,EQ-03012
WO-005180,EQ-03014
WO-005181,EQ-00748
WO-005182,EQ-02457
WO-005182,EQ-02458
WO-005182,EQ-02455
WO-005183,EQ-02005
WO-005183,EQ-02006
WO-005183,EQ-02004
WO-005184,EQ-02556
WO-005184,EQ-02555
WO-005184,EQ-02558
WO-005185,EQ-01012
WO-005185,EQ-01013
WO-005186,EQ-01714
WO-005187,EQ-00831
WO-005188,EQ-02155
WO-005189,EQ-00877
WO-005189,EQ-00880
WO-005190,EQ-00888
WO-005191,EQ-03404
WO-005192,EQ-00508
WO-005193,EQ-03436
WO-005193,EQ-03444
WO-005193,EQ-03443
WO-005193,EQ-03441
WO-005194,EQ-00062
WO-005195,EQ-01358
WO-005196,EQ-01085
WO-005197,EQ-02975
WO-005198,EQ-01989
WO-005198,EQ-01993
WO-005198,EQ-01994
WO-005199,EQ-03518
WO-005199,EQ-03520
WO-005199,EQ-03521
WO-005199,EQ-03516
WO-005200,EQ-03596
WO-005200,EQ-03597
WO-005201,EQ-00612
WO-005201,EQ-00617
WO-005201,EQ-00613
WO-005202,EQ-03062
WO-005202,EQ-03061
WO-005203,EQ-00585
WO-005204,EQ-00070
WO-005205,EQ-01882
WO-005205,EQ-01878
WO-005206,EQ-01228
WO-005207,EQ-03575
WO-005208,EQ-01717
WO-005209,EQ-03178
WO-005209,EQ-03181
WO-005209,EQ-03177
WO-005209,EQ-03183
WO-005210,EQ-01646
WO-005210,EQ-01642
WO-005211,EQ-00304
WO-005211,EQ-00300
WO-005212,EQ-03261
WO-005212,EQ-03265
WO-005213,EQ-01554
WO-005213,EQ-01550
WO-005214,EQ-02066
WO-005215,EQ-00774
WO-005215,EQ-00773
WO-005216,EQ-00060
WO-005216,EQ-00062
WO-005216,EQ-00061
WO-005217,EQ-01420
WO-005218,EQ-00134
WO-005219,EQ-01678
WO-005220,EQ-00481
WO-005221,EQ-00427
WO-005222,EQ-02580
WO-005223,EQ-02373
WO-005223,EQ-02372
WO-005223,EQ-02377
WO-005223,EQ-02376
WO-005224,EQ-00310
WO-005224,EQ-00307
WO-005225,EQ-02853
WO-005226,EQ-01968
WO-005227,EQ-01185
WO-005228,EQ-01536
WO-005228,EQ-01529
WO-005228,EQ-01530
WO-005229,EQ-03289
WO-005229,EQ-03290
WO-005230,EQ-00051
WO-005231,EQ-03557
WO-005232,EQ-00968
WO-005233,EQ-00012
WO-005234,EQ-03017
WO-005234,EQ-03022
WO-005235,EQ-02314
WO-005235,EQ-02313
WO-005235,EQ-02315
WO-005236,EQ-00609
WO-005236,EQ-00610
WO-005237,EQ-03239
WO-005238,EQ-02256
WO-005239,EQ-02772
WO-005239,EQ-02771
WO-005240,EQ-02294
WO-005240,EQ-02297
WO-005241,EQ-00749
WO-005242,EQ-02492
WO-005243,EQ-00719
WO-005244,EQ-01241
WO-005244,EQ-01244
WO-005244,EQ-01247
WO-005244,EQ-01245
WO-005245,EQ-01121
WO-005246,EQ-01416
WO-005246,EQ-01415
WO-005247,EQ-01826
WO-005247,EQ-01828
WO-005247,EQ-01827
WO-005248,EQ-01459
WO-005249,EQ-00608
WO-005250,EQ-00038
WO-005251,EQ-01498
WO-005252,EQ-03598
WO-005253,EQ-03419
WO-005253,EQ-03418
WO-005254,EQ-00457
WO-005255,EQ-00391
WO-005255,EQ-00390
WO-005256,EQ-00622
WO-005256,EQ-00619
WO-005257,EQ-02427
WO-005258,EQ-01804
WO-005259,EQ-03321
WO-005260,EQ-00378
WO-005261,EQ-00285
WO-005261,EQ-00289
WO-005261,EQ-00284
WO-005262,EQ-00506
WO-005263,EQ-02666
WO-005263,EQ-02660
WO-005264,EQ-00826
WO-005264,EQ-00827
WO-005264,EQ-00828
WO-005265,EQ-02493
WO-005266,EQ-02200
WO-005266,EQ-02203
WO-005266,EQ-02205
WO-005267,EQ-02647
WO-005268,EQ-02454
WO-005269,EQ-00278
WO-005269,EQ-00275
WO-005270,EQ-01164
WO-005271,EQ-03026
WO-005271,EQ-03029
WO-005271,EQ-03024
WO-005272,EQ-01681
WO-005273,EQ-02955
WO-005274,EQ-00685
WO-005274,EQ-00681
WO-005274,EQ-00679
WO-005275,EQ-01674
WO-005276,EQ-02538
WO-005277,EQ-02148
WO-005277,EQ-02147
WO-005277,EQ-02143
WO-005277,EQ-02142
WO-005278,EQ-00936
WO-005279,EQ-00073
WO-005280,EQ-02276
WO-005280,EQ-02278
WO-005280,EQ-02277
WO-005281,EQ-02181
WO-005281,EQ-02180
WO-005282,EQ-03374
WO-005282,EQ-03379
WO-005283,EQ-00736
WO-005283,EQ-00733
WO-005284,EQ-00985
WO-005285,EQ-02520
WO-005286,EQ-02891
WO-005287,EQ-02493
WO-005288,EQ-03389
WO-005289,EQ-01615
WO-005290,EQ-03224
WO-005290,EQ-03223
WO-005291,EQ-00700
WO-005291,EQ-00706
WO-005292,EQ-00780
WO-005292,EQ-00786
WO-005293,EQ-00322
WO-005294,EQ-02271
WO-005295,EQ-00035
WO-005296,EQ-00135
WO-005297,EQ-01118
WO-005297,EQ-01114
WO-005297,EQ-01115
WO-005297,EQ-01123
WO-005298,EQ-00225
WO-005298,EQ-00228
WO-005299,EQ-01678
WO-005300,EQ-02443
WO-005300,EQ-02442
WO-005300,EQ-02440
WO-005300,EQ-02436
WO-005301,EQ-00092
WO-005301,EQ-00093
WO-005301,EQ-00094
WO-005302,EQ-02700
WO-005303,EQ-02085
WO-005303,EQ-02087
WO-005304,EQ-00057
WO-005304,EQ-00056
WO-005304,EQ-00058
WO-005305,EQ-00291
WO-005306,EQ-03570
WO-005306,EQ-03571
WO-005307,EQ-02511
WO-005307,EQ-02514
WO-005307,EQ-02510
WO-005308,EQ-02261
WO-005309,EQ-01840
WO-005310,EQ-01390
WO-005310,EQ-01389
WO-005311,EQ-02509
WO-005311,EQ-02508
WO-005311,EQ-02507
WO-005312,EQ-02273
WO-005312,EQ-02271
WO-005312,EQ-02272
WO-005313,EQ-01685
WO-005313,EQ-01684
WO-005314,EQ-01573
WO-005315,EQ-00843
WO-005316,EQ-02726
WO-005317,EQ-01820
WO-005317,EQ-01814
WO-005317,EQ-01816
WO-005317,EQ-01819
WO-005318,EQ-01486
WO-005318,EQ-01487
WO-005318,EQ-01485
WO-005319,EQ-00208
WO-005320,EQ-02688
WO-005320,EQ-02686
WO-005320,EQ-02685
WO-005321,EQ-03619
WO-005322,EQ-02721
WO-005323,EQ-03119
WO-005323,EQ-03118
WO-005324,EQ-02838
WO-005324,EQ-02837
WO-005325,EQ-02484
WO-005325,EQ-02480
WO-005326,EQ-01470
WO-005326,EQ-01469
WO-005327,EQ-02845
WO-005327,EQ-02846
WO-005328,EQ-00520
WO-005328,EQ-00522
WO-005328,EQ-00516
WO-005329,EQ-00672
WO-005329,EQ-00669
WO-005330,EQ-02827
WO-005331,EQ-00079
WO-005331,EQ-00073
WO-005331,EQ-00081
WO-005331,EQ-00077
WO-005332,EQ-03153
WO-005332,EQ-03151
WO-005333,EQ-02619
WO-005334,EQ-00056
WO-005334,EQ-00057
WO-005335,EQ-01918
WO-005335,EQ-01917
WO-005336,EQ-03393
WO-005336,EQ-03392
WO-005337,EQ-01381
WO-005338,EQ-00090
WO-005339,EQ-02111
WO-005340,EQ-01568
WO-005341,EQ-02268
WO-005342,EQ-01230
WO-005343,EQ-03319
WO-005343,EQ-03321
WO-005343,EQ-03318
WO-005343,EQ-03322
WO-005344,EQ-01828
WO-005344,EQ-01827
WO-005345,EQ-02545
WO-005345,EQ-02544
WO-005345,EQ-02546
WO-005346,EQ-00690
WO-005346,EQ-00691
WO-005347,EQ-02341
WO-005348,EQ-02832
WO-005349,EQ-03626
WO-005349,EQ-03630
WO-005350,EQ-02589
WO-005350,EQ-02585
WO-005350,EQ-02587
WO-005351,EQ-00063
WO-005352,EQ-02832
WO-005353,EQ-03402
WO-005353,EQ-03399
WO-005354,EQ-03418
WO-005354,EQ-03419
WO-005355,EQ-03452
WO-005356,EQ-00968
WO-005357,EQ-03210
WO-005357,EQ-03211
WO-005358,EQ-02532
WO-005358,EQ-02533
WO-005359,EQ-02516
WO-005359,EQ-02517
WO-005360,EQ-00627
WO-005360,EQ-00629
WO-005360,EQ-00626
WO-005360,EQ-00628
WO-005361,EQ-00832
WO-005361,EQ-00831
WO-005362,EQ-01586
WO-005362,EQ-01585
WO-005362,EQ-01587
WO-005363,EQ-00153
WO-005364,EQ-02066
WO-005364,EQ-02068
WO-005365,EQ-03607
WO-005366,EQ-02598
WO-005366,EQ-02599
WO-005366,EQ-02597
WO-005367,EQ-00571
WO-005368,EQ-01086
WO-005369,EQ-02503
WO-005369,EQ-02507
WO-005369,EQ-02504
WO-005369,EQ-02508
WO-005370,EQ-00418
WO-005370,EQ-00420
WO-005371,EQ-02457
WO-005371,EQ-02454
WO-005371,EQ-02455
WO-005372,EQ-03213
WO-005373,EQ-00277
WO-005374,EQ-02838
WO-005375,EQ-00197
WO-005375,EQ-00198
WO-005376,EQ-03188
WO-005377,EQ-02789
WO-005377,EQ-02795
WO-005377,EQ-02793
WO-005377,EQ-02794
WO-005378,EQ-03431
WO-005378,EQ-03430
WO-005379,EQ-01689
WO-005379,EQ-01695
WO-005380,EQ-03580
WO-005380,EQ-03574
WO-005381,EQ-02924
WO-005381,EQ-02926
WO-005382,EQ-00073
WO-005383,EQ-00667
WO-005383,EQ-00664
WO-005384,EQ-02339
WO-005385,EQ-02825
WO-005386,EQ-00011
WO-005387,EQ-00454
WO-005388,EQ-02412
WO-005389,EQ-03567
WO-005390,EQ-03433
WO-005390,EQ-03432
WO-005391,EQ-01072
WO-005392,EQ-02699
WO-005393,EQ-03602
WO-005394,EQ-02993
WO-005395,EQ-03361
WO-005396,EQ-03432
WO-005396,EQ-03433
WO-005397,EQ-03417
WO-005398,EQ-02396
WO-005398,EQ-02401
WO-005399,EQ-02504
WO-005399,EQ-02507
WO-005400,EQ-02845
WO-005400,EQ-02844
WO-005401,EQ-03357
WO-005402,EQ-01753
WO-005403,EQ-03277
WO-005403,EQ-03279
WO-005404,EQ-00073
WO-005405,EQ-01222
WO-005406,EQ-03309
WO-005407,EQ-02806
WO-005408,EQ-00188
WO-005408,EQ-00189
WO-005409,EQ-02128
WO-005410,EQ-01956
WO-005411,EQ-02430
WO-005411,EQ-02432
WO-005412,EQ-01843
WO-005412,EQ-01842
WO-005413,EQ-01569
WO-005413,EQ-01568
WO-005414,EQ-01311
WO-005414,EQ-01310
WO-005414,EQ-01309
WO-005414,EQ-01312
WO-005415,EQ-00297
WO-005416,EQ-00277
WO-005417,EQ-03630
WO-005417,EQ-03631
WO-005417,EQ-03632
WO-005418,EQ-00382
WO-005418,EQ-00388
WO-005418,EQ-00385
WO-005418,EQ-00384
WO-005419,EQ-02759
WO-005419,EQ-02750
WO-005420,EQ-01514
WO-005420,EQ-01524
WO-005420,EQ-01518
WO-005420,EQ-01525
WO-005421,EQ-01311
WO-005422,EQ-01410
WO-005422,EQ-01413
WO-005423,EQ-01686
WO-005424,EQ-01187
WO-005424,EQ-01191
WO-005424,EQ-01189
WO-005424,EQ-01190
WO-005425,EQ-01627
WO-005425,EQ-01628
WO-005425,EQ-01626
WO-005425,EQ-01623
WO-005426,EQ-01443
WO-005427,EQ-01219
WO-005428,EQ-03610
WO-005428,EQ-03612
WO-005429,EQ-01333
WO-005430,EQ-01308
WO-005430,EQ-01304
WO-005430,EQ-01306
WO-005430,EQ-01307
WO-005431,EQ-01753
WO-005431,EQ-01751
WO-005431,EQ-01754
WO-005432,EQ-03319
WO-005433,EQ-00121
WO-005434,EQ-02204
WO-005434,EQ-02200
WO-005434,EQ-02205
WO-005435,EQ-01022
WO-005435,EQ-01025
WO-005436,EQ-00469
WO-005437,EQ-00274
WO-005438,EQ-03081
WO-005439,EQ-00271
WO-005439,EQ-00270
WO-005439,EQ-00273
WO-005440,EQ-01617
WO-005441,EQ-03235
WO-005441,EQ-03236
WO-005441,EQ-03237
WO-005442,EQ-02370
WO-005443,EQ-03515
WO-005444,EQ-01799
WO-005444,EQ-01795
WO-005444,EQ-01797
WO-005445,EQ-02008
WO-005445,EQ-02007
WO-005446,EQ-00888
WO-005447,EQ-01181
WO-005447,EQ-01184
WO-005448,EQ-03455
WO-005449,EQ-00704
WO-005449,EQ-00703
WO-005450,EQ-02212
WO-005450,EQ-02211
WO-005451,EQ-00129
WO-005451,EQ-00128
WO-005451,EQ-00130
WO-005452,EQ-00824
WO-005453,EQ-03292
WO-005453,EQ-03291
WO-005453,EQ-03293
WO-005454,EQ-02943
WO-005454,EQ-02948
WO-005454,EQ-02944
WO-005454,EQ-02952
WO-005455,EQ-02942
WO-005456,EQ-02028
WO-005457,EQ-02613
WO-005457,EQ-02611
WO-005457,EQ-02612
WO-005457,EQ-02614
WO-005458,EQ-01503
WO-005459,EQ-01098
WO-005460,EQ-02114
WO-005460,EQ-02113
WO-005461,EQ-02289
WO-005462,EQ-00649
WO-005463,EQ-00120
WO-005464,EQ-02281
WO-005464,EQ-02280
WO-005465,EQ-02213
WO-005465,EQ-02212
WO-005466,EQ-00114
WO-005466,EQ-00112
WO-005466,EQ-00113
WO-005466,EQ-00110
WO-005467,EQ-00767
WO-005467,EQ-00772
WO-005468,EQ-02593
WO-005468,EQ-02594
WO-005469,EQ-00616
WO-005469,EQ-00612
WO-005469,EQ-00614
WO-005470,EQ-01799
WO-005470,EQ-01794
WO-005470,EQ-01798
WO-005471,EQ-00441
WO-005471,EQ-00438
WO-005472,EQ-02844
WO-005473,EQ-02347
WO-005473,EQ-02348
WO-005474,EQ-03630
WO-005475,EQ-03404
WO-005475,EQ-03405
WO-005475,EQ-03403
WO-005476,EQ-02941
WO-005476,EQ-02940
WO-005476,EQ-02939
WO-005477,EQ-01805
WO-005478,EQ-01230
WO-005478,EQ-01229
WO-005479,EQ-00792
WO-005480,EQ-02362
WO-005481,EQ-03156
WO-005481,EQ-03153
WO-005482,EQ-01140
WO-005483,EQ-02811
WO-005484,EQ-00892
WO-005484,EQ-00888
WO-005485,EQ-02235
WO-005485,EQ-02236
WO-005485,EQ-02237
WO-005486,EQ-02358
WO-005487,EQ-02422
WO-005488,EQ-00772
WO-005488,EQ-00768
WO-005488,EQ-00769
WO-005489,EQ-01984
WO-005490,EQ-01139
WO-005491,EQ-02432
WO-005491,EQ-02429
WO-005491,EQ-02431
WO-005492,EQ-00909
WO-005493,EQ-00183
WO-005493,EQ-00180
WO-005493,EQ-00187
WO-005493,EQ-00184
WO-005494,EQ-02124
WO-005494,EQ-02127
WO-005495,EQ-02712
WO-005495,EQ-02709
WO-005495,EQ-02706
WO-005495,EQ-02704
WO-005496,EQ-02517
WO-005496,EQ-02516
WO-005497,EQ-00030
WO-005497,EQ-00029
WO-005498,EQ-00609
WO-005498,EQ-00610
WO-005499,EQ-00130
WO-005500,EQ-03415
WO-005501,EQ-00426
WO-005502,EQ-01894
WO-005502,EQ-01892
WO-005502,EQ-01893
WO-005502,EQ-01897
WO-005503,EQ-02692
WO-005504,EQ-01807
WO-005504,EQ-01810
WO-005504,EQ-01808
WO-005505,EQ-01341
WO-005506,EQ-00952
WO-005506,EQ-00953
WO-005507,EQ-02785
WO-005507,EQ-02784
WO-005508,EQ-01861
WO-005508,EQ-01864
WO-005508,EQ-01855
WO-005508,EQ-01856
WO-005509,EQ-03237
WO-005509,EQ-03236
WO-005510,EQ-02006
WO-005511,EQ-01876
WO-005511,EQ-01877
WO-005512,EQ-02882
WO-005512,EQ-02885
WO-005513,EQ-01882
WO-005514,EQ-00605
WO-005515,EQ-00885
WO-005515,EQ-00887
WO-005515,EQ-00890
WO-005516,EQ-00961
WO-005516,EQ-00965
WO-005516,EQ-00957
WO-005517,EQ-00931
WO-005517,EQ-00927
WO-005517,EQ-00928
WO-005518,EQ-03071
WO-005518,EQ-03067
WO-005518,EQ-03072
WO-005519,EQ-01828
WO-005520,EQ-01779
WO-005520,EQ-01781
WO-005521,EQ-03536
WO-005522,EQ-02768
WO-005522,EQ-02769
WO-005523,EQ-03389
WO-005523,EQ-03383
WO-005524,EQ-00070
WO-005524,EQ-00065
WO-005525,EQ-00934
WO-005526,EQ-02554
WO-005527,EQ-02784
WO-005527,EQ-02785
WO-005528,EQ-00766
WO-005529,EQ-02463
WO-005529,EQ-02461
WO-005529,EQ-02464
WO-005529,EQ-02462
WO-005530,EQ-00056
WO-005530,EQ-00059
WO-005530,EQ-00057
WO-005530,EQ-00058
WO-005531,EQ-00674
WO-005531,EQ-00675
WO-005532,EQ-02982
WO-005532,EQ-02979
WO-005533,EQ-00141
WO-005533,EQ-00147
WO-005534,EQ-00667
WO-005535,EQ-01586
WO-005535,EQ-01587
WO-005535,EQ-01585
WO-005536,EQ-00483
WO-005536,EQ-00481
WO-005536,EQ-00482
WO-005537,EQ-01451
WO-005537,EQ-01452
WO-005538,EQ-03114
WO-005539,EQ-00320
WO-005540,EQ-02004
WO-005540,EQ-02000
WO-005541,EQ-01888
WO-005542,EQ-01746
WO-005542,EQ-01748
WO-005542,EQ-01745
WO-005542,EQ-01747
WO-005543,EQ-00457
WO-005544,EQ-02851
WO-005545,EQ-01455
WO-005546,EQ-03611
WO-005546,EQ-03612
WO-005547,EQ-02127
WO-005548,EQ-01651
WO-005548,EQ-01655
WO-005548,EQ-01659
WO-005549,EQ-00617
WO-005549,EQ-00614
WO-005549,EQ-00613
WO-005550,EQ-01609
WO-005551,EQ-01694
WO-005552,EQ-01604
WO-005552,EQ-01613
WO-005552,EQ-01608
WO-005552,EQ-01612
WO-005553,EQ-00178
WO-005553,EQ-00177
WO-005554,EQ-01388
WO-005555,EQ-00422
WO-005556,EQ-00106
WO-005557,EQ-02496
WO-005558,EQ-01108
WO-005558,EQ-01109
WO-005558,EQ-01105
WO-005559,EQ-02568
WO-005560,EQ-02084
WO-005561,EQ-01446
WO-005562,EQ-00704
WO-005563,EQ-03074
WO-005563,EQ-03076
WO-005564,EQ-01775
WO-005564,EQ-01774
WO-005565,EQ-03265
WO-005566,EQ-01790
WO-005566,EQ-01791
WO-005567,EQ-02219
WO-005568,EQ-02356
WO-005568,EQ-02354
WO-005569,EQ-02048
WO-005570,EQ-02433
WO-005570,EQ-02444
WO-005570,EQ-02435
WO-005570,EQ-02442
WO-005571,EQ-01135
WO-005571,EQ-01138
WO-005572,EQ-03175
WO-005572,EQ-03174
WO-005573,EQ-01166
WO-005573,EQ-01165
WO-005573,EQ-01167
WO-005573,EQ-01171
WO-005574,EQ-00320
WO-005575,EQ-00264
WO-005575,EQ-00263
WO-005576,EQ-01763
WO-005577,EQ-01529
WO-005577,EQ-01535
WO-005577,EQ-01530
WO-005578,EQ-01556
WO-005578,EQ-01560
WO-005578,EQ-01557
WO-005579,EQ-03612
WO-005580,EQ-00424
WO-005581,EQ-01855
WO-005582,EQ-01279
WO-005583,EQ-00650
WO-005583,EQ-00649
WO-005584,EQ-01306
WO-005584,EQ-01304
WO-005584,EQ-01305
WO-005585,EQ-00845
WO-005585,EQ-00841
WO-005586,EQ-02271
WO-005586,EQ-02273
WO-005586,EQ-02270
WO-005586,EQ-02272
WO-005587,EQ-03289
WO-005587,EQ-03290
WO-005588,EQ-00654
WO-005589,EQ-03601
WO-005590,EQ-03277
WO-005591,EQ-02703
WO-005592,EQ-02929
WO-005592,EQ-02932
WO-005592,EQ-02934
WO-005592,EQ-02928
WO-005593,EQ-02609
WO-005594,EQ-02450
WO-005594,EQ-02446
WO-005594,EQ-02452
WO-005595,EQ-01957
WO-005596,EQ-03548
WO-005596,EQ-03550
WO-005596,EQ-03543
WO-005597,EQ-03431
WO-005597,EQ-03430
WO-005598,EQ-01585
WO-005599,EQ-02135
WO-005599,EQ-02141
WO-005599,EQ-02140
WO-005600,EQ-03243
WO-005600,EQ-03240
WO-005600,EQ-03247
WO-005600,EQ-03246
WO-005601,EQ-00933
WO-005601,EQ-00928
WO-005602,EQ-01742
WO-005603,EQ-02560
WO-005604,EQ-00062
WO-005605,EQ-03116
WO-005606,EQ-01088
WO-005607,EQ-01177
WO-005607,EQ-01179
WO-005608,EQ-02645
WO-005608,EQ-02646
WO-005608,EQ-02647
WO-005609,EQ-02071
WO-005609,EQ-02072
WO-005610,EQ-03025
WO-005611,EQ-01200
WO-005612,EQ-02843
WO-005612,EQ-02841
WO-005613,EQ-03070
WO-005614,EQ-01033
WO-005614,EQ-01037
WO-005614,EQ-01026
WO-005614,EQ-01034
WO-005615,EQ-00945
WO-005615,EQ-00938
WO-005615,EQ-00944
WO-005616,EQ-01808
WO-005617,EQ-00492
WO-005617,EQ-00496
WO-005618,EQ-03155
WO-005619,EQ-02356
WO-005619,EQ-02357
WO-005620,EQ-03193
WO-005621,EQ-01310
WO-005621,EQ-01309
WO-005621,EQ-01312
WO-005622,EQ-01700
WO-005622,EQ-01705
WO-005623,EQ-02423
WO-005624,EQ-00610
WO-005625,EQ-02514
WO-005625,EQ-02511
WO-005626,EQ-00318
WO-005626,EQ-00322
WO-005627,EQ-03473
WO-005627,EQ-03478
WO-005627,EQ-03474
WO-005627,EQ-03472
WO-005628,EQ-01586
WO-005628,EQ-01587
WO-005629,EQ-02062
WO-005629,EQ-02057
WO-005630,EQ-01821
WO-005630,EQ-01822
WO-005630,EQ-01825
WO-005630,EQ-01824
WO-005631,EQ-00112
WO-005631,EQ-00114
WO-005631,EQ-00111
WO-005631,EQ-00113
WO-005632,EQ-03368
WO-005633,EQ-00283
WO-005634,EQ-02382
WO-005634,EQ-02381
WO-005635,EQ-01204
WO-005636,EQ-00995
WO-005637,EQ-02965
WO-005638,EQ-01777
WO-005638,EQ-01775
WO-005638,EQ-01774
WO-005638,EQ-01776
WO-005639,EQ-00270
WO-005640,EQ-01130
WO-005641,EQ-01324
WO-005641,EQ-01325
WO-005642,EQ-01940
WO-005643,EQ-02595
WO-005644,EQ-02638
WO-005645,EQ-03412
WO-005646,EQ-03521
WO-005646,EQ-03523
WO-005647,EQ-02493
WO-005647,EQ-02492
WO-005648,EQ-01251
WO-005649,EQ-00325
WO-005650,EQ-01899
WO-005651,EQ-02964
WO-005652,EQ-01172
WO-005653,EQ-00802
WO-005653,EQ-00800
WO-005653,EQ-00803
WO-005654,EQ-02027
WO-005655,EQ-02457
WO-005655,EQ-02454
WO-005656,EQ-01231
WO-005656,EQ-01237
WO-005657,EQ-01636
WO-005658,EQ-01364
WO-005658,EQ-01362
WO-005659,EQ-00422
WO-005660,EQ-02358
WO-005660,EQ-02359
WO-005661,EQ-02829
WO-005662,EQ-01162
WO-005662,EQ-01160
WO-005662,EQ-01161
WO-005663,EQ-01196
WO-005664,EQ-01538
WO-005664,EQ-01545
WO-005664,EQ-01543
WO-005665,EQ-02595
WO-005665,EQ-02593
WO-005665,EQ-02594
WO-005666,EQ-03078
WO-005667,EQ-02518
WO-005668,EQ-02058
WO-005668,EQ-02060
WO-005668,EQ-02052
WO-005669,EQ-01044
WO-005669,EQ-01041
WO-005670,EQ-01359
WO-005670,EQ-01361
WO-005671,EQ-02048
WO-005671,EQ-02049
WO-005671,EQ-02047
WO-005672,EQ-00875
WO-005672,EQ-00870
WO-005672,EQ-00872
WO-005673,EQ-01466
WO-005673,EQ-01464
WO-005674,EQ-02047
WO-005674,EQ-02051
WO-005675,EQ-02218
WO-005675,EQ-02217
WO-005675,EQ-02216
WO-005676,EQ-02818
WO-005677,EQ-03235
WO-005677,EQ-03236
WO-005677,EQ-03237
WO-005678,EQ-00016
WO-005679,EQ-02466
WO-005680,EQ-01350
WO-005680,EQ-01351
WO-005680,EQ-01343
WO-005680,EQ-01347
WO-005681,EQ-01653
WO-005681,EQ-01656
WO-005681,EQ-01652
WO-005682,EQ-02583
WO-005682,EQ-02581
WO-005682,EQ-02579
WO-005682,EQ-02580
WO-005683,EQ-00565
WO-005683,EQ-00562
WO-005684,EQ-02975
WO-005684,EQ-02976
WO-005685,EQ-02836
WO-005685,EQ-02838
WO-005685,EQ-02837
WO-005686,EQ-01487
WO-005686,EQ-01486
WO-005687,EQ-01310
WO-005687,EQ-01311
WO-005687,EQ-01312
WO-005687,EQ-01309
WO-005688,EQ-01981
WO-005689,EQ-01251
WO-005689,EQ-01252
WO-005690,EQ-03129
WO-005691,EQ-01079
WO-005692,EQ-00976
WO-005693,EQ-01882
WO-005693,EQ-01881
WO-005693,EQ-01880
WO-005694,EQ-03273
WO-005694,EQ-03268
WO-005694,EQ-03274
WO-005694,EQ-03269
WO-005695,EQ-00038
WO-005696,EQ-00012
WO-005696,EQ-00011
WO-005697,EQ-00801
WO-005698,EQ-00643
WO-005699,EQ-03285
WO-005699,EQ-03282
WO-005699,EQ-03283
WO-005700,EQ-01066
WO-005700,EQ-01061
WO-005700,EQ-01062
WO-005700,EQ-01067
WO-005701,EQ-02955
WO-005701,EQ-02957
WO-005702,EQ-02356
WO-005703,EQ-01168
WO-005704,EQ-02375
WO-005705,EQ-01922
WO-005706,EQ-02319
WO-005706,EQ-02317
WO-005706,EQ-02318
WO-005706,EQ-02322
WO-005707,EQ-03083
WO-005707,EQ-03080
WO-005707,EQ-03084
WO-005708,EQ-02273
WO-005708,EQ-02270
WO-005708,EQ-02268
WO-005709,EQ-02494
WO-005710,EQ-02206
WO-005711,EQ-03281
WO-005712,EQ-01798
WO-005712,EQ-01793
WO-005713,EQ-00205
WO-005713,EQ-00211
WO-005713,EQ-00209
WO-005714,EQ-02908
WO-005714,EQ-02912
WO-005714,EQ-02913
WO-005714,EQ-02910
WO-005715,EQ-02347
WO-005716,EQ-02429
WO-005717,EQ-03262
WO-005717,EQ-03266
WO-005717,EQ-03260
WO-005717,EQ-03263
WO-005718,EQ-00493
WO-005719,EQ-02359
WO-005720,EQ-01577
WO-005720,EQ-01578
WO-005720,EQ-01576
WO-005721,EQ-02852
WO-005722,EQ-03452
WO-005722,EQ-03453
WO-005723,EQ-00102
WO-005724,EQ-01128
WO-005724,EQ-01127
WO-005725,EQ-02465
WO-005726,EQ-01762
WO-005727,EQ-01075
WO-005728,EQ-00882
WO-005728,EQ-00881
WO-005729,EQ-01804
WO-005729,EQ-01802
WO-005730,EQ-00175
WO-005731,EQ-02413
WO-005731,EQ-02411
WO-005731,EQ-02406
WO-005731,EQ-02414
WO-005732,EQ-01709
WO-005733,EQ-02691
WO-005733,EQ-02690
WO-005733,EQ-02692
WO-005734,EQ-00482
WO-005734,EQ-00481
WO-005735,EQ-01339
WO-005736,EQ-00778
WO-005737,EQ-00379
WO-005738,EQ-02028
WO-005738,EQ-02027
WO-005739,EQ-00013
WO-005740,EQ-00559
WO-005741,EQ-01731
WO-005742,EQ-02517
WO-005743,EQ-02559
WO-005744,EQ-03585
WO-005744,EQ-03586
WO-005744,EQ-03583
WO-005744,EQ-03584
WO-005745,EQ-02152
WO-005745,EQ-02153
WO-005746,EQ-00173
WO-005747,EQ-02179
WO-005747,EQ-02177
WO-005748,EQ-01700
WO-005749,EQ-01160
WO-005749,EQ-01162
WO-005749,EQ-01161
WO-005750,EQ-01092
WO-005751,EQ-03128
WO-005751,EQ-03125
WO-005751,EQ-03127
WO-005752,EQ-02312
WO-005753,EQ-00245
WO-005753,EQ-00244
WO-005754,EQ-00481
WO-005754,EQ-00482
WO-005754,EQ-00483
WO-005755,EQ-00202
WO-005755,EQ-00201
WO-005756,EQ-01153
WO-005757,EQ-02871
WO-005757,EQ-02866
WO-005757,EQ-02873
WO-005758,EQ-01595
WO-005759,EQ-01965
WO-005759,EQ-01968
WO-005759,EQ-01970
WO-005759,EQ-01967
WO-005760,EQ-01999
WO-005761,EQ-02968
WO-005762,EQ-01342
WO-005762,EQ-01345
WO-005763,EQ-00298
WO-005763,EQ-00297
WO-005763,EQ-00295
WO-005764,EQ-00215
WO-005764,EQ-00217
WO-005764,EQ-00216
WO-005765,EQ-03428
WO-005765,EQ-03423
WO-005765,EQ-03424
WO-005766,EQ-03468
WO-005766,EQ-03469
WO-005767,EQ-03552
WO-005767,EQ-03549
WO-005767,EQ-03543
WO-005767,EQ-03546
WO-005768,EQ-02625
WO-005769,EQ-02261
WO-005770,EQ-02194
WO-005771,EQ-00711
WO-005772,EQ-00777
WO-005772,EQ-00776
WO-005773,EQ-01799
WO-005773,EQ-01796
WO-005773,EQ-01792
WO-005773,EQ-01797
WO-005774,EQ-03242
WO-005774,EQ-03246
WO-005775,EQ-00202
WO-005776,EQ-03324
WO-005777,EQ-02575
WO-005777,EQ-02574
WO-005778,EQ-01373
WO-005779,EQ-02643
WO-005779,EQ-02644
WO-005779,EQ-02642
WO-005780,EQ-03055
WO-005781,EQ-00129
WO-005781,EQ-00128
WO-005781,EQ-00131
WO-005781,EQ-00130
WO-005782,EQ-00640
WO-005783,EQ-02023
WO-005783,EQ-02026
WO-005783,EQ-02024
WO-005783,EQ-02020
WO-005784,EQ-03279
WO-005784,EQ-03280
WO-005784,EQ-03278
WO-005785,EQ-00626
WO-005786,EQ-02176
WO-005787,EQ-01150
WO-005787,EQ-01156
WO-005788,EQ-02078
WO-005789,EQ-02836
WO-005790,EQ-01253
WO-005790,EQ-01262
WO-005791,EQ-01089
WO-005791,EQ-01088
WO-005791,EQ-01092
WO-005792,EQ-02119
WO-005792,EQ-02120
WO-005792,EQ-02123
WO-005792,EQ-02127
WO-005793,EQ-01326
WO-005793,EQ-01324
WO-005793,EQ-01325
WO-005793,EQ-01330
WO-005794,EQ-02508
WO-005794,EQ-02502
WO-005794,EQ-02507
WO-005794,EQ-02506
WO-005795,EQ-00387
WO-005795,EQ-00388
WO-005795,EQ-00381
WO-005795,EQ-00382
WO-005796,EQ-03552
WO-005797,EQ-02146
WO-005798,EQ-02682
WO-005799,EQ-00740
WO-005799,EQ-00742
WO-005799,EQ-00741
WO-005799,EQ-00745
WO-005800,EQ-01278
WO-005801,EQ-00025
WO-005802,EQ-00881
WO-005802,EQ-00882
WO-005803,EQ-01883
WO-005804,EQ-03372
WO-005805,EQ-00458
WO-005805,EQ-00457
WO-005805,EQ-00456
WO-005806,EQ-02236
WO-005807,EQ-02107
WO-005807,EQ-02106
WO-005807,EQ-02109
WO-005808,EQ-01712
WO-005808,EQ-01706
WO-005808,EQ-01708
WO-005808,EQ-01711
WO-005809,EQ-00137
WO-005810,EQ-02874
WO-005811,EQ-01107
WO-005811,EQ-01113
WO-005812,EQ-03020
WO-005813,EQ-02182
WO-005814,EQ-00486
WO-005815,EQ-03164
WO-005816,EQ-00276
WO-005816,EQ-00275
WO-005816,EQ-00277
WO-005817,EQ-01821
WO-005818,EQ-02244
WO-005818,EQ-02247
WO-005818,EQ-02243
WO-005819,EQ-00142
WO-005820,EQ-01676
WO-005820,EQ-01675
WO-005821,EQ-03181
WO-005822,EQ-02132
WO-005823,EQ-01813
WO-005823,EQ-01812
WO-005824,EQ-00302
WO-005824,EQ-00303
WO-005825,EQ-03529
WO-005825,EQ-03530
WO-005826,EQ-02532
WO-005826,EQ-02533
WO-005827,EQ-01452
WO-005828,EQ-00642
WO-005828,EQ-00640
WO-005829,EQ-02533
WO-005830,EQ-02111
WO-005830,EQ-02106
WO-005830,EQ-02108
WO-005831,EQ-02364
WO-005832,EQ-01456
WO-005832,EQ-01452
WO-005833,EQ-01746
WO-005833,EQ-01745
WO-005833,EQ-01744
WO-005833,EQ-01748
WO-005834,EQ-03316
WO-005835,EQ-00769
WO-005836,EQ-00739
WO-005837,EQ-00689
WO-005838,EQ-00389
WO-005838,EQ-00382
WO-005838,EQ-00385
WO-005838,EQ-00387
WO-005839,EQ-01204
WO-005840,EQ-02683
WO-005840,EQ-02675
WO-005841,EQ-01763
WO-005841,EQ-01773
WO-005841,EQ-01768
WO-005842,EQ-00256
WO-005843,EQ-00687
WO-005843,EQ-00689
WO-005843,EQ-00688
WO-005844,EQ-03062
WO-005844,EQ-03064
WO-005844,EQ-03065
WO-005845,EQ-00184
WO-005845,EQ-00183
WO-005845,EQ-00181
WO-005845,EQ-00180
WO-005846,EQ-00676
WO-005846,EQ-00677
WO-005847,EQ-00677
WO-005848,EQ-02205
WO-005849,EQ-01262
WO-005850,EQ-00152
WO-005850,EQ-00161
WO-005850,EQ-00154
WO-005851,EQ-01305
WO-005852,EQ-02957
WO-005852,EQ-02956
WO-005852,EQ-02955
WO-005853,EQ-02614
WO-005853,EQ-02613
WO-005854,EQ-00792
WO-005855,EQ-02859
WO-005855,EQ-02856
WO-005855,EQ-02861
WO-005856,EQ-00627
WO-005857,EQ-03215
WO-005857,EQ-03214
WO-005858,EQ-01495
WO-005859,EQ-02641
WO-005860,EQ-03473
WO-005861,EQ-02176
WO-005861,EQ-02175
WO-005862,EQ-01125
WO-005862,EQ-01124
WO-005862,EQ-01126
WO-005862,EQ-01127
WO-005863,EQ-03344
WO-005864,EQ-00188
WO-005865,EQ-01843
WO-005865,EQ-01842
WO-005866,EQ-01900
WO-005866,EQ-01902
WO-005867,EQ-01497
WO-005867,EQ-01499
WO-005868,EQ-00112
WO-005868,EQ-00111
WO-005869,EQ-03152
WO-005869,EQ-03154
WO-005869,EQ-03151
WO-005869,EQ-03156
WO-005870,EQ-01981
WO-005871,EQ-00623
WO-005872,EQ-00649
WO-005873,EQ-03246
WO-005873,EQ-03240
WO-005874,EQ-03452
WO-005875,EQ-00276
WO-005875,EQ-00277
WO-005876,EQ-03503
WO-005877,EQ-03193
WO-005878,EQ-00931
WO-005878,EQ-00933
WO-005879,EQ-02633
WO-005880,EQ-01877
WO-005881,EQ-02458
WO-005881,EQ-02459
WO-005882,EQ-02779
WO-005882,EQ-02778
WO-005883,EQ-01013
WO-005883,EQ-01012
WO-005884,EQ-02044
WO-005885,EQ-03532
WO-005885,EQ-03531
WO-005886,EQ-00987
WO-005886,EQ-00989
WO-005887,EQ-00015
WO-005887,EQ-00013
WO-005887,EQ-00021
WO-005887,EQ-00018
WO-005888,EQ-02318
WO-005889,EQ-02173
WO-005890,EQ-00242
WO-005891,EQ-01932
WO-005891,EQ-01933
WO-005892,EQ-03155
WO-005893,EQ-03080
WO-005894,EQ-01729
WO-005895,EQ-02846
WO-005895,EQ-02845
WO-005895,EQ-02844
WO-005896,EQ-01630
WO-005896,EQ-01627
WO-005896,EQ-01625
WO-005896,EQ-01624
WO-005897,EQ-03486
WO-005897,EQ-03485
WO-005898,EQ-02483
WO-005898,EQ-02482
WO-005898,EQ-02480
WO-005899,EQ-01750
WO-005899,EQ-01749
WO-005899,EQ-01752
WO-005900,EQ-00747
WO-005901,EQ-02806
WO-005901,EQ-02797
WO-005902,EQ-03484
WO-005903,EQ-03210
WO-005903,EQ-03211
WO-005904,EQ-03407
WO-005904,EQ-03409
WO-005904,EQ-03411
WO-005904,EQ-03406
WO-005905,EQ-02542
WO-005906,EQ-00927
WO-005907,EQ-01303
WO-005908,EQ-02231
WO-005909,EQ-03484
WO-005909,EQ-03483
WO-005910,EQ-01987
WO-005911,EQ-02108
WO-005912,EQ-00573
WO-005912,EQ-00574
WO-005912,EQ-00575
WO-005913,EQ-01058
WO-005914,EQ-00250
WO-005915,EQ-01330
WO-005916,EQ-02633
WO-005916,EQ-02637
WO-005917,EQ-03027
WO-005918,EQ-00665
WO-005919,EQ-00914
WO-005919,EQ-00912
WO-005919,EQ-00913
WO-005920,EQ-03046
WO-005920,EQ-03048
WO-005920,EQ-03047
WO-005921,EQ-03289
WO-005922,EQ-01355
WO-005922,EQ-01352
WO-005923,EQ-02508
WO-005924,EQ-03544
WO-005925,EQ-02392
WO-005926,EQ-02397
WO-005926,EQ-02402
WO-005926,EQ-02395
WO-005927,EQ-00227
WO-005927,EQ-00224
WO-005927,EQ-00228
WO-005927,EQ-00225
WO-005928,EQ-01189
WO-005929,EQ-03615
WO-005930,EQ-00028
WO-005931,EQ-02775
WO-005931,EQ-02769
WO-005931,EQ-02774
WO-005932,EQ-01099
WO-005932,EQ-01094
WO-005932,EQ-01093
WO-005933,EQ-02317
WO-005933,EQ-02321
WO-005933,EQ-02320
WO-005934,EQ-00914
WO-005934,EQ-00913
WO-005934,EQ-00912
WO-005935,EQ-00961
WO-005935,EQ-00959
WO-005935,EQ-00960
WO-005936,EQ-00878
WO-005936,EQ-00877
WO-005936,EQ-00876
WO-005936,EQ-00880
WO-005937,EQ-02271
WO-005938,EQ-00392
WO-005938,EQ-00393
WO-005938,EQ-00391
WO-005938,EQ-00390
WO-005939,EQ-02460
WO-005939,EQ-02455
WO-005939,EQ-02458
WO-005939,EQ-02456
WO-005940,EQ-02498
WO-005941,EQ-02250
WO-005942,EQ-00234
WO-005942,EQ-00242
WO-005942,EQ-00239
WO-005942,EQ-00237
WO-005943,EQ-01555
WO-005944,EQ-02266
WO-005945,EQ-02178
WO-005945,EQ-02177
WO-005946,EQ-01560
WO-005947,EQ-02454
WO-005948,EQ-02517
WO-005948,EQ-02516
WO-005949,EQ-00191
WO-005950,EQ-02882
WO-005950,EQ-02879
WO-005950,EQ-02885
WO-005951,EQ-00323
WO-005952,EQ-01942
WO-005953,EQ-00334
WO-005954,EQ-01920
WO-005955,EQ-00264
WO-005955,EQ-00259
WO-005955,EQ-00262
WO-005956,EQ-00169
WO-005957,EQ-01090
WO-005957,EQ-01089
WO-005958,EQ-03357
WO-005959,EQ-02968
WO-005959,EQ-02966
WO-005960,EQ-01196
WO-005960,EQ-01192
WO-005961,EQ-02359
WO-005962,EQ-01982
WO-005962,EQ-01985
WO-005963,EQ-00615
WO-005964,EQ-03291
WO-005964,EQ-03292
WO-005964,EQ-03293
WO-005965,EQ-02329
WO-005965,EQ-02325
WO-005965,EQ-02327
WO-005965,EQ-02326
WO-005966,EQ-00203
WO-005966,EQ-00202
WO-005967,EQ-00478
WO-005968,EQ-01811
WO-005968,EQ-01813
WO-005968,EQ-01812
WO-005969,EQ-01693
WO-005970,EQ-01676
WO-005970,EQ-01675
WO-005970,EQ-01673
WO-005970,EQ-01674
WO-005971,EQ-01774
WO-005972,EQ-01741
WO-005972,EQ-01742
WO-005973,EQ-03405
WO-005974,EQ-02813
WO-005975,EQ-03244
WO-005976,EQ-00631
WO-005977,EQ-03071
WO-005978,EQ-01996
WO-005979,EQ-01201
WO-005980,EQ-01052
WO-005980,EQ-01054
WO-005980,EQ-01053
WO-005981,EQ-01904
WO-005981,EQ-01900
WO-005982,EQ-02277
WO-005983,EQ-00109
WO-005983,EQ-00107
WO-005984,EQ-00085
WO-005984,EQ-00083
WO-005984,EQ-00086
WO-005984,EQ-00088
WO-005985,EQ-00540
WO-005985,EQ-00538
WO-005986,EQ-03481
WO-005986,EQ-03482
WO-005987,EQ-02357
WO-005987,EQ-02355
WO-005987,EQ-02354
WO-005988,EQ-02021
WO-005989,EQ-02893
WO-005990,EQ-02609
WO-005991,EQ-02599
WO-005991,EQ-02596
WO-005992,EQ-01734
WO-005992,EQ-01731
WO-005993,EQ-00855
WO-005994,EQ-01886
WO-005994,EQ-01884
WO-005994,EQ-01885
WO-005995,EQ-00850
WO-005996,EQ-00417
WO-005996,EQ-00416
WO-005997,EQ-00414
WO-005998,EQ-01803
WO-005999,EQ-00377
WO-006000,EQ-01648
WO-006000,EQ-01645
WO-006001,EQ-03450
WO-006002,EQ-02854
WO-006002,EQ-02860
WO-006003,EQ-00716
WO-006004,EQ-00111
WO-006004,EQ-00112
WO-006005,EQ-01734
WO-006005,EQ-01732
WO-006005,EQ-01735
WO-006005,EQ-01733
WO-006006,EQ-02027
WO-006006,EQ-02029
WO-006006,EQ-02028
WO-006007,EQ-00107
WO-006008,EQ-00957
WO-006009,EQ-01120
WO-006010,EQ-02769
WO-006011,EQ-01886
WO-006012,EQ-01816
WO-006012,EQ-01815
WO-006013,EQ-00088
WO-006013,EQ-00085
WO-006013,EQ-00087
WO-006014,EQ-02279
WO-006015,EQ-03511
WO-006016,EQ-00637
WO-006016,EQ-00635
WO-006016,EQ-00645
WO-006017,EQ-01909
WO-006017,EQ-01911
WO-006017,EQ-01908
WO-006017,EQ-01912
WO-006018,EQ-02137
WO-006018,EQ-02133
WO-006018,EQ-02139
WO-006019,EQ-01424
WO-006019,EQ-01426
WO-006020,EQ-02359
WO-006021,EQ-01056
WO-006022,EQ-02498
WO-006023,EQ-00825
WO-006024,EQ-01924
WO-006025,EQ-00535
WO-006026,EQ-02220
WO-006026,EQ-02222
WO-006027,EQ-00257
WO-006028,EQ-01120
WO-006029,EQ-00112
WO-006029,EQ-00113
WO-006030,EQ-00532
WO-006030,EQ-00530
WO-006031,EQ-00684
WO-006031,EQ-00678
WO-006031,EQ-00679
WO-006032,EQ-00160
WO-006033,EQ-02481
WO-006034,EQ-03196
WO-006034,EQ-03199
WO-006035,EQ-03281
WO-006035,EQ-03277
WO-006036,EQ-01721
WO-006037,EQ-03565
WO-006038,EQ-00752
WO-006039,EQ-02984
WO-006040,EQ-00572
WO-006041,EQ-02629
WO-006041,EQ-02624
WO-006041,EQ-02626
WO-006041,EQ-02623
WO-006042,EQ-02210
WO-006042,EQ-02212
WO-006043,EQ-00941
WO-006044,EQ-01385
WO-006045,EQ-00692
WO-006045,EQ-00698
WO-006045,EQ-00694
WO-006046,EQ-00437
WO-006047,EQ-02954
WO-006048,EQ-03300
WO-006048,EQ-03303
WO-006049,EQ-03579
WO-006049,EQ-03580
WO-006049,EQ-03572
WO-006049,EQ-03571
WO-006050,EQ-02620
WO-006051,EQ-00744
WO-006052,EQ-01484
WO-006053,EQ-01661
WO-006054,EQ-01602
WO-006055,EQ-03462
WO-006055,EQ-03459
WO-006056,EQ-02184
WO-006056,EQ-02185
WO-006056,EQ-02189
WO-006056,EQ-02182
WO-006057,EQ-02253
WO-006057,EQ-02257
WO-006058,EQ-01727
WO-006059,EQ-00148
WO-006059,EQ-00150
WO-006059,EQ-00149
WO-006060,EQ-00647
WO-006061,EQ-03402
WO-006061,EQ-03392
WO-006061,EQ-03400
WO-006062,EQ-03405
WO-006063,EQ-00148
WO-006063,EQ-00149
WO-006064,EQ-02280
WO-006064,EQ-02281
WO-006065,EQ-00536
WO-006066,EQ-00335
WO-006066,EQ-00334
WO-006067,EQ-02724
WO-006068,EQ-01587
WO-006068,EQ-01586
WO-006069,EQ-00913
WO-006069,EQ-00914
WO-006070,EQ-02528
WO-006070,EQ-02533
WO-006071,EQ-01101
WO-006071,EQ-01095
WO-006072,EQ-02432
WO-006072,EQ-02430
WO-006072,EQ-02431
WO-006072,EQ-02429
WO-006073,EQ-00130
WO-006074,EQ-00549
WO-006074,EQ-00545
WO-006074,EQ-00542
WO-006074,EQ-00547
WO-006075,EQ-03012
WO-006076,EQ-01368
WO-006077,EQ-00881
WO-006078,EQ-02428
WO-006078,EQ-02425
WO-006079,EQ-01284
WO-006080,EQ-02117
WO-006081,EQ-00745
WO-006081,EQ-00746
WO-006082,EQ-02312
WO-006083,EQ-00774
WO-006084,EQ-01604
WO-006085,EQ-03074
WO-006085,EQ-03078
WO-006085,EQ-03076
WO-006086,EQ-03296
WO-006087,EQ-00516
WO-006087,EQ-00518
WO-006088,EQ-00697
WO-006089,EQ-03465
WO-006090,EQ-02348
WO-006091,EQ-00385
WO-006091,EQ-00383
WO-006092,EQ-01937
WO-006092,EQ-01939
WO-006092,EQ-01934
WO-006093,EQ-01780
WO-006093,EQ-01781
WO-006093,EQ-01779
WO-006094,EQ-01240
WO-006095,EQ-02249
WO-006096,EQ-00341
WO-006097,EQ-01677
WO-006097,EQ-01678
WO-006098,EQ-03555
WO-006099,EQ-01041
WO-006100,EQ-01743
WO-006100,EQ-01742
WO-006101,EQ-00208
WO-006102,EQ-00230
WO-006103,EQ-01474
WO-006104,EQ-02853
WO-006105,EQ-03524
WO-006106,EQ-00482
WO-006106,EQ-00481
WO-006106,EQ-00483
WO-006107,EQ-01678
WO-006107,EQ-01677
WO-006108,EQ-00378
WO-006109,EQ-01075
WO-006110,EQ-02827
WO-006110,EQ-02826
WO-006111,EQ-03481
WO-006112,EQ-02359
WO-006113,EQ-00890
WO-006113,EQ-00886
WO-006113,EQ-00892
WO-006114,EQ-00318
WO-006115,EQ-03103
WO-006115,EQ-03099
WO-006116,EQ-01413
WO-006116,EQ-01411
WO-006117,EQ-01543
WO-006117,EQ-01540
WO-006118,EQ-00881
WO-006118,EQ-00882
WO-006119,EQ-01485
WO-006119,EQ-01486
WO-006120,EQ-02389
WO-006120,EQ-02393
WO-006121,EQ-01002
WO-006121,EQ-01006
WO-006122,EQ-00264
WO-006123,EQ-03527
WO-006124,EQ-02870
WO-006124,EQ-02866
WO-006124,EQ-02869
WO-006125,EQ-01654
WO-006125,EQ-01656
WO-006125,EQ-01655
WO-006126,EQ-00134
WO-006126,EQ-00132
WO-006126,EQ-00133
WO-006127,EQ-03321
WO-006128,EQ-03531
WO-006128,EQ-03532
WO-006129,EQ-02280
WO-006130,EQ-00474
WO-006130,EQ-00476
WO-006131,EQ-01790
WO-006131,EQ-01791
WO-006132,EQ-02040
WO-006132,EQ-02041
WO-006133,EQ-00447
WO-006133,EQ-00443
WO-006133,EQ-00454
WO-006133,EQ-00445
WO-006134,EQ-02790
WO-006135,EQ-02437
WO-006136,EQ-03518
WO-006136,EQ-03519
WO-006137,EQ-01217
WO-006138,EQ-02231
WO-006139,EQ-01259
WO-006140,EQ-00650
WO-006141,EQ-01467
WO-006141,EQ-01469
WO-006142,EQ-02638
WO-006143,EQ-01418
WO-006144,EQ-02262
WO-006144,EQ-02263
WO-006145,EQ-03064
WO-006145,EQ-03066
WO-006145,EQ-03063
WO-006145,EQ-03065
WO-006146,EQ-03143
WO-006146,EQ-03140
WO-006147,EQ-01032
WO-006148,EQ-03105
WO-006148,EQ-03108
WO-006148,EQ-03106
WO-006149,EQ-01916
WO-006150,EQ-00381
WO-006151,EQ-01019
WO-006152,EQ-02550
WO-006152,EQ-02549
WO-006152,EQ-02552
WO-006152,EQ-02548
WO-006153,EQ-01506
WO-006154,EQ-01779
WO-006155,EQ-01924
WO-006155,EQ-01920
WO-006155,EQ-01921
WO-006155,EQ-01922
WO-006156,EQ-02617
WO-006157,EQ-00328
WO-006158,EQ-01340
WO-006158,EQ-01339
WO-006159,EQ-01679
WO-006159,EQ-01685
WO-006160,EQ-03290
WO-006161,EQ-00669
WO-006162,EQ-02381
WO-006163,EQ-03431
WO-006164,EQ-02982
WO-006164,EQ-02977
WO-006164,EQ-02980
WO-006165,EQ-00907
WO-006166,EQ-00331
WO-006167,EQ-02457
WO-006168,EQ-02970
WO-006168,EQ-02971
WO-006169,EQ-00917
WO-006170,EQ-01591
WO-006170,EQ-01588
WO-006171,EQ-01154
WO-006171,EQ-01148
WO-006172,EQ-02427
WO-006173,EQ-03192
WO-006173,EQ-03193
WO-006174,EQ-03397
WO-006174,EQ-03402
WO-006174,EQ-03394
WO-006174,EQ-03396
WO-006175,EQ-03150
WO-006176,EQ-03065
WO-006177,EQ-03413
WO-006177,EQ-03414
WO-006178,EQ-00850
WO-006178,EQ-00848
WO-006179,EQ-00216
WO-006180,EQ-01584
WO-006180,EQ-01580
WO-006180,EQ-01577
WO-006181,EQ-01108
WO-006182,EQ-00699
WO-006182,EQ-00705
WO-006183,EQ-03003
WO-006184,EQ-01685
WO-006185,EQ-00338
WO-006186,EQ-01774
WO-006187,EQ-02527
WO-006188,EQ-01791
WO-006188,EQ-01790
WO-006189,EQ-02117
WO-006189,EQ-02115
WO-006190,EQ-03282
WO-006191,EQ-02505
WO-006191,EQ-02503
WO-006192,EQ-03176
WO-006193,EQ-01919
WO-006193,EQ-01918
WO-006194,EQ-00713
WO-006195,EQ-00107
WO-006195,EQ-00108
WO-006196,EQ-03596
WO-006196,EQ-03598
WO-006197,EQ-01091
WO-006198,EQ-02119
WO-006198,EQ-02120
WO-006198,EQ-02124
WO-006198,EQ-02127
WO-006199,EQ-00955
WO-006199,EQ-00951
WO-006199,EQ-00949
WO-006200,EQ-02808
WO-006201,EQ-03159
WO-006202,EQ-00621
WO-006202,EQ-00625
WO-006202,EQ-00624
WO-006203,EQ-02530
WO-006204,EQ-01497
WO-006204,EQ-01499
WO-006204,EQ-01498
WO-006204,EQ-01500
WO-006205,EQ-01831
WO-006205,EQ-01835
WO-006205,EQ-01830
WO-006206,EQ-01540
WO-006207,EQ-01739
WO-006207,EQ-01737
WO-006208,EQ-02819
WO-006208,EQ-02817
WO-006209,EQ-00892
WO-006209,EQ-00883
WO-006209,EQ-00888
WO-006210,EQ-02992
WO-006210,EQ-02993
WO-006211,EQ-00177
WO-006211,EQ-00178
WO-006212,EQ-00551
WO-006212,EQ-00554
WO-006212,EQ-00553
WO-006213,EQ-03567
WO-006213,EQ-03563
WO-006214,EQ-01550
WO-006214,EQ-01548
WO-006215,EQ-02415
WO-006216,EQ-02421
WO-006216,EQ-02420
WO-006217,EQ-00902
WO-006217,EQ-00900
WO-006217,EQ-00901
WO-006218,EQ-02104
WO-006218,EQ-02100
WO-006219,EQ-00177
WO-006220,EQ-02613
WO-006220,EQ-02614
WO-006221,EQ-02517
WO-006222,EQ-00228
WO-006223,EQ-00418
WO-006223,EQ-00419
WO-006223,EQ-00421
WO-006223,EQ-00420
WO-006224,EQ-01117
WO-006224,EQ-01115
WO-006224,EQ-01123
WO-006224,EQ-01116
WO-006225,EQ-00568
WO-006226,EQ-02954
WO-006226,EQ-02953
WO-006227,EQ-01866
WO-006227,EQ-01867
WO-006228,EQ-03469
WO-006229,EQ-01677
WO-006230,EQ-02969
WO-006231,EQ-02661
WO-006232,EQ-00428
WO-006232,EQ-00425
WO-006232,EQ-00424
WO-006233,EQ-00096
WO-006234,EQ-01784
WO-006234,EQ-01789
WO-006235,EQ-01054
WO-006236,EQ-03048
WO-006236,EQ-03046
WO-006236,EQ-03047
WO-006237,EQ-01455
WO-006238,EQ-01602
WO-006239,EQ-03506
WO-006240,EQ-03412
WO-006240,EQ-03416
WO-006241,EQ-01961
WO-006241,EQ-01960
WO-006241,EQ-01954
WO-006241,EQ-01957
WO-006242,EQ-02085
WO-006243,EQ-02548
WO-006243,EQ-02547
WO-006244,EQ-00085
WO-006245,EQ-01843
WO-006246,EQ-02277
WO-006247,EQ-03371
WO-006248,EQ-02381
WO-006249,EQ-00519
WO-006250,EQ-00299
WO-006250,EQ-00303
WO-006251,EQ-00551
WO-006252,EQ-00627
WO-006252,EQ-00628
WO-006253,EQ-01728
WO-006253,EQ-01730
WO-006253,EQ-01729
WO-006254,EQ-00386
WO-006255,EQ-02292
WO-006255,EQ-02297
WO-006256,EQ-01040
WO-006257,EQ-01206
WO-006257,EQ-01207
WO-006258,EQ-00412
WO-006259,EQ-02158
WO-006260,EQ-00070
WO-006261,EQ-00560
WO-006262,EQ-00893
WO-006263,EQ-02800
WO-006264,EQ-01822
WO-006264,EQ-01825
WO-006265,EQ-03210
WO-006265,EQ-03208
WO-006265,EQ-03211
WO-006265,EQ-03207
WO-006266,EQ-02156
WO-006266,EQ-02160
WO-006267,EQ-01508
WO-006268,EQ-00397
WO-006269,EQ-03484
WO-006270,EQ-01133
WO-006270,EQ-01135
WO-006270,EQ-01137
WO-006271,EQ-02736
WO-006271,EQ-02744
WO-006271,EQ-02735
WO-006271,EQ-02739
WO-006272,EQ-01950
WO-006272,EQ-01949
WO-006273,EQ-02214
WO-006273,EQ-02213
WO-006274,EQ-01920
WO-006274,EQ-01924
WO-006274,EQ-01922
WO-006275,EQ-01338
WO-006276,EQ-03318
WO-006276,EQ-03317
WO-006277,EQ-00499
WO-006277,EQ-00498
WO-006278,EQ-02095
WO-006279,EQ-03218
WO-006280,EQ-02963
WO-006281,EQ-02179
WO-006281,EQ-02178
WO-006282,EQ-03437
WO-006282,EQ-03435
WO-006282,EQ-03434
WO-006282,EQ-03441
WO-006283,EQ-00790
WO-006284,EQ-01164
WO-006284,EQ-01163
WO-006285,EQ-00614
WO-006286,EQ-00574
WO-006287,EQ-03290
WO-006288,EQ-01181
WO-006288,EQ-01185
WO-006288,EQ-01182
WO-006289,EQ-00393
WO-006289,EQ-00392
WO-006289,EQ-00390
WO-006290,EQ-02163
WO-006290,EQ-02160
WO-006290,EQ-02158
WO-006291,EQ-03460
WO-006292,EQ-03319
WO-006292,EQ-03317
WO-006293,EQ-02785
WO-006294,EQ-03516
WO-006294,EQ-03517
WO-006294,EQ-03522
WO-006295,EQ-03099
WO-006296,EQ-00649
WO-006297,EQ-01222
WO-006297,EQ-01224
WO-006298,EQ-03469
WO-006299,EQ-03333
WO-006299,EQ-03332
WO-006299,EQ-03325
WO-006300,EQ-00935
WO-006300,EQ-00937
WO-006301,EQ-00232
WO-006302,EQ-01912
WO-006303,EQ-01005
WO-006304,EQ-00299
WO-006304,EQ-00300
WO-006305,EQ-03538
WO-006305,EQ-03537
WO-006305,EQ-03535
WO-006305,EQ-03536
WO-006306,EQ-00522
WO-006307,EQ-02496
WO-006307,EQ-02498
WO-006307,EQ-02495
WO-006308,EQ-01449
WO-006308,EQ-01448
WO-006309,EQ-01401
WO-006309,EQ-01406
WO-006310,EQ-02692
WO-006310,EQ-02691
WO-006311,EQ-01907
WO-006311,EQ-01905
WO-006311,EQ-01906
WO-006312,EQ-02115
WO-006312,EQ-02116
WO-006313,EQ-03573
WO-006314,EQ-03344
WO-006315,EQ-00690
WO-006316,EQ-00435
WO-006317,EQ-00406
WO-006317,EQ-00407
WO-006318,EQ-03452
WO-006318,EQ-03453
WO-006319,EQ-01590
WO-006319,EQ-01593
WO-006320,EQ-02475
WO-006321,EQ-01786
WO-006321,EQ-01785
WO-006322,EQ-02311
WO-006323,EQ-01956
WO-006324,EQ-03559
WO-006325,EQ-00900
WO-006326,EQ-01363
WO-006326,EQ-01364
WO-006326,EQ-01365
WO-006326,EQ-01366
WO-006327,EQ-01262
WO-006328,EQ-03396
WO-006329,EQ-02931
WO-006329,EQ-02928
WO-006329,EQ-02936
WO-006330,EQ-00107
WO-006330,EQ-00108
WO-006330,EQ-00106
WO-006331,EQ-00309
WO-006332,EQ-00299
WO-006332,EQ-00300
WO-006333,EQ-02388
WO-006334,EQ-01104
WO-006334,EQ-01108
WO-006334,EQ-01103
WO-006334,EQ-01109
WO-006335,EQ-01640
WO-006336,EQ-03096
WO-006337,EQ-02810
WO-006338,EQ-00178
WO-006338,EQ-00177
WO-006339,EQ-01984
WO-006339,EQ-01981
WO-006340,EQ-02751
WO-006341,EQ-03276
WO-006342,EQ-00786
WO-006343,EQ-00549
WO-006344,EQ-01617
WO-006345,EQ-01086
WO-006346,EQ-00954
WO-006347,EQ-03457
WO-006347,EQ-03456
WO-006348,EQ-02463
WO-006348,EQ-02465
WO-006349,EQ-02535
WO-006350,EQ-00649
WO-006351,EQ-00413
WO-006351,EQ-00403
WO-006351,EQ-00411
WO-006351,EQ-00410
WO-006352,EQ-00134
WO-006352,EQ-00133
WO-006353,EQ-02797
WO-006354,EQ-00114
WO-006355,EQ-00426
WO-006356,EQ-01029
WO-006356,EQ-01031
WO-006356,EQ-01026
WO-006357,EQ-01843
WO-006358,EQ-01164
WO-006358,EQ-01163
WO-006359,EQ-00985
WO-006360,EQ-00968
WO-006361,EQ-00619
WO-006361,EQ-00625
WO-006361,EQ-00620
WO-006361,EQ-00624
WO-006362,EQ-00673
WO-006362,EQ-00669
WO-006362,EQ-00670
WO-006363,EQ-01320
WO-006363,EQ-01321
WO-006364,EQ-02584
WO-006365,EQ-01354
WO-006366,EQ-00886
WO-006366,EQ-00887
WO-006366,EQ-00883
WO-006366,EQ-00890
WO-006367,EQ-01302
WO-006368,EQ-03626
WO-006368,EQ-03631
WO-006369,EQ-02420
WO-006369,EQ-02419
WO-006369,EQ-02421
WO-006370,EQ-02495
WO-006370,EQ-02498
WO-006371,EQ-02644
WO-006372,EQ-03004
WO-006373,EQ-02612
WO-006373,EQ-02614
WO-006374,EQ-00995
WO-006375,EQ-00064
WO-006375,EQ-00063
WO-006375,EQ-00069
WO-006376,EQ-00481
WO-006376,EQ-00482
WO-006377,EQ-00390
WO-006377,EQ-00391
WO-006377,EQ-00392
WO-006377,EQ-00393
WO-006378,EQ-01341
WO-006379,EQ-03084
WO-006379,EQ-03079
WO-006379,EQ-03082
WO-006380,EQ-03094
WO-006380,EQ-03091
WO-006380,EQ-03093
WO-006381,EQ-00834
WO-006381,EQ-00831
WO-006382,EQ-01473
WO-006382,EQ-01471
WO-006383,EQ-00833
WO-006384,EQ-00579
WO-006384,EQ-00582
WO-006385,EQ-01647
WO-006385,EQ-01646
WO-006386,EQ-02483
WO-006386,EQ-02480
WO-006387,EQ-02510
WO-006387,EQ-02515
WO-006388,EQ-00389
WO-006388,EQ-00381
WO-006389,EQ-02638
WO-006389,EQ-02640
WO-006390,EQ-02224
WO-006391,EQ-00708
WO-006391,EQ-00709
WO-006392,EQ-01727
WO-006392,EQ-01726
WO-006392,EQ-01724
WO-006392,EQ-01722
WO-006393,EQ-00968
WO-006394,EQ-03483
WO-006394,EQ-03484
WO-006395,EQ-03250
WO-006396,EQ-00057
WO-006397,EQ-02517
WO-006398,EQ-02742
WO-006398,EQ-02744
WO-006398,EQ-02737
WO-006399,EQ-00648
WO-006399,EQ-00647
WO-006400,EQ-03154
WO-006401,EQ-01802
WO-006402,EQ-01773
WO-006402,EQ-01772
WO-006403,EQ-01444
WO-006404,EQ-00268
WO-006405,EQ-00988
WO-006406,EQ-02430
WO-006406,EQ-02429
WO-006406,EQ-02431
WO-006406,EQ-02432
WO-006407,EQ-02342
WO-006408,EQ-00400
WO-006409,EQ-02867
WO-006410,EQ-02152
WO-006411,EQ-02957
WO-006412,EQ-03011
WO-006412,EQ-03010
WO-006412,EQ-03013
WO-006413,EQ-03154
WO-006413,EQ-03151
WO-006414,EQ-02735
WO-006415,EQ-03369
WO-006416,EQ-01741
WO-006417,EQ-02306
WO-006418,EQ-00482
WO-006419,EQ-00052
WO-006419,EQ-00051
WO-006419,EQ-00045
WO-006419,EQ-00047
WO-006420,EQ-01185
WO-006420,EQ-01182
WO-006420,EQ-01181
WO-006421,EQ-03492
WO-006421,EQ-03493
WO-006422,EQ-00574
WO-006422,EQ-00575
WO-006423,EQ-01276
WO-006423,EQ-01275
WO-006423,EQ-01274
WO-006423,EQ-01277
WO-006424,EQ-00614
WO-006425,EQ-00416
WO-006425,EQ-00415
WO-006426,EQ-02906
WO-006426,EQ-02898
WO-006427,EQ-03289
WO-006428,EQ-03238
WO-006428,EQ-03244
WO-006429,EQ-01083
WO-006430,EQ-00910
WO-006430,EQ-00908
WO-006431,EQ-01677
WO-006432,EQ-03532
WO-006432,EQ-03531
WO-006433,EQ-01584
WO-006433,EQ-01578
WO-006433,EQ-01581
WO-006434,EQ-02667
WO-006434,EQ-02666
WO-006435,EQ-01927
WO-006436,EQ-02695
WO-006437,EQ-01460
WO-006438,EQ-01049
WO-006439,EQ-02354
WO-006440,EQ-00254
WO-006441,EQ-03454
WO-006442,EQ-03440
WO-006443,EQ-00826
WO-006443,EQ-00828
WO-006443,EQ-00827
WO-006443,EQ-00825
WO-006444,EQ-02474
WO-006445,EQ-01075
WO-006445,EQ-01076
WO-006445,EQ-01078
WO-006445,EQ-01080
WO-006446,EQ-01000
WO-006446,EQ-00998
WO-006446,EQ-00995
WO-006447,EQ-02650
WO-006448,EQ-00160
WO-006449,EQ-00468
WO-006449,EQ-00467
WO-006449,EQ-00471
WO-006450,EQ-00283
WO-006451,EQ-01942
WO-006452,EQ-03435
WO-006453,EQ-01714
WO-006453,EQ-01716
WO-006453,EQ-01718
WO-006453,EQ-01715
WO-006454,EQ-00395
WO-006455,EQ-02560
WO-006455,EQ-02564
WO-006455,EQ-02561
WO-006455,EQ-02559
WO-006456,EQ-01715
WO-006457,EQ-03277
WO-006458,EQ-02644
WO-006459,EQ-02085
WO-006460,EQ-03553
WO-006461,EQ-03112
WO-006461,EQ-03115
WO-006461,EQ-03111
WO-006462,EQ-01049
WO-006463,EQ-03319
WO-006463,EQ-03321
WO-006463,EQ-03317
WO-006463,EQ-03320
WO-006464,EQ-01002
WO-006464,EQ-01007
WO-006465,EQ-01310
WO-006466,EQ-01682
WO-006466,EQ-01686
WO-006466,EQ-01680
WO-006467,EQ-00476
WO-006468,EQ-00418
WO-006469,EQ-00588
WO-006470,EQ-01676
WO-006470,EQ-01675
WO-006471,EQ-00256
WO-006472,EQ-00404
WO-006472,EQ-00412
WO-006473,EQ-02532
WO-006473,EQ-02534
WO-006473,EQ-02530
WO-006474,EQ-00128
WO-006474,EQ-00131
WO-006474,EQ-00130
WO-006474,EQ-00129
WO-006475,EQ-01213
WO-006475,EQ-01216
WO-006475,EQ-01219
WO-006475,EQ-01215
WO-006476,EQ-00893
WO-006476,EQ-00898
WO-006477,EQ-00959
WO-006478,EQ-02113
WO-006478,EQ-02114
WO-006478,EQ-02112
WO-006479,EQ-01658
WO-006479,EQ-01651
WO-006479,EQ-01653
WO-006480,EQ-01651
WO-006480,EQ-01659
WO-006481,EQ-01755
WO-006481,EQ-01758
WO-006482,EQ-01101
WO-006482,EQ-01093
WO-006482,EQ-01099
WO-006482,EQ-01094
WO-006483,EQ-03339
WO-006484,EQ-03264
WO-006484,EQ-03260
WO-006485,EQ-00221
WO-006485,EQ-00214
WO-006486,EQ-03582
WO-006487,EQ-02620
WO-006488,EQ-00291
WO-006488,EQ-00293
WO-006488,EQ-00287
WO-006489,EQ-01959
WO-006489,EQ-01957
WO-006489,EQ-01958
WO-006490,EQ-02219
WO-006491,EQ-02764
WO-006492,EQ-03581
WO-006492,EQ-03582
WO-006492,EQ-03583
WO-006493,EQ-00326
WO-006494,EQ-00497
WO-006495,EQ-02492
WO-006495,EQ-02493
WO-006496,EQ-01748
WO-006496,EQ-01746
WO-006496,EQ-01745
WO-006496,EQ-01747
WO-006497,EQ-00497
WO-006497,EQ-00495
WO-006498,EQ-02745
WO-006499,EQ-03443
WO-006499,EQ-03435
WO-006499,EQ-03434
WO-006499,EQ-03437
WO-006500,EQ-03076
WO-006500,EQ-03078
WO-006500,EQ-03075
WO-006500,EQ-03074
WO-006501,EQ-01856
WO-006501,EQ-01861
WO-006501,EQ-01862
WO-006502,EQ-02219
WO-006502,EQ-02220
WO-006503,EQ-01128
WO-006503,EQ-01126
WO-006504,EQ-01213
WO-006505,EQ-00065
WO-006505,EQ-00067
WO-006505,EQ-00068
WO-006506,EQ-02593
WO-006507,EQ-01740
WO-006508,EQ-00278
WO-006509,EQ-02013
WO-006509,EQ-02015
WO-006509,EQ-02011
WO-006509,EQ-02009
WO-006510,EQ-02741
WO-006510,EQ-02737
WO-006511,EQ-02601
WO-006511,EQ-02608
WO-006512,EQ-00749
WO-006512,EQ-00748
WO-006513,EQ-02861
WO-006514,EQ-03449
WO-006514,EQ-03451
WO-006515,EQ-00564
WO-006515,EQ-00565
WO-006515,EQ-00566
WO-006516,EQ-02013
WO-006516,EQ-02016
WO-006516,EQ-02010
WO-006517,EQ-01345
WO-006517,EQ-01344
WO-006517,EQ-01343
WO-006518,EQ-00832
WO-006518,EQ-00838
WO-006518,EQ-00835
WO-006518,EQ-00836
WO-006519,EQ-01271
WO-006520,EQ-01206
WO-006520,EQ-01207
WO-006521,EQ-00327
WO-006522,EQ-00457
WO-006523,EQ-01682
WO-006524,EQ-00179
WO-006524,EQ-00180
WO-006524,EQ-00181
WO-006525,EQ-01976
WO-006525,EQ-01979
WO-006525,EQ-01973
WO-006525,EQ-01978
WO-006526,EQ-01144
WO-006527,EQ-01541
WO-006527,EQ-01542
WO-006528,EQ-00984
WO-006528,EQ-00983
WO-006529,EQ-00105
WO-006529,EQ-00106
WO-006529,EQ-00109
WO-006530,EQ-03193
WO-006530,EQ-03192
WO-006531,EQ-02758
WO-006532,EQ-00061
WO-006532,EQ-00062
WO-006533,EQ-02953
WO-006533,EQ-02954
WO-006534,EQ-02488
WO-006535,EQ-00182
WO-006535,EQ-00183
WO-006536,EQ-02468
WO-006537,EQ-02886
WO-006537,EQ-02879
WO-006537,EQ-02882
WO-006538,EQ-01715
WO-006538,EQ-01717
WO-006539,EQ-01709
WO-006539,EQ-01706
WO-006540,EQ-01751
WO-006540,EQ-01750
WO-006541,EQ-01924
WO-006542,EQ-03217
WO-006543,EQ-01393
WO-006544,EQ-01754
WO-006545,EQ-02692
WO-006546,EQ-01190
WO-006547,EQ-00215
WO-006547,EQ-00221
WO-006548,EQ-02619
WO-006549,EQ-01779
WO-006549,EQ-01781
WO-006549,EQ-01780
WO-006550,EQ-01746
WO-006550,EQ-01748
WO-006550,EQ-01745
WO-006550,EQ-01747
WO-006551,EQ-03035
WO-006552,EQ-03598
WO-006553,EQ-00828
WO-006554,EQ-01375
WO-006554,EQ-01377
WO-006554,EQ-01376
WO-006555,EQ-00123
WO-006555,EQ-00125
WO-006556,EQ-00755
WO-006557,EQ-01230
WO-006558,EQ-01747
WO-006559,EQ-00919
WO-006559,EQ-00917
WO-006560,EQ-03164
WO-006560,EQ-03161
WO-006561,EQ-02222
WO-006562,EQ-00675
WO-006563,EQ-02545
WO-006563,EQ-02546
WO-006564,EQ-02011
WO-006565,EQ-03364
WO-006566,EQ-03546
WO-006567,EQ-02640
WO-006567,EQ-02641
WO-006568,EQ-03207
WO-006569,EQ-01742
WO-006570,EQ-00170
WO-006571,EQ-03081
WO-006572,EQ-02354
WO-006573,EQ-02154
WO-006573,EQ-02152
WO-006574,EQ-00384
WO-006575,EQ-00571
WO-006576,EQ-00392
WO-006576,EQ-00391
WO-006577,EQ-02498
WO-006578,EQ-01230
WO-006579,EQ-03396
WO-006579,EQ-03392
WO-006579,EQ-03400
WO-006579,EQ-03393
WO-006580,EQ-00079
WO-006581,EQ-01342
WO-006581,EQ-01343
WO-006582,EQ-00531
WO-006582,EQ-00523
WO-006583,EQ-00301
WO-006584,EQ-03599
WO-006585,EQ-03221
WO-006585,EQ-03223
WO-006585,EQ-03224
WO-006585,EQ-03220
WO-006586,EQ-03127
WO-006587,EQ-01049
WO-006587,EQ-01045
WO-006587,EQ-01046
WO-006587,EQ-01050
WO-006588,EQ-03217
WO-006589,EQ-02474
WO-006590,EQ-01322
WO-006591,EQ-02541
WO-006592,EQ-01790
WO-006592,EQ-01791
WO-006593,EQ-02017
WO-006593,EQ-02020
WO-006593,EQ-02025
WO-006594,EQ-02599
WO-006595,EQ-00529
WO-006595,EQ-00532
WO-006596,EQ-03293
WO-006597,EQ-03569
WO-006598,EQ-03040
WO-006598,EQ-03041
WO-006598,EQ-03045
WO-006598,EQ-03036
WO-006599,EQ-02331
WO-006599,EQ-02333
WO-006600,EQ-02545
WO-006601,EQ-01750
WO-006602,EQ-01185
WO-006603,EQ-00499
WO-006603,EQ-00500
WO-006603,EQ-00501
WO-006604,EQ-01373
WO-006604,EQ-01372
WO-006604,EQ-01370
WO-006605,EQ-01499
WO-006605,EQ-01497
WO-006606,EQ-03533
WO-006607,EQ-01539
WO-006608,EQ-00131
WO-006608,EQ-00128
WO-006609,EQ-02833
WO-006610,EQ-01272
WO-006610,EQ-01265
WO-006610,EQ-01270
WO-006611,EQ-03599
WO-006611,EQ-03601
WO-006612,EQ-03174
WO-006612,EQ-03175
WO-006613,EQ-02903
WO-006613,EQ-02901
WO-006614,EQ-02035
WO-006614,EQ-02031
WO-006615,EQ-02865
WO-006615,EQ-02871
WO-006615,EQ-02874
WO-006616,EQ-03612
WO-006616,EQ-03611
WO-006617,EQ-00946
WO-006617,EQ-00947
WO-006617,EQ-00948
WO-006618,EQ-00406
WO-006618,EQ-00405
WO-006618,EQ-00411
WO-006618,EQ-00403
WO-006619,EQ-00557
WO-006620,EQ-03292
WO-006621,EQ-00029
WO-006621,EQ-00032
WO-006622,EQ-00664
WO-006623,EQ-01975
WO-006624,EQ-02452
WO-006625,EQ-01416
WO-006626,EQ-03423
WO-006626,EQ-03426
WO-006626,EQ-03428
WO-006627,EQ-01125
WO-006628,EQ-02490
WO-006628,EQ-02489
WO-006628,EQ-02491
WO-006629,EQ-00688
WO-006630,EQ-00443
WO-006631,EQ-00261
WO-006632,EQ-03618
WO-006633,EQ-02057
WO-006633,EQ-02061
WO-006633,EQ-02055
WO-006634,EQ-01782
WO-006634,EQ-01783
WO-006635,EQ-00201
WO-006636,EQ-00573
WO-006636,EQ-00572
WO-006637,EQ-00496
WO-006637,EQ-00492
WO-006638,EQ-00392
WO-006639,EQ-02096
WO-006639,EQ-02099
WO-006640,EQ-00818
WO-006641,EQ-00775
WO-006642,EQ-01627
WO-006643,EQ-02427
WO-006644,EQ-02481
WO-006644,EQ-02482
WO-006644,EQ-02480
WO-006644,EQ-02484
WO-006645,EQ-02938
WO-006645,EQ-02937
WO-006646,EQ-00231
WO-006646,EQ-00232
WO-006647,EQ-01238
WO-006647,EQ-01239
WO-006647,EQ-01232
WO-006648,EQ-03452
WO-006649,EQ-00775
WO-006650,EQ-02610
WO-006651,EQ-01163
WO-006651,EQ-01164
WO-006652,EQ-01249
WO-006653,EQ-02409
WO-006654,EQ-01753
WO-006654,EQ-01749
WO-006655,EQ-02228
WO-006655,EQ-02223
WO-006656,EQ-01455
WO-006656,EQ-01451
WO-006656,EQ-01452
WO-006657,EQ-02154
WO-006658,EQ-01592
WO-006658,EQ-01589
WO-006659,EQ-00974
WO-006660,EQ-01214
WO-006661,EQ-01707
WO-006662,EQ-00504
WO-006663,EQ-00913
WO-006663,EQ-00912
WO-006664,EQ-00627
WO-006665,EQ-02464
WO-006666,EQ-02193
WO-006666,EQ-02197
WO-006666,EQ-02199
WO-006666,EQ-02196
WO-006667,EQ-00911
WO-006667,EQ-00909
WO-006667,EQ-00907
WO-006668,EQ-00648
WO-006669,EQ-03545
WO-006670,EQ-00294
WO-006671,EQ-01760
WO-006672,EQ-01637
WO-006673,EQ-01103
WO-006673,EQ-01106
WO-006673,EQ-01108
WO-006673,EQ-01107
WO-006674,EQ-03152
WO-006674,EQ-03155
WO-006674,EQ-03151
WO-006674,EQ-03153
WO-006675,EQ-02269
WO-006676,EQ-03433
WO-006676,EQ-03432
WO-006677,EQ-00862
WO-006677,EQ-00861
WO-006678,EQ-01923
WO-006679,EQ-01271
WO-006679,EQ-01269
WO-006679,EQ-01272
WO-006680,EQ-02165
WO-006680,EQ-02167
WO-006681,EQ-00707
WO-006681,EQ-00699
WO-006682,EQ-01191
WO-006683,EQ-03531
WO-006684,EQ-00044
WO-006685,EQ-00788
WO-006686,EQ-02983
WO-006687,EQ-01023
WO-006687,EQ-01022
WO-006688,EQ-01123
WO-006688,EQ-01116
WO-006688,EQ-01118
WO-006689,EQ-01050
WO-006690,EQ-02802
WO-006691,EQ-00137
WO-006692,EQ-01294
WO-006693,EQ-02090
WO-006694,EQ-01331
WO-006694,EQ-01334
WO-006694,EQ-01324
WO-006694,EQ-01325
WO-006695,EQ-01783
WO-006695,EQ-01782
WO-006696,EQ-02437
WO-006697,EQ-01665
WO-006698,EQ-00024
WO-006698,EQ-00031
WO-006699,EQ-00057
WO-006699,EQ-00058
WO-006700,EQ-00203
WO-006701,EQ-00474
WO-006702,EQ-00493
WO-006702,EQ-00494
WO-006702,EQ-00495
WO-006702,EQ-00497
WO-006703,EQ-00499
WO-006703,EQ-00498
WO-006704,EQ-00055
WO-006704,EQ-00054
WO-006705,EQ-03415
WO-006706,EQ-01162
WO-006707,EQ-02187
WO-006707,EQ-02192
WO-006707,EQ-02188
WO-006708,EQ-00306
WO-006708,EQ-00309
WO-006708,EQ-00311
WO-006708,EQ-00308
WO-006709,EQ-02673
WO-006709,EQ-02671
WO-006710,EQ-00226
WO-006710,EQ-00228
WO-006710,EQ-00225
WO-006710,EQ-00224
WO-006711,EQ-02478
WO-006712,EQ-00098
WO-006713,EQ-02844
WO-006713,EQ-02845
WO-006713,EQ-02846
WO-006714,EQ-02651
WO-006714,EQ-02648
WO-006714,EQ-02649
WO-006715,EQ-01654
WO-006715,EQ-01655
WO-006715,EQ-01656
WO-006715,EQ-01653
WO-006716,EQ-01098
WO-006717,EQ-01856
WO-006717,EQ-01857
WO-006718,EQ-03054
WO-006719,EQ-00387
WO-006719,EQ-00383
WO-006719,EQ-00385
WO-006720,EQ-02552
WO-006720,EQ-02548
WO-006721,EQ-03059
WO-006721,EQ-03063
WO-006722,EQ-00034
WO-006722,EQ-00036
WO-006722,EQ-00037
WO-006722,EQ-00042
WO-006723,EQ-03597
WO-006724,EQ-00017
WO-006724,EQ-00015
WO-006725,EQ-00672
WO-006725,EQ-00669
WO-006725,EQ-00668
WO-006726,EQ-02217
WO-006726,EQ-02218
WO-006726,EQ-02216
WO-006727,EQ-03451
WO-006728,EQ-00727
WO-006729,EQ-02137
WO-006730,EQ-01636
WO-006730,EQ-01639
WO-006730,EQ-01637
WO-006730,EQ-01634
WO-006731,EQ-00564
WO-006731,EQ-00563
WO-006731,EQ-00567
WO-006732,EQ-03608
WO-006733,EQ-00715
WO-006734,EQ-02613
WO-006735,EQ-01672
WO-006736,EQ-02959
WO-006737,EQ-03590
WO-006737,EQ-03594
WO-006738,EQ-02969
WO-006738,EQ-02965
WO-006738,EQ-02966
WO-006739,EQ-01259
WO-006740,EQ-01733
WO-006741,EQ-02157
WO-006741,EQ-02164
WO-006742,EQ-01677
WO-006742,EQ-01678
WO-006743,EQ-01907
WO-006744,EQ-01551
WO-006744,EQ-01554
WO-006744,EQ-01550
WO-006745,EQ-02582
WO-006746,EQ-00060
WO-006746,EQ-00062
WO-006747,EQ-00125
WO-006748,EQ-00734
WO-006749,EQ-00525
WO-006749,EQ-00523
WO-006750,EQ-02630
WO-006750,EQ-02632
WO-006751,EQ-02112
WO-006751,EQ-02113
WO-006751,EQ-02114
WO-006752,EQ-03507
WO-006753,EQ-01138
WO-006753,EQ-01131
WO-006753,EQ-01130
WO-006753,EQ-01136
WO-006754,EQ-00929
WO-006754,EQ-00933
WO-006755,EQ-02593
WO-006756,EQ-03483
WO-006756,EQ-03484
WO-006757,EQ-01763
WO-006758,EQ-02028
WO-006758,EQ-02027
WO-006759,EQ-00379
WO-006760,EQ-02442
WO-006760,EQ-02437
WO-006761,EQ-02218
WO-006761,EQ-02217
WO-006762,EQ-02849
WO-006763,EQ-00377
WO-006764,EQ-00710
WO-006764,EQ-00711
WO-006765,EQ-00749
WO-006766,EQ-02320
WO-006766,EQ-02322
WO-006766,EQ-02321
WO-006767,EQ-00296
WO-006767,EQ-00297
WO-006768,EQ-01558
WO-006768,EQ-01559
WO-006768,EQ-01557
WO-006768,EQ-01561
WO-006769,EQ-00122
WO-006770,EQ-01428
WO-006770,EQ-01431
WO-006771,EQ-01794
WO-006771,EQ-01792
WO-006771,EQ-01798
WO-006771,EQ-01799
WO-006772,EQ-01288
WO-006773,EQ-00903
WO-006774,EQ-03036
WO-006774,EQ-03042
WO-006775,EQ-02195
WO-006775,EQ-02197
WO-006776,EQ-00416
WO-006776,EQ-00415
WO-006776,EQ-00414
WO-006777,EQ-01249
WO-006777,EQ-01241
WO-006777,EQ-01245
WO-006778,EQ-01945
WO-006779,EQ-00379
WO-006780,EQ-01549
WO-006780,EQ-01554
WO-006780,EQ-01550
WO-006780,EQ-01548
WO-006781,EQ-01233
WO-006781,EQ-01232
WO-006782,EQ-02121
WO-006783,EQ-03383
WO-006783,EQ-03381
WO-006783,EQ-03391
WO-006784,EQ-01590
WO-006785,EQ-02688
WO-006785,EQ-02687
WO-006786,EQ-02557
WO-006786,EQ-02556
WO-006787,EQ-01810
WO-006788,EQ-01485
WO-006789,EQ-00482
WO-006790,EQ-00821
WO-006790,EQ-00820
WO-006790,EQ-00822
WO-006791,EQ-02080
WO-006792,EQ-03433
WO-006793,EQ-03381
WO-006793,EQ-03390
WO-006793,EQ-03387
WO-006793,EQ-03388
WO-006794,EQ-02785
WO-006795,EQ-01731
WO-006795,EQ-01735
WO-006795,EQ-01732
WO-006796,EQ-00081
WO-006796,EQ-00078
WO-006797,EQ-03607
WO-006797,EQ-03604
WO-006798,EQ-01416
WO-006799,EQ-00615
WO-006799,EQ-00612
WO-006799,EQ-00613
WO-006800,EQ-03453
WO-006801,EQ-00333
WO-006802,EQ-02084
WO-006802,EQ-02083
WO-006803,EQ-01842
WO-006804,EQ-02013
WO-006804,EQ-02014
WO-006804,EQ-02016
WO-006804,EQ-02010
WO-006805,EQ-01926
WO-006806,EQ-02212
WO-006807,EQ-00143
WO-006807,EQ-00145
WO-006807,EQ-00142
WO-006808,EQ-00917
WO-006808,EQ-00915
WO-006809,EQ-02218
WO-006810,EQ-02845
WO-006811,EQ-00189
WO-006812,EQ-00200
WO-006813,EQ-01280
WO-006813,EQ-01276
WO-006814,EQ-00482
WO-006815,EQ-02736
WO-006815,EQ-02743
WO-006815,EQ-02741
WO-006816,EQ-02608
WO-006817,EQ-02308
WO-006817,EQ-02310
WO-006818,EQ-01490
WO-006818,EQ-01491
WO-006819,EQ-02874
WO-006819,EQ-02865
WO-006819,EQ-02871
WO-006820,EQ-01515
WO-006820,EQ-01514
WO-006820,EQ-01517
WO-006821,EQ-00381
WO-006822,EQ-02647
WO-006823,EQ-03416
WO-006823,EQ-03415
WO-006824,EQ-02477
WO-006825,EQ-03193
WO-006826,EQ-00997
WO-006826,EQ-00996
WO-006827,EQ-00345
WO-006828,EQ-03295
WO-006828,EQ-03296
WO-006828,EQ-03294
WO-006828,EQ-03298
WO-006829,EQ-01636
WO-006829,EQ-01639
WO-006829,EQ-01631
WO-006830,EQ-01712
WO-006831,EQ-02213
WO-006832,EQ-02148
WO-006832,EQ-02149
WO-006833,EQ-01191
WO-006834,EQ-02911
WO-006835,EQ-02967
WO-006836,EQ-02295
WO-006836,EQ-02294
WO-006836,EQ-02296
WO-006837,EQ-00438
WO-006837,EQ-00440
WO-006837,EQ-00442
WO-006838,EQ-00570
WO-006838,EQ-00571
WO-006838,EQ-00572
WO-006839,EQ-02837
WO-006839,EQ-02836
WO-006839,EQ-02838
WO-006840,EQ-03098
WO-006840,EQ-03100
WO-006840,EQ-03102
WO-006841,EQ-01810
WO-006841,EQ-01808
WO-006842,EQ-01925
WO-006842,EQ-01927
WO-006843,EQ-00069
WO-006843,EQ-00063
WO-006844,EQ-00188
WO-006844,EQ-00189
WO-006845,EQ-02042
WO-006845,EQ-02043
WO-006846,EQ-02581
WO-006846,EQ-02580
WO-006846,EQ-02582
WO-006846,EQ-02579
WO-006847,EQ-00749
WO-006847,EQ-00748
WO-006848,EQ-03259
WO-006848,EQ-03260
WO-006849,EQ-02617
WO-006849,EQ-02615
WO-006849,EQ-02616
WO-006850,EQ-03422
WO-006850,EQ-03425
WO-006851,EQ-03289
WO-006852,EQ-03591
WO-006852,EQ-03595
WO-006853,EQ-03014
WO-006854,EQ-00375
WO-006855,EQ-02358
WO-006855,EQ-02359
WO-006856,EQ-00772
WO-006857,EQ-00256
WO-006857,EQ-00257
WO-006858,EQ-01160
WO-006858,EQ-01162
WO-006859,EQ-01709
WO-006860,EQ-00675
WO-006861,EQ-00063
WO-006862,EQ-02098
WO-006862,EQ-02103
WO-006862,EQ-02104
WO-006862,EQ-02097
WO-006863,EQ-03632
WO-006863,EQ-03628
WO-006864,EQ-02356
WO-006864,EQ-02355
WO-006865,EQ-00480
WO-006865,EQ-00479
WO-006866,EQ-01663
WO-006866,EQ-01666
WO-006866,EQ-01661
WO-006867,EQ-02131
WO-006868,EQ-02177
WO-006868,EQ-02179
WO-006869,EQ-01094
WO-006870,EQ-00326
WO-006871,EQ-01199
WO-006871,EQ-01195
WO-006872,EQ-00837
WO-006873,EQ-01368
WO-006874,EQ-01902
WO-006875,EQ-01866
WO-006875,EQ-01868
WO-006875,EQ-01869
WO-006876,EQ-00697
WO-006877,EQ-03253
WO-006877,EQ-03254
WO-006877,EQ-03257
WO-006878,EQ-00069
WO-006878,EQ-00065
WO-006878,EQ-00068
WO-006878,EQ-00064
WO-006879,EQ-03286
WO-006880,EQ-03557
WO-006881,EQ-00326
WO-006882,EQ-02865
WO-006882,EQ-02872
WO-006883,EQ-00177
WO-006884,EQ-03001
WO-006884,EQ-03003
WO-006884,EQ-02999
WO-006884,EQ-03007
WO-006885,EQ-00553
WO-006886,EQ-01838
WO-006887,EQ-01495
WO-006888,EQ-01313
WO-006889,EQ-03342
WO-006890,EQ-00852
WO-006890,EQ-00855
WO-006891,EQ-00349
WO-006892,EQ-01503
WO-006892,EQ-01504
WO-006893,EQ-00574
WO-006894,EQ-00952
WO-006895,EQ-00321
WO-006896,EQ-02973
WO-006897,EQ-03365
WO-006898,EQ-01269
WO-006898,EQ-01266
WO-006898,EQ-01270
WO-006899,EQ-01177
WO-006900,EQ-01448
WO-006900,EQ-01449
WO-006901,EQ-02786
WO-006901,EQ-02784
WO-006902,EQ-03306
WO-006902,EQ-03299
WO-006903,EQ-02434
WO-006904,EQ-00112
WO-006904,EQ-00110
WO-006904,EQ-00113
WO-006905,EQ-02340
WO-006905,EQ-02336
WO-006906,EQ-02361
WO-006906,EQ-02368
WO-006906,EQ-02366
WO-006907,EQ-00106
WO-006907,EQ-00108
WO-006907,EQ-00107
WO-006908,EQ-01187
WO-006909,EQ-00844
WO-006909,EQ-00840
WO-006909,EQ-00846
WO-006910,EQ-02381
WO-006911,EQ-01354
WO-006911,EQ-01352
WO-006911,EQ-01355
WO-006912,EQ-03459
WO-006913,EQ-00998
WO-006913,EQ-00995
WO-006913,EQ-00997
WO-006913,EQ-00996
WO-006914,EQ-02195
WO-006915,EQ-01652
WO-006915,EQ-01650
WO-006916,EQ-00829
WO-006917,EQ-00377
WO-006917,EQ-00379
WO-006918,EQ-01345
WO-006919,EQ-01486
WO-006920,EQ-01819
WO-006921,EQ-01991
WO-006921,EQ-01996
WO-006922,EQ-03412
WO-006923,EQ-03127
WO-006923,EQ-03126
WO-006923,EQ-03129
WO-006924,EQ-00456
WO-006925,EQ-03008
WO-006926,EQ-00242
WO-006927,EQ-00371
WO-006927,EQ-00376
WO-006927,EQ-00375
WO-006928,EQ-02175
WO-006928,EQ-02176
WO-006929,EQ-00486
WO-006930,EQ-03433
WO-006930,EQ-03432
WO-006931,EQ-00969
WO-006932,EQ-00858
WO-006933,EQ-01902
WO-006934,EQ-02913
WO-006935,EQ-01632
WO-006936,EQ-01973
WO-006936,EQ-01972
WO-006936,EQ-01974
WO-006936,EQ-01977
WO-006937,EQ-01229
WO-006937,EQ-01230
WO-006938,EQ-00013
WO-006938,EQ-00016
WO-006938,EQ-00021
WO-006938,EQ-00017
WO-006939,EQ-03327
WO-006939,EQ-03324
WO-006940,EQ-01305
WO-006940,EQ-01307
WO-006940,EQ-01306
WO-006941,EQ-02745
WO-006942,EQ-02026
WO-006943,EQ-02258
WO-006943,EQ-02255
WO-006944,EQ-00134
WO-006945,EQ-00688
WO-006945,EQ-00689
WO-006946,EQ-00728
WO-006947,EQ-01096
WO-006948,EQ-02541
WO-006948,EQ-02536
WO-006948,EQ-02537
WO-006948,EQ-02543
WO-006949,EQ-03547
WO-006950,EQ-02436
WO-006950,EQ-02438
WO-006951,EQ-03086
WO-006951,EQ-03092
WO-006952,EQ-01600
WO-006952,EQ-01601
WO-006953,EQ-02874
WO-006954,EQ-03484
WO-006955,EQ-00769
WO-006955,EQ-00771
WO-006956,EQ-01878
WO-006956,EQ-01883
WO-006956,EQ-01882
WO-006957,EQ-02892
WO-006958,EQ-02597
WO-006958,EQ-02596
WO-006958,EQ-02599
WO-006959,EQ-01468
WO-006960,EQ-01184
WO-006961,EQ-00098
WO-006961,EQ-00097
WO-006962,EQ-01620
WO-006963,EQ-02304
WO-006963,EQ-02306
WO-006963,EQ-02301
WO-006964,EQ-03290
WO-006964,EQ-03289
WO-006965,EQ-01580
WO-006966,EQ-02841
WO-006966,EQ-02843
WO-006966,EQ-02840
WO-006967,EQ-01333
WO-006968,EQ-01294
WO-006968,EQ-01292
WO-006969,EQ-03410
WO-006970,EQ-00558
WO-006970,EQ-00560
WO-006970,EQ-00559
WO-006971,EQ-00700
WO-006972,EQ-00993
WO-006973,EQ-00440
WO-006973,EQ-00442
WO-006974,EQ-00573
WO-006975,EQ-02142
WO-006975,EQ-02148
WO-006975,EQ-02146
WO-006975,EQ-02144
WO-006976,EQ-01489
WO-006976,EQ-01492
WO-006977,EQ-02546
WO-006977,EQ-02545
WO-006978,EQ-01848
WO-006979,EQ-02840
WO-006980,EQ-00837
WO-006981,EQ-01530
WO-006982,EQ-02687
WO-006983,EQ-01420
WO-006984,EQ-00105
WO-006984,EQ-00106
WO-006984,EQ-00109
WO-006984,EQ-00108
WO-006985,EQ-02843
WO-006986,EQ-01389
WO-006986,EQ-01395
WO-006986,EQ-01396
WO-006987,EQ-00182
WO-006988,EQ-01599
WO-006989,EQ-01446
WO-006989,EQ-01447
WO-006990,EQ-02058
WO-006991,EQ-03433
WO-006991,EQ-03432
WO-006992,EQ-00176
WO-006993,EQ-02676
WO-006994,EQ-00245
WO-006995,EQ-03153
WO-006996,EQ-00317
WO-006996,EQ-00318
WO-006997,EQ-00824
WO-006997,EQ-00823
WO-006998,EQ-02270
WO-006999,EQ-02221
WO-006999,EQ-02222
WO-006999,EQ-02220
WO-006999,EQ-02219
WO-007000,EQ-00432
WO-007000,EQ-00436
WO-007000,EQ-00434
WO-007001,EQ-02211
WO-007001,EQ-02212
WO-007002,EQ-02745
WO-007003,EQ-01167
WO-007003,EQ-01171
WO-007003,EQ-01170
WO-007004,EQ-00869
WO-007004,EQ-00871
WO-007005,EQ-01780
WO-007006,EQ-03505
WO-007006,EQ-03503
WO-007006,EQ-03501
WO-007007,EQ-01473
WO-007007,EQ-01474
WO-007008,EQ-00371
WO-007008,EQ-00372
WO-007008,EQ-00373
WO-007009,EQ-01140
WO-007010,EQ-03254
WO-007010,EQ-03253
WO-007011,EQ-01474
WO-007011,EQ-01472
WO-007011,EQ-01471
WO-007012,EQ-03402
WO-007012,EQ-03399
WO-007012,EQ-03397
WO-007013,EQ-02242
WO-007013,EQ-02248
WO-007014,EQ-00798
WO-007015,EQ-01846
WO-007016,EQ-01904
WO-007017,EQ-01783
WO-007018,EQ-02332
WO-007018,EQ-02334
WO-007019,EQ-03251
WO-007020,EQ-03422
WO-007021,EQ-00855
WO-007021,EQ-00853
WO-007022,EQ-03073
WO-007022,EQ-03068
WO-007022,EQ-03071
WO-007023,EQ-00482
WO-007024,EQ-01007
WO-007025,EQ-01861
WO-007025,EQ-01860
WO-007026,EQ-02009
WO-007027,EQ-00022
WO-007028,EQ-01474
WO-007028,EQ-01472
WO-007029,EQ-01798
WO-007030,EQ-03472
WO-007031,EQ-02784
WO-007031,EQ-02785
WO-007032,EQ-03338
WO-007032,EQ-03339
WO-007032,EQ-03342
WO-007033,EQ-00018
WO-007033,EQ-00021
WO-007034,EQ-02979
WO-007035,EQ-02505
WO-007035,EQ-02506
WO-007036,EQ-00762
WO-007037,EQ-02500
WO-007038,EQ-03032
WO-007038,EQ-03035
WO-007038,EQ-03031
WO-007038,EQ-03034
WO-007039,EQ-00810
WO-007040,EQ-01866
WO-007041,EQ-00662
WO-007041,EQ-00661
WO-007041,EQ-00655
WO-007041,EQ-00660
WO-007042,EQ-02247
WO-007043,EQ-01454
WO-007043,EQ-01456
WO-007044,EQ-03482
WO-007044,EQ-03481
WO-007045,EQ-03187
WO-007046,EQ-00224
WO-007047,EQ-01385
WO-007048,EQ-03457
WO-007049,EQ-01447
WO-007050,EQ-03319
WO-007051,EQ-03376
WO-007052,EQ-00377
WO-007052,EQ-00378
WO-007052,EQ-00379
WO-007053,EQ-00507
WO-007053,EQ-00504
WO-007053,EQ-00505
WO-007053,EQ-00508
WO-007054,EQ-02063
WO-007055,EQ-03365
WO-007056,EQ-00041
WO-007056,EQ-00038
WO-007056,EQ-00042
WO-007056,EQ-00036
WO-007057,EQ-00649
WO-007058,EQ-00111
WO-007059,EQ-00560
WO-007060,EQ-01630
WO-007061,EQ-03220
WO-007061,EQ-03224
WO-007061,EQ-03221
WO-007062,EQ-01701
WO-007063,EQ-02882
WO-007063,EQ-02876
WO-007063,EQ-02877
WO-007063,EQ-02878
WO-007064,EQ-00875
WO-007065,EQ-00711
WO-007066,EQ-00773
WO-007066,EQ-00774
WO-007067,EQ-03174
WO-007067,EQ-03175
WO-007068,EQ-02029
WO-007068,EQ-02028
WO-007068,EQ-02027
WO-007069,EQ-01655
WO-007070,EQ-02543
WO-007071,EQ-00901
WO-007071,EQ-00899
WO-007072,EQ-00666
WO-007073,EQ-03312
WO-007074,EQ-02644
WO-007074,EQ-02642
WO-007075,EQ-00142
WO-007076,EQ-02731
WO-007076,EQ-02730
WO-007076,EQ-02734
WO-007077,EQ-00777
WO-007078,EQ-02703
WO-007078,EQ-02708
WO-007079,EQ-01789
WO-007079,EQ-01787
WO-007080,EQ-01300
WO-007081,EQ-00712
WO-007082,EQ-01646
WO-007082,EQ-01642
WO-007082,EQ-01647
WO-007083,EQ-00131
WO-007083,EQ-00130
WO-007083,EQ-00128
WO-007084,EQ-00612
WO-007084,EQ-00613
WO-007085,EQ-00060
WO-007086,EQ-01392
WO-007087,EQ-01674
WO-007087,EQ-01676
WO-007088,EQ-00929
WO-007089,EQ-02502
WO-007089,EQ-02506
WO-007089,EQ-02505
WO-007090,EQ-02229
WO-007090,EQ-02226
WO-007091,EQ-00483
WO-007091,EQ-00482
WO-007092,EQ-01114
WO-007093,EQ-02110
WO-007094,EQ-01593
WO-007094,EQ-01588
WO-007094,EQ-01599
WO-007095,EQ-01868
WO-007096,EQ-00523
WO-007096,EQ-00531
WO-007097,EQ-00488
WO-007098,EQ-00418
WO-007099,EQ-03632
WO-007099,EQ-03630
WO-007100,EQ-01054
WO-007100,EQ-01051
WO-007100,EQ-01052
WO-007101,EQ-01597
WO-007102,EQ-01446
WO-007102,EQ-01448
WO-007102,EQ-01447
WO-007103,EQ-02518
WO-007104,EQ-01729
WO-007104,EQ-01728
WO-007105,EQ-00021
WO-007105,EQ-00020
WO-007105,EQ-00017
WO-007106,EQ-02429
WO-007106,EQ-02431
WO-007106,EQ-02430
WO-007106,EQ-02432
WO-007107,EQ-03453
WO-007108,EQ-02604
WO-007108,EQ-02602
WO-007108,EQ-02603
WO-007108,EQ-02606
WO-007109,EQ-02700
WO-007109,EQ-02702
WO-007110,EQ-02554
WO-007111,EQ-00146
WO-007112,EQ-01307
WO-007112,EQ-01305
WO-007112,EQ-01308
WO-007113,EQ-02994
WO-007114,EQ-02061
WO-007115,EQ-02697
WO-007115,EQ-02696
WO-007115,EQ-02701
WO-007116,EQ-01192
WO-007116,EQ-01199
WO-007117,EQ-01190
WO-007117,EQ-01186
WO-007117,EQ-01187
WO-007118,EQ-02087
WO-007119,EQ-01720
WO-007119,EQ-01721
WO-007120,EQ-02802
WO-007121,EQ-02336
WO-007122,EQ-02312
WO-007122,EQ-02311
WO-007123,EQ-01842
WO-007123,EQ-01843
WO-007124,EQ-01135
WO-007125,EQ-01147
WO-007126,EQ-02311
WO-007127,EQ-01185
WO-007128,EQ-02656
WO-007128,EQ-02651
WO-007128,EQ-02652
WO-007128,EQ-02657
WO-007129,EQ-02976
WO-007130,EQ-02761
WO-007131,EQ-01884
WO-007131,EQ-01886
WO-007132,EQ-00985
WO-007133,EQ-00866
WO-007133,EQ-00858
WO-007133,EQ-00857
WO-007134,EQ-00572
WO-007135,EQ-03172
WO-007136,EQ-01881
WO-007136,EQ-01878
WO-007137,EQ-01687
WO-007138,EQ-01730
WO-007138,EQ-01729
WO-007139,EQ-00469
WO-007140,EQ-03221
WO-007140,EQ-03223
WO-007140,EQ-03224
WO-007141,EQ-00730
WO-007142,EQ-02226
WO-007142,EQ-02231
WO-007143,EQ-00437
WO-007143,EQ-00435
WO-007144,EQ-00935
WO-007144,EQ-00934
WO-007144,EQ-00937
WO-007145,EQ-01252
WO-007146,EQ-01790
WO-007146,EQ-01791
WO-007147,EQ-00802
WO-007147,EQ-00801
WO-007147,EQ-00800
WO-007147,EQ-00803
WO-007148,EQ-00284
WO-007149,EQ-03149
WO-007150,EQ-03287
WO-007151,EQ-00748
WO-007151,EQ-00749
WO-007152,EQ-00351
WO-007152,EQ-00349
WO-007153,EQ-01600
WO-007154,EQ-02352
WO-007154,EQ-02353
WO-007155,EQ-02295
WO-007156,EQ-00849
WO-007156,EQ-00848
WO-007156,EQ-00850
WO-007157,EQ-02032
WO-007158,EQ-01599
WO-007159,EQ-00698
WO-007160,EQ-00969
WO-007160,EQ-00968
WO-007161,EQ-01645
WO-007161,EQ-01648
WO-007161,EQ-01644
WO-007161,EQ-01647
WO-007162,EQ-03452
WO-007162,EQ-03453
WO-007163,EQ-00126
WO-007163,EQ-00122
WO-007164,EQ-02944
WO-007165,EQ-01173
WO-007165,EQ-01174
WO-007166,EQ-02030
WO-007167,EQ-01251
WO-007168,EQ-00559
WO-007169,EQ-03238
WO-007170,EQ-03364
WO-007170,EQ-03365
WO-007171,EQ-00297
WO-007171,EQ-00294
WO-007172,EQ-00178
WO-007172,EQ-00177
WO-007173,EQ-01912
WO-007173,EQ-01909
WO-007174,EQ-03112
WO-007175,EQ-00667
WO-007176,EQ-01251
WO-007177,EQ-02670
WO-007177,EQ-02671
WO-007178,EQ-00297
WO-007179,EQ-01067
WO-007180,EQ-02350
WO-007180,EQ-02345
WO-007181,EQ-00204
WO-007181,EQ-00207
WO-007181,EQ-00208
WO-007181,EQ-00206
WO-007182,EQ-00126
WO-007182,EQ-00122
WO-007182,EQ-00125
WO-007183,EQ-01384
WO-007184,EQ-02377
WO-007185,EQ-03375
WO-007186,EQ-02359
WO-007187,EQ-03027
WO-007188,EQ-01091
WO-007188,EQ-01089
WO-007189,EQ-02041
WO-007190,EQ-01618
WO-007190,EQ-01614
WO-007190,EQ-01622
WO-007191,EQ-01161
WO-007192,EQ-01883
WO-007192,EQ-01879
WO-007192,EQ-01881
WO-007193,EQ-01667
WO-007193,EQ-01670
WO-007193,EQ-01669
WO-007194,EQ-00370
WO-007194,EQ-00372
WO-007194,EQ-00369
WO-007195,EQ-00794
WO-007195,EQ-00798
WO-007195,EQ-00797
WO-007195,EQ-00796
WO-007196,EQ-03055
WO-007197,EQ-01730
WO-007198,EQ-00967
WO-007199,EQ-00333
WO-007199,EQ-00331
WO-007199,EQ-00330
WO-007200,EQ-00283
WO-007200,EQ-00284
WO-007201,EQ-00404
WO-007201,EQ-00402
WO-007202,EQ-01739
WO-007202,EQ-01737
WO-007203,EQ-01586
WO-007204,EQ-03101
WO-007204,EQ-03102
WO-007204,EQ-03095
WO-007205,EQ-00474
WO-007205,EQ-00477
WO-007205,EQ-00478
WO-007206,EQ-01936
WO-007207,EQ-00909
WO-007207,EQ-00908
WO-007207,EQ-00911
WO-007208,EQ-02016
WO-007209,EQ-02965
WO-007210,EQ-01451
WO-007210,EQ-01453
WO-007210,EQ-01456
WO-007211,EQ-00728
WO-007212,EQ-01798
WO-007212,EQ-01792
WO-007212,EQ-01794
WO-007213,EQ-01950
WO-007213,EQ-01951
WO-007213,EQ-01949
WO-007213,EQ-01953
WO-007214,EQ-01431
WO-007215,EQ-02150
WO-007215,EQ-02145
WO-007216,EQ-01790
WO-007217,EQ-00549
WO-007218,EQ-02633
WO-007219,EQ-00649
WO-007220,EQ-01333
WO-007221,EQ-00188
WO-007222,EQ-02398
WO-007222,EQ-02395
WO-007223,EQ-00862
WO-007224,EQ-03289
WO-007225,EQ-02804
WO-007225,EQ-02805
WO-007225,EQ-02798
WO-007226,EQ-01752
WO-007226,EQ-01754
WO-007226,EQ-01750
WO-007227,EQ-00824
WO-007227,EQ-00823
WO-007228,EQ-01197
WO-007228,EQ-01196
WO-007229,EQ-01584
WO-007230,EQ-02969
WO-007230,EQ-02968
WO-007231,EQ-00477
WO-007232,EQ-01915
WO-007232,EQ-01916
WO-007233,EQ-00739
WO-007234,EQ-00411
WO-007235,EQ-01182
WO-007235,EQ-01181
WO-007236,EQ-00476
WO-007236,EQ-00477
WO-007236,EQ-00474
WO-007237,EQ-02658
WO-007238,EQ-01643
WO-007238,EQ-01648
WO-007238,EQ-01646
WO-007239,EQ-00708
WO-007239,EQ-00709
WO-007240,EQ-01243
WO-007240,EQ-01246
WO-007241,EQ-00782
WO-007241,EQ-00783
WO-007241,EQ-00787
WO-007242,EQ-02762
WO-007242,EQ-02765
WO-007243,EQ-01715
WO-007244,EQ-01746
WO-007245,EQ-03127
WO-007246,EQ-03170
WO-007246,EQ-03165
WO-007247,EQ-02359
WO-007247,EQ-02358
WO-007248,EQ-02382
WO-007248,EQ-02381
WO-007249,EQ-01160
WO-007250,EQ-02681
WO-007251,EQ-01797
WO-007251,EQ-01796
WO-007251,EQ-01793
WO-007251,EQ-01794
WO-007252,EQ-00651
WO-007252,EQ-00654
WO-007253,EQ-00240
WO-007253,EQ-00241
WO-007253,EQ-00242
WO-007253,EQ-00238
WO-007254,EQ-03066
WO-007255,EQ-02342
WO-007256,EQ-00176
WO-007256,EQ-00174
WO-007257,EQ-03046
WO-007257,EQ-03047
WO-007258,EQ-00773
WO-007259,EQ-01812
WO-007260,EQ-00134
WO-007261,EQ-01317
WO-007261,EQ-01319
WO-007261,EQ-01316
WO-007262,EQ-02515
WO-007263,EQ-02191
WO-007264,EQ-02117
WO-007265,EQ-03015
WO-007265,EQ-03010
WO-007265,EQ-03013
WO-007266,EQ-03481
WO-007267,EQ-00607
WO-007267,EQ-00599
WO-007267,EQ-00608
WO-007267,EQ-00603
WO-007268,EQ-02774
WO-007268,EQ-02770
WO-007268,EQ-02772
WO-007269,EQ-01931
WO-007270,EQ-02444
WO-007270,EQ-02438
WO-007271,EQ-00132
WO-007272,EQ-03613
WO-007272,EQ-03610
WO-007272,EQ-03609
WO-007273,EQ-02310
WO-007273,EQ-02309
WO-007274,EQ-01164
WO-007275,EQ-01692
WO-007276,EQ-02046
WO-007277,EQ-00515
WO-007277,EQ-00514
WO-007277,EQ-00522
WO-007278,EQ-01986
WO-007278,EQ-01985
WO-007279,EQ-00581
WO-007279,EQ-00582
WO-007279,EQ-00584
WO-007280,EQ-02301
WO-007281,EQ-00150
WO-007282,EQ-01496
WO-007283,EQ-00650
WO-007284,EQ-00690
WO-007284,EQ-00691
WO-007285,EQ-00114
WO-007285,EQ-00113
WO-007285,EQ-00112
WO-007285,EQ-00111
WO-007286,EQ-01089
WO-007287,EQ-01187
WO-007288,EQ-03425
WO-007289,EQ-02551
WO-007290,EQ-02844
WO-007291,EQ-00419
WO-007291,EQ-00421
WO-007291,EQ-00420
WO-007291,EQ-00418
WO-007292,EQ-01742
WO-007292,EQ-01743
WO-007293,EQ-03303
WO-007294,EQ-02210
WO-007294,EQ-02211
WO-007294,EQ-02209
WO-007294,EQ-02214
WO-007295,EQ-02680
WO-007295,EQ-02676
WO-007295,EQ-02684
WO-007296,EQ-00896
WO-007296,EQ-00898
WO-007297,EQ-03031
WO-007297,EQ-03034
WO-007298,EQ-01535
WO-007298,EQ-01528
WO-007298,EQ-01532
WO-007298,EQ-01530
WO-007299,EQ-00763
WO-007299,EQ-00757
WO-007300,EQ-00712
WO-007301,EQ-00173
WO-007302,EQ-01966
WO-007302,EQ-01963
WO-007303,EQ-00977
WO-007303,EQ-00975
WO-007304,EQ-02143
WO-007304,EQ-02144
WO-007304,EQ-02145
WO-007304,EQ-02146
WO-007305,EQ-01186
WO-007306,EQ-01678
WO-007307,EQ-01677
WO-007308,EQ-02644
WO-007309,EQ-01919
WO-007310,EQ-00884
WO-007310,EQ-00892
WO-007310,EQ-00886
WO-007311,EQ-03175
WO-007312,EQ-03132
WO-007313,EQ-00227
WO-007313,EQ-00225
WO-007313,EQ-00228
WO-007314,EQ-02828
WO-007315,EQ-02929
WO-007315,EQ-02935
WO-007315,EQ-02934
WO-007315,EQ-02932
WO-007316,EQ-02921
WO-007317,EQ-01754
WO-007317,EQ-01753
WO-007317,EQ-01752
WO-007318,EQ-02641
WO-007318,EQ-02639
WO-007319,EQ-01302
WO-007319,EQ-01303
WO-007320,EQ-01165
WO-007320,EQ-01168
WO-007320,EQ-01167
WO-007321,EQ-00334
WO-007322,EQ-00427
WO-007323,EQ-02156
WO-007323,EQ-02159
WO-007323,EQ-02164
WO-007323,EQ-02163
WO-007324,EQ-02527
WO-007325,EQ-00540
WO-007325,EQ-00538
WO-007325,EQ-00539
WO-007325,EQ-00537
WO-007326,EQ-01726
WO-007327,EQ-00206
WO-007327,EQ-00204
WO-007327,EQ-00208
WO-007327,EQ-00210
WO-007328,EQ-01043
WO-007328,EQ-01038
WO-007328,EQ-01039
WO-007329,EQ-00934
WO-007330,EQ-01268
WO-007331,EQ-03495
WO-007331,EQ-03487
WO-007331,EQ-03494
WO-007332,EQ-01186
WO-007332,EQ-01190
WO-007333,EQ-00319
WO-007334,EQ-01357
WO-007335,EQ-00717
WO-007336,EQ-02944
WO-007336,EQ-02949
WO-007337,EQ-03091
WO-007338,EQ-00815
WO-007339,EQ-01516
WO-007340,EQ-01305
WO-007341,EQ-00580
WO-007342,EQ-01768
WO-007342,EQ-01773
WO-007342,EQ-01772
WO-007342,EQ-01767
WO-007343,EQ-01728
WO-007343,EQ-01730
WO-007343,EQ-01729
WO-007344,EQ-03431
WO-007345,EQ-01555
WO-007345,EQ-01559
WO-007346,EQ-00798
WO-007347,EQ-00137
WO-007347,EQ-00139
WO-007348,EQ-02835
WO-007348,EQ-02830
WO-007349,EQ-01792
WO-007350,EQ-02976
WO-007351,EQ-02350
WO-007352,EQ-02714
WO-007353,EQ-02629
WO-007353,EQ-02627
WO-007354,EQ-00980
WO-007354,EQ-00974
WO-007354,EQ-00971
WO-007354,EQ-00975
WO-007355,EQ-00887
WO-007355,EQ-00891
WO-007356,EQ-00802
WO-007357,EQ-01741
WO-007358,EQ-01776
WO-007359,EQ-02180
WO-007360,EQ-02675
WO-007361,EQ-03092
WO-007361,EQ-03088
WO-007361,EQ-03090
WO-007361,EQ-03089
WO-007362,EQ-03419
WO-007362,EQ-03418
WO-007362,EQ-03420
WO-007363,EQ-02209
WO-007363,EQ-02210
WO-007363,EQ-02212
WO-007363,EQ-02208
WO-007364,EQ-01115
WO-007365,EQ-01367
WO-007366,EQ-01760
WO-007367,EQ-00069
WO-007367,EQ-00063
WO-007368,EQ-01189
WO-007368,EQ-01186
WO-007368,EQ-01187
WO-007368,EQ-01190
WO-007369,EQ-02492
WO-007369,EQ-02493
WO-007370,EQ-01586
WO-007370,EQ-01585
WO-007371,EQ-00773
WO-007372,EQ-02641
WO-007372,EQ-02638
WO-007373,EQ-01382
WO-007374,EQ-00500
WO-007375,EQ-01164
WO-007375,EQ-01163
WO-007376,EQ-00176
WO-007377,EQ-03178
WO-007378,EQ-00823
WO-007378,EQ-00824
WO-007379,EQ-00492
WO-007379,EQ-00497
WO-007379,EQ-00494
WO-007380,EQ-03285
WO-007380,EQ-03287
WO-007380,EQ-03284
WO-007381,EQ-00919
WO-007382,EQ-01225
WO-007383,EQ-01916
WO-007383,EQ-01915
WO-007384,EQ-00495
WO-007384,EQ-00492
WO-007384,EQ-00493
WO-007385,EQ-00378
WO-007385,EQ-00379
WO-007385,EQ-00377
WO-007386,EQ-00934
WO-007386,EQ-00936
WO-007386,EQ-00937
WO-007387,EQ-03254
WO-007387,EQ-03256
WO-007387,EQ-03255
WO-007388,EQ-02198
WO-007389,EQ-02604
WO-007389,EQ-02607
WO-007389,EQ-02605
WO-007389,EQ-02602
WO-007390,EQ-00799
WO-007391,EQ-01537
WO-007391,EQ-01538
WO-007391,EQ-01543
WO-007392,EQ-03260
WO-007392,EQ-03266
WO-007393,EQ-01754
WO-007394,EQ-02716
WO-007394,EQ-02719
WO-007395,EQ-02887
WO-007396,EQ-02757
WO-007396,EQ-02756
WO-007397,EQ-00459
WO-007397,EQ-00466
WO-007398,EQ-01508
WO-007399,EQ-00056
WO-007400,EQ-00269
WO-007401,EQ-02522
WO-007402,EQ-00607
WO-007403,EQ-00838
WO-007403,EQ-00836
WO-007403,EQ-00835
WO-007404,EQ-01322
WO-007404,EQ-01323
WO-007405,EQ-01900
WO-007405,EQ-01901
WO-007406,EQ-02510
WO-007406,EQ-02515
WO-007406,EQ-02511
WO-007407,EQ-02254
WO-007407,EQ-02257
WO-007408,EQ-02910
WO-007409,EQ-01368
WO-007410,EQ-02740
WO-007410,EQ-02742
WO-007410,EQ-02739
WO-007411,EQ-03197
WO-007411,EQ-03196
WO-007412,EQ-03423
WO-007412,EQ-03429
WO-007413,EQ-03457
WO-007413,EQ-03454
WO-007414,EQ-03410
WO-007415,EQ-00632
WO-007416,EQ-01686
WO-007416,EQ-01681
WO-007416,EQ-01685
WO-007416,EQ-01679
WO-007417,EQ-01956
WO-007418,EQ-03479
WO-007419,EQ-00666
WO-007420,EQ-01744
WO-007421,EQ-02518
WO-007421,EQ-02520
WO-007422,EQ-00609
WO-007422,EQ-00611
WO-007423,EQ-03554
WO-007423,EQ-03559
WO-007423,EQ-03557
WO-007424,EQ-02927
WO-007424,EQ-02928
WO-007424,EQ-02931
WO-007425,EQ-03175
WO-007425,EQ-03174
WO-007426,EQ-01094
WO-007427,EQ-02942
WO-007427,EQ-02944
WO-007428,EQ-02692
WO-007428,EQ-02690
WO-007428,EQ-02691
WO-007429,EQ-03150
WO-007430,EQ-01334
WO-007431,EQ-02780
WO-007431,EQ-02778
WO-007431,EQ-02776
WO-007431,EQ-02781
WO-007432,EQ-01455
WO-007433,EQ-00881
WO-007434,EQ-03320
WO-007434,EQ-03317
WO-007434,EQ-03322
WO-007435,EQ-02415
WO-007436,EQ-02409
WO-007436,EQ-02412
WO-007437,EQ-00095
WO-007438,EQ-00556
WO-007438,EQ-00552
WO-007438,EQ-00551
WO-007439,EQ-01336
WO-007440,EQ-01640
WO-007441,EQ-02845
WO-007441,EQ-02846
WO-007441,EQ-02844
WO-007442,EQ-00912
WO-007442,EQ-00914
WO-007442,EQ-00913
WO-007443,EQ-00070
WO-007444,EQ-01951
WO-007444,EQ-01952
WO-007445,EQ-02826
WO-007445,EQ-02828
WO-007445,EQ-02827
WO-007446,EQ-01854
WO-007446,EQ-01850
WO-007446,EQ-01852
WO-007447,EQ-01630
WO-007447,EQ-01624
WO-007448,EQ-00168
WO-007448,EQ-00169
WO-007449,EQ-01197
WO-007449,EQ-01199
WO-007450,EQ-00131
WO-007451,EQ-03517
WO-007452,EQ-00027
WO-007452,EQ-00025
WO-007453,EQ-01771
WO-007454,EQ-03555
WO-007454,EQ-03558
WO-007455,EQ-02267
WO-007456,EQ-00805
WO-007456,EQ-00809
WO-007456,EQ-00807
WO-007457,EQ-02087
WO-007457,EQ-02088
WO-007458,EQ-01624
WO-007458,EQ-01623
WO-007459,EQ-03567
WO-007460,EQ-02997
WO-007460,EQ-02993
WO-007461,EQ-03284
WO-007461,EQ-03282
WO-007462,EQ-00500
WO-007462,EQ-00498
WO-007463,EQ-00004
WO-007464,EQ-00867
WO-007464,EQ-00865
WO-007464,EQ-00864
WO-007465,EQ-02454
WO-007465,EQ-02459
WO-007465,EQ-02457
WO-007466,EQ-03212
WO-007466,EQ-03217
WO-007467,EQ-00049
WO-007467,EQ-00045
WO-007468,EQ-01375
WO-007468,EQ-01372
WO-007468,EQ-01376
WO-007468,EQ-01370
WO-007469,EQ-02423
WO-007470,EQ-01663
WO-007471,EQ-02525
WO-007471,EQ-02527
WO-007472,EQ-02184
WO-007472,EQ-02187
WO-007473,EQ-00468
WO-007474,EQ-01869
WO-007474,EQ-01868
WO-007475,EQ-03168
WO-007475,EQ-03173
WO-007476,EQ-02180
WO-007476,EQ-02181
WO-007477,EQ-02840
WO-007478,EQ-00257
WO-007478,EQ-00258
WO-007479,EQ-03269
WO-007480,EQ-02269
WO-007480,EQ-02268
WO-007481,EQ-00793
WO-007481,EQ-00791
WO-007482,EQ-00921
WO-007482,EQ-00923
WO-007482,EQ-00922
WO-007483,EQ-02461
WO-007484,EQ-02433
WO-007485,EQ-00542
WO-007486,EQ-03593
WO-007486,EQ-03592
WO-007487,EQ-00664
WO-007488,EQ-01731
WO-007488,EQ-01734
WO-007489,EQ-01400
WO-007489,EQ-01408
WO-007489,EQ-01397
WO-007489,EQ-01407
WO-007490,EQ-01353
WO-007490,EQ-01354
WO-007490,EQ-01352
WO-007491,EQ-00711
WO-007491,EQ-00710
WO-007492,EQ-00866
WO-007493,EQ-02771
WO-007493,EQ-02769
WO-007494,EQ-02743
WO-007495,EQ-00642
WO-007495,EQ-00640
WO-007495,EQ-00639
WO-007495,EQ-00643
WO-007496,EQ-01548
WO-007496,EQ-01553
WO-007496,EQ-01554
WO-007497,EQ-01306
WO-007498,EQ-00056
WO-007499,EQ-02441
WO-007499,EQ-02442
WO-007499,EQ-02436
WO-007500,EQ-01675
WO-007501,EQ-01663
WO-007501,EQ-01670
WO-007501,EQ-01669
WO-007502,EQ-01017
WO-007502,EQ-01020
WO-007502,EQ-01021
WO-007503,EQ-01230
WO-007504,EQ-01064
WO-007504,EQ-01069
WO-007504,EQ-01061
WO-007505,EQ-01804
WO-007505,EQ-01802
WO-007505,EQ-01801
WO-007506,EQ-00829
WO-007506,EQ-00830
WO-007507,EQ-01051
WO-007507,EQ-01056
WO-007508,EQ-01845
WO-007508,EQ-01850
WO-007509,EQ-01895
WO-007510,EQ-03090
WO-007510,EQ-03092
WO-007510,EQ-03088
WO-007510,EQ-03089
WO-007511,EQ-01747
WO-007512,EQ-01884
WO-007512,EQ-01885
WO-007513,EQ-01163
WO-007513,EQ-01164
WO-007514,EQ-01793
WO-007514,EQ-01798
WO-007515,EQ-01307
WO-007516,EQ-02642
WO-007517,EQ-00901
WO-007517,EQ-00899
WO-007517,EQ-00900
WO-007517,EQ-00902
WO-007518,EQ-03522
WO-007519,EQ-01499
WO-007519,EQ-01498
WO-007520,EQ-00244
WO-007521,EQ-00176
WO-007522,EQ-02765
WO-007522,EQ-02761
WO-007522,EQ-02764
WO-007523,EQ-00630
WO-007523,EQ-00631
WO-007523,EQ-00632
WO-007524,EQ-00117
WO-007525,EQ-02544
WO-007526,EQ-00195
WO-007527,EQ-01013
WO-007528,EQ-01013
WO-007529,EQ-02043
WO-007530,EQ-03347
WO-007531,EQ-03143
WO-007531,EQ-03146
WO-007531,EQ-03141
WO-007531,EQ-03148
WO-007532,EQ-03193
WO-007532,EQ-03192
WO-007533,EQ-00897
WO-007533,EQ-00895
WO-007533,EQ-00898
WO-007534,EQ-03574
WO-007534,EQ-03570
WO-007535,EQ-03347
WO-007535,EQ-03348
WO-007536,EQ-02427
WO-007537,EQ-00377
WO-007538,EQ-01733
WO-007538,EQ-01731
WO-007538,EQ-01732
WO-007538,EQ-01735
WO-007539,EQ-00393
WO-007540,EQ-02598
WO-007541,EQ-01149
WO-007541,EQ-01153
WO-007541,EQ-01151
WO-007542,EQ-02185
WO-007542,EQ-02183
WO-007543,EQ-00899
WO-007543,EQ-00900
WO-007544,EQ-01935
WO-007544,EQ-01934
WO-007544,EQ-01936
WO-007544,EQ-01940
WO-007545,EQ-02791
WO-007545,EQ-02792
WO-007545,EQ-02793
WO-007545,EQ-02789
WO-007546,EQ-03597
WO-007547,EQ-02677
WO-007547,EQ-02676
WO-007548,EQ-02011
WO-007548,EQ-02010
WO-007548,EQ-02009
WO-007549,EQ-01199
WO-007549,EQ-01200
WO-007550,EQ-03348
WO-007550,EQ-03350
WO-007551,EQ-02547
WO-007551,EQ-02549
WO-007551,EQ-02548
WO-007552,EQ-00295
WO-007553,EQ-03367
WO-007553,EQ-03369
WO-007553,EQ-03368
WO-007554,EQ-01867
WO-007555,EQ-03297
WO-007555,EQ-03296
WO-007555,EQ-03294
WO-007556,EQ-01748
WO-007557,EQ-00570
WO-007557,EQ-00573
WO-007557,EQ-00575
WO-007558,EQ-02105
WO-007558,EQ-02100
WO-007559,EQ-01757
WO-007559,EQ-01755
WO-007559,EQ-01759
WO-007559,EQ-01758
WO-007560,EQ-01726
WO-007561,EQ-00615
WO-007561,EQ-00613
WO-007562,EQ-02956
WO-007563,EQ-03317
WO-007563,EQ-03319
WO-007563,EQ-03321
WO-007564,EQ-03521
WO-007564,EQ-03522
WO-007564,EQ-03520
WO-007565,EQ-02443
WO-007566,EQ-02441
WO-007566,EQ-02438
WO-007567,EQ-03317
WO-007567,EQ-03319
WO-007567,EQ-03322
WO-007567,EQ-03320
WO-007568,EQ-00559
WO-007569,EQ-01575
WO-007570,EQ-00342
WO-007571,EQ-02329
WO-007572,EQ-02357
WO-007573,EQ-01967
WO-007574,EQ-01747
WO-007574,EQ-01746
WO-007574,EQ-01748
WO-007575,EQ-02189
WO-007575,EQ-02183
WO-007576,EQ-02069
WO-007577,EQ-01086
WO-007578,EQ-02005
WO-007578,EQ-02002
WO-007578,EQ-02007
WO-007579,EQ-03155
WO-007580,EQ-02893
WO-007580,EQ-02897
WO-007581,EQ-02577
WO-007582,EQ-03035
WO-007582,EQ-03034
WO-007582,EQ-03033
WO-007582,EQ-03032
WO-007583,EQ-00291
WO-007583,EQ-00283
WO-007584,EQ-00189
WO-007584,EQ-00188
WO-007585,EQ-00481
WO-007585,EQ-00483
WO-007586,EQ-02519
WO-007587,EQ-03198
WO-007587,EQ-03202
WO-007587,EQ-03195
WO-007588,EQ-00035
WO-007588,EQ-00036
WO-007588,EQ-00040
WO-007589,EQ-02647
WO-007589,EQ-02645
WO-007589,EQ-02646
WO-007590,EQ-01716
WO-007590,EQ-01717
WO-007591,EQ-03115
WO-007591,EQ-03107
WO-007592,EQ-02539
WO-007593,EQ-02096
WO-007593,EQ-02105
WO-007593,EQ-02100
WO-007594,EQ-00881
WO-007594,EQ-00882
WO-007595,EQ-01828
WO-007596,EQ-02583
WO-007596,EQ-02579
WO-007597,EQ-02921
WO-007597,EQ-02922
WO-007597,EQ-02924
WO-007598,EQ-03431
WO-007598,EQ-03430
WO-007599,EQ-00679
WO-007600,EQ-03446
WO-007601,EQ-03125
WO-007601,EQ-03128
WO-007602,EQ-00801
WO-007603,EQ-03627
WO-007604,EQ-02563
WO-007605,EQ-00825
WO-007605,EQ-00828
WO-007606,EQ-01167
WO-007607,EQ-01762
WO-007607,EQ-01760
WO-007607,EQ-01761
WO-007608,EQ-00752
WO-007609,EQ-00245
WO-007610,EQ-01181
WO-007611,EQ-02711
WO-007611,EQ-02710
WO-007611,EQ-02713
WO-007611,EQ-02703
WO-007612,EQ-01675
WO-007613,EQ-03486
WO-007614,EQ-01405
WO-007615,EQ-02692
WO-007615,EQ-02691
WO-007615,EQ-02690
WO-007616,EQ-02222
WO-007616,EQ-02219
WO-007616,EQ-02221
WO-007616,EQ-02220
WO-007617,EQ-02499
WO-007618,EQ-03326
WO-007619,EQ-02222
WO-007620,EQ-00299
WO-007620,EQ-00300
WO-007621,EQ-00486
WO-007621,EQ-00488
WO-007622,EQ-03364
WO-007623,EQ-02953
WO-007624,EQ-00413
WO-007625,EQ-02356
WO-007625,EQ-02354
WO-007626,EQ-02975
WO-007627,EQ-01308
WO-007627,EQ-01304
WO-007628,EQ-01585
WO-007629,EQ-00418
WO-007630,EQ-02358
WO-007631,EQ-01724
WO-007632,EQ-00049
WO-007632,EQ-00047
WO-007633,EQ-02953
WO-007633,EQ-02954
WO-007634,EQ-01722
WO-007634,EQ-01724
WO-007635,EQ-02132
WO-007635,EQ-02131
WO-007636,EQ-00609
WO-007636,EQ-00610
WO-007636,EQ-00611
WO-007637,EQ-02840
WO-007638,EQ-03032
WO-007639,EQ-02270
WO-007639,EQ-02272
WO-007639,EQ-02268
WO-007640,EQ-03527
WO-007640,EQ-03529
WO-007640,EQ-03528
WO-007640,EQ-03524
WO-007641,EQ-03107
WO-007641,EQ-03113
WO-007642,EQ-02827
WO-007642,EQ-02828
WO-007643,EQ-00823
WO-007643,EQ-00824
WO-007644,EQ-03150
WO-007644,EQ-03149
WO-007645,EQ-03451
WO-007645,EQ-03448
WO-007645,EQ-03445
WO-007645,EQ-03450
WO-007646,EQ-01742
WO-007647,EQ-01507
WO-007647,EQ-01503
WO-007647,EQ-01506
WO-007647,EQ-01504
WO-007648,EQ-02826
WO-007649,EQ-02719
WO-007649,EQ-02725
WO-007649,EQ-02723
WO-007649,EQ-02718
WO-007650,EQ-01730
WO-007651,EQ-03182
WO-007651,EQ-03178
WO-007652,EQ-01398
WO-007653,EQ-02097
WO-007653,EQ-02100
WO-007653,EQ-02096
WO-007654,EQ-01442
WO-007654,EQ-01434
WO-007655,EQ-00012
WO-007655,EQ-00011
WO-007656,EQ-00280
WO-007657,EQ-01187
WO-007657,EQ-01189
WO-007658,EQ-00011
WO-007658,EQ-00012
WO-007659,EQ-00803
WO-007660,EQ-00466
WO-007661,EQ-01027
WO-007661,EQ-01032
WO-007661,EQ-01036
WO-007662,EQ-03403
WO-007663,EQ-03070
WO-007664,EQ-01885
WO-007664,EQ-01886
WO-007664,EQ-01884
WO-007665,EQ-01000
WO-007665,EQ-00995
WO-007666,EQ-03325
WO-007666,EQ-03323
WO-007666,EQ-03330
WO-007666,EQ-03329
WO-007667,EQ-03195
WO-007667,EQ-03205
WO-007667,EQ-03203
WO-007667,EQ-03202
WO-007668,EQ-00061
WO-007668,EQ-00062
WO-007668,EQ-00060
WO-007669,EQ-00255
WO-007670,EQ-01782
WO-007670,EQ-01783
WO-007671,EQ-01251
WO-007672,EQ-01179
WO-007672,EQ-01174
WO-007672,EQ-01175
WO-007672,EQ-01177
WO-007673,EQ-00737
WO-007673,EQ-00733
WO-007673,EQ-00735
WO-007673,EQ-00732
WO-007674,EQ-01726
WO-007674,EQ-01723
WO-007675,EQ-01049
WO-007676,EQ-00905
WO-007676,EQ-00903
WO-007676,EQ-00906
WO-007677,EQ-02218
WO-007678,EQ-02308
WO-007679,EQ-00099
WO-007680,EQ-01383
WO-007680,EQ-01388
WO-007681,EQ-03607
WO-007682,EQ-03482
WO-007682,EQ-03481
WO-007683,EQ-00574
WO-007684,EQ-02685
WO-007684,EQ-02687
WO-007685,EQ-02425
WO-007685,EQ-02427
WO-007685,EQ-02426
WO-007686,EQ-03402
WO-007687,EQ-02358
WO-007688,EQ-02517
WO-007689,EQ-01455
WO-007689,EQ-01453
WO-007690,EQ-00534
WO-007691,EQ-00705
WO-007692,EQ-01960
WO-007693,EQ-03364
WO-007694,EQ-02129
WO-007694,EQ-02130
WO-007694,EQ-02128
WO-007695,EQ-03338
WO-007695,EQ-03341
WO-007696,EQ-01511
WO-007696,EQ-01510
WO-007696,EQ-01508
WO-007697,EQ-02312
WO-007697,EQ-02311
WO-007698,EQ-02218
WO-007699,EQ-01801
WO-007700,EQ-03433
WO-007700,EQ-03432
WO-007701,EQ-02633
WO-007701,EQ-02634
WO-007701,EQ-02637
WO-007701,EQ-02635
WO-007702,EQ-01841
WO-007702,EQ-01838
WO-007702,EQ-01834
WO-007703,EQ-02860
WO-007703,EQ-02858
WO-007704,EQ-02730
WO-007704,EQ-02732
WO-007705,EQ-00283
WO-007706,EQ-01322
WO-007706,EQ-01321
WO-007707,EQ-00662
WO-007708,EQ-02113
WO-007708,EQ-02112
WO-007709,EQ-03063
WO-007710,EQ-01806
WO-007711,EQ-03562
WO-007712,EQ-02671
WO-007713,EQ-00653
WO-007713,EQ-00654
WO-007713,EQ-00652
WO-007713,EQ-00651
WO-007714,EQ-01595
WO-007714,EQ-01598
WO-007715,EQ-01780
WO-007716,EQ-02425
WO-007717,EQ-02826
WO-007718,EQ-02767
WO-007718,EQ-02771
WO-007718,EQ-02773
WO-007718,EQ-02769
WO-007719,EQ-01055
WO-007720,EQ-00281
WO-007721,EQ-02284
WO-007722,EQ-02316
WO-007723,EQ-01298
WO-007723,EQ-01296
WO-007724,EQ-03223
WO-007724,EQ-03220
WO-007725,EQ-00146
WO-007726,EQ-01646
WO-007726,EQ-01645
WO-007727,EQ-00148
WO-007728,EQ-00905
WO-007729,EQ-00166
WO-007730,EQ-01308
WO-007730,EQ-01306
WO-007731,EQ-00723
WO-007731,EQ-00726
WO-007732,EQ-00234
WO-007733,EQ-00626
WO-007734,EQ-00562
WO-007735,EQ-02545
WO-007735,EQ-02544
WO-007735,EQ-02546
WO-007736,EQ-01103
WO-007736,EQ-01108
WO-007736,EQ-01110
WO-007736,EQ-01109
WO-007737,EQ-01875
WO-007737,EQ-01874
WO-007738,EQ-01603
WO-007738,EQ-01613
WO-007739,EQ-00271
WO-007739,EQ-00273
WO-007740,EQ-03325
WO-007740,EQ-03330
WO-007741,EQ-03366
WO-007741,EQ-03363
WO-007741,EQ-03364
WO-007742,EQ-03031
WO-007742,EQ-03034
WO-007743,EQ-02835
WO-007743,EQ-02832
WO-007743,EQ-02831
WO-007743,EQ-02833
WO-007744,EQ-00860
WO-007745,EQ-00691
WO-007745,EQ-00690
WO-007746,EQ-02578
WO-007747,EQ-00390
WO-007747,EQ-00393
WO-007748,EQ-03077
WO-007749,EQ-00187
WO-007750,EQ-00558
WO-007751,EQ-03150
WO-007752,EQ-01117
WO-007753,EQ-00751
WO-007754,EQ-00644
WO-007755,EQ-03223
WO-007756,EQ-02326
WO-007756,EQ-02325
WO-007756,EQ-02324
WO-007756,EQ-02329
WO-007757,EQ-02411
WO-007758,EQ-00559
WO-007758,EQ-00560
WO-007758,EQ-00558
WO-007759,EQ-00276
WO-007759,EQ-00275
WO-007760,EQ-00432
WO-007761,EQ-00687
WO-007762,EQ-02217
WO-007762,EQ-02216
WO-007763,EQ-01469
WO-007763,EQ-01467
WO-007764,EQ-01473
WO-007765,EQ-01338
WO-007765,EQ-01339
WO-007765,EQ-01341
WO-007766,EQ-00910
WO-007767,EQ-02060
WO-007768,EQ-01790
WO-007768,EQ-01791
WO-007769,EQ-01644
WO-007770,EQ-01087
WO-007770,EQ-01092
WO-007770,EQ-01090
WO-007771,EQ-00862
WO-007771,EQ-00867
WO-007771,EQ-00859
WO-007772,EQ-00630
WO-007772,EQ-00631
WO-007772,EQ-00632
WO-007773,EQ-02643
WO-007774,EQ-01723
WO-007775,EQ-03412
WO-007776,EQ-03431
WO-007776,EQ-03430
WO-007777,EQ-00874
WO-007777,EQ-00873
WO-007778,EQ-00647
WO-007778,EQ-00648
WO-007778,EQ-00646
WO-007779,EQ-02167
WO-007780,EQ-00081
WO-007781,EQ-01526
WO-007782,EQ-00148
WO-007783,EQ-02622
WO-007783,EQ-02620
WO-007783,EQ-02618
WO-007784,EQ-00399
WO-007785,EQ-03209
WO-007786,EQ-03414
WO-007786,EQ-03417
WO-007786,EQ-03415
WO-007786,EQ-03412
WO-007787,EQ-01942
WO-007788,EQ-02957
WO-007788,EQ-02956
WO-007788,EQ-02955
WO-007789,EQ-03013
WO-007789,EQ-03011
WO-007789,EQ-03015
WO-007790,EQ-01880
WO-007790,EQ-01883
WO-007791,EQ-02598
WO-007791,EQ-02597
WO-007792,EQ-03563
WO-007793,EQ-00099
WO-007794,EQ-00800
WO-007795,EQ-02437
WO-007796,EQ-00762
WO-007797,EQ-00915
WO-007798,EQ-03403
WO-007799,EQ-00110
WO-007800,EQ-01061
WO-007801,EQ-00412
WO-007802,EQ-02522
WO-007802,EQ-02527
WO-007803,EQ-03211
WO-007803,EQ-03209
WO-007804,EQ-00401
WO-007804,EQ-00400
WO-007805,EQ-03232
WO-007806,EQ-03079
WO-007807,EQ-00777
WO-007808,EQ-02475
WO-007809,EQ-00359
WO-007810,EQ-02586
WO-007810,EQ-02589
WO-007810,EQ-02588
WO-007811,EQ-02532
WO-007811,EQ-02533
WO-007811,EQ-02529
WO-007811,EQ-02534
WO-007812,EQ-02273
WO-007813,EQ-00574
WO-007813,EQ-00570
WO-007814,EQ-01423
WO-007814,EQ-01420
WO-007814,EQ-01422
WO-007814,EQ-01421
WO-007815,EQ-00620
WO-007816,EQ-01843
WO-007817,EQ-03264
WO-007818,EQ-02852
WO-007818,EQ-02851
WO-007819,EQ-02301
WO-007820,EQ-01082
WO-007821,EQ-03070
WO-007821,EQ-03073
WO-007821,EQ-03069
WO-007822,EQ-00970
WO-007823,EQ-01453
WO-007823,EQ-01452
WO-007823,EQ-01451
WO-007823,EQ-01455
WO-007824,EQ-03558
WO-007825,EQ-00687
WO-007825,EQ-00689
WO-007825,EQ-00688
WO-007826,EQ-02835
WO-007826,EQ-02830
WO-007826,EQ-02834
WO-007827,EQ-01306
WO-007827,EQ-01307
WO-007827,EQ-01308
WO-007828,EQ-02860
WO-007828,EQ-02857
WO-007828,EQ-02859
WO-007828,EQ-02864
WO-007829,EQ-03524
WO-007830,EQ-02092
WO-007831,EQ-00094
WO-007832,EQ-02181
WO-007832,EQ-02180
WO-007833,EQ-00480
WO-007834,EQ-00916
WO-007835,EQ-02553
WO-007836,EQ-00332
WO-007836,EQ-00328
WO-007836,EQ-00331
WO-007836,EQ-00329
WO-007837,EQ-02745
WO-007838,EQ-02636
WO-007839,EQ-01655
WO-007840,EQ-02255
WO-007840,EQ-02254
WO-007840,EQ-02260
WO-007840,EQ-02257
WO-007841,EQ-00691
WO-007842,EQ-01950
WO-007843,EQ-01043
WO-007844,EQ-02418
WO-007845,EQ-00024
WO-007845,EQ-00022
WO-007845,EQ-00028
WO-007846,EQ-00853
WO-007847,EQ-02844
WO-007848,EQ-01717
WO-007849,EQ-01405
WO-007849,EQ-01397
WO-007849,EQ-01404
WO-007849,EQ-01398
WO-007850,EQ-02983
WO-007850,EQ-02985
WO-007851,EQ-02939
WO-007851,EQ-02938
WO-007851,EQ-02941
WO-007852,EQ-02348
WO-007852,EQ-02345
WO-007852,EQ-02349
WO-007853,EQ-02535
WO-007854,EQ-02101
WO-007854,EQ-02100
WO-007855,EQ-03449
WO-007856,EQ-00114
WO-007856,EQ-00112
WO-007856,EQ-00110
WO-007856,EQ-00113
WO-007857,EQ-01092
WO-007857,EQ-01090
WO-007858,EQ-01322
WO-007858,EQ-01323
WO-007858,EQ-01320
WO-007859,EQ-02720
WO-007860,EQ-02177
WO-007861,EQ-02326
WO-007862,EQ-03420
WO-007863,EQ-02834
WO-007864,EQ-01572
WO-007865,EQ-02814
WO-007865,EQ-02817
WO-007865,EQ-02820
WO-007865,EQ-02825
WO-007866,EQ-01371
WO-007867,EQ-03079
WO-007868,EQ-03047
WO-007868,EQ-03048
WO-007869,EQ-01754
WO-007869,EQ-01751
WO-007870,EQ-02694
WO-007870,EQ-02701
WO-007871,EQ-00535
WO-007872,EQ-00400
WO-007873,EQ-03069
WO-007873,EQ-03073
WO-007873,EQ-03070
WO-007873,EQ-03071
WO-007874,EQ-01171
WO-007874,EQ-01167
WO-007875,EQ-01972
WO-007876,EQ-01791
WO-007877,EQ-03165
WO-007877,EQ-03169
WO-007878,EQ-00289
WO-007878,EQ-00286
WO-007878,EQ-00288
WO-007878,EQ-00292
WO-007879,EQ-02185
WO-007879,EQ-02189
WO-007879,EQ-02188
WO-007880,EQ-01455
WO-007880,EQ-01451
WO-007880,EQ-01453
WO-007880,EQ-01452
WO-007881,EQ-01966
WO-007881,EQ-01964
WO-007882,EQ-01443
WO-007882,EQ-01434
WO-007882,EQ-01436
WO-007883,EQ-03627
WO-007884,EQ-00740
WO-007885,EQ-01916
WO-007886,EQ-02030
WO-007886,EQ-02031
WO-007887,EQ-01422
WO-007887,EQ-01419
WO-007887,EQ-01423
WO-007888,EQ-00687
WO-007889,EQ-01444
WO-007889,EQ-01445
WO-007890,EQ-00911
WO-007890,EQ-00907
WO-007891,EQ-01439
WO-007891,EQ-01443
WO-007892,EQ-02598
WO-007893,EQ-01780
WO-007893,EQ-01781
WO-007894,EQ-01739
WO-007894,EQ-01738
WO-007895,EQ-00515
WO-007896,EQ-00976
WO-007896,EQ-00978
WO-007897,EQ-01092
WO-007898,EQ-01161
WO-007898,EQ-01160
WO-007898,EQ-01162
WO-007899,EQ-02946
WO-007900,EQ-01601
WO-007900,EQ-01600
WO-007900,EQ-01602
WO-007901,EQ-00618
WO-007902,EQ-00646
WO-007903,EQ-00391
WO-007903,EQ-00392
WO-007904,EQ-00456
WO-007904,EQ-00457
WO-007905,EQ-02407
WO-007905,EQ-02403
WO-007906,EQ-00824
WO-007907,EQ-01941
WO-007908,EQ-03094
WO-007908,EQ-03087
WO-007909,EQ-00713
WO-007909,EQ-00712
WO-007910,EQ-03098
WO-007911,EQ-02685
WO-007911,EQ-02687
WO-007911,EQ-02686
WO-007912,EQ-02992
WO-007912,EQ-02997
WO-007912,EQ-02996
WO-007912,EQ-02989
WO-007913,EQ-00878
WO-007914,EQ-00131
WO-007915,EQ-00257
WO-007916,EQ-02546
WO-007916,EQ-02545
WO-007916,EQ-02544
WO-007917,EQ-03046
WO-007918,EQ-02222
WO-007919,EQ-02595
WO-007919,EQ-02594
WO-007919,EQ-02593
WO-007920,EQ-01206
WO-007921,EQ-03563
WO-007922,EQ-01746
WO-007922,EQ-01747
WO-007922,EQ-01744
WO-007922,EQ-01745
WO-007923,EQ-00035
WO-007923,EQ-00042
WO-007924,EQ-02778
WO-007925,EQ-03111
WO-007926,EQ-01765
WO-007926,EQ-01764
WO-007927,EQ-02846
WO-007927,EQ-02845
WO-007927,EQ-02844
WO-007928,EQ-00112
WO-007928,EQ-00113
WO-007928,EQ-00111
WO-007929,EQ-02704
WO-007929,EQ-02709
WO-007930,EQ-02028
WO-007931,EQ-02906
WO-007932,EQ-02237
WO-007932,EQ-02236
WO-007933,EQ-03314
WO-007934,EQ-01026
WO-007934,EQ-01030
WO-007935,EQ-03160
WO-007935,EQ-03164
WO-007936,EQ-01555
WO-007937,EQ-01824
WO-007938,EQ-00055
WO-007939,EQ-00433
WO-007940,EQ-01477
WO-007941,EQ-00124
WO-007942,EQ-03094
WO-007943,EQ-00414
WO-007943,EQ-00417
WO-007944,EQ-02678
WO-007945,EQ-01745
WO-007945,EQ-01744
WO-007945,EQ-01748
WO-007946,EQ-02452
WO-007947,EQ-01703
WO-007948,EQ-00848
WO-007949,EQ-00176
WO-007950,EQ-00177
WO-007950,EQ-00178
WO-007951,EQ-02465
WO-007952,EQ-03632
WO-007953,EQ-02766
WO-007954,EQ-03514
WO-007955,EQ-02130
WO-007956,EQ-03502
WO-007957,EQ-01499
WO-007957,EQ-01500
WO-007958,EQ-00617
WO-007959,EQ-02177
WO-007960,EQ-00664
WO-007961,EQ-02980
WO-007962,EQ-02028
WO-007963,EQ-00425
WO-007963,EQ-00428
WO-007963,EQ-00426
WO-007964,EQ-02783
WO-007965,EQ-00493
WO-007966,EQ-00523
WO-007967,EQ-03501
WO-007968,EQ-00647
WO-007969,EQ-03328
WO-007969,EQ-03327
WO-007970,EQ-02638
WO-007970,EQ-02640
WO-007970,EQ-02639
WO-007970,EQ-02641
WO-007971,EQ-01882
WO-007972,EQ-01140
WO-007972,EQ-01145
WO-007973,EQ-00153
WO-007973,EQ-00160
WO-007973,EQ-00158
WO-007974,EQ-02783
WO-007975,EQ-00830
WO-007976,EQ-01229
WO-007977,EQ-02919
WO-007977,EQ-02926
WO-007978,EQ-03612
WO-007978,EQ-03610
WO-007979,EQ-01082
WO-007979,EQ-01083
WO-007980,EQ-01917
WO-007981,EQ-02481
WO-007981,EQ-02483
WO-007982,EQ-02278
WO-007983,EQ-02940
WO-007983,EQ-02939
WO-007984,EQ-01191
WO-007984,EQ-01186
WO-007984,EQ-01187
WO-007985,EQ-01517
WO-007985,EQ-01521
WO-007985,EQ-01516
WO-007986,EQ-03406
WO-007987,EQ-00371
WO-007987,EQ-00376
WO-007987,EQ-00374
WO-007988,EQ-01270
WO-007989,EQ-03591
WO-007990,EQ-01162
WO-007990,EQ-01160
WO-007991,EQ-03407
WO-007991,EQ-03409
WO-007992,EQ-00498
WO-007993,EQ-02972
WO-007993,EQ-02971
WO-007994,EQ-00802
WO-007995,EQ-02846
WO-007996,EQ-00418
WO-007996,EQ-00421
WO-007996,EQ-00419
WO-007997,EQ-02394
WO-007998,EQ-02967
WO-007998,EQ-02968
WO-007998,EQ-02969
WO-007999,EQ-00182
WO-008000,EQ-02771
WO-008001,EQ-02006
WO-008001,EQ-02002
WO-008001,EQ-02003
WO-008001,EQ-02004
WO-008002,EQ-02845
WO-008002,EQ-02846
WO-008003,EQ-02181
WO-008003,EQ-02180
WO-008004,EQ-02511
WO-008004,EQ-02515
WO-008005,EQ-03596
WO-008006,EQ-00577
WO-008007,EQ-00428
WO-008008,EQ-01012
WO-008009,EQ-01471
WO-008009,EQ-01473
WO-008010,EQ-02006
WO-008011,EQ-00774
WO-008011,EQ-00773
WO-008012,EQ-01199
WO-008013,EQ-02007
WO-008013,EQ-02004
WO-008013,EQ-02002
WO-008013,EQ-02000
WO-008014,EQ-02523
WO-008015,EQ-02147
WO-008016,EQ-01781
WO-008016,EQ-01780
WO-008017,EQ-03155
WO-008018,EQ-03197
WO-008019,EQ-01026
WO-008019,EQ-01027
WO-008020,EQ-00177
WO-008020,EQ-00178
WO-008021,EQ-00454
WO-008021,EQ-00451
WO-008021,EQ-00447
WO-008021,EQ-00449
WO-008022,EQ-02309
WO-008023,EQ-02474
WO-008023,EQ-02477
WO-008024,EQ-00461
WO-008024,EQ-00464
WO-008025,EQ-01942
WO-008026,EQ-01313
WO-008026,EQ-01319
WO-008027,EQ-02540
WO-008027,EQ-02542
WO-008028,EQ-01344
WO-008029,EQ-00825
WO-008030,EQ-01084
WO-008030,EQ-01085
WO-008030,EQ-01086
WO-008030,EQ-01082
WO-008031,EQ-00580
WO-008031,EQ-00584
WO-008031,EQ-00581
WO-008031,EQ-00585
WO-008032,EQ-03016
WO-008033,EQ-01698
WO-008034,EQ-03595
WO-008034,EQ-03590
WO-008034,EQ-03593
WO-008034,EQ-03589
WO-008035,EQ-00676
WO-008035,EQ-00677
WO-008036,EQ-00994
WO-008037,EQ-01455
WO-008037,EQ-01451
WO-008038,EQ-01082
WO-008038,EQ-01086
WO-008039,EQ-01303
WO-008040,EQ-02230
WO-008041,EQ-02099
WO-008042,EQ-03485
WO-008042,EQ-03486
WO-008043,EQ-02756
WO-008044,EQ-03416
WO-008045,EQ-02547
WO-008046,EQ-00383
WO-008046,EQ-00386
WO-008046,EQ-00382
WO-008047,EQ-02205
WO-008047,EQ-02203
WO-008048,EQ-02303
WO-008048,EQ-02302
WO-008048,EQ-02306
WO-008049,EQ-03449
WO-008050,EQ-01807
WO-008050,EQ-01810
WO-008050,EQ-01809
WO-008050,EQ-01808
WO-008051,EQ-02986
WO-008052,EQ-02722
WO-008053,EQ-02358
WO-008054,EQ-02617
WO-008054,EQ-02616
WO-008054,EQ-02615
WO-008055,EQ-02007
WO-008055,EQ-02008
WO-008055,EQ-02000
WO-008056,EQ-02353
WO-008057,EQ-01970
WO-008057,EQ-01967
WO-008058,EQ-01508
WO-008059,EQ-02424
WO-008059,EQ-02423
WO-008060,EQ-01426
WO-008061,EQ-01152
WO-008062,EQ-02824
WO-008062,EQ-02814
WO-008063,EQ-01815
WO-008064,EQ-03579
WO-008065,EQ-02498
WO-008065,EQ-02496
WO-008066,EQ-00746
WO-008067,EQ-02551
WO-008067,EQ-02552
WO-008067,EQ-02548
WO-008067,EQ-02549
WO-008068,EQ-00106
WO-008069,EQ-00535
WO-008069,EQ-00537
WO-008069,EQ-00538
WO-008069,EQ-00539
WO-008070,EQ-03430
WO-008071,EQ-00957
WO-008072,EQ-03432
WO-008073,EQ-01167
WO-008074,EQ-03348
WO-008075,EQ-01780
WO-008076,EQ-01071
WO-008076,EQ-01065
WO-008076,EQ-01069
WO-008077,EQ-01163
WO-008078,EQ-03319
WO-008079,EQ-01748
WO-008079,EQ-01747
WO-008080,EQ-01285
WO-008081,EQ-03503
WO-008081,EQ-03505
WO-008082,EQ-01372
WO-008083,EQ-00846
WO-008084,EQ-03482
WO-008084,EQ-03481
WO-008085,EQ-00881
WO-008086,EQ-03125
WO-008087,EQ-03045
WO-008088,EQ-03368
WO-008089,EQ-00723
WO-008090,EQ-03484
WO-008091,EQ-03579
WO-008092,EQ-01302
WO-008092,EQ-01303
WO-008093,EQ-00467
WO-008094,EQ-01783
WO-008095,EQ-03220
WO-008096,EQ-01204
WO-008096,EQ-01203
WO-008097,EQ-02195
WO-008097,EQ-02196
WO-008097,EQ-02197
WO-008097,EQ-02194
WO-008098,EQ-00611
WO-008099,EQ-00245
WO-008099,EQ-00244
WO-008100,EQ-01907
WO-008101,EQ-03079
WO-008101,EQ-03084
WO-008101,EQ-03081
WO-008102,EQ-00936
WO-008102,EQ-00934
WO-008102,EQ-00937
WO-008103,EQ-00690
WO-008104,EQ-00611
WO-008104,EQ-00610
WO-008105,EQ-00298
WO-008105,EQ-00297
WO-008106,EQ-02316
WO-008107,EQ-00118
WO-008108,EQ-02563
WO-008108,EQ-02565
WO-008109,EQ-01499
WO-008109,EQ-01498
WO-008109,EQ-01497
WO-008109,EQ-01500
WO-008110,EQ-00226
WO-008110,EQ-00225
WO-008110,EQ-00228
WO-008110,EQ-00224
WO-008111,EQ-01038
WO-008111,EQ-01039
WO-008112,EQ-01159
WO-008112,EQ-01152
WO-008112,EQ-01148
WO-008113,EQ-00323
WO-008113,EQ-00326
WO-008113,EQ-00327
WO-008113,EQ-00324
WO-008114,EQ-01127
WO-008114,EQ-01124
WO-008114,EQ-01125
WO-008115,EQ-02115
WO-008116,EQ-00417
WO-008117,EQ-03480
WO-008118,EQ-03395
WO-008118,EQ-03399
WO-008119,EQ-02325
WO-008119,EQ-02328
WO-008120,EQ-00932
WO-008120,EQ-00930
WO-008120,EQ-00929
WO-008120,EQ-00927
WO-008121,EQ-03198
WO-008122,EQ-00500
WO-008123,EQ-02976
WO-008124,EQ-00659
WO-008125,EQ-00833
WO-008125,EQ-00835
WO-008125,EQ-00834
WO-008126,EQ-00342
WO-008126,EQ-00340
WO-008127,EQ-03388
WO-008127,EQ-03389
WO-008127,EQ-03391
WO-008127,EQ-03387
WO-008128,EQ-02517
WO-008128,EQ-02516
WO-008129,EQ-02593
WO-008130,EQ-01648
WO-008130,EQ-01645
WO-008130,EQ-01642
WO-008130,EQ-01644
WO-008131,EQ-00702
WO-008132,EQ-01292
WO-008132,EQ-01298
WO-008133,EQ-00988
WO-008133,EQ-00991
WO-008134,EQ-01962
WO-008134,EQ-01954
WO-008135,EQ-00691
WO-008135,EQ-00690
WO-008136,EQ-00688
WO-008137,EQ-02715
WO-008137,EQ-02718
WO-008137,EQ-02716
WO-008138,EQ-00649
WO-008139,EQ-02867
WO-008140,EQ-02643
WO-008141,EQ-02215
WO-008141,EQ-02211
WO-008142,EQ-00752
WO-008142,EQ-00750
WO-008143,EQ-00132
WO-008143,EQ-00133
WO-008143,EQ-00134
WO-008144,EQ-00677
WO-008144,EQ-00676
WO-008145,EQ-02787
WO-008145,EQ-02793
WO-008146,EQ-02728
WO-008147,EQ-00457
WO-008148,EQ-00209
WO-008149,EQ-00774
WO-008149,EQ-00773
WO-008150,EQ-01774
WO-008150,EQ-01776
WO-008150,EQ-01778
WO-008151,EQ-00130
WO-008152,EQ-02607
WO-008153,EQ-01467
WO-008153,EQ-01470
WO-008153,EQ-01469
WO-008153,EQ-01468
WO-008154,EQ-02142
WO-008154,EQ-02145
WO-008154,EQ-02149
WO-008155,EQ-03149
WO-008155,EQ-03150
WO-008156,EQ-01577
WO-008157,EQ-03520
WO-008157,EQ-03516
WO-008157,EQ-03522
WO-008157,EQ-03521
WO-008158,EQ-03249
WO-008159,EQ-03525
WO-008159,EQ-03527
WO-008160,EQ-00717
WO-008161,EQ-03224
WO-008161,EQ-03223
WO-008162,EQ-02701
WO-008162,EQ-02700
WO-008163,EQ-00405
WO-008163,EQ-00406
WO-008164,EQ-02233
WO-008164,EQ-02236
WO-008165,EQ-00937
WO-008165,EQ-00936
WO-008165,EQ-00934
WO-008166,EQ-02114
WO-008166,EQ-02113
WO-008167,EQ-00901
WO-008167,EQ-00900
WO-008167,EQ-00899
WO-008167,EQ-00902
WO-008168,EQ-02765
WO-008168,EQ-02763
WO-008168,EQ-02762
WO-008168,EQ-02764
WO-008169,EQ-02262
WO-008170,EQ-00151
WO-008171,EQ-00205
WO-008171,EQ-00210
WO-008171,EQ-00212
WO-008171,EQ-00208
WO-008172,EQ-00852
WO-008173,EQ-00120
WO-008174,EQ-01578
WO-008174,EQ-01580
WO-008174,EQ-01576
WO-008175,EQ-02271
WO-008176,EQ-00506
WO-008176,EQ-00508
WO-008177,EQ-01340
WO-008177,EQ-01341
WO-008177,EQ-01336
WO-008178,EQ-03547
WO-008178,EQ-03552
WO-008178,EQ-03543
WO-008178,EQ-03550
WO-008179,EQ-01249
WO-008180,EQ-02311
WO-008181,EQ-01636
WO-008182,EQ-03393
WO-008182,EQ-03392
WO-008183,EQ-01176
WO-008184,EQ-01809
WO-008184,EQ-01810
WO-008185,EQ-00994
WO-008186,EQ-01445
WO-008187,EQ-02897
WO-008188,EQ-02646
WO-008189,EQ-02945
WO-008189,EQ-02950
WO-008190,EQ-00680
WO-008190,EQ-00683
WO-008190,EQ-00682
WO-008191,EQ-01916
WO-008191,EQ-01915
WO-008192,EQ-00709
WO-008192,EQ-00708
WO-008193,EQ-00882
WO-008193,EQ-00881
WO-008194,EQ-01081
WO-008194,EQ-01072
WO-008194,EQ-01077
WO-008195,EQ-01888
WO-008195,EQ-01893
WO-008196,EQ-00275
WO-008197,EQ-02132
WO-008197,EQ-02131
WO-008198,EQ-01004
WO-008198,EQ-01005
WO-008199,EQ-00965
WO-008199,EQ-00957
WO-008199,EQ-00966
WO-008199,EQ-00963
WO-008200,EQ-01574
WO-008201,EQ-01713
WO-008202,EQ-03502
WO-008203,EQ-02937
WO-008204,EQ-00714
WO-008205,EQ-02280
WO-008206,EQ-00790
WO-008206,EQ-00797
WO-008206,EQ-00798
WO-008206,EQ-00796
WO-008207,EQ-00651
WO-008208,EQ-02055
WO-008209,EQ-01744
WO-008210,EQ-00692
WO-008210,EQ-00696
WO-008211,EQ-02994
WO-008211,EQ-02997
WO-008211,EQ-02996
WO-008211,EQ-02989
WO-008212,EQ-03096
WO-008212,EQ-03097
WO-008212,EQ-03102
WO-008213,EQ-01210
WO-008213,EQ-01212
WO-008214,EQ-00540
WO-008214,EQ-00534
WO-008214,EQ-00536
WO-008215,EQ-03055
WO-008216,EQ-02175
WO-008216,EQ-02176
WO-008217,EQ-01331
WO-008218,EQ-01656
WO-008218,EQ-01658
WO-008218,EQ-01651
WO-008219,EQ-01579
WO-008220,EQ-02757
WO-008221,EQ-00114
WO-008222,EQ-01498
WO-008222,EQ-01497
WO-008222,EQ-01500
WO-008222,EQ-01499
WO-008223,EQ-00318
WO-008224,EQ-02146
WO-008224,EQ-02148
WO-008224,EQ-02149
WO-008225,EQ-01866
WO-008226,EQ-02192
WO-008227,EQ-02311
WO-008227,EQ-02312
WO-008228,EQ-02845
WO-008229,EQ-02527
WO-008229,EQ-02523
WO-008230,EQ-03311
WO-008231,EQ-00098
WO-008231,EQ-00096
WO-008231,EQ-00095
WO-008232,EQ-02985
WO-008233,EQ-02840
WO-008234,EQ-00328
WO-008234,EQ-00331
WO-008234,EQ-00332
WO-008234,EQ-00333
WO-008235,EQ-02797
WO-008236,EQ-02910
WO-008236,EQ-02912
WO-008237,EQ-00735
WO-008237,EQ-00729
WO-008238,EQ-00887
WO-008239,EQ-02320
WO-008239,EQ-02323
WO-008240,EQ-02942
WO-008240,EQ-02943
WO-008240,EQ-02944
WO-008241,EQ-02837
WO-008241,EQ-02838
WO-008241,EQ-02836
WO-008242,EQ-03632
WO-008243,EQ-00416
WO-008244,EQ-01273
WO-008245,EQ-02348
WO-008246,EQ-02063
WO-008246,EQ-02065
WO-008246,EQ-02066
WO-008247,EQ-03487
WO-008248,EQ-02959
WO-008248,EQ-02960
WO-008248,EQ-02962
WO-008248,EQ-02963
WO-008249,EQ-00356
WO-008250,EQ-00550
WO-008250,EQ-00549
WO-008250,EQ-00546
WO-008251,EQ-03212
WO-008252,EQ-03472
WO-008252,EQ-03471
WO-008252,EQ-03470
WO-008253,EQ-02473
WO-008253,EQ-02466
WO-008254,EQ-00430
WO-008255,EQ-02287
WO-008256,EQ-00713
WO-008256,EQ-00712
WO-008257,EQ-01978
WO-008258,EQ-02633
WO-008258,EQ-02636
WO-008259,EQ-00121
WO-008260,EQ-00072
WO-008260,EQ-00078
WO-008260,EQ-00073
WO-008261,EQ-02299
WO-008261,EQ-02297
WO-008262,EQ-01500
WO-008262,EQ-01497
WO-008263,EQ-01013
WO-008263,EQ-01012
WO-008264,EQ-01444
WO-008265,EQ-01163
WO-008265,EQ-01164
WO-008266,EQ-03036
WO-008266,EQ-03040
WO-008266,EQ-03042
WO-008267,EQ-02610
WO-008267,EQ-02602
WO-008268,EQ-00149
WO-008269,EQ-02809
WO-008269,EQ-02813
WO-008270,EQ-00298
WO-008270,EQ-00295
WO-008271,EQ-00780
WO-008271,EQ-00787
WO-008271,EQ-00784
WO-008271,EQ-00786
WO-008272,EQ-02278
WO-008272,EQ-02277
WO-008273,EQ-00033
WO-008274,EQ-03214
WO-008274,EQ-03219
WO-008275,EQ-02753
WO-008275,EQ-02751
WO-008275,EQ-02759
WO-008276,EQ-02062
WO-008276,EQ-02052
WO-008276,EQ-02053
WO-008276,EQ-02055
WO-008277,EQ-01967
WO-008277,EQ-01964
WO-008277,EQ-01966
WO-008278,EQ-00337
WO-008279,EQ-01909
WO-008279,EQ-01910
WO-008279,EQ-01908
WO-008279,EQ-01911
WO-008280,EQ-01760
WO-008280,EQ-01762
WO-008280,EQ-01761
WO-008281,EQ-01907
WO-008281,EQ-01906
WO-008282,EQ-02330
WO-008283,EQ-03346
WO-008283,EQ-03343
WO-008283,EQ-03345
WO-008283,EQ-03347
WO-008284,EQ-02941
WO-008284,EQ-02940
WO-008284,EQ-02939
WO-008284,EQ-02938
WO-008285,EQ-01317
WO-008286,EQ-02284
WO-008286,EQ-02288
WO-008287,EQ-00910
WO-008287,EQ-00908
WO-008287,EQ-00911
WO-008288,EQ-02859
WO-008289,EQ-01398
WO-008290,EQ-03414
WO-008290,EQ-03415
WO-008290,EQ-03412
WO-008291,EQ-01912
WO-008291,EQ-01908
WO-008291,EQ-01913
WO-008291,EQ-01910
WO-008292,EQ-00261
WO-008292,EQ-00266
WO-008293,EQ-01927
WO-008294,EQ-00442
WO-008295,EQ-01758
WO-008295,EQ-01759
WO-008296,EQ-02113
WO-008297,EQ-02291
WO-008298,EQ-00177
WO-008298,EQ-00178
WO-008299,EQ-01857
WO-008300,EQ-00421
WO-008301,EQ-00412
WO-008302,EQ-00441
WO-008303,EQ-00779
WO-008304,EQ-00933
WO-008305,EQ-01878
WO-008305,EQ-01880
WO-008305,EQ-01883
WO-008306,EQ-00545
WO-008306,EQ-00548
WO-008306,EQ-00549
WO-008307,EQ-01613
WO-008307,EQ-01606
WO-008308,EQ-01737
WO-008308,EQ-01738
WO-008308,EQ-01739
WO-008309,EQ-01483
WO-008309,EQ-01476
WO-008310,EQ-00216
WO-008310,EQ-00217
WO-008311,EQ-00372
WO-008311,EQ-00375
WO-008311,EQ-00369
WO-008312,EQ-00144
WO-008312,EQ-00143
WO-008313,EQ-01923
WO-008314,EQ-01485
WO-008315,EQ-02708
WO-008316,EQ-00253
WO-008317,EQ-00473
WO-008317,EQ-00472
WO-008317,EQ-00467
WO-008317,EQ-00469
WO-008318,EQ-02956
WO-008318,EQ-02957
WO-008318,EQ-02955
WO-008319,EQ-00245
WO-008320,EQ-00814
WO-008320,EQ-00822
WO-008320,EQ-00813
WO-008320,EQ-00819
WO-008321,EQ-00499
WO-008322,EQ-02517
WO-008322,EQ-02516
WO-008323,EQ-00552
WO-008323,EQ-00553
WO-008324,EQ-03551
WO-008325,EQ-00420
WO-008326,EQ-03468
WO-008326,EQ-03469
WO-008327,EQ-01561
WO-008327,EQ-01555
WO-008328,EQ-01693
WO-008329,EQ-00368
WO-008329,EQ-00376
WO-008330,EQ-01658
WO-008331,EQ-01843
WO-008331,EQ-01842
WO-008332,EQ-02049
WO-008332,EQ-02048
WO-008332,EQ-02051
WO-008332,EQ-02047
WO-008333,EQ-00555
WO-008333,EQ-00554
WO-008333,EQ-00556
WO-008334,EQ-03469
WO-008335,EQ-03101
WO-008335,EQ-03096
WO-008336,EQ-03485
WO-008337,EQ-01030
WO-008337,EQ-01027
WO-008337,EQ-01036
WO-008338,EQ-03611
WO-008338,EQ-03613
WO-008338,EQ-03609
WO-008339,EQ-02216
WO-008340,EQ-01141
WO-008340,EQ-01140
WO-008340,EQ-01147
WO-008341,EQ-01448
WO-008341,EQ-01450
WO-008341,EQ-01449
WO-008342,EQ-01809
WO-008342,EQ-01807
WO-008342,EQ-01808
WO-008343,EQ-03376
WO-008343,EQ-03371
WO-008343,EQ-03370
WO-008344,EQ-00326
WO-008345,EQ-00085
WO-008345,EQ-00087
WO-008346,EQ-02218
WO-008346,EQ-02216
WO-008346,EQ-02217
WO-008347,EQ-01614
WO-008347,EQ-01622
WO-008347,EQ-01615
WO-008347,EQ-01620
WO-008348,EQ-02853
WO-008349,EQ-02692
WO-008350,EQ-02647
WO-008350,EQ-02646
WO-008351,EQ-00651
WO-008351,EQ-00653
WO-008352,EQ-00912
WO-008353,EQ-00909
WO-008353,EQ-00907
WO-008353,EQ-00908
WO-008354,EQ-02029
WO-008355,EQ-01806
WO-008356,EQ-01309
WO-008356,EQ-01310
WO-008356,EQ-01312
WO-008357,EQ-00332
WO-008358,EQ-02027
WO-008358,EQ-02028
WO-008358,EQ-02029
WO-008359,EQ-00475
WO-008359,EQ-00476
WO-008360,EQ-01089
WO-008361,EQ-00573
WO-008361,EQ-00570
WO-008362,EQ-01828
WO-008362,EQ-01826
WO-008363,EQ-02832
WO-008364,EQ-00695
WO-008365,EQ-00474
WO-008366,EQ-01583
WO-008366,EQ-01578
WO-008366,EQ-01575
WO-008366,EQ-01579
WO-008367,EQ-02643
WO-008368,EQ-00575
WO-008368,EQ-00572
WO-008368,EQ-00570
WO-008368,EQ-00574
WO-008369,EQ-00708
WO-008369,EQ-00709
WO-008370,EQ-02051
WO-008371,EQ-01487
WO-008372,EQ-02457
WO-008372,EQ-02459
WO-008372,EQ-02460
WO-008373,EQ-02819
WO-008374,EQ-02053
WO-008374,EQ-02062
WO-008374,EQ-02052
WO-008375,EQ-03311
WO-008376,EQ-01179
WO-008377,EQ-02672
WO-008377,EQ-02671
WO-008378,EQ-02274
WO-008379,EQ-02121
WO-008380,EQ-00997
WO-008381,EQ-03219
WO-008381,EQ-03214
WO-008381,EQ-03213
WO-008381,EQ-03217
WO-008382,EQ-00117
WO-008383,EQ-02324
WO-008383,EQ-02330
WO-008384,EQ-00422
WO-008384,EQ-00423
WO-008384,EQ-00424
WO-008385,EQ-01349
WO-008386,EQ-00254
WO-008386,EQ-00253
WO-008386,EQ-00247
WO-008387,EQ-03629
WO-008388,EQ-00327
WO-008389,EQ-00663
WO-008390,EQ-03365
WO-008391,EQ-02778
WO-008392,EQ-01721
WO-008393,EQ-02615
WO-008393,EQ-02616
WO-008394,EQ-02421
WO-008394,EQ-02423
WO-008395,EQ-02680
WO-008396,EQ-03555
WO-008397,EQ-01337
WO-008398,EQ-02219
WO-008399,EQ-01457
WO-008399,EQ-01458
WO-008399,EQ-01463
WO-008400,EQ-00556
WO-008400,EQ-00551
WO-008400,EQ-00553
WO-008401,EQ-02737
WO-008401,EQ-02741
WO-008401,EQ-02742
WO-008401,EQ-02738
WO-008402,EQ-00436
WO-008403,EQ-00761
WO-008403,EQ-00759
WO-008403,EQ-00762
WO-008404,EQ-03083
WO-008405,EQ-01013
WO-008405,EQ-01012
WO-008406,EQ-00272
WO-008407,EQ-00616
WO-008407,EQ-00612
WO-008407,EQ-00613
WO-008408,EQ-03256
WO-008408,EQ-03257
WO-008409,EQ-00711
WO-008410,EQ-02051
WO-008411,EQ-00003
WO-008412,EQ-00881
WO-008412,EQ-00882
WO-008413,EQ-00218
WO-008413,EQ-00216
WO-008413,EQ-00223
WO-008414,EQ-02638
WO-008415,EQ-01252
WO-008416,EQ-03091
WO-008416,EQ-03094
WO-008417,EQ-01563
WO-008418,EQ-02557
WO-008418,EQ-02555
WO-008418,EQ-02556
WO-008419,EQ-02873
WO-008419,EQ-02870
WO-008419,EQ-02869
WO-008420,EQ-00268
WO-008421,EQ-02661
WO-008422,EQ-00801
WO-008423,EQ-01586
WO-008423,EQ-01587
WO-008424,EQ-01612
WO-008425,EQ-01399
WO-008426,EQ-03094
WO-008426,EQ-03087
WO-008427,EQ-01767
WO-008428,EQ-01753
WO-008429,EQ-00017
WO-008430,EQ-00921
WO-008431,EQ-00137
WO-008432,EQ-01792
WO-008432,EQ-01799
WO-008432,EQ-01797
WO-008432,EQ-01795
WO-008433,EQ-03531
WO-008433,EQ-03532
WO-008434,EQ-02838
WO-008434,EQ-02836
WO-008434,EQ-02837
WO-008435,EQ-03392
WO-008435,EQ-03395
WO-008435,EQ-03397
WO-008435,EQ-03393
WO-008436,EQ-01987
WO-008436,EQ-01980
WO-008437,EQ-00483
WO-008438,EQ-00937
WO-008439,EQ-02465
WO-008440,EQ-02175
WO-008441,EQ-03126
WO-008441,EQ-03129
WO-008442,EQ-02990
WO-008442,EQ-02995
WO-008443,EQ-00534
WO-008444,EQ-01124
WO-008444,EQ-01125
WO-008444,EQ-01128
WO-008444,EQ-01126
WO-008445,EQ-00481
WO-008446,EQ-03531
WO-008446,EQ-03532
WO-008447,EQ-02189
WO-008447,EQ-02192
WO-008448,EQ-03221
WO-008449,EQ-01827
WO-008449,EQ-01829
WO-008449,EQ-01826
WO-008450,EQ-01033
WO-008450,EQ-01029
WO-008450,EQ-01036
WO-008451,EQ-03262
WO-008452,EQ-02549
WO-008452,EQ-02548
WO-008453,EQ-00103
WO-008454,EQ-01823
WO-008455,EQ-01883
WO-008455,EQ-01882
WO-008455,EQ-01880
WO-008456,EQ-02461
WO-008457,EQ-03046
WO-008458,EQ-00936
WO-008458,EQ-00935
WO-008458,EQ-00937
WO-008458,EQ-00934
WO-008459,EQ-01941
WO-008460,EQ-00201
WO-008461,EQ-00578
WO-008462,EQ-02553
WO-008462,EQ-02558
WO-008463,EQ-01271
WO-008463,EQ-01270
WO-008463,EQ-01268
WO-008463,EQ-01272
WO-008464,EQ-02280
WO-008465,EQ-01315
WO-008466,EQ-03407
WO-008466,EQ-03411
WO-008467,EQ-02275
WO-008467,EQ-02274
WO-008468,EQ-00934
WO-008468,EQ-00936
WO-008468,EQ-00935
WO-008469,EQ-00708
WO-008469,EQ-00709
WO-008470,EQ-01812
WO-008470,EQ-01811
WO-008471,EQ-00906
WO-008472,EQ-02390
WO-008473,EQ-00995
WO-008474,EQ-01690
WO-008474,EQ-01694
WO-008475,EQ-00331
WO-008476,EQ-01336
WO-008476,EQ-01340
WO-008477,EQ-01010
WO-008477,EQ-01002
WO-008477,EQ-01006
WO-008478,EQ-02321
WO-008478,EQ-02317
WO-008478,EQ-02323
WO-008478,EQ-02318
WO-008479,EQ-03501
WO-008480,EQ-01014
WO-008481,EQ-02941
WO-008482,EQ-02594
WO-008483,EQ-01469
WO-008483,EQ-01470
WO-008483,EQ-01468
WO-008483,EQ-01467
WO-008484,EQ-00713
WO-008485,EQ-00906
WO-008486,EQ-01577
WO-008487,EQ-01587
WO-008488,EQ-00326
WO-008488,EQ-00323
WO-008489,EQ-01351
WO-008490,EQ-02314
WO-008490,EQ-02316
WO-008490,EQ-02313
WO-008491,EQ-02382
WO-008492,EQ-02218
WO-008493,EQ-03411
WO-008493,EQ-03407
WO-008493,EQ-03408
WO-008494,EQ-00091
WO-008494,EQ-00086
WO-008494,EQ-00083
WO-008495,EQ-00325
WO-008495,EQ-00327
WO-008495,EQ-00323
WO-008495,EQ-00326
WO-008496,EQ-01306
WO-008496,EQ-01307
WO-008496,EQ-01304
WO-008496,EQ-01305
WO-008497,EQ-03481
WO-008497,EQ-03482
WO-008498,EQ-03125
WO-008498,EQ-03128
WO-008499,EQ-03486
WO-008500,EQ-02153
WO-008501,EQ-01805
WO-008502,EQ-02954
WO-008502,EQ-02953
WO-008503,EQ-01083
WO-008503,EQ-01082
WO-008503,EQ-01086
WO-008503,EQ-01084
WO-008504,EQ-00792
WO-008504,EQ-00788
WO-008505,EQ-01036
WO-008505,EQ-01029
WO-008505,EQ-01034
WO-008506,EQ-01341
WO-008507,EQ-03349
WO-008507,EQ-03344
WO-008507,EQ-03343
WO-008508,EQ-00131
WO-008509,EQ-02527
WO-008510,EQ-00509
WO-008511,EQ-02756
WO-008512,EQ-00989
WO-008513,EQ-00382
WO-008514,EQ-00800
WO-008515,EQ-01547
WO-008515,EQ-01550
WO-008515,EQ-01553
WO-008516,EQ-00328
WO-008517,EQ-03417
WO-008518,EQ-01320
WO-008519,EQ-01959
WO-008519,EQ-01957
WO-008520,EQ-00505
WO-008521,EQ-01628
WO-008522,EQ-02359
WO-008522,EQ-02358
WO-008523,EQ-01012
WO-008524,EQ-03607
WO-008524,EQ-03604
WO-008525,EQ-02015
WO-008525,EQ-02014
WO-008525,EQ-02011
WO-008525,EQ-02016
WO-008526,EQ-01473
WO-008526,EQ-01472
WO-008526,EQ-01471
WO-008527,EQ-00778
WO-008528,EQ-01426
WO-008529,EQ-02957
WO-008530,EQ-03427
WO-008531,EQ-00772
WO-008531,EQ-00768
WO-008531,EQ-00771
WO-008532,EQ-01586
WO-008533,EQ-00839
WO-008534,EQ-03165
WO-008535,EQ-00275
WO-008536,EQ-00638
WO-008536,EQ-00639
WO-008536,EQ-00642
WO-008536,EQ-00641
WO-008537,EQ-00467
WO-008538,EQ-02544
WO-008538,EQ-02545
WO-008538,EQ-02546
WO-008539,EQ-00690
WO-008540,EQ-02475
WO-008541,EQ-01352
WO-008541,EQ-01354
WO-008542,EQ-02845
WO-008543,EQ-01630
WO-008543,EQ-01627
WO-008543,EQ-01626
WO-008543,EQ-01623
WO-008544,EQ-02460
WO-008545,EQ-03021
WO-008545,EQ-03020
WO-008546,EQ-02918
WO-008547,EQ-02048
WO-008547,EQ-02050
WO-008548,EQ-03549
WO-008548,EQ-03544
WO-008549,EQ-01875
WO-008549,EQ-01874
WO-008549,EQ-01876
WO-008549,EQ-01871
WO-008550,EQ-02982
WO-008551,EQ-02057
WO-008552,EQ-00477
WO-008553,EQ-01341
WO-008554,EQ-03256
WO-008554,EQ-03257
WO-008555,EQ-01406
WO-008556,EQ-01716
WO-008557,EQ-01537
WO-008557,EQ-01544
WO-008557,EQ-01545
WO-008558,EQ-02747
WO-008558,EQ-02746
WO-008559,EQ-01823
WO-008559,EQ-01822
WO-008559,EQ-01821
WO-008560,EQ-02330
WO-008561,EQ-02590
WO-008562,EQ-00623
WO-008563,EQ-00018
WO-008563,EQ-00019
WO-008563,EQ-00013
WO-008563,EQ-00014
WO-008564,EQ-03021
WO-008564,EQ-03020
WO-008564,EQ-03023
WO-008565,EQ-00009
WO-008566,EQ-02949
WO-008566,EQ-02948
WO-008566,EQ-02946
WO-008567,EQ-02359
WO-008567,EQ-02358
WO-008568,EQ-01183
WO-008568,EQ-01181
WO-008568,EQ-01184
WO-008568,EQ-01185
WO-008569,EQ-00399
WO-008569,EQ-00396
WO-008570,EQ-02566
WO-008571,EQ-00011
WO-008571,EQ-00012
WO-008572,EQ-01919
WO-008572,EQ-01917
WO-008573,EQ-00831
WO-008573,EQ-00832
WO-008573,EQ-00836
WO-008574,EQ-01809
WO-008575,EQ-02463
WO-008576,EQ-03430
WO-008577,EQ-00245
WO-008578,EQ-01369
WO-008579,EQ-03369
WO-008579,EQ-03367
WO-008579,EQ-03368
WO-008580,EQ-01365
WO-008581,EQ-01067
WO-008582,EQ-00882
WO-008582,EQ-00881
WO-008583,EQ-03354
WO-008583,EQ-03355
WO-008584,EQ-02814
WO-008585,EQ-02292
WO-008585,EQ-02296
WO-008586,EQ-01600
WO-008587,EQ-00415
WO-008587,EQ-00414
WO-008587,EQ-00417
WO-008588,EQ-02988
WO-008588,EQ-02985
WO-008589,EQ-02837
WO-008589,EQ-02836
WO-008589,EQ-02838
WO-008590,EQ-02525
WO-008591,EQ-00499
WO-008592,EQ-01456
WO-008592,EQ-01451
WO-008592,EQ-01453
WO-008593,EQ-03583
WO-008593,EQ-03584
WO-008594,EQ-00111
WO-008594,EQ-00110
WO-008595,EQ-00608
WO-008596,EQ-01519
WO-008596,EQ-01515
WO-008597,EQ-02853
WO-008598,EQ-02980
WO-008599,EQ-00096
WO-008599,EQ-00097
WO-008599,EQ-00098
WO-008600,EQ-00677
WO-008600,EQ-00676
WO-008601,EQ-02344
WO-008602,EQ-02288
WO-008602,EQ-02287
WO-008603,EQ-00210
WO-008603,EQ-00204
WO-008604,EQ-03616
WO-008604,EQ-03622
WO-008604,EQ-03619
WO-008604,EQ-03624
WO-008605,EQ-02938
WO-008606,EQ-00705
WO-008606,EQ-00702
WO-008606,EQ-00706
WO-008607,EQ-00496
WO-008608,EQ-02304
WO-008608,EQ-02305
WO-008608,EQ-02306
WO-008609,EQ-03033
WO-008609,EQ-03031
WO-008610,EQ-01028
WO-008611,EQ-01716
WO-008611,EQ-01717
WO-008612,EQ-02668
WO-008613,EQ-01423
WO-008614,EQ-00934
WO-008615,EQ-02326
WO-008615,EQ-02328
WO-008616,EQ-00801
WO-008617,EQ-03490
WO-008617,EQ-03495
WO-008617,EQ-03497
WO-008618,EQ-00034
WO-008618,EQ-00040
WO-008618,EQ-00037
WO-008619,EQ-00354
WO-008620,EQ-02111
WO-008621,EQ-03151
WO-008621,EQ-03155
WO-008622,EQ-02019
WO-008622,EQ-02024
WO-008623,EQ-00202
WO-008623,EQ-00203
WO-008623,EQ-00201
WO-008624,EQ-00564
WO-008625,EQ-02761
WO-008626,EQ-01791
WO-008627,EQ-02745
WO-008628,EQ-00259
WO-008629,EQ-00158
WO-008630,EQ-03408
WO-008631,EQ-02685
WO-008632,EQ-02626
WO-008632,EQ-02628
WO-008632,EQ-02624
WO-008633,EQ-02395
WO-008633,EQ-02401
WO-008633,EQ-02399
WO-008634,EQ-00328
WO-008635,EQ-03525
WO-008635,EQ-03530
WO-008636,EQ-00437
WO-008637,EQ-00848
WO-008638,EQ-02112
WO-008639,EQ-01185
WO-008640,EQ-01402
WO-008641,EQ-02567
WO-008641,EQ-02568
WO-008641,EQ-02574
WO-008642,EQ-00652
WO-008642,EQ-00651
WO-008643,EQ-02520
WO-008644,EQ-00822
WO-008645,EQ-00512
WO-008645,EQ-00511
WO-008646,EQ-00483
WO-008647,EQ-02692
WO-008647,EQ-02691
WO-008648,EQ-00065
WO-008648,EQ-00064
WO-008649,EQ-02595
WO-008650,EQ-02543
WO-008651,EQ-02138
WO-008651,EQ-02133
WO-008652,EQ-03030
WO-008653,EQ-02382
WO-008654,EQ-01467
WO-008655,EQ-00868
WO-008656,EQ-02060
WO-008656,EQ-02057
WO-008657,EQ-02278
WO-008657,EQ-02277
WO-008657,EQ-02276
WO-008658,EQ-01588
WO-008658,EQ-01596
WO-008658,EQ-01593
WO-008658,EQ-01594
WO-008659,EQ-03202
WO-008660,EQ-00750
WO-008660,EQ-00754
WO-008661,EQ-02660
WO-008661,EQ-02662
WO-008661,EQ-02665
WO-008662,EQ-03193
WO-008663,EQ-01743
WO-008663,EQ-01742
WO-008663,EQ-01740
WO-008663,EQ-01741
WO-008664,EQ-00256
WO-008664,EQ-00257
WO-008664,EQ-00258
WO-008665,EQ-03629
WO-008665,EQ-03632
WO-008666,EQ-02150
WO-008667,EQ-01306
WO-008667,EQ-01308
WO-008668,EQ-03626
WO-008669,EQ-00002
WO-008669,EQ-00005
WO-008669,EQ-00001
WO-008670,EQ-01309
WO-008671,EQ-00175
WO-008671,EQ-00174
WO-008671,EQ-00173
WO-008671,EQ-00176
WO-008672,EQ-00269
WO-008673,EQ-02286
WO-008673,EQ-02289
WO-008674,EQ-02369
WO-008674,EQ-02366
WO-008675,EQ-00998
WO-008676,EQ-00717
WO-008677,EQ-00059
WO-008678,EQ-03407
WO-008678,EQ-03411
WO-008678,EQ-03410
WO-008678,EQ-03409
WO-008679,EQ-00937
WO-008679,EQ-00934
WO-008679,EQ-00935
WO-008680,EQ-01718
WO-008680,EQ-01717
WO-008681,EQ-03015
WO-008682,EQ-02430
WO-008683,EQ-02462
WO-008684,EQ-03236
WO-008684,EQ-03235
WO-008684,EQ-03237
WO-008685,EQ-00357
WO-008685,EQ-00360
WO-008686,EQ-01256
WO-008686,EQ-01259
WO-008686,EQ-01257
WO-008686,EQ-01260
WO-008687,EQ-03236
WO-008688,EQ-03153
WO-008688,EQ-03154
WO-008688,EQ-03155
WO-008688,EQ-03152
WO-008689,EQ-01471
WO-008690,EQ-00458
WO-008690,EQ-00456
WO-008690,EQ-00457
WO-008690,EQ-00455
WO-008691,EQ-01411
WO-008692,EQ-02250
WO-008693,EQ-01481
WO-008694,EQ-00690
WO-008695,EQ-01929
WO-008696,EQ-02274
WO-008696,EQ-02275
WO-008697,EQ-01904
WO-008698,EQ-03291
WO-008699,EQ-02755
WO-008700,EQ-00069
WO-008701,EQ-00853
WO-008701,EQ-00852
WO-008701,EQ-00856
WO-008701,EQ-00854
WO-008702,EQ-00126
WO-008702,EQ-00122
WO-008702,EQ-00125
WO-008703,EQ-01577
WO-008704,EQ-03602
WO-008705,EQ-00207
WO-008706,EQ-03485
WO-008707,EQ-02242
WO-008707,EQ-02246
WO-008708,EQ-00960
WO-008709,EQ-01345
WO-008710,EQ-00695
WO-008711,EQ-01784
WO-008712,EQ-01012
WO-008713,EQ-01311
WO-008713,EQ-01310
WO-008713,EQ-01309
WO-008713,EQ-01312
WO-008714,EQ-00629
WO-008715,EQ-02556
WO-008716,EQ-03237
WO-008716,EQ-03235
WO-008716,EQ-03236
WO-008717,EQ-00480
WO-008717,EQ-00479
WO-008718,EQ-00735
WO-008718,EQ-00732
WO-008718,EQ-00733
WO-008718,EQ-00737
WO-008719,EQ-02413
WO-008720,EQ-01645
WO-008721,EQ-00919
WO-008721,EQ-00918
WO-008721,EQ-00917
WO-008721,EQ-00915
WO-008722,EQ-02096
WO-008722,EQ-02100
WO-008722,EQ-02101
WO-008723,EQ-02849
WO-008723,EQ-02850
WO-008724,EQ-00958
WO-008725,EQ-02493
WO-008726,EQ-01453
WO-008726,EQ-01452
WO-008727,EQ-02222
WO-008728,EQ-03083
WO-008729,EQ-03408
WO-008729,EQ-03407
WO-008729,EQ-03411
WO-008730,EQ-02812
WO-008730,EQ-02808
WO-008730,EQ-02807
WO-008730,EQ-02813
WO-008731,EQ-02414
WO-008732,EQ-03609
WO-008732,EQ-03612
WO-008732,EQ-03613
WO-008733,EQ-00832
WO-008733,EQ-00836
WO-008734,EQ-02976
WO-008734,EQ-02975
WO-008735,EQ-02312
WO-008736,EQ-00393
WO-008737,EQ-01648
WO-008738,EQ-00224
WO-008738,EQ-00227
WO-008739,EQ-01199
WO-008740,EQ-03486
WO-008741,EQ-02317
WO-008742,EQ-01434
WO-008743,EQ-00765
WO-008744,EQ-01919
WO-008744,EQ-01918
WO-008745,EQ-01556
WO-008745,EQ-01561
WO-008745,EQ-01559
WO-008746,EQ-02182
WO-008746,EQ-02190
WO-008746,EQ-02183
WO-008747,EQ-01046
WO-008748,EQ-03532
WO-008749,EQ-01305
WO-008750,EQ-01613
WO-008751,EQ-00316
WO-008751,EQ-00309
WO-008751,EQ-00307
WO-008751,EQ-00312
WO-008752,EQ-01885
WO-008752,EQ-01884
WO-008752,EQ-01886
WO-008753,EQ-02311
WO-008754,EQ-02598
WO-008754,EQ-02597
WO-008754,EQ-02596
WO-008755,EQ-03585
WO-008756,EQ-01757
WO-008757,EQ-01309
WO-008758,EQ-00996
WO-008758,EQ-00999
WO-008759,EQ-00967
WO-008759,EQ-00968
WO-008760,EQ-01256
WO-008761,EQ-00414
WO-008762,EQ-01306
WO-008762,EQ-01307
WO-008763,EQ-01163
WO-008763,EQ-01164
WO-008764,EQ-02061
WO-008765,EQ-02419
WO-008766,EQ-00649
WO-008767,EQ-01917
WO-008768,EQ-03521
WO-008768,EQ-03523
WO-008768,EQ-03516
WO-008768,EQ-03522
WO-008769,EQ-01677
WO-008770,EQ-00907
WO-008770,EQ-00908
WO-008771,EQ-01810
WO-008772,EQ-02531
WO-008773,EQ-02047
WO-008773,EQ-02051
WO-008773,EQ-02049
WO-008774,EQ-00277
WO-008775,EQ-01997
WO-008775,EQ-01989
WO-008776,EQ-00985
WO-008776,EQ-00983
WO-008776,EQ-00982
WO-008776,EQ-00986
WO-008777,EQ-01355
WO-008778,EQ-01917
WO-008779,EQ-00425
WO-008780,EQ-02643
WO-008781,EQ-00350
WO-008782,EQ-00706
WO-008782,EQ-00700
WO-008782,EQ-00699
WO-008783,EQ-03279
WO-008783,EQ-03281
WO-008783,EQ-03277
WO-008783,EQ-03278
WO-008784,EQ-01053
WO-008785,EQ-03169
WO-008786,EQ-01752
WO-008787,EQ-02520
WO-008787,EQ-02519
WO-008787,EQ-02518
WO-008788,EQ-00012
WO-008788,EQ-00011
WO-008789,EQ-03258
WO-008790,EQ-02482
WO-008790,EQ-02483
WO-008791,EQ-02592
WO-008791,EQ-02590
WO-008792,EQ-01124
WO-008792,EQ-01128
WO-008793,EQ-03281
WO-008793,EQ-03279
WO-008794,EQ-02079
WO-008794,EQ-02081
WO-008795,EQ-00419
WO-008796,EQ-01497
WO-008797,EQ-01539
WO-008797,EQ-01537
WO-008797,EQ-01544
WO-008798,EQ-02083
WO-008799,EQ-02203
WO-008799,EQ-02204
WO-008800,EQ-02835
WO-008801,EQ-00529
WO-008801,EQ-00523
WO-008802,EQ-00420
WO-008802,EQ-00421
WO-008802,EQ-00418
WO-008803,EQ-00689
WO-008804,EQ-00967
WO-008805,EQ-02187
WO-008805,EQ-02184
WO-008805,EQ-02191
WO-008806,EQ-01365
WO-008806,EQ-01360
WO-008807,EQ-00750
WO-008807,EQ-00752
WO-008807,EQ-00755
WO-008807,EQ-00756
WO-008808,EQ-03313
WO-008808,EQ-03314
WO-008809,EQ-02596
WO-008809,EQ-02597
WO-008809,EQ-02599
WO-008810,EQ-03568
WO-008811,EQ-01261
WO-008811,EQ-01262
WO-008811,EQ-01259
WO-008812,EQ-02764
WO-008812,EQ-02761
WO-008813,EQ-01420
WO-008814,EQ-02837
WO-008815,EQ-02149
WO-008816,EQ-02345
WO-008816,EQ-02347
WO-008817,EQ-03485
WO-008818,EQ-02153
WO-008818,EQ-02152
WO-008818,EQ-02151
WO-008819,EQ-02887
WO-008819,EQ-02891
WO-008820,EQ-00256
WO-008820,EQ-00257
WO-008820,EQ-00258
WO-008821,EQ-02703
WO-008821,EQ-02711
WO-008822,EQ-01778
WO-008823,EQ-00275
WO-008823,EQ-00277
WO-008824,EQ-01376
WO-008825,EQ-02583
WO-008825,EQ-02582
WO-008826,EQ-02775
WO-008827,EQ-00074
WO-008827,EQ-00078
WO-008827,EQ-00073
WO-008827,EQ-00072
WO-008828,EQ-00529
WO-008828,EQ-00523
WO-008828,EQ-00524
WO-008829,EQ-02743
WO-008830,EQ-00245
WO-008831,EQ-00696
WO-008832,EQ-03482
WO-008833,EQ-01451
WO-008833,EQ-01456
WO-008833,EQ-01454
WO-008834,EQ-00257
WO-008835,EQ-01166
WO-008835,EQ-01169
WO-008836,EQ-00872
WO-008836,EQ-00875
WO-008836,EQ-00869
WO-008837,EQ-02692
WO-008838,EQ-00608
WO-008839,EQ-02128
WO-008839,EQ-02130
WO-008840,EQ-00397
WO-008840,EQ-00399
WO-008840,EQ-00401
WO-008841,EQ-02784
WO-008841,EQ-02785
WO-008842,EQ-02842
WO-008843,EQ-00659
WO-008843,EQ-00656
WO-008844,EQ-03486
WO-008845,EQ-00475
WO-008846,EQ-02465
WO-008847,EQ-00655
WO-008847,EQ-00663
WO-008848,EQ-02463
WO-008849,EQ-01445
WO-008850,EQ-02802
WO-008851,EQ-00675
WO-008851,EQ-00674
WO-008852,EQ-02132
WO-008852,EQ-02131
WO-008853,EQ-02976
WO-008854,EQ-02271
WO-008854,EQ-02272
WO-008855,EQ-01705
WO-008856,EQ-01283
WO-008857,EQ-00093
WO-008858,EQ-00102
WO-008859,EQ-03169
WO-008859,EQ-03172
WO-008860,EQ-01586
WO-008861,EQ-01530
WO-008862,EQ-02838
WO-008863,EQ-00879
WO-008863,EQ-00877
WO-008863,EQ-00876
WO-008863,EQ-00878
WO-008864,EQ-02366
WO-008864,EQ-02365
WO-008864,EQ-02364
WO-008865,EQ-00923
WO-008865,EQ-00920
WO-008865,EQ-00921
WO-008866,EQ-02796
WO-008866,EQ-02795
WO-008866,EQ-02793
WO-008867,EQ-02905
WO-008867,EQ-02901
WO-008868,EQ-01236
WO-008869,EQ-02351
WO-008870,EQ-03163
WO-008870,EQ-03157
WO-008871,EQ-00698
WO-008872,EQ-01615
WO-008872,EQ-01621
WO-008873,EQ-00610
WO-008873,EQ-00611
WO-008874,EQ-00650
WO-008875,EQ-02108
WO-008876,EQ-01877
WO-008877,EQ-02659
WO-008877,EQ-02654
WO-008878,EQ-01431
WO-008878,EQ-01430
WO-008879,EQ-00565
WO-008880,EQ-03531
WO-008880,EQ-03532
WO-008881,EQ-00417
WO-008882,EQ-01311
WO-008882,EQ-01309
WO-008882,EQ-01312
WO-008882,EQ-01310
WO-008883,EQ-01431
WO-008884,EQ-01421
WO-008884,EQ-01422
WO-008884,EQ-01420
WO-008884,EQ-01423
WO-008885,EQ-01915
WO-008885,EQ-01916
WO-008886,EQ-02618
WO-008886,EQ-02620
WO-008886,EQ-02621
WO-008886,EQ-02619
WO-008887,EQ-01026
WO-008888,EQ-02976
WO-008888,EQ-02975
WO-008889,EQ-03192
WO-008889,EQ-03193
WO-008890,EQ-00829
WO-008890,EQ-00830
WO-008891,EQ-00462
WO-008891,EQ-00460
WO-008892,EQ-00953
WO-008893,EQ-03278
WO-008893,EQ-03279
WO-008894,EQ-02015
WO-008895,EQ-01243
WO-008895,EQ-01244
WO-008896,EQ-01564
WO-008896,EQ-01572
WO-008896,EQ-01568
WO-008896,EQ-01569
WO-008897,EQ-03283
WO-008897,EQ-03288
WO-008897,EQ-03287
WO-008897,EQ-03286
WO-008898,EQ-00394
WO-008898,EQ-00396
WO-008899,EQ-01834
WO-008900,EQ-00652
WO-008900,EQ-00653
WO-008901,EQ-00178
WO-008902,EQ-02769
WO-008902,EQ-02773
WO-008903,EQ-00279
WO-008904,EQ-01809
WO-008904,EQ-01810
WO-008905,EQ-03011
WO-008905,EQ-03012
WO-008906,EQ-00510
WO-008907,EQ-00098
WO-008907,EQ-00097
WO-008907,EQ-00096
WO-008907,EQ-00095
WO-008908,EQ-00603
WO-008909,EQ-01673
WO-008909,EQ-01675
WO-008909,EQ-01674
WO-008909,EQ-01676
WO-008910,EQ-03357
WO-008910,EQ-03351
WO-008911,EQ-01055
WO-008911,EQ-01053
WO-008911,EQ-01051
WO-008911,EQ-01058
WO-008912,EQ-01044
WO-008912,EQ-01039
WO-008912,EQ-01041
WO-008913,EQ-02312
WO-008913,EQ-02311
WO-008914,EQ-01481
WO-008915,EQ-03532
WO-008915,EQ-03531
WO-008916,EQ-00322
WO-008917,EQ-03504
WO-008917,EQ-03499
WO-008918,EQ-00064
WO-008918,EQ-00069
WO-008919,EQ-01660
WO-008920,EQ-01684
WO-008920,EQ-01681
WO-008921,EQ-01349
WO-008921,EQ-01350
WO-008922,EQ-02708
WO-008923,EQ-03091
WO-008923,EQ-03087
WO-008924,EQ-00245
WO-008924,EQ-00244
WO-008925,EQ-01782
WO-008926,EQ-01189
WO-008926,EQ-01187
WO-008927,EQ-03501
WO-008927,EQ-03505
WO-008927,EQ-03503
WO-008928,EQ-01043
WO-008929,EQ-01496
WO-008929,EQ-01488
WO-008930,EQ-00961
WO-008930,EQ-00960
WO-008930,EQ-00965
WO-008931,EQ-00649
WO-008931,EQ-00650
WO-008932,EQ-03132
WO-008932,EQ-03130
WO-008933,EQ-01753
WO-008933,EQ-01752
WO-008934,EQ-01045
WO-008935,EQ-00818
WO-008936,EQ-02621
WO-008936,EQ-02620
WO-008936,EQ-02622
WO-008936,EQ-02618
WO-008937,EQ-03380
WO-008937,EQ-03382
WO-008937,EQ-03391
WO-008938,EQ-01906
WO-008938,EQ-01905
WO-008938,EQ-01907
WO-008939,EQ-03352
WO-008940,EQ-00466
WO-008940,EQ-00459
WO-008940,EQ-00460
WO-008941,EQ-00973
WO-008941,EQ-00972
WO-008942,EQ-02019
WO-008943,EQ-01767
WO-008944,EQ-01065
WO-008945,EQ-00622
WO-008946,EQ-00011
WO-008946,EQ-00012
WO-008947,EQ-00247
WO-008947,EQ-00251
WO-008948,EQ-01675
WO-008948,EQ-01674
WO-008949,EQ-00705
WO-008949,EQ-00702
WO-008950,EQ-01905
WO-008950,EQ-01907
WO-008951,EQ-02979
WO-008951,EQ-02981
WO-008952,EQ-00562
WO-008953,EQ-00986
WO-008953,EQ-00984
WO-008953,EQ-00982
WO-008954,EQ-03289
WO-008955,EQ-03530
WO-008956,EQ-00278
WO-008956,EQ-00277
WO-008957,EQ-02045
WO-008958,EQ-00848
WO-008959,EQ-01874
WO-008959,EQ-01871
WO-008959,EQ-01877
WO-008959,EQ-01876
WO-008960,EQ-01629
WO-008960,EQ-01625
WO-008961,EQ-00538
WO-008962,EQ-02622
WO-008962,EQ-02618
WO-008962,EQ-02621
WO-008962,EQ-02620
WO-008963,EQ-01415
WO-008964,EQ-02041
WO-008965,EQ-03462
WO-008966,EQ-02349
WO-008967,EQ-02647
WO-008967,EQ-02646
WO-008967,EQ-02645
WO-008968,EQ-00871
WO-008968,EQ-00870
WO-008968,EQ-00875
WO-008969,EQ-02838
WO-008969,EQ-02837
WO-008970,EQ-02107
WO-008970,EQ-02110
WO-008971,EQ-03601
WO-008971,EQ-03602
WO-008972,EQ-03017
WO-008973,EQ-03531
WO-008974,EQ-02866
WO-008975,EQ-00377
WO-008976,EQ-00918
WO-008976,EQ-00916
WO-008977,EQ-02594
WO-008977,EQ-02595
WO-008977,EQ-02593
WO-008978,EQ-00428
WO-008978,EQ-00423
WO-008978,EQ-00427
WO-008979,EQ-02044
WO-008980,EQ-00094
WO-008981,EQ-00634
WO-008982,EQ-00928
WO-008983,EQ-00589
WO-008984,EQ-01260
WO-008985,EQ-02372
WO-008985,EQ-02375
WO-008986,EQ-02974
WO-008987,EQ-01725
WO-008987,EQ-01726
WO-008988,EQ-01675
WO-008988,EQ-01674
WO-008988,EQ-01676
WO-008989,EQ-03511
WO-008989,EQ-03506
WO-008989,EQ-03507
WO-008990,EQ-00568
WO-008990,EQ-00563
WO-008990,EQ-00565
WO-008990,EQ-00562
WO-008991,EQ-01678
WO-008992,EQ-01702
WO-008993,EQ-00792
WO-008994,EQ-02058
WO-008995,EQ-02200
WO-008996,EQ-01175
WO-008997,EQ-01905
WO-008998,EQ-00775
WO-008998,EQ-00778
WO-008999,EQ-01760
WO-008999,EQ-01762
WO-009000,EQ-00793
WO-009000,EQ-00792
WO-009000,EQ-00794
WO-009001,EQ-01998
WO-009001,EQ-01991
WO-009002,EQ-00719
WO-009003,EQ-00799
WO-009004,EQ-01526
WO-009005,EQ-03293
WO-009006,EQ-01817
WO-009007,EQ-00653
WO-009008,EQ-00465
WO-009008,EQ-00464
WO-009009,EQ-01941
WO-009010,EQ-00020
WO-009010,EQ-00013
WO-009011,EQ-00201
WO-009012,EQ-00445
WO-009012,EQ-00450
WO-009012,EQ-00448
WO-009013,EQ-03558
WO-009014,EQ-00155
WO-009015,EQ-00308
WO-009016,EQ-01745
WO-009017,EQ-00675
WO-009017,EQ-00674
WO-009018,EQ-03274
WO-009018,EQ-03275
WO-009018,EQ-03270
WO-009019,EQ-03239
WO-009020,EQ-02505
WO-009020,EQ-02506
WO-009021,EQ-03014
WO-009021,EQ-03010
WO-009022,EQ-00692
WO-009023,EQ-00706
WO-009023,EQ-00699
WO-009023,EQ-00703
WO-009024,EQ-01176
WO-009024,EQ-01172
WO-009024,EQ-01175
WO-009025,EQ-02688
WO-009026,EQ-00446
WO-009026,EQ-00449
WO-009026,EQ-00448
WO-009027,EQ-01184
WO-009027,EQ-01181
WO-009027,EQ-01182
WO-009028,EQ-03024
WO-009029,EQ-02851
WO-009029,EQ-02847
WO-009029,EQ-02848
WO-009030,EQ-03220
WO-009030,EQ-03225
WO-009031,EQ-01845
WO-009032,EQ-03048
WO-009033,EQ-01205
WO-009034,EQ-02370
WO-009034,EQ-02365
WO-009034,EQ-02360
WO-009034,EQ-02361
WO-009035,EQ-01617
WO-009035,EQ-01619
WO-009036,EQ-02198
WO-009036,EQ-02199
WO-009037,EQ-00244
WO-009038,EQ-01905
WO-009039,EQ-01814
WO-009039,EQ-01817
WO-009040,EQ-00865
WO-009040,EQ-00868
WO-009041,EQ-01978
WO-009041,EQ-01979
WO-009042,EQ-02613
WO-009043,EQ-02230
WO-009044,EQ-00267
WO-009045,EQ-03599
WO-009045,EQ-03600
WO-009045,EQ-03601
WO-009046,EQ-01276
WO-009047,EQ-01843
WO-009047,EQ-01842
WO-009048,EQ-03459
WO-009049,EQ-01214
WO-009050,EQ-01039
WO-009051,EQ-02080
WO-009052,EQ-01730
WO-009052,EQ-01728
WO-009052,EQ-01729
WO-009053,EQ-02156
WO-009054,EQ-01517
WO-009055,EQ-01575
WO-009055,EQ-01576
WO-009056,EQ-00842
WO-009057,EQ-02568
WO-009058,EQ-02697
WO-009059,EQ-01699
WO-009059,EQ-01703
WO-009060,EQ-03339
WO-009061,EQ-01903
WO-009061,EQ-01899
WO-009061,EQ-01904
WO-009062,EQ-00087
WO-009062,EQ-00091
WO-009063,EQ-01602
WO-009064,EQ-01137
WO-009065,EQ-01860
WO-009066,EQ-02494
WO-009066,EQ-02498
WO-009066,EQ-02495
WO-009067,EQ-02067
WO-009067,EQ-02071
WO-009068,EQ-02500
WO-009068,EQ-02499
WO-009069,EQ-02043
WO-009070,EQ-01748
WO-009070,EQ-01744
WO-009071,EQ-00245
WO-009072,EQ-00569
WO-009072,EQ-00568
WO-009072,EQ-00562
WO-009072,EQ-00564
WO-009073,EQ-02481
WO-009073,EQ-02480
WO-009074,EQ-00076
WO-009074,EQ-00075
WO-009075,EQ-03287
WO-009076,EQ-02517
WO-009076,EQ-02516
WO-009077,EQ-03603
WO-009078,EQ-00039
WO-009079,EQ-00717
WO-009080,EQ-03524
WO-009081,EQ-01304
WO-009081,EQ-01305
WO-009082,EQ-03514
WO-009083,EQ-01653
WO-009083,EQ-01655
WO-009083,EQ-01657
WO-009084,EQ-01914
WO-009085,EQ-02872
WO-009085,EQ-02865
WO-009085,EQ-02867
WO-009085,EQ-02868
WO-009086,EQ-00761
WO-009087,EQ-02266
WO-009087,EQ-02264
WO-009087,EQ-02263
WO-009088,EQ-02114
WO-009088,EQ-02113
WO-009089,EQ-03521
WO-009090,EQ-02652
WO-009091,EQ-03073
WO-009092,EQ-02502
WO-009093,EQ-01778
WO-009094,EQ-01603
WO-009095,EQ-02163
WO-009095,EQ-02164
WO-009096,EQ-02262
WO-009097,EQ-02460
WO-009097,EQ-02456
WO-009098,EQ-03237
WO-009098,EQ-03235
WO-009099,EQ-03562
WO-009099,EQ-03564
WO-009100,EQ-00484
WO-009100,EQ-00486
WO-009100,EQ-00490
WO-009101,EQ-01354
WO-009102,EQ-03039
WO-009102,EQ-03045
WO-009102,EQ-03044
WO-009102,EQ-03037
WO-009103,EQ-02770
WO-009104,EQ-02536
WO-009104,EQ-02538
WO-009104,EQ-02541
WO-009105,EQ-01367
WO-009106,EQ-01271
WO-009107,EQ-01906
WO-009108,EQ-01230
WO-009108,EQ-01229
WO-009109,EQ-03253
WO-009109,EQ-03257
WO-009109,EQ-03256
WO-009110,EQ-01099
WO-009111,EQ-00420
WO-009112,EQ-01300
WO-009112,EQ-01301
WO-009113,EQ-02281
WO-009113,EQ-02280
WO-009114,EQ-01320
WO-009114,EQ-01321
WO-009115,EQ-01928
WO-009116,EQ-01309
WO-009116,EQ-01312
WO-009117,EQ-01929
WO-009118,EQ-03183
WO-009119,EQ-00189
WO-009120,EQ-03028
WO-009121,EQ-03224
WO-009122,EQ-01908
WO-009123,EQ-02095
WO-009123,EQ-02089
WO-009123,EQ-02085
WO-009123,EQ-02088
WO-009124,EQ-01620
WO-009124,EQ-01621
WO-009124,EQ-01617
WO-009125,EQ-03356
WO-009125,EQ-03359
WO-009126,EQ-01462
WO-009126,EQ-01461
WO-009127,EQ-02954
WO-009128,EQ-00228
WO-009129,EQ-01375
WO-009130,EQ-02599
WO-009131,EQ-00101
WO-009131,EQ-00104
WO-009132,EQ-01644
WO-009133,EQ-00777
WO-009134,EQ-02142
WO-009134,EQ-02150
WO-009135,EQ-00559
WO-009135,EQ-00558
WO-009135,EQ-00560
WO-009136,EQ-00632
WO-009137,EQ-03606
WO-009138,EQ-00257
WO-009139,EQ-01043
WO-009139,EQ-01044
WO-009140,EQ-03077
WO-009140,EQ-03074
WO-009140,EQ-03075
WO-009141,EQ-02113
WO-009142,EQ-01754
WO-009143,EQ-02477
WO-009144,EQ-02632
WO-009145,EQ-02633
WO-009146,EQ-00709
WO-009146,EQ-00708
WO-009147,EQ-02785
WO-009147,EQ-02786
WO-009148,EQ-00170
WO-009149,EQ-03238
WO-009149,EQ-03241
WO-009149,EQ-03244
WO-009149,EQ-03243
WO-009150,EQ-02238
WO-009150,EQ-02233
WO-009150,EQ-02235
WO-009150,EQ-02236
WO-009151,EQ-00475
WO-009151,EQ-00474
WO-009151,EQ-00478
WO-009152,EQ-01748
WO-009152,EQ-01745
WO-009153,EQ-02312
WO-009154,EQ-00599
WO-009155,EQ-00568
WO-009156,EQ-00823
WO-009157,EQ-03179
WO-009157,EQ-03182
WO-009158,EQ-02108
WO-009158,EQ-02106
WO-009158,EQ-02109
WO-009158,EQ-02111
WO-009159,EQ-01303
WO-009159,EQ-01302
WO-009160,EQ-00621
WO-009160,EQ-00622
WO-009160,EQ-00623
WO-009161,EQ-02002
WO-009161,EQ-02003
WO-009161,EQ-02005
WO-009161,EQ-02007
WO-009162,EQ-00192
WO-009162,EQ-00193
WO-009162,EQ-00199
WO-009163,EQ-02329
WO-009163,EQ-02326
WO-009164,EQ-00881
WO-009164,EQ-00882
WO-009165,EQ-02671
WO-009165,EQ-02670
WO-009165,EQ-02673
WO-009166,EQ-02670
WO-009167,EQ-01787
WO-009168,EQ-00902
WO-009169,EQ-02796
WO-009170,EQ-02970
WO-009171,EQ-01734
WO-009171,EQ-01731
WO-009171,EQ-01733
WO-009171,EQ-01735
WO-009172,EQ-01783
WO-009173,EQ-01812
WO-009173,EQ-01813
WO-009173,EQ-01811
WO-009174,EQ-02692
WO-009175,EQ-03329
WO-009176,EQ-00226
WO-009176,EQ-00228
WO-009177,EQ-00632
WO-009178,EQ-01639
WO-009179,EQ-01312
WO-009180,EQ-00174
WO-009181,EQ-02153
WO-009181,EQ-02152
WO-009182,EQ-00011
WO-009183,EQ-03150
WO-009184,EQ-02498
WO-009184,EQ-02495
WO-009185,EQ-01046
WO-009186,EQ-02692
WO-009186,EQ-02690
WO-009186,EQ-02691
WO-009187,EQ-00973
WO-009188,EQ-01301
WO-009188,EQ-01300
WO-009189,EQ-02373
WO-009190,EQ-00691
WO-009191,EQ-01276
WO-009191,EQ-01278
WO-009191,EQ-01275
WO-009192,EQ-01190
WO-009192,EQ-01189
WO-009193,EQ-01793
WO-009194,EQ-03481
WO-009194,EQ-03482
WO-009195,EQ-00645
WO-009195,EQ-00639
WO-009195,EQ-00638
WO-009195,EQ-00644
WO-009196,EQ-00426
WO-009196,EQ-00424
WO-009196,EQ-00425
WO-009197,EQ-01197
WO-009197,EQ-01194
WO-009198,EQ-02290
WO-009199,EQ-00612
WO-009199,EQ-00617
WO-009199,EQ-00615
WO-009200,EQ-02493
WO-009201,EQ-00991
WO-009202,EQ-00276
WO-009203,EQ-01843
WO-009204,EQ-02763
WO-009205,EQ-02962
WO-009205,EQ-02958
WO-009205,EQ-02961
WO-009206,EQ-03144
WO-009206,EQ-03145
WO-009206,EQ-03148
WO-009206,EQ-03146
WO-009207,EQ-00421
WO-009208,EQ-02351
WO-009209,EQ-00973
WO-009209,EQ-00977
WO-009209,EQ-00970
WO-009210,EQ-01241
WO-009210,EQ-01242
WO-009210,EQ-01249
WO-009211,EQ-03533
WO-009212,EQ-02161
WO-009213,EQ-00689
WO-009213,EQ-00688
WO-009213,EQ-00687
WO-009214,EQ-00348
WO-009215,EQ-01600
WO-009215,EQ-01601
WO-009215,EQ-01602
WO-009216,EQ-01677
WO-009216,EQ-01678
WO-009217,EQ-01106
WO-009217,EQ-01103
WO-009218,EQ-02207
WO-009218,EQ-02204
WO-009219,EQ-02030
WO-009219,EQ-02033
WO-009220,EQ-00881
WO-009221,EQ-02281
WO-009221,EQ-02280
WO-009222,EQ-02277
WO-009223,EQ-02053
WO-009223,EQ-02057
WO-009224,EQ-02693
WO-009225,EQ-01739
WO-009225,EQ-01736
WO-009225,EQ-01738
WO-009226,EQ-02141
WO-009226,EQ-02140
WO-009226,EQ-02137
WO-009227,EQ-02834
WO-009228,EQ-03371
WO-009228,EQ-03379
WO-009229,EQ-01424
WO-009230,EQ-02502
WO-009231,EQ-01827
WO-009232,EQ-01500
WO-009233,EQ-01301
WO-009234,EQ-03105
WO-009235,EQ-01616
WO-009236,EQ-02149
WO-009237,EQ-00230
WO-009238,EQ-00189
WO-009239,EQ-00649
WO-009240,EQ-01608
WO-009240,EQ-01611
WO-009241,EQ-00652
WO-009241,EQ-00651
WO-009242,EQ-02372
WO-009242,EQ-02379
WO-009243,EQ-02025
WO-009243,EQ-02018
WO-009243,EQ-02020
WO-009244,EQ-02548
WO-009245,EQ-02224
WO-009246,EQ-03335
WO-009246,EQ-03342
WO-009247,EQ-02955
WO-009248,EQ-03272
WO-009248,EQ-03276
WO-009249,EQ-02462
WO-009249,EQ-02464
WO-009249,EQ-02463
WO-009249,EQ-02465
WO-009250,EQ-03206
WO-009251,EQ-01539
WO-009252,EQ-03357
WO-009252,EQ-03354
WO-009253,EQ-03111
WO-009254,EQ-00616
WO-009255,EQ-03255
WO-009256,EQ-00337
WO-009257,EQ-02843
WO-009258,EQ-02746
WO-009259,EQ-01164
WO-009260,EQ-01928
WO-009260,EQ-01925
WO-009261,EQ-03584
WO-009261,EQ-03585
WO-009261,EQ-03583
WO-009262,EQ-00929
WO-009262,EQ-00931
WO-009262,EQ-00930
WO-009263,EQ-00046
WO-009263,EQ-00047
WO-009263,EQ-00043
WO-009264,EQ-00668
WO-009264,EQ-00672
WO-009265,EQ-00054
WO-009266,EQ-03590
WO-009267,EQ-00386
WO-009267,EQ-00381
WO-009267,EQ-00388
WO-009267,EQ-00389
WO-009268,EQ-02332
WO-009268,EQ-02335
WO-009268,EQ-02334
WO-009269,EQ-01867
WO-009269,EQ-01866
WO-009269,EQ-01865
WO-009270,EQ-01926
WO-009271,EQ-01473
WO-009271,EQ-01471
WO-009271,EQ-01472
WO-009272,EQ-03366
WO-009272,EQ-03365
WO-009272,EQ-03364
WO-009273,EQ-01092
WO-009274,EQ-03214
WO-009275,EQ-02977
WO-009276,EQ-01497
WO-009277,EQ-01271
WO-009278,EQ-00819
WO-009278,EQ-00818
WO-009278,EQ-00813
WO-009278,EQ-00812
WO-009279,EQ-01493
WO-009279,EQ-01492
WO-009279,EQ-01494
WO-009280,EQ-02680
WO-009281,EQ-03432
WO-009282,EQ-02462
WO-009282,EQ-02463
WO-009282,EQ-02464
WO-009282,EQ-02461
WO-009283,EQ-00749
WO-009283,EQ-00748
WO-009284,EQ-00905
WO-009285,EQ-02968
WO-009285,EQ-02967
WO-009286,EQ-01001
WO-009286,EQ-01004
WO-009286,EQ-01006
WO-009286,EQ-01009
WO-009287,EQ-03077
WO-009288,EQ-03564
WO-009288,EQ-03568
WO-009289,EQ-00802
WO-009290,EQ-02431
WO-009291,EQ-02619
WO-009291,EQ-02621
WO-009292,EQ-03121
WO-009293,EQ-01046
WO-009293,EQ-01050
WO-009293,EQ-01047
WO-009294,EQ-01676
WO-009294,EQ-01675
WO-009295,EQ-01338
WO-009296,EQ-01593
WO-009297,EQ-00148
WO-009298,EQ-02468
WO-009299,EQ-01915
WO-009299,EQ-01916
WO-009300,EQ-02780
WO-009301,EQ-02116
WO-009302,EQ-00408
WO-009302,EQ-00406
WO-009302,EQ-00405
WO-009303,EQ-03077
WO-009304,EQ-02312
WO-009305,EQ-00712
WO-009305,EQ-00713
WO-009306,EQ-01731
WO-009306,EQ-01735
WO-009307,EQ-00206
WO-009307,EQ-00212
WO-009307,EQ-00211
WO-009308,EQ-02533
WO-009308,EQ-02534
WO-009308,EQ-02528
WO-009308,EQ-02531
WO-009309,EQ-03168
WO-009310,EQ-00288
WO-009310,EQ-00283
WO-009311,EQ-02867
WO-009312,EQ-00150
WO-009313,EQ-02838
WO-009313,EQ-02837
WO-009314,EQ-01556
WO-009315,EQ-00920
WO-009316,EQ-00063
WO-009317,EQ-00474
WO-009317,EQ-00476
WO-009318,EQ-01466
WO-009318,EQ-01459
WO-009319,EQ-02005
WO-009319,EQ-02006
WO-009320,EQ-00304
WO-009320,EQ-00301
WO-009321,EQ-00809
WO-009322,EQ-00852
WO-009323,EQ-00968
WO-009323,EQ-00969
WO-009324,EQ-03031
WO-009325,EQ-03349
WO-009325,EQ-03350
WO-009325,EQ-03345
WO-009325,EQ-03348
WO-009326,EQ-01108
WO-009326,EQ-01105
WO-009327,EQ-00030
WO-009327,EQ-00026
WO-009328,EQ-02156
WO-009328,EQ-02161
WO-009329,EQ-01708
WO-009330,EQ-02329
WO-009331,EQ-01087
WO-009331,EQ-01090
WO-009332,EQ-01812
WO-009332,EQ-01813
WO-009332,EQ-01811
WO-009333,EQ-02957
WO-009333,EQ-02956
WO-009333,EQ-02955
WO-009334,EQ-01956
WO-009334,EQ-01962
WO-009335,EQ-01325
WO-009335,EQ-01328
WO-009335,EQ-01335
WO-009336,EQ-02826
WO-009337,EQ-03589
WO-009338,EQ-01922
WO-009338,EQ-01924
WO-009339,EQ-01232
WO-009339,EQ-01236
WO-009340,EQ-00038
WO-009341,EQ-00479
WO-009341,EQ-00480
WO-009342,EQ-00288
WO-009343,EQ-02230
WO-009344,EQ-02954
WO-009344,EQ-02953
WO-009345,EQ-01214
WO-009345,EQ-01210
WO-009346,EQ-03536
WO-009347,EQ-02746
WO-009348,EQ-01229
WO-009348,EQ-01230
WO-009349,EQ-03226
WO-009350,EQ-01273
WO-009350,EQ-01276
WO-009351,EQ-02472
WO-009351,EQ-02466
WO-009352,EQ-02690
WO-009353,EQ-03105
WO-009353,EQ-03115
WO-009354,EQ-02686
WO-009355,EQ-01539
WO-009356,EQ-01013
WO-009356,EQ-01012
WO-009357,EQ-02747
WO-009357,EQ-02745
WO-009357,EQ-02746
WO-009358,EQ-01548
WO-009358,EQ-01550
WO-009359,EQ-01505
WO-009360,EQ-02958
WO-009360,EQ-02962
WO-009361,EQ-00482
WO-009362,EQ-02491
WO-009363,EQ-01986
WO-009363,EQ-01980
WO-009364,EQ-02234
WO-009364,EQ-02237
WO-009364,EQ-02233
WO-009365,EQ-02216
WO-009365,EQ-02218
WO-009366,EQ-02947
WO-009366,EQ-02948
WO-009366,EQ-02946
WO-009366,EQ-02945
WO-009367,EQ-02487
WO-009368,EQ-02308
WO-009368,EQ-02310
WO-009369,EQ-03156
WO-009369,EQ-03155
WO-009370,EQ-01421
WO-009371,EQ-02512
WO-009371,EQ-02514
WO-009372,EQ-00415
WO-009373,EQ-00478
WO-009373,EQ-00474
WO-009374,EQ-01294
WO-009375,EQ-01699
WO-009376,EQ-00209
WO-009376,EQ-00204
WO-009376,EQ-00205
WO-009377,EQ-01129
WO-009378,EQ-01750
WO-009378,EQ-01749
WO-009378,EQ-01753
WO-009379,EQ-02506
WO-009380,EQ-01418
WO-009380,EQ-01416
WO-009381,EQ-00882
WO-009382,EQ-01313
WO-009383,EQ-00898
WO-009383,EQ-00893
WO-009384,EQ-02144
WO-009384,EQ-02150
WO-009384,EQ-02146
WO-009385,EQ-01612
WO-009385,EQ-01606
WO-009385,EQ-01604
WO-009385,EQ-01611
WO-009386,EQ-02962
WO-009386,EQ-02964
WO-009386,EQ-02961
WO-009387,EQ-01935
WO-009388,EQ-03484
WO-009388,EQ-03483
WO-009389,EQ-02976
WO-009389,EQ-02975
WO-009390,EQ-01737
WO-009390,EQ-01738
WO-009390,EQ-01736
WO-009391,EQ-00829
WO-009391,EQ-00830
WO-009392,EQ-02275
WO-009392,EQ-02274
WO-009393,EQ-03389
WO-009393,EQ-03385
WO-009394,EQ-01027
WO-009395,EQ-01448
WO-009395,EQ-01447
WO-009395,EQ-01450
WO-009396,EQ-00676
WO-009397,EQ-01705
WO-009397,EQ-01704
WO-009398,EQ-00483
WO-009398,EQ-00481
WO-009398,EQ-00482
WO-009399,EQ-01641
WO-009400,EQ-00279
WO-009401,EQ-00927
WO-009401,EQ-00930
WO-009402,EQ-03197
WO-009403,EQ-02215
WO-009404,EQ-02837
WO-009405,EQ-03250
WO-009405,EQ-03249
WO-009405,EQ-03252
WO-009406,EQ-02190
WO-009407,EQ-03415
WO-009407,EQ-03413
WO-009407,EQ-03414
WO-009408,EQ-00060
WO-009409,EQ-02267
WO-009409,EQ-02268
WO-009409,EQ-02272
WO-009409,EQ-02269
WO-009410,EQ-02419
WO-009411,EQ-01842
WO-009411,EQ-01843
WO-009412,EQ-01559
WO-009412,EQ-01561
WO-009412,EQ-01560
WO-009413,EQ-00688
WO-009413,EQ-00689
WO-009413,EQ-00687
WO-009414,EQ-00927
WO-009414,EQ-00929
WO-009414,EQ-00931
WO-009415,EQ-03419
WO-009415,EQ-03418
WO-009416,EQ-03600
WO-009417,EQ-01310
WO-009417,EQ-01311
WO-009418,EQ-03118
WO-009419,EQ-02849
WO-009419,EQ-02851
WO-009420,EQ-03040
WO-009420,EQ-03045
WO-009420,EQ-03044
WO-009420,EQ-03036
WO-009421,EQ-01191
WO-009422,EQ-03578
WO-009423,EQ-00907
WO-009423,EQ-00909
WO-009424,EQ-00648
WO-009424,EQ-00646
WO-009424,EQ-00647
WO-009425,EQ-02742
WO-009426,EQ-01675
WO-009426,EQ-01674
WO-009426,EQ-01676
WO-009426,EQ-01673
WO-009427,EQ-01500
WO-009428,EQ-02747
WO-009428,EQ-02746
WO-009428,EQ-02745
WO-009429,EQ-03315
WO-009430,EQ-02500
WO-009431,EQ-01336
WO-009431,EQ-01341
WO-009432,EQ-01324
WO-009432,EQ-01334
WO-009433,EQ-00475
WO-009433,EQ-00476
WO-009433,EQ-00478
WO-009433,EQ-00474
WO-009434,EQ-00979
WO-009435,EQ-02493
WO-009436,EQ-03544
WO-009437,EQ-02975
WO-009437,EQ-02976
WO-009438,EQ-03601
WO-009438,EQ-03602
WO-009438,EQ-03599
WO-009439,EQ-02306
WO-009440,EQ-01438
WO-009440,EQ-01440
WO-009441,EQ-01790
WO-009441,EQ-01791
WO-009442,EQ-03243
WO-009443,EQ-03419
WO-009444,EQ-03469
WO-009445,EQ-00952
WO-009446,EQ-00497
WO-009446,EQ-00493
WO-009446,EQ-00492
WO-009447,EQ-01739
WO-009447,EQ-01736
WO-009447,EQ-01738
WO-009447,EQ-01737
WO-009448,EQ-02676
WO-009448,EQ-02679
WO-009449,EQ-02427
WO-009450,EQ-02711
WO-009450,EQ-02706
WO-009450,EQ-02707
WO-009451,EQ-02639
WO-009451,EQ-02640
WO-009451,EQ-02638
WO-009452,EQ-00594
WO-009453,EQ-01021
WO-009454,EQ-01906
WO-009454,EQ-01907
WO-009454,EQ-01905
WO-009455,EQ-00249
WO-009456,EQ-00690
WO-009457,EQ-02077
WO-009458,EQ-02638
WO-009459,EQ-02274
WO-009459,EQ-02275
WO-009460,EQ-00534
WO-009460,EQ-00540
WO-009460,EQ-00538
WO-009460,EQ-00537
WO-009461,EQ-02612
WO-009462,EQ-00664
WO-009463,EQ-02358
WO-009463,EQ-02359
WO-009464,EQ-02955
WO-009464,EQ-02957
WO-009465,EQ-02329
WO-009465,EQ-02327
WO-009465,EQ-02324
WO-009466,EQ-01862
WO-009467,EQ-01302
WO-009468,EQ-01109
WO-009469,EQ-00295
WO-009470,EQ-01422
WO-009470,EQ-01421
WO-009471,EQ-03486
WO-009471,EQ-03485
WO-009472,EQ-00976
WO-009472,EQ-00974
WO-009472,EQ-00978
WO-009473,EQ-02604
WO-009474,EQ-00129
WO-009475,EQ-00489
WO-009476,EQ-00897
WO-009477,EQ-02309
WO-009478,EQ-00128
WO-009478,EQ-00130
WO-009479,EQ-00853
WO-009480,EQ-03087
WO-009481,EQ-03342
WO-009482,EQ-03099
WO-009482,EQ-03098
WO-009482,EQ-03102
WO-009483,EQ-02014
WO-009484,EQ-03523
WO-009485,EQ-01983
WO-009485,EQ-01987
WO-009486,EQ-03151
WO-009487,EQ-01890
WO-009488,EQ-03008
WO-009488,EQ-03000
WO-009489,EQ-00773
WO-009489,EQ-00774
WO-009490,EQ-01821
WO-009491,EQ-01341
WO-009492,EQ-01185
WO-009492,EQ-01184
WO-009492,EQ-01182
WO-009493,EQ-01453
WO-009493,EQ-01456
WO-009493,EQ-01454
WO-009493,EQ-01452
WO-009494,EQ-00567
WO-009494,EQ-00568
WO-009495,EQ-02642
WO-009496,EQ-02176
WO-009496,EQ-02175
WO-009497,EQ-01488
WO-009497,EQ-01492
WO-009498,EQ-00005
WO-009499,EQ-00083
WO-009499,EQ-00085
WO-009500,EQ-01601
WO-009501,EQ-00123
WO-009502,EQ-00969
WO-009502,EQ-00968
WO-009502,EQ-00967
WO-009503,EQ-01470
WO-009504,EQ-02352
WO-009504,EQ-02353
WO-009505,EQ-00108
WO-009505,EQ-00109
WO-009505,EQ-00106
WO-009506,EQ-01721
WO-009506,EQ-01719
WO-009506,EQ-01720
WO-009507,EQ-00025
WO-009507,EQ-00027
WO-009507,EQ-00032
WO-009508,EQ-01758
WO-009508,EQ-01756
WO-009508,EQ-01759
WO-009509,EQ-02153
WO-009510,EQ-01914
WO-009511,EQ-01629
WO-009512,EQ-00733
WO-009513,EQ-03027
WO-009513,EQ-03024
WO-009513,EQ-03025
WO-009514,EQ-00631
WO-009515,EQ-01913
WO-009516,EQ-03342
WO-009516,EQ-03339
WO-009516,EQ-03341
WO-009517,EQ-01048
WO-009518,EQ-00457
WO-009519,EQ-02262
WO-009519,EQ-02264
WO-009520,EQ-03063
WO-009521,EQ-01185
WO-009521,EQ-01183
WO-009521,EQ-01184
WO-009521,EQ-01181
WO-009522,EQ-01409
WO-009523,EQ-00401
WO-009523,EQ-00398
WO-009524,EQ-02621
WO-009525,EQ-03089
WO-009525,EQ-03087
WO-009525,EQ-03093
WO-009525,EQ-03086
WO-009526,EQ-02636
WO-009526,EQ-02634
WO-009527,EQ-01471
WO-009527,EQ-01473
WO-009528,EQ-01716
WO-009529,EQ-01976
WO-009530,EQ-00889
WO-009530,EQ-00892
WO-009531,EQ-00307
WO-009531,EQ-00306
WO-009532,EQ-00988
WO-009532,EQ-00991
WO-009532,EQ-00993
WO-009532,EQ-00987
WO-009533,EQ-03504
WO-009533,EQ-03498
WO-009533,EQ-03505
WO-009534,EQ-03289
WO-009534,EQ-03290
WO-009535,EQ-01761
WO-009535,EQ-01760
WO-009536,EQ-00333
WO-009537,EQ-00377
WO-009538,EQ-01355
WO-009538,EQ-01354
WO-009538,EQ-01353
WO-009538,EQ-01352
WO-009539,EQ-00149
WO-009539,EQ-00150
WO-009540,EQ-00928
WO-009540,EQ-00932
WO-009541,EQ-00713
WO-009542,EQ-00158
WO-009543,EQ-01675
WO-009544,EQ-03011
WO-009544,EQ-03015
WO-009544,EQ-03010
WO-009545,EQ-03364
WO-009546,EQ-02493
WO-009546,EQ-02492
WO-009547,EQ-02918
WO-009548,EQ-01502
WO-009548,EQ-01503
WO-009548,EQ-01507
WO-009548,EQ-01505
WO-009549,EQ-00233
WO-009550,EQ-01798
WO-009551,EQ-00661
WO-009552,EQ-00913
WO-009553,EQ-03294
WO-009553,EQ-03296
WO-009553,EQ-03298
WO-009553,EQ-03297
WO-009554,EQ-00653
WO-009554,EQ-00654
WO-009555,EQ-01035
WO-009555,EQ-01029
WO-009555,EQ-01032
WO-009555,EQ-01031
WO-009556,EQ-02151
WO-009557,EQ-01304
WO-009557,EQ-01307
WO-009558,EQ-02116
WO-009559,EQ-00664
WO-009559,EQ-00667
WO-009559,EQ-00665
WO-009559,EQ-00666
WO-009560,EQ-02154
WO-009561,EQ-02306
WO-009562,EQ-01750
WO-009563,EQ-00286
WO-009564,EQ-01147
WO-009565,EQ-03527
WO-009565,EQ-03528
WO-009565,EQ-03525
WO-009566,EQ-02236
WO-009567,EQ-03579
WO-009567,EQ-03572
WO-009567,EQ-03571
WO-009568,EQ-01103
WO-009569,EQ-02724
WO-009569,EQ-02719
WO-009569,EQ-02723
WO-009569,EQ-02715
WO-009570,EQ-00901
WO-009571,EQ-03216
WO-009571,EQ-03212
WO-009571,EQ-03217
WO-009572,EQ-00188
WO-009572,EQ-00189
WO-009573,EQ-00587
WO-009574,EQ-00806
WO-009574,EQ-00804
WO-009574,EQ-00809
WO-009575,EQ-02970
WO-009575,EQ-02974
WO-009576,EQ-01609
WO-009576,EQ-01605
WO-009577,EQ-03610
WO-009577,EQ-03609
WO-009577,EQ-03613
WO-009578,EQ-01753
WO-009578,EQ-01754
WO-009579,EQ-02856
WO-009579,EQ-02862
WO-009580,EQ-01040
WO-009581,EQ-01900
WO-009582,EQ-03240
WO-009582,EQ-03247
WO-009583,EQ-03196
WO-009583,EQ-03203
WO-009583,EQ-03200
WO-009583,EQ-03199
WO-009584,EQ-01733
WO-009585,EQ-00847
WO-009585,EQ-00840
WO-009586,EQ-02342
WO-009587,EQ-02311
WO-009587,EQ-02312
WO-009588,EQ-01315
WO-009589,EQ-02644
WO-009589,EQ-02643
WO-009590,EQ-00547
WO-009591,EQ-02599
WO-009591,EQ-02596
WO-009591,EQ-02598
WO-009591,EQ-02597
WO-009592,EQ-01879
WO-009592,EQ-01881
WO-009593,EQ-03384
WO-009593,EQ-03386
WO-009593,EQ-03389
WO-009594,EQ-02426
WO-009594,EQ-02427
WO-009594,EQ-02428
WO-009595,EQ-01638
WO-009596,EQ-01848
WO-009596,EQ-01844
WO-009597,EQ-01176
WO-009598,EQ-02728
WO-009599,EQ-01358
WO-009599,EQ-01363
WO-009600,EQ-00455
WO-009601,EQ-02106
WO-009601,EQ-02107
WO-009602,EQ-03116
WO-009602,EQ-03121
WO-009602,EQ-03118
WO-009603,EQ-00613
WO-009603,EQ-00616
WO-009604,EQ-01457
WO-009605,EQ-01659
WO-009606,EQ-01798
WO-009607,EQ-00896
WO-009607,EQ-00893
WO-009608,EQ-02217
WO-009608,EQ-02218
WO-009608,EQ-02216
WO-009609,EQ-00322
WO-009609,EQ-00317
WO-009610,EQ-01144
WO-009610,EQ-01142
WO-009610,EQ-01140
WO-009611,EQ-03304
WO-009612,EQ-02348
WO-009613,EQ-02563
WO-009614,EQ-00303
WO-009614,EQ-00301
WO-009615,EQ-03453
WO-009616,EQ-00056
WO-009616,EQ-00058
WO-009616,EQ-00059
WO-009616,EQ-00057
WO-009617,EQ-02607
WO-009618,EQ-00189
WO-009619,EQ-02640
WO-009619,EQ-02641
WO-009620,EQ-01523
WO-009621,EQ-00436
WO-009622,EQ-01195
WO-009623,EQ-00457
WO-009624,EQ-02040
WO-009624,EQ-02044
WO-009624,EQ-02042
WO-009624,EQ-02041
WO-009625,EQ-01164
WO-009625,EQ-01163
WO-009626,EQ-00021
WO-009626,EQ-00019
WO-009627,EQ-03150
WO-009627,EQ-03149
WO-009628,EQ-01389
WO-009629,EQ-02511
WO-009630,EQ-01915
WO-009631,EQ-03472
WO-009632,EQ-00653
WO-009632,EQ-00654
WO-009632,EQ-00651
WO-009632,EQ-00652
WO-009633,EQ-01500
WO-009633,EQ-01498
WO-009633,EQ-01499
WO-009633,EQ-01497
WO-009634,EQ-00527
WO-009634,EQ-00529
WO-009634,EQ-00532
WO-009635,EQ-02621
WO-009636,EQ-02953
WO-009637,EQ-01558
WO-009637,EQ-01557
WO-009637,EQ-01560
WO-009637,EQ-01561
WO-009638,EQ-01374
WO-009639,EQ-03559
WO-009640,EQ-03209
WO-009641,EQ-01427
WO-009641,EQ-01428
WO-009641,EQ-01431
WO-009642,EQ-02029
WO-009643,EQ-00925
WO-009643,EQ-00926
WO-009643,EQ-00921
WO-009643,EQ-00922
WO-009644,EQ-03266
WO-009645,EQ-00773
WO-009645,EQ-00774
WO-009646,EQ-01811
WO-009646,EQ-01813
WO-009646,EQ-01812
WO-009647,EQ-01913
WO-009648,EQ-01428
WO-009648,EQ-01427
WO-009648,EQ-01431
WO-009649,EQ-01920
WO-009649,EQ-01922
WO-009650,EQ-00824
WO-009651,EQ-00774
WO-009652,EQ-02971
WO-009652,EQ-02973
WO-009653,EQ-01821
WO-009654,EQ-03431
WO-009654,EQ-03430
WO-009655,EQ-00674
WO-009655,EQ-00675
WO-009656,EQ-00903
WO-009657,EQ-01303
WO-009658,EQ-01582
WO-009658,EQ-01580
WO-009658,EQ-01574
WO-009659,EQ-01520
WO-009659,EQ-01522
WO-009660,EQ-03187
WO-009660,EQ-03191
WO-009660,EQ-03189
WO-009661,EQ-02321
WO-009662,EQ-03324
WO-009662,EQ-03328
WO-009662,EQ-03332
WO-009663,EQ-00688
WO-009664,EQ-02637
WO-009665,EQ-00098
WO-009665,EQ-00095
WO-009666,EQ-01223
WO-009667,EQ-00898
WO-009668,EQ-00906
WO-009668,EQ-00905
WO-009668,EQ-00903
WO-009669,EQ-00342
WO-009670,EQ-02398
WO-009670,EQ-02397
WO-009671,EQ-00679
WO-009671,EQ-00684
WO-009671,EQ-00678
WO-009671,EQ-00682
WO-009672,EQ-02359
WO-009673,EQ-01225
WO-009673,EQ-01227
WO-009674,EQ-01753
WO-009675,EQ-00333
WO-009676,EQ-01452
WO-009676,EQ-01454
WO-009676,EQ-01451
WO-009677,EQ-00937
WO-009677,EQ-00936
WO-009677,EQ-00935
WO-009678,EQ-02561
WO-009679,EQ-00677
WO-009679,EQ-00676
WO-009680,EQ-00965
WO-009681,EQ-02764
WO-009681,EQ-02765
WO-009682,EQ-02404
WO-009682,EQ-02412
WO-009683,EQ-01206
WO-009683,EQ-01207
WO-009683,EQ-01208
WO-009684,EQ-01906
WO-009685,EQ-02881
WO-009685,EQ-02886
WO-009685,EQ-02885
WO-009685,EQ-02879
WO-009686,EQ-00299
WO-009686,EQ-00302
WO-009687,EQ-03484
WO-009688,EQ-02309
WO-009689,EQ-03485
WO-009689,EQ-03486
WO-009690,EQ-03474
WO-009690,EQ-03479
WO-009691,EQ-00245
WO-009692,EQ-03256
WO-009692,EQ-03254
WO-009692,EQ-03257
WO-009693,EQ-01843
WO-009694,EQ-01347
WO-009694,EQ-01346
WO-009694,EQ-01345
WO-009695,EQ-03021
WO-009696,EQ-01181
WO-009697,EQ-02562
WO-009697,EQ-02560
WO-009697,EQ-02563
WO-009697,EQ-02564
WO-009698,EQ-03529
WO-009699,EQ-01529
WO-009700,EQ-02752
WO-009700,EQ-02754
WO-009701,EQ-03122
WO-009702,EQ-02548
WO-009702,EQ-02551
WO-009703,EQ-01245
WO-009703,EQ-01250
WO-009704,EQ-00803
WO-009705,EQ-01878
WO-009705,EQ-01879
WO-009706,EQ-02509
WO-009707,EQ-01303
WO-009707,EQ-01302
WO-009708,EQ-03559
WO-009708,EQ-03556
WO-009708,EQ-03555
WO-009708,EQ-03557
WO-009709,EQ-02662
WO-009710,EQ-03291
WO-009711,EQ-01762
WO-009711,EQ-01761
WO-009711,EQ-01760
WO-009712,EQ-00801
WO-009713,EQ-02950
WO-009713,EQ-02951
WO-009714,EQ-00326
WO-009715,EQ-01828
WO-009716,EQ-02736
WO-009717,EQ-03234
WO-009718,EQ-02891
WO-009718,EQ-02887
WO-009719,EQ-03064
WO-009719,EQ-03061
WO-009719,EQ-03060
WO-009720,EQ-01932
WO-009720,EQ-01938
WO-009721,EQ-02133
WO-009722,EQ-02011
WO-009722,EQ-02010
WO-009722,EQ-02013
WO-009723,EQ-01863
WO-009724,EQ-03532
WO-009725,EQ-00825
WO-009726,EQ-03345
WO-009726,EQ-03349
WO-009727,EQ-01783
WO-009727,EQ-01782
WO-009728,EQ-01088
WO-009729,EQ-00805
WO-009730,EQ-02138
WO-009731,EQ-01629
WO-009731,EQ-01625
WO-009731,EQ-01624
WO-009731,EQ-01623
WO-009732,EQ-02516
WO-009733,EQ-00123
WO-009734,EQ-00607
WO-009735,EQ-02016
WO-009736,EQ-02427
WO-009736,EQ-02426
WO-009736,EQ-02425
WO-009737,EQ-03138
WO-009737,EQ-03134
WO-009738,EQ-03598
WO-009739,EQ-01419
WO-009740,EQ-02064
WO-009741,EQ-03468
WO-009742,EQ-03414
WO-009742,EQ-03417
WO-009743,EQ-01464
WO-009743,EQ-01458
WO-009743,EQ-01461
WO-009744,EQ-00473
WO-009744,EQ-00469
WO-009745,EQ-03029
WO-009745,EQ-03024
WO-009745,EQ-03028
WO-009746,EQ-02130
WO-009747,EQ-02545
WO-009747,EQ-02544
WO-009747,EQ-02546
WO-009748,EQ-01791
WO-009748,EQ-01790
WO-009749,EQ-00712
WO-009750,EQ-00961
WO-009751,EQ-01800
WO-009751,EQ-01797
WO-009751,EQ-01793
WO-009752,EQ-02143
WO-009752,EQ-02142
WO-009752,EQ-02150
WO-009753,EQ-00390
WO-009754,EQ-03551
WO-009754,EQ-03549
WO-009755,EQ-01901
WO-009756,EQ-03605
WO-009757,EQ-01672
WO-009757,EQ-01671
WO-009757,EQ-01668
WO-009758,EQ-00148
WO-009758,EQ-00149
WO-009759,EQ-02391
WO-009760,EQ-00484
WO-009761,EQ-02833
WO-009761,EQ-02830
WO-009761,EQ-02835
WO-009762,EQ-03579
WO-009763,EQ-00281
WO-009764,EQ-00812
WO-009765,EQ-03012
WO-009765,EQ-03015
WO-009765,EQ-03014
WO-009765,EQ-03013
WO-009766,EQ-01977
WO-009766,EQ-01975
WO-009767,EQ-00494
WO-009768,EQ-01207
WO-009768,EQ-01206
WO-009768,EQ-01208
WO-009769,EQ-03489
WO-009770,EQ-02846
WO-009771,EQ-01098
WO-009771,EQ-01096
WO-009772,EQ-00997
WO-009773,EQ-00276
WO-009774,EQ-02630
WO-009775,EQ-00227
WO-009775,EQ-00226
WO-009775,EQ-00224
WO-009776,EQ-02013
WO-009777,EQ-03211
WO-009778,EQ-01197
WO-009779,EQ-01942
WO-009780,EQ-02508
WO-009781,EQ-00415
WO-009782,EQ-00647
WO-009783,EQ-01159
WO-009784,EQ-01957
WO-009784,EQ-01956
WO-009784,EQ-01959
WO-009785,EQ-00677
WO-009786,EQ-00853
WO-009787,EQ-00899
WO-009788,EQ-00652
WO-009788,EQ-00653
WO-009788,EQ-00654
WO-009789,EQ-01120
WO-009789,EQ-01115
WO-009789,EQ-01118
WO-009790,EQ-02505
WO-009791,EQ-02177
WO-009792,EQ-01482
WO-009792,EQ-01479
WO-009792,EQ-01475
WO-009793,EQ-02846
WO-009794,EQ-02941
WO-009795,EQ-00152
WO-009795,EQ-00161
WO-009796,EQ-02695
WO-009796,EQ-02694
WO-009797,EQ-03209
WO-009798,EQ-03626
WO-009799,EQ-02281
WO-009799,EQ-02280
WO-009800,EQ-03175
WO-009800,EQ-03174
WO-009801,EQ-01969
WO-009802,EQ-02625
WO-009802,EQ-02629
WO-009802,EQ-02627
WO-009803,EQ-02216
WO-009804,EQ-03427
WO-009805,EQ-00720
WO-009805,EQ-00721
WO-009805,EQ-00727
WO-009805,EQ-00726
WO-009806,EQ-03303
WO-009807,EQ-00824
WO-009808,EQ-02083
WO-009809,EQ-00867
WO-009809,EQ-00860
WO-009810,EQ-03560
WO-009811,EQ-00558
WO-009812,EQ-01559
WO-009813,EQ-02744
WO-009813,EQ-02741
WO-009814,EQ-00328
WO-009815,EQ-02236
WO-009816,EQ-01264
WO-009816,EQ-01262
WO-009817,EQ-00533
WO-009818,EQ-00054
WO-009819,EQ-00414
WO-009820,EQ-00108
WO-009821,EQ-03469
WO-009822,EQ-01997
WO-009822,EQ-01989
WO-009822,EQ-01991
WO-009822,EQ-01999
WO-009823,EQ-03289
WO-009824,EQ-02448
WO-009825,EQ-01359
WO-009825,EQ-01360
WO-009825,EQ-01362
WO-009826,EQ-00755
WO-009827,EQ-03150
WO-009827,EQ-03149
WO-009828,EQ-00773
WO-009828,EQ-00774
WO-009829,EQ-00165
WO-009829,EQ-00168
WO-009830,EQ-01010
WO-009830,EQ-01007
WO-009831,EQ-01566
WO-009831,EQ-01567
WO-009831,EQ-01572
WO-009831,EQ-01563
WO-009832,EQ-00524
WO-009833,EQ-01727
WO-009833,EQ-01724
WO-009834,EQ-00839
WO-009834,EQ-00833
WO-009834,EQ-00837
WO-009834,EQ-00835
WO-009835,EQ-03265
WO-009835,EQ-03259
WO-009836,EQ-00544
WO-009837,EQ-02723
WO-009838,EQ-00103
WO-009839,EQ-01210
WO-009840,EQ-01729
WO-009841,EQ-00021
WO-009841,EQ-00020
WO-009842,EQ-03434
WO-009843,EQ-02498
WO-009844,EQ-00984
WO-009845,EQ-02454
WO-009846,EQ-00708
WO-009846,EQ-00709
WO-009847,EQ-02358
WO-009848,EQ-01369
WO-009849,EQ-03311
WO-009850,EQ-02782
WO-009851,EQ-00034
WO-009851,EQ-00041
WO-009852,EQ-01383
WO-009852,EQ-01385
WO-009853,EQ-00111
WO-009853,EQ-00110
WO-009853,EQ-00113
WO-009853,EQ-00112
WO-009854,EQ-01828
WO-009854,EQ-01829
WO-009854,EQ-01826
WO-009855,EQ-03354
WO-009856,EQ-01092
WO-009856,EQ-01088
WO-009857,EQ-02468
WO-009858,EQ-03181
WO-009858,EQ-03179
WO-009858,EQ-03183
WO-009858,EQ-03184
WO-009859,EQ-01337
WO-009859,EQ-01339
WO-009859,EQ-01340
WO-009859,EQ-01338
WO-009860,EQ-03232
WO-009860,EQ-03230
WO-009861,EQ-00287
WO-009862,EQ-02552
WO-009862,EQ-02551
WO-009862,EQ-02547
WO-009862,EQ-02550
WO-009863,EQ-02545
WO-009864,EQ-00163
WO-009864,EQ-00165
WO-009865,EQ-01138
WO-009865,EQ-01131
WO-009866,EQ-00172
WO-009866,EQ-00165
WO-009866,EQ-00163
WO-009867,EQ-00695
WO-009867,EQ-00694
WO-009868,EQ-03024
WO-009868,EQ-03028
WO-009869,EQ-01533
WO-009869,EQ-01532
WO-009870,EQ-01206
WO-009871,EQ-02118
WO-009871,EQ-02116
WO-009872,EQ-02417
WO-009872,EQ-02416
WO-009872,EQ-02424
WO-009872,EQ-02423
WO-009873,EQ-02021
WO-009873,EQ-02018
WO-009874,EQ-00007
WO-009874,EQ-00010
WO-009875,EQ-03048
WO-009876,EQ-02581
WO-009877,EQ-00256
WO-009878,EQ-03291
WO-009879,EQ-00232
WO-009879,EQ-00230
WO-009879,EQ-00229
WO-009880,EQ-03186
WO-009881,EQ-02884
WO-009882,EQ-02444
WO-009882,EQ-02434
WO-009882,EQ-02435
WO-009883,EQ-00951
WO-009883,EQ-00954
WO-009884,EQ-02843
WO-009885,EQ-01550
WO-009886,EQ-03127
WO-009886,EQ-03125
WO-009886,EQ-03126
WO-009886,EQ-03129
WO-009887,EQ-00201
WO-009887,EQ-00203
WO-009888,EQ-03532
WO-009888,EQ-03531
WO-009889,EQ-03432
WO-009890,EQ-01827
WO-009891,EQ-03502
WO-009892,EQ-00149
WO-009893,EQ-00965
WO-009893,EQ-00959
WO-009893,EQ-00961
WO-009894,EQ-02231
WO-009894,EQ-02225
WO-009895,EQ-03153
WO-009895,EQ-03156
WO-009895,EQ-03151
WO-009896,EQ-01468
WO-009897,EQ-00850
WO-009897,EQ-00848
WO-009897,EQ-00849
WO-009898,EQ-02993
WO-009899,EQ-02216
WO-009900,EQ-02559
WO-009900,EQ-02562
WO-009900,EQ-02564
WO-009900,EQ-02563
WO-009901,EQ-01293
WO-009902,EQ-02408
WO-009902,EQ-02412
WO-009902,EQ-02403
WO-009903,EQ-01012
WO-009903,EQ-01013
WO-009904,EQ-01916
WO-009904,EQ-01915
WO-009905,EQ-02024
WO-009905,EQ-02022
WO-009906,EQ-00690
WO-009906,EQ-00691
WO-009907,EQ-03378
WO-009907,EQ-03377
WO-009907,EQ-03376
WO-009908,EQ-00967
WO-009908,EQ-00968
WO-009909,EQ-00954
WO-009909,EQ-00949
WO-009909,EQ-00955
WO-009910,EQ-00630
WO-009911,EQ-01671
WO-009912,EQ-00995
WO-009912,EQ-01000
WO-009913,EQ-01170
WO-009913,EQ-01171
WO-009914,EQ-03121
WO-009915,EQ-03555
WO-009915,EQ-03558
WO-009915,EQ-03559
WO-009915,EQ-03556
WO-009916,EQ-02692
WO-009917,EQ-01415
WO-009917,EQ-01409
WO-009918,EQ-03072
WO-009918,EQ-03069
WO-009919,EQ-00303
WO-009920,EQ-02279
WO-009920,EQ-02276
WO-009920,EQ-02278
WO-009921,EQ-01820
WO-009921,EQ-01817
WO-009922,EQ-02184
WO-009923,EQ-03542
WO-009923,EQ-03536
WO-009924,EQ-01842
WO-009925,EQ-00102
WO-009925,EQ-00101
WO-009925,EQ-00104
WO-009926,EQ-03337
WO-009926,EQ-03335
WO-009927,EQ-01393
WO-009927,EQ-01396
WO-009928,EQ-03174
WO-009928,EQ-03175
WO-009929,EQ-03282
WO-009930,EQ-00953
WO-009931,EQ-00935
WO-009931,EQ-00937
WO-009931,EQ-00934
WO-009932,EQ-02133
WO-009933,EQ-03476
WO-009933,EQ-03480
WO-009934,EQ-02583
WO-009935,EQ-01721
WO-009935,EQ-01720
WO-009936,EQ-01321
WO-009937,EQ-01783
WO-009938,EQ-03135
WO-009938,EQ-03137
WO-009939,EQ-00778
WO-009940,EQ-00518
WO-009940,EQ-00519
WO-009940,EQ-00516
WO-009941,EQ-03157
WO-009942,EQ-00066
WO-009942,EQ-00064
WO-009943,EQ-01446
WO-009943,EQ-01448
WO-009943,EQ-01450
WO-009944,EQ-02311
WO-009945,EQ-01251
WO-009946,EQ-02491
WO-009946,EQ-02487
WO-009947,EQ-00810
WO-009947,EQ-00804
WO-009948,EQ-01868
WO-009948,EQ-01866
WO-009949,EQ-03170
WO-009950,EQ-01123
WO-009950,EQ-01121
WO-009951,EQ-00324
WO-009951,EQ-00323
WO-009952,EQ-00203
WO-009953,EQ-00825
WO-009953,EQ-00826
WO-009953,EQ-00827
WO-009954,EQ-02763
WO-009954,EQ-02761
WO-009954,EQ-02764
WO-009955,EQ-00421
WO-009956,EQ-02312
WO-009957,EQ-02516
WO-009958,EQ-00461
WO-009959,EQ-03031
WO-009959,EQ-03033
WO-009959,EQ-03035
WO-009959,EQ-03034
WO-009960,EQ-00641
WO-009961,EQ-02115
WO-009961,EQ-02117
WO-009962,EQ-01236
WO-009962,EQ-01232
WO-009962,EQ-01239
WO-009963,EQ-03530
WO-009963,EQ-03524
WO-009964,EQ-01378
WO-009964,EQ-01388
WO-009965,EQ-00425
WO-009965,EQ-00426
WO-009966,EQ-03567
WO-009967,EQ-02500
WO-009968,EQ-02046
WO-009968,EQ-02045
WO-009969,EQ-02516
WO-009970,EQ-02955
WO-009971,EQ-01233
WO-009972,EQ-00626
WO-009973,EQ-02168
WO-009974,EQ-01141
WO-009974,EQ-01140
WO-009975,EQ-02138
WO-009975,EQ-02140
WO-009975,EQ-02133
WO-009976,EQ-00872
WO-009976,EQ-00874
WO-009976,EQ-00869
WO-009976,EQ-00873
WO-009977,EQ-00478
WO-009978,EQ-02188
WO-009978,EQ-02191
WO-009978,EQ-02182
WO-009979,EQ-00439
WO-009980,EQ-03362
WO-009981,EQ-02573
WO-009981,EQ-02567
WO-009981,EQ-02572
WO-009981,EQ-02574
WO-009982,EQ-02940
WO-009983,EQ-03124
WO-009984,EQ-03521
WO-009985,EQ-01005
WO-009986,EQ-00188
WO-009987,EQ-02032
WO-009987,EQ-02035
WO-009988,EQ-03239
WO-009989,EQ-02920
WO-009989,EQ-02925
WO-009989,EQ-02919
WO-009990,EQ-03036
WO-009991,EQ-02059
WO-009992,EQ-00710
WO-009993,EQ-00475
WO-009994,EQ-02966
WO-009995,EQ-01024
WO-009995,EQ-01017
WO-009995,EQ-01015
WO-009996,EQ-03175
WO-009996,EQ-03174
WO-009997,EQ-02952
WO-009997,EQ-02948
WO-009997,EQ-02944
WO-009998,EQ-02751
WO-009999,EQ-01225
WO-009999,EQ-01220
WO-010000,EQ-01919
WO-010000,EQ-01917
